--
-- PostgreSQL database dump
--
SET session_replication_role = 'replica';
SET statement_timeout = 0;
SET client_encoding = 'UTF8';
SET standard_conforming_strings = on;
SET check_function_bodies = false;
SET client_min_messages = warning;

SET search_path = blurby, pg_catalog;

--
-- Data for Name: addresses; Type: TABLE DATA; Schema: blurby; Owner: -
--

COPY addresses (id, first_name, street1, street2, city, zip, country_id, state_id, state_name, phone, deleted_at, addressable_id, addressable_type, po_box_or_apo, last_name, company_name, type) FROM stdin;
1	BNB	662 Silver Street	P.O. Box 289	Agawam	01001	us	ma	Massachusetts	413-789-1981	\N	1	Printer	f	BNB	BNB	Address
2	PARO	Spaarpot 3	\N	Geldrop	1000 AA	nl	\N	\N	\N	\N	4	Printer	f	PARO	PARO	Address
3	Photo	Lot 7 Kilkenny Place	\N	Glen Innes	2370	au	\N	\N	\N	\N	13	Printer	f	Create	Photo create	Address
4	CCC-WC	Attn: Blurb Returns	200, 1601 9 Ave SE	Calgary	T0A0A0	ca	ab	Alberta	\N	\N	8	Printer	f	CCC-WC	West Canadian Digital Imaging Inc.	Address
5	RPI	507 Westlake Ave N		Seattle	98109	us	wa	Washington	\N	\N	3	Printer	f	RPI	RPI	Address
6	CCC-NY	100 Carlson Road		Rochester	14610	us	ny	New York	\N	\N	5	Printer	f	CCC-NY	CCC-NY	Address
7	CGX-NIES	c/o Valcour Printing	400 Valley School Drive	Valley Park	63088	us	mo	Missouri	\N	\N	6	Printer	f	CGX-NIES	CGX-NIES	Address
8	CGX-MERC	4650 Shelby Air Drive		Memphis	38118	us	tn	Tennessee	\N	\N	7	Printer	f	CGX-MERC	CGX-MERC	Address
9	CGX-CDS	2661 S. Pacific Hwy.		Medford	97501	us	or	Oregon	\N	\N	9	Printer	f	CGX-CDS	CGX-CDS	Address
10	CGX-TAYL	1550 W. Mockingbird Lane		Dallas	75235	us	tx	Texas	\N	\N	10	Printer	f	CGX-TAYL	CGX-TAYL	Address
11	CGX-FRED	14701 E. 38th Ave.		Aurora	80011	us	co	Colorado	\N	\N	11	Printer	f	CGX-FRED	CGX-FRED	Address
12	CGX-NIES-FULFILLMENT	Nies/Artcraft Fulfillment Co.	5049 Fyler	Saint Louis	63139	us	mo	Missouri	\N	\N	12	Printer	f	CGX-NIES-FULFILLMENT	CGX-NIES-FULFILLMENT	Address
13	NO_PRINTER	662 Silver Street	P.O. Box 289	Agawam	01001	us	ma	Massachusetts	413-789-1981	\N	2	Printer	f	NO_PRINTER	BNB	Address
14	MOCK_PRINTER	580 California St.	Suite 300	San Francisco	94104	us	ca	California	0123456789	\N	14	Printer	f	MOCK_PRINTER	\N	Address
15	LSI-UK	Pitfield	\N	Milton Keynes	MK11 3LW	gb	\N	Buckinghamshire	\N	\N	16	Printer	f	LSI-UK	Chapter House	Address
16	LSI-US	1246 Heil Quaker Blvd	\N	La Vergne	37086	us	tn	Tennessee	\N	\N	15	Printer	f	LSI-US	LSI US	Address
17	LSI-AU	7 Janine Street	Unit A1/A3	Scoresby	3179	au	au-vic	Victoria	\N	\N	17	Printer	f	LSI-AU	LSI Australia Pty Ltd	Address
18	CGX-PRH	Business Center Chrastany	Chrastany 207, 252 19 Praha zapad	Prague	252 19	cz	\N	\N	\N	\N	18	Printer	f	CGX-PRH	Cgx Prague	Address
19	OGI 1010	Units 2&3, 5/F, Lemmi Centre	50 Hoi Yuen Rd, Kwun Tong, Kowloon	Hong Kong		hk	\N	\N	\N	\N	19	Printer	f	OGI 1010	OGI 1010	Address
20	EB Malloy	5411 Jackson Road	\N	Ann Arbor	48103	us	mi	Michigan	\N	\N	20	Printer	f	EB Malloy	EB Malloy	Address
21	Precision	47 Thames Road	\N	Barking	IG11 0HQ	gb	\N	\N	\N	\N	21	Printer	f	Precision	Precision Printing Company Limited	Address
22	RRD OFFSET	23328 66th Ave S	\N	Kent	98032	us	wa	Washington	\N	\N	22	Printer	f	RRD OFFSET	RRD OFFSET	Address
23	RRD 10000	3049 Chouteau Avenue	\N	St Louis	63103	us	mo	Missouri	\N	\N	23	Printer	f	RRD 10000	RRD 10000	Address
24	RPI-ATL	1065 Big Shanty Rd. NW	Suite 130	Kennesaw	30144	us	ga	Georgia		\N	24	Printer	f	RPI-ATL	RPI Atlanta	Address
25	Jostens	451 International Blvd		Clarksville	37040	us	tn	Tennessee		\N	25	Printer	f	Jostens	Jostens	Address
26	Fuji	105 Spray Shed Road	X Bldg	Greenwood	29649	us	sc	South Carolina	\N	\N	26	Printer	f	Fuji	Fuji	Address
28	Josh	241 W 1700 S		Salt Lake City	84115	us	ut	Utah	\N	\N	28	Printer	f	Jaeger	HUDSON	Address
29	Art	2920 N 35th St		Phoenix	85018	us	az	Arizona	\N	\N	29	Printer	f	Webb	PANO	Address
30	PMI	400 George Street	\N	Fitzroy	3065	au	au-vic	Victoria	\N	\N	30	Printer	f	PMI	PMI Corporation	Address
31	Fuji-EU	Franseweg 65		Steenbergen	4651 GE	nl	\N	\N	+31 (0)85-016 0116	\N	31	Printer	f	Fuji-EU	Fuji-EU	Address
32	Marathon	1500 Square Turn Blvd.		Norfolk	68701	us	ne	\N	(800) 228-0629	\N	32	Printer	f	Marathon	Marathon	Address
33	OD-DAS	2230 360 HWY		Grand Prairie	75050	us	tx	\N	(972) 602-4600	\N	33	Printer	f	OD-DAS	OD-DAS	Address
27	Linemark	501 Prince Georges Boulevard		Upper Marlboro	20774	us	md	Maryland	\N	\N	27	Printer	f	Linemark	Linemark	Address
34	Digital Lizard	500 Corporate Drive		Mahwah	07430	us	nj	New Jersey	(201) 684-0900	\N	34	Printer	f	Digital Lizard	DL-MAHWAH	Address
\.


--
-- Name: addresses_id_seq; Type: SEQUENCE SET; Schema: blurby; Owner: -
--

SELECT pg_catalog.setval('addresses_id_seq', 34, true);


--
-- Data for Name: admin_global_settings; Type: TABLE DATA; Schema: blurby; Owner: -
--

COPY admin_global_settings (id, name, value, created_by_user_id, deleted_at, created_at, updated_at, restricted, type) FROM stdin;
1	shipping_refund_enabled	true	1	\N	2014-02-20 11:33:02.120701	2014-02-20 11:33:02.120701	f	\N
2	add to cart version	variation	1	\N	2014-02-20 11:33:27.595094	2014-02-20 11:33:27.595094	f	\N
3	rush_daily_cap	10	1	\N	2014-02-20 11:33:27.604914	2014-02-20 11:33:27.604914	t	\N
\.


--
-- Name: admin_global_settings_id_seq; Type: SEQUENCE SET; Schema: blurby; Owner: -
--

SELECT pg_catalog.setval('admin_global_settings_id_seq', 3, true);


--
-- Data for Name: admin_meta_data; Type: TABLE DATA; Schema: blurby; Owner: -
--

COPY admin_meta_data (id, created_at, updated_at) FROM stdin;
\.


--
-- Name: admin_meta_data_id_seq; Type: SEQUENCE SET; Schema: blurby; Owner: -
--

SELECT pg_catalog.setval('admin_meta_data_id_seq', 1, false);


--
-- Data for Name: api_keys; Type: TABLE DATA; Schema: blurby; Owner: -
--

COPY api_keys (id, user_id, key, name, created_at, updated_at, url, support_url, callback_url, secret, order_callback_url, partner_id, deleted_at) FROM stdin;
1	1	c8gpvcnauj8nwxwwn7mt3jpb	Blurb CGX Indesign Plugin	2014-02-20 11:32:37.527106	2014-02-20 11:32:37.527106	http://www.blurb.com	\N	\N	Rjc7nRp7	\N	\N	\N
2	1	98rcyr5s64zvc6vts5z8y7c8	Blurb Indesign Plugin	2014-02-20 11:32:38.178692	2014-02-20 11:32:38.178692	http://www.blurb.com	\N	\N	uvdvaAxN	\N	\N	\N
3	5	avatar	Bookify Test	2014-02-20 11:33:40.90401	2014-02-20 11:33:40.90401	http://dummy.blurb.com	\N	\N	secret	\N	\N	\N
4	5	utopia	Utopia	2014-02-20 11:33:40.911377	2014-02-20 11:33:40.911377	http://dev.blurb.com:3001	\N	\N	utopia	\N	\N	\N
5	5	5NvvLWrX1srdz0EWT4mF	Blurt	2014-02-20 11:33:40.914433	2014-02-20 11:33:40.914433	http://dummy.blurb.com	\N	\N	rZ6qFfd9z3HnZMctmzutTAI263Augd2ASw6O3ecH	\N	\N	\N
6	5	36umKuIdgqccRLvSkzVV	Hemingway	2014-02-20 11:33:40.918262	2014-02-20 11:33:40.918262	http://dev.blurb.com:3001	\N	\N	SuZyk8jfUMiWgwu6E83j68a0QnNNRokJgDJxTABd	\N	\N	\N
7	5	C9oFsLSd87TGHCZgOtv4	Hallmark	2014-02-20 11:33:40.921116	2014-02-20 11:33:40.921116	http://dev.blurb.com:3001	\N	\N	LV5iMRj5JyVgJW4YNdZbvYwKHe3qQgprWmtOaHLY	\N	\N	\N
12	2	5676051d3f25840b5c9d0b35c7720726bc82876b	Responsys	2014-02-20 11:33:41.024445	2014-02-20 11:33:41.024445	http://www.blurb.com	\N	\N	2dbccd20f96f14305c5d589452d2ff0cbfd54405	\N	\N	\N
8	5	3770a58f2974fa2757171d46c41763	Samsung Shadow	2014-02-20 11:33:40.958066	2014-02-20 11:33:40.958066	http://www.samsung.com	\N	\N	9d85513ab1db	\N	31733	\N
9	5	57baaa530b9e9c5789a6f7eae47f729c	Samsung Episodes	2014-02-20 11:33:40.961323	2014-02-20 11:33:40.961323	http://www.samsung.com	\N	\N	f2a76c9238c6	\N	31733	\N
13	2	7DxY90RFmKmvSfyFYatQ	Samsung Tizen	2014-02-20 11:33:41.208889	2014-02-20 11:33:41.208889	http://www.blurb.com	\N	\N	aF9B1j2lWtNPFjMIOzxXGqL5IbKjl5ej3KPEsOim	\N	31733	\N
14	2	ddd61882074bfd4e33ff4d98fcd3fa78	Samsung WP Story Album	2014-02-20 11:33:41.219248	2014-02-20 11:33:41.219248	http://samsung.com	\N	\N	3983583a8267	\N	31733	\N
15	2	02a7124dec65ce0314f34ade4efa65a5e2428b2e	Blurb Portkey Application	2014-02-20 11:33:41.239988	2014-02-20 11:33:41.239988	http://www.blurb.com	\N	\N	4ef82f0515c917eac9b9e07c2bb2ef4a1430b9e2	\N	\N	\N
11	2	d6fb79b5fbfc8deed0f218043637b86205d3b292	BookWright	2014-02-20 11:33:41.008241	2014-02-20 11:33:41.24333	http://www.blub.com	\N	\N	1d084edc11b5c98c55a533ae24dec741	\N	\N	\N
17	3	WGIYu8nkeCF5swkSnYcp	Amazon Order Placer	2014-03-27 10:43:09.255045	2014-03-27 10:43:09.255045	http://www.blub.com	\N	\N	HiiPKOyNt1iB0cRPkwAK5Qfckzn3zqas6BA8K5Bm	\N	\N	\N
18	4	362LoshJcvkkpOlfa5iH	Personal Storefront	2015-01-05 16:03:55.24306	2015-01-05 16:03:55.24306	http://www.blub.com	\N	\N	VMXcZ42eBH9uXRjogWpQmMthDnI9fWrYw15S2qP2	\N	\N	\N
19	5	EciXXgzG0C9ma1z3FlA0	Ship Visualizer	2015-01-05 16:04:10.45328	2015-01-05 16:04:10.45328	http://www.blub.com	\N	\N	WrfXVl9wuzvkeIQIRZPD1UKwwNFf1sBjPdJRfRr6	\N	\N	\N
20	6	Uih4emnW1tOKbgf2tHaO	Template	2015-01-05 16:04:10.80615	2015-01-05 16:04:10.80615	http://www.blurb.com	\N	\N	HlvNpP3CcwZA69EZZnvPA9nqeA0gByq8zgRF54y5	\N	\N	\N
21	7	iDUNhtH6glVF18GU2I3P	Website	2015-01-05 16:04:11.625664	2015-01-05 16:04:11.625664	http://www.blub.com	\N	\N	x2GxdX8Fv5xYc7YM7H2OWoiTHuG9CoaZfGkirhLM	\N	\N	\N
23	9	H1lcTtnMDo2qbhudCOdI	Bookshare	2015-01-05 16:04:15.45071	2015-01-05 16:04:15.45071	http://www.blurb.com	\N	\N	dSrOwYAz24dOre1St1OWjJ6yUG3eUJAMf5gSxFGE	\N	\N	\N
22	8	ubfVENhvK826XAnoK7NP	PDFUploader 3.0	2015-01-05 16:04:11.959534	2015-01-05 16:04:15.573301	http://www.blub.com	\N	\N	OYfuc0DzHTJurREKlesq3nxhHOZB8wk6cXvv2Hnz	\N	\N	\N
24	2	wsaJygTluShT4mL4JH66	Propane Studio	2018-06-28 16:00:12.711785	2018-06-28 16:00:12.711785	http://www.blurb.com	\N	\N	C98FP4wCbtB0CiHKtlee05nFPi3u4ai3VFy5xobF	\N	\N	\N
25	2	WcNU4nuLBmZLke1ZsvAM	blurb_ios_app	2018-06-28 16:00:15.099907	2018-06-28 16:00:15.099907	http://www.blurb.com	\N	\N	5bEAZFTlrpAaVFruaVu0mXqf5Ai0aA8nuIqKthDy	\N	\N	\N
26	2	dInJzvJAeoZ6FTQYzQ3M	PDF Processing Service	2018-06-28 16:00:15.105897	2018-06-28 16:00:15.105897	http://www.blurb.com	\N	\N	EoYzBzOhMloPTCpiXYJ2dyZJiFxHlqkQE8g6yUda	\N	\N	\N
27	11	p9DT-NAunXOMcAvmIoHe	Project Service BookWright Proxy	2018-06-28 16:00:15.776613	2018-06-28 16:00:15.776613	http://www.blurb.com	\N	\N	On9XB5ZYVZk-xo-_U300ObfQTHfCmtVu8JWj0iHX	\N	\N	\N
28	12	3c7r6aqiet3hoxf	Photo Manager	2018-07-12 14:09:33.616268	2018-07-12 14:09:33.616268	http://www.blurb.com	\N	\N	4vpucibq76tng6qset3ayp6ehss3rmo	\N	\N	\N
29	2	xlEPqnv8VES4HLtw8eGY	Web Builder	2020-11-30 18:46:27.246741	\N	http://www.blurb.com	\N	\N	395bdbdfbad975452406a0db8b4ee2d3	\N	\N	\N
30	2	n2a7DSv5zDJiEEz-goO1	Photoshop Plugin	2020-11-30 18:46:30.568682	\N	http://www.blurb.com	\N	\N	KiTiR42DsL9D_VtUlPbPGz5wiHCJVqwtQdrBYMZq	\N	\N	\N
31	2	MmbzCDoPLBCGlNuF_sQ9	Lightroom Classic 10	2020-11-30 18:46:30.649467	\N	http://www.blurb.com	\N	\N	dBMv_x40h7oEHWaEbUeE8TqeK1a_pCezUkWI_okz	\N	\N	\N
\.


--
-- Name: api_keys_id_seq; Type: SEQUENCE SET; Schema: blurby; Owner: -
--

SELECT pg_catalog.setval('api_keys_id_seq', 31, true);


--
-- Data for Name: api_products; Type: TABLE DATA; Schema: blurby; Owner: -
--

COPY api_products (id, product_id, cover_type_id, product_dimension_id, api_key_id, title, guid, state, generate_cover, generate_cover_color, cover_url, guts_url, created_at, updated_at, generate_text_color, deleted_at, paper_type_id, source_version, source_info, guts_uploaded_at, cover_updated_at) FROM stdin;
\.


--
-- Name: api_products_id_seq; Type: SEQUENCE SET; Schema: blurby; Owner: -
--

SELECT pg_catalog.setval('api_products_id_seq', 1, false);


--
-- Data for Name: api_sessions; Type: TABLE DATA; Schema: blurby; Owner: -
--

COPY api_sessions (id, created_at, updated_at, api_user_id, api_key_id) FROM stdin;
\.


--
-- Name: api_sessions_id_seq; Type: SEQUENCE SET; Schema: blurby; Owner: -
--

-- SELECT pg_catalog.setval('api_sessions_id_seq', 1, false);


--
-- Data for Name: api_sign_ins; Type: TABLE DATA; Schema: blurby; Owner: -
--

COPY api_sign_ins (id, api_user_id, api_key_id, created_at, updated_at) FROM stdin;
\.


--
-- Name: api_sign_ins_id_seq; Type: SEQUENCE SET; Schema: blurby; Owner: -
--

SELECT pg_catalog.setval('api_sign_ins_id_seq', 1, false);


--
-- Data for Name: api_users; Type: TABLE DATA; Schema: blurby; Owner: -
--

COPY api_users (id, user_id, user_token) FROM stdin;
\.


--
-- Name: api_users_id_seq; Type: SEQUENCE SET; Schema: blurby; Owner: -
--

SELECT pg_catalog.setval('api_users_id_seq', 1, false);


--
-- Data for Name: apple_distribution_jobs; Type: TABLE DATA; Schema: blurby; Owner: -
--

COPY apple_distribution_jobs (id, ebook_id, created_at, updated_at, retry_count, wf_id, task_arguments_json) FROM stdin;
\.


--
-- Name: apple_distribution_jobs_id_seq; Type: SEQUENCE SET; Schema: blurby; Owner: -
--

SELECT pg_catalog.setval('apple_distribution_jobs_id_seq', 1, false);


--
-- Data for Name: distribution_states; Type: TABLE DATA; Schema: blurby; Owner: -
--

COPY distribution_states (id, key, description, active) FROM stdin;
1	only_for_me	Only visible to the author	t
2	invitation_only	Visible to non-author users that have the url	t
3	public	Visible to all users	t
4	amazon	Temporary Amazon Distribution	t
\.


--
-- Data for Name: ibookstore_territory_sets; Type: TABLE DATA; Schema: blurby; Owner: -
--

COPY ibookstore_territory_sets (id, codes, name, current_from, created_at, updated_at) FROM stdin;
1	AU,AT,BE,BG,CA,CY,CZ,DK,EE,FI,FR,DE,GR,HU,IE,IT,LV,LT,LU,MT,NL,NO,PL,PT,RO,SK,SI,ES,SE,CH,GB,US	version1	2012-09-20 00:00:00	2014-02-20 11:33:01.154508	2014-02-20 11:33:01.154508
\.


--
-- Data for Name: ebooks; Type: TABLE DATA; Schema: blurby; Owner: -
--

COPY ebooks (id, guts_id, created_at, updated_at, ebook_project_id, first_purchased_at, deleted_at, state, apple_id, bisac_category_id, ibookstore_open_to_spread, price_tier, for_sale, title, sub_title, description, author_id, authors, cover_design_id, preview_percentage, cover_image_id, source_id, pages, enhanced, ibookstore_territory_set_id, ibookstore_language_id, distribution_state_id, ebook_storage_id, ebook_format) FROM stdin;
\.


--
-- Data for Name: apple_rejection_tickets; Type: TABLE DATA; Schema: blurby; Owner: -
--

COPY apple_rejection_tickets (id, ebook_id, ticket_type, notes, ticket_id, ticket_updated_at, created_at, updated_at) FROM stdin;
\.


--
-- Name: apple_rejection_tickets_id_seq; Type: SEQUENCE SET; Schema: blurby; Owner: -
--

SELECT pg_catalog.setval('apple_rejection_tickets_id_seq', 1, false);


--
-- Data for Name: application_policies; Type: TABLE DATA; Schema: blurby; Owner: -
--

COPY application_policies (id, name) FROM stdin;
1	per_page_price_shipping
\.


--
-- Name: application_policies_id_seq; Type: SEQUENCE SET; Schema: blurby; Owner: -
--

SELECT pg_catalog.setval('application_policies_id_seq', 1, true);


--
-- Data for Name: application_policy_entries; Type: TABLE DATA; Schema: blurby; Owner: -
--

COPY application_policy_entries (id, application_policy_id, api_key_id) FROM stdin;
1	1	5
2	1	14
3	1	13
4	1	9
5	1	8
6	1	7
\.


--
-- Name: application_policy_entries_id_seq; Type: SEQUENCE SET; Schema: blurby; Owner: -
--

SELECT pg_catalog.setval('application_policy_entries_id_seq', 6, true);


--
-- Data for Name: application_versions; Type: TABLE DATA; Schema: blurby; Owner: -
--

COPY application_versions (id, api_key_id, version) FROM stdin;
\.


--
-- Name: application_versions_id_seq; Type: SEQUENCE SET; Schema: blurby; Owner: -
--

SELECT pg_catalog.setval('application_versions_id_seq', 1, false);


--
-- Data for Name: asset_sizes_jobs; Type: TABLE DATA; Schema: blurby; Owner: -
--

COPY asset_sizes_jobs (id, status, bbf2_project_id, wf_id) FROM stdin;
\.


--
-- Name: asset_sizes_jobs_id_seq; Type: SEQUENCE SET; Schema: blurby; Owner: -
--

SELECT pg_catalog.setval('asset_sizes_jobs_id_seq', 1, false);


--
-- Data for Name: currencies; Type: TABLE DATA; Schema: blurby; Owner: -
--

COPY currencies (iso_id, string_format, seller_minimum_payout, seller_processing_fee, exponent) FROM stdin;
USD	--- \n:html_symbol: US $\n:symbol: US $\n:separator: .\n:delimiter: ","\n	2500	500	2
GBP	--- \n:html_symbol: "&pound;"\n:symbol: !binary |\n  wqM=\n\n:separator: .\n:delimiter: ","\n	1250	250	2
EUR	--- \n:html_symbol: "&euro;"\n:symbol: !binary |\n  4oKs\n\n:separator: ","\n:delimiter: .\n	1250	250	2
CAD	--- \n:html_symbol: CAD $\n:symbol: CAD $\n:separator: .\n:delimiter: ","\n	2500	500	2
AUD	--- \n:html_symbol: AUD $\n:symbol: AUD $\n:separator: .\n:delimiter: ","\n	3000	500	2
JPY	--- \n:html_symbol: !binary |\n  wqUg\n\n:symbol: !binary |\n  wqUg\n\n:no_cents: true\n:separator: .\n:delimiter: ","\n	30000	5000	0
KRW	--- \n:html_symbol: !binary |\n  4oKpIA==\n\n:symbol: !binary |\n  4oKpIA==\n\n:no_cents: true\n:separator: .\n:delimiter: ","\n	3200000	540000	0
\.


--
-- Data for Name: product_dimensions; Type: TABLE DATA; Schema: blurby; Owner: -
--

COPY product_dimensions (id, booksmart_dimensions, orientation, preview_page_dimensions, preview_cover_dimensions, cover_dimension_inches, description_i18n_key, key) FROM stdin;
5	369x594	PORTRAIT	264x425	303x440	5.44x8.50	pocket_text	bwtext
1	693x594	LANDSCAPE	422x362	450x376	10.19x8.51	standard_landscape	standard_landscape
10	585x738	PORTRAIT	336x424	352x440	8.13x10.25	standard_portrait_true8x10	standard_portrait_true8x10
2	567x720	PORTRAIT	335x425	361x440	8.42x10.26	standard_portrait	standard_portrait
8	621x810	PORTRAIT	621x810	621x810	8.50x11.00	letter	letter
3	495x495	SQUARE	418x418	450x433	7.42x7.14	square	square
7	441x666	PORTRAIT	441x666	464x684	6.44x9.5	large_text	large_text
9	369x378	SQUARE	264x264	303x303	5.0x5.0	small_square	small_square
6	855x864	SQUARE	855x864	889x882	12.0x12.0	large_square	large_square
4	909x783	LANDSCAPE	421x362	450x380	13.18x11.14	large_format_landscape	large_landscape
\.


--
-- Data for Name: product_options; Type: TABLE DATA; Schema: blurby; Owner: -
--

COPY product_options (id, type, name, bookserve_value, price, display_name_i18n_key, group_id, markup_type_id, pro_option, param_name) FROM stdin;
1	CoverType	Hardcover	hardcover	0	dust_jacket	15	1	f	dustjacket
2	CoverType	Softcover	softcover	0	softcover	13	1	f	softcover
4	Colophon	Custom	custom	0	custom_logo_upgrade	\N	3	f	\N
5	PremiumWorkflow	Custom	custom	0	premium_workflow	\N	1	f	\N
6	CoverType	ImageWrap	lithowrap	0	imagewrap	15	1	f	imagewrap
7	PaperType	PremiumPaper	premium-matte	0	premium_paper	12	2	f	premium_matte_paper
8	CustomCoverOption	Custom Cover	custom	0	personalized_front_cover	\N	1	f	\N
9	GiftCardCombo	Gift Card Combo	gift_card_combo	0	gift_card_combo	\N	1	f	\N
11	PaperType	PremiumGlossPaper	premium-glossy	0	premium_paper_lustre	12	2	f	premium_lustre_paper
13	GroupAllProductOption	AllCoversGroup	all-covers-group	0	all_covers_group	\N	1	f	\N
15	LargeBookCoverGroup	LargeBookCoverGroup	large-book-cover-group	0	large_book_cover_group	13	1	f	\N
18	EndsheetType	StandardMidGreyEndsheet	standard-mid-grey-endsheet	0	standard_mid_grey_endsheet	26	1	f	\N
24	BookCoveringType	ProCharcoalLinenCovering	pro-charcoal-linen-covering	0	pro_charcoal_linen_covering	28	7	t	\N
25	BookCoveringType	ProOatmealLinenCovering	pro-oatmeal-linen-covering	0	pro_oatmeal_linen_covering	28	7	t	\N
29	ProEndsheetGroup	ProEndsheetGroup	pro-endsheet-group	0	pro_endsheet_group	26	1	f	\N
30	PaperType	NovelBwPaper	novel	0	novel_bw_paper	32	1	f	bw_text_paper
31	PaperType	NovelColorPaper	novel-bright-white	0	novel_color_paper	32	1	f	color_text_paper
33	GroupAllProductOption	AllCoatingsGroup	all-coatings-group	0	all_coatings_group	\N	1	f	\N
34	StandardCoating	StandardCoatingsGroup	standard-coatings-group	0	standard_coatings_group	33	1	f	\N
35	PlusCoating	PlusCoatingGroup	plus-coating-group	0	plus_coating_group	34	1	f	\N
36	CoatingType	SatinUVCoating	satin-uv-coating	0	satin_uv_coating	35	8	f	\N
37	CoatingType	GlossUVCoating	gloss-uv-coating	0	gloss_uv_coating	35	8	f	\N
38	PremiumPlusCoating	PremiumPlusCoatingGroup	premium-plus-coating-group	0	premium_plus_coating_group	33	1	f	\N
39	CoatingType	GlossLaminateCoating	gloss-laminate-coating	0	gloss_laminate_coating	38	1	f	\N
40	CoatingType	Uncoated	uncoated	0	uncoated	34	1	f	\N
41	GroupAllProductOption	AllCoverPapersGroup	all-cover-papers-group	0	all_cover_papers_group	\N	1	f	\N
44	CoverType	SoftcoverSaddleStitched	softcover-saddle-stitched	0	softcover_saddle_stitched	13	1	f	saddle
56	BookCoveringType	StandardGreyLinenCovering	standard-grey-linen-covering	0	standard_grey_linen_covering	55	1	f	\N
54	GroupAllProductOption	AllBookCoveringsGroup	all-book-coverings-group	0	all_book_coverings_group	\N	1	f	\N
27	BlurbBookCoveringGroup	BlurbBookCoveringGroup	blurb-book-covering-group	0	blurb_book_covering_group	54	1	f	\N
28	ProBookCoveringGroup	ProBookCoveringGroup	pro-book-covering-group	0	pro_book_covering_group	27	1	f	\N
23	BookCoveringType	StandardBlackLinenCovering	standard-black-linen-covering	0	standard_black_linen_covering	27	1	f	\N
55	TradeBookCoveringGroup	TradeBookCoveringGroup	trade-book-covering-group	0	trade_book_covering_group	54	1	f	\N
58	GroupAllProductOption	AllEndsheetsGroup	all-endsheets-group	0	all_endsheets_group	\N	1	f	\N
26	PhotoBookEndsheetGroup	PhotoBookEndsheetGroup	photo-book-endsheet-group	0	photo_book_endsheet_group	58	1	f	\N
59	EndsheetType	StandardWhiteEndsheet	standard-white-endsheet	0	standard_white_endsheet	58	1	f	standard_white_endsheet
42	CoverPaperType	PlusCover	pluscover	0	plus_cover	41	1	f	plus_cover_paper
47	CoverPaperType	PremiumPlusCover	premium-pluscover	0	premium_plus_cover	41	1	f	premium_plus_cover_paper
43	CoverPaperType	SelfCover	standard	0	self_cover	41	1	f	self_cover_paper
22	EndsheetType	ProBlackEndsheet	pro-black-endsheet	0	pro_black_endsheet	29	6	t	pro_black_endsheet
20	EndsheetType	ProCharcoalEndsheet	pro-charcoal-endsheet	0	pro_charcoal_endsheet	29	6	t	pro_charcoal_endsheet
21	EndsheetType	ProLightGreyEndsheet	pro-light-grey-endsheet	0	pro_light_grey_endsheet	29	6	t	pro_light_grey_endsheet
19	EndsheetType	ProWhiteEndsheet	pro-white-endsheet	0	pro_white_endsheet	29	6	t	pro_white_endsheet
14	PhotoBookPaperGroup	PhotoBookPaperGroup	photo-book-paper-group	0	photo_book_paper_group	\N	1	f	\N
61	PaperBaseType	StandardPaperBase	StandardPaperBase	0	standard_paper_base	\N	1	f	standard
62	FinishType	AcrylicGloss	AcrylicGloss	0	acrylic_gloss	\N	1	f	acrylic_gloss
63	FinishType	MetalGloss	MetalGloss	0	metal_gloss	\N	1	f	metal_gloss
64	FinishType	CanvasMatte	CanvasMatte	0	canvas_matte	\N	1	f	canvas_matte
65	HangingHardwareType	Cable	Cable	0	cable	\N	1	f	cable
66	HangingHardwareType	FlushMount	FlushMount	0	flush_mount	\N	1	f	flush_mount
67	CornerType	Square	Square	0	square	\N	1	f	square
68	PrintableProductDimension	Portrait 8x10	Portrait 8x10	0	portrait_8x10	\N	1	f	portrait_8x10
69	PrintableProductDimension	Landscape 10x8	Landscape 10x8	0	landscape_10x8	\N	1	f	landscape_10x8
70	PrintableProductDimension	Square 12x12	Square 12x12	0	square_12x12	\N	1	f	square_12x12
71	PrintableProductDimension	Portrait 11x14	Portrait 11x14	0	portrait_11x14	\N	1	f	portrait_11x14
72	PrintableProductDimension	Landscape 14x11	Landscape 14x11	0	landscape_14x11	\N	1	f	landscape_14x11
73	PrintableProductDimension	Portrait 16x20	Portrait 16x20	0	portrait_16x20	\N	1	f	portrait_16x20
74	PrintableProductDimension	Landscape 20x16	Landscape 20x16	0	landscape_20x16	\N	1	f	landscape_20x16
75	PrintableProductDimension	Square 20x20	Square 20x20	0	square_20x20	\N	1	f	square_20x20
76	PrintableProductDimension	Portrait 20x24	Portrait 20x24	0	portrait_20x24	\N	1	f	portrait_20x24
77	PrintableProductDimension	Landscape 24x20	Landscape 24x20	0	landscape_24x20	\N	1	f	landscape_24x20
78	PrintableProductDimension	Portrait 20x30	Portrait 20x30	0	portrait_20x30	\N	1	f	portrait_20x30
79	PrintableProductDimension	Landscape 30x20	Landscape 30x20	0	landscape_30x20	\N	1	f	landscape_30x20
83	PaperBaseType	CrystalPhotoMattePaperBase	crystal-photo-matte	0	crystal_photo_matte_paper_base	\N	1	f	crystal_photo_matte
84	FinishType	BlockMatte	block-matte	0	block_matte	\N	1	f	block_matte
85	FinishType	PosterMatte	poster-matte	0	poster_matte	\N	1	f	poster_matte
86	GroupAllProductOption	AllPapersGroup	all-papers-group	0	all_papers_group	\N	1	f	\N
32	NovelPaperGroup	NovelPaperGroup	novel-paper-group	0	novel_paper_group	86	1	f	\N
46	PaperType	SterlingPremium80	premium-magazine	0	premium_magazine_paper	86	1	f	premium_magazine_paper
48	PaperType	EconomyTradeMattePaper	economy_trade_matte_paper	0	economy_trade_matte_paper	86	1	f	economy_trade_matte_paper
49	PaperType	EconomyTradeBWCreamMattePaper	economy_trade_bw_cream_matte_paper	0	economy_trade_bw_cream_matte_paper	86	1	f	economy_trade_bw_cream_matte_paper
50	PaperType	StandardTradeMattePaper	standard_trade_matte_paper	0	standard_trade_matte_paper	86	1	f	standard_trade_matte_paper
51	PaperType	EconomyTradeBWMattePaper	economy_trade_bw_matte_paper	0	economy_trade_bw_matte_paper	86	1	f	economy_trade_bw_matte_paper
52	PaperType	StandardTradeBWMattePaper	standard_trade_bw_matte_paper	0	standard_trade_bw_matte_paper	86	1	f	standard_trade_bw_matte_paper
57	PaperType	Velvet	velvet_paper	0	velvet_paper	86	1	f	velvet_paper
80	PaperType	PremiumMatteLayflat	premium_matte_layflat	0	premium_matte_layflat_paper	86	1	f	premium_matte_layflat_paper
81	PaperType	ProUncoatedLayflat	pro_uncoated_layflat	0	pro_uncoated_layflat_paper	86	1	f	pro_uncoated_layflat_paper
82	PaperType	ProPhotoLayflat	pro_photo_layflat	0	pro_photo_layflat_paper	86	1	f	pro_photo_layflat_paper
10	PaperType	StandardPaper	standard	0	standard_paper	14	1	f	standard_paper
12	PremiumPaper	PremiumPaperGroup	premium-paper-group	0	premium_paper_group	14	1	f	\N
16	PaperType	ProMediumGlossPaper	pro-medium-gloss-paper	0	pro_medium_gloss_paper	14	4	t	pro_medium_gloss_paper
17	PaperType	ProUncoatedPaper	pro-uncoated-paper	0	pro_uncoated_paper	14	5	t	pro_uncoated_paper
45	PaperType	EconMagazine	magazine	0	magazine_paper	86	1	f	magazine_paper
60	PaperType	StandardLayflat	standard_layflat	0	standard_layflat_paper	86	1	f	standard_layflat_paper
\.


--
-- Data for Name: base_prices; Type: TABLE DATA; Schema: blurby; Owner: -
--

COPY base_prices (id, cover_type_id, currency_id, price, product_type, product_dimension_id, api_key_id, created_at, updated_at, paper_type_id) FROM stdin;
6257	1	CAD	1699	Products::LegacyPocketTradeBook	7	\N	2015-01-05 16:03:55.383523	2015-01-05 16:03:55.383523	30
6258	1	EUR	1214	Products::LegacyPocketTradeBook	7	\N	2015-01-05 16:03:55.390693	2015-01-05 16:03:55.390693	30
6259	1	GBP	1299	Products::LegacyPocketTradeBook	7	\N	2015-01-05 16:03:55.395999	2015-01-05 16:03:55.395999	30
6260	1	USD	1699	Products::LegacyPocketTradeBook	7	\N	2015-01-05 16:03:55.401007	2015-01-05 16:03:55.401007	30
6261	1	AUD	1545	Products::LegacyPocketTradeBook	5	\N	2015-01-05 16:03:55.485843	2015-01-05 16:03:55.485843	30
6262	1	CAD	1599	Products::LegacyPocketTradeBook	5	\N	2015-01-05 16:03:55.489722	2015-01-05 16:03:55.489722	30
6263	1	EUR	1121	Products::LegacyPocketTradeBook	5	\N	2015-01-05 16:03:55.495608	2015-01-05 16:03:55.495608	30
6264	1	GBP	1099	Products::LegacyPocketTradeBook	5	\N	2015-01-05 16:03:55.499658	2015-01-05 16:03:55.499658	30
6265	1	USD	1599	Products::LegacyPocketTradeBook	5	\N	2015-01-05 16:03:55.503375	2015-01-05 16:03:55.503375	30
6266	1	AUD	2454	Products::LegacyPocketTradeBook	7	\N	2015-01-05 16:03:55.506943	2015-01-05 16:03:55.506943	31
6267	1	CAD	2199	Products::LegacyPocketTradeBook	7	\N	2015-01-05 16:03:55.510482	2015-01-05 16:03:55.510482	31
6268	1	EUR	1775	Products::LegacyPocketTradeBook	7	\N	2015-01-05 16:03:55.513983	2015-01-05 16:03:55.513983	31
6269	1	GBP	1399	Products::LegacyPocketTradeBook	7	\N	2015-01-05 16:03:55.517542	2015-01-05 16:03:55.517542	31
6270	1	USD	2199	Products::LegacyPocketTradeBook	7	\N	2015-01-05 16:03:55.52098	2015-01-05 16:03:55.52098	31
6271	1	AUD	2272	Products::LegacyPocketTradeBook	5	\N	2015-01-05 16:03:55.52442	2015-01-05 16:03:55.52442	31
6272	1	CAD	1999	Products::LegacyPocketTradeBook	5	\N	2015-01-05 16:03:55.52792	2015-01-05 16:03:55.52792	31
6273	1	EUR	1588	Products::LegacyPocketTradeBook	5	\N	2015-01-05 16:03:55.531416	2015-01-05 16:03:55.531416	31
6274	1	GBP	1299	Products::LegacyPocketTradeBook	5	\N	2015-01-05 16:03:55.617009	2015-01-05 16:03:55.617009	31
6275	1	USD	1999	Products::LegacyPocketTradeBook	5	\N	2015-01-05 16:03:55.62092	2015-01-05 16:03:55.62092	31
6276	1	AUD	1635	Products::LegacyPocketTradeBook	7	\N	2015-01-05 16:03:55.624439	2015-01-05 16:03:55.624439	30
6277	1	AUD	6899	Products::StandardBook	4	\N	2015-01-05 16:03:55.628022	2015-01-05 16:03:55.628022	11
6278	1	CAD	5736	Products::StandardBook	4	\N	2015-01-05 16:03:55.631722	2015-01-05 16:03:55.631722	11
6279	1	EUR	5132	Products::StandardBook	4	\N	2015-01-05 16:03:55.635155	2015-01-05 16:03:55.635155	11
6280	1	GBP	4045	Products::StandardBook	4	\N	2015-01-05 16:03:55.638791	2015-01-05 16:03:55.638791	11
6281	1	USD	5736	Products::StandardBook	4	\N	2015-01-05 16:03:55.642302	2015-01-05 16:03:55.642302	11
6282	1	AUD	6899	Products::StandardBook	4	\N	2015-01-05 16:03:55.645838	2015-01-05 16:03:55.645838	7
6283	1	CAD	5736	Products::StandardBook	4	\N	2015-01-05 16:03:55.649351	2015-01-05 16:03:55.649351	7
6284	1	EUR	5132	Products::StandardBook	4	\N	2015-01-05 16:03:55.653644	2015-01-05 16:03:55.653644	7
6285	1	GBP	4045	Products::StandardBook	4	\N	2015-01-05 16:03:55.658392	2015-01-05 16:03:55.658392	7
6286	1	USD	5736	Products::StandardBook	4	\N	2015-01-05 16:03:55.664055	2015-01-05 16:03:55.664055	7
6287	1	AUD	8781	Products::StandardBook	4	\N	2015-01-05 16:03:55.667815	2015-01-05 16:03:55.667815	16
6288	1	CAD	7499	Products::StandardBook	4	\N	2015-01-05 16:03:55.75545	2015-01-05 16:03:55.75545	16
6289	1	EUR	6248	Products::StandardBook	4	\N	2015-01-05 16:03:55.759153	2015-01-05 16:03:55.759153	16
6290	1	GBP	4963	Products::StandardBook	4	\N	2015-01-05 16:03:55.76274	2015-01-05 16:03:55.76274	16
6291	1	USD	7499	Products::StandardBook	4	\N	2015-01-05 16:03:55.766499	2015-01-05 16:03:55.766499	16
6292	1	AUD	8467	Products::StandardBook	4	\N	2015-01-05 16:03:55.771262	2015-01-05 16:03:55.771262	17
6293	1	CAD	6809	Products::StandardBook	4	\N	2015-01-05 16:03:55.77542	2015-01-05 16:03:55.77542	17
6294	1	EUR	6025	Products::StandardBook	4	\N	2015-01-05 16:03:55.779356	2015-01-05 16:03:55.779356	17
6295	1	GBP	4759	Products::StandardBook	4	\N	2015-01-05 16:03:55.783259	2015-01-05 16:03:55.783259	17
6296	1	USD	6809	Products::StandardBook	4	\N	2015-01-05 16:03:55.787174	2015-01-05 16:03:55.787174	17
6297	1	AUD	6272	Products::StandardBook	4	\N	2015-01-05 16:03:55.790908	2015-01-05 16:03:55.790908	10
6298	1	CAD	4999	Products::StandardBook	4	\N	2015-01-05 16:03:55.794463	2015-01-05 16:03:55.794463	10
6299	1	EUR	4463	Products::StandardBook	4	\N	2015-01-05 16:03:55.798802	2015-01-05 16:03:55.798802	10
6300	1	GBP	3399	Products::StandardBook	4	\N	2015-01-05 16:03:55.802579	2015-01-05 16:03:55.802579	10
6301	1	USD	4999	Products::StandardBook	4	\N	2015-01-05 16:03:55.891016	2015-01-05 16:03:55.891016	10
6302	1	AUD	6899	Products::StandardBook	6	\N	2015-01-05 16:03:55.894972	2015-01-05 16:03:55.894972	11
6303	1	CAD	5622	Products::StandardBook	6	\N	2015-01-05 16:03:55.898453	2015-01-05 16:03:55.898453	11
6304	1	EUR	4705	Products::StandardBook	6	\N	2015-01-05 16:03:55.902159	2015-01-05 16:03:55.902159	11
6305	1	GBP	3807	Products::StandardBook	6	\N	2015-01-05 16:03:55.905711	2015-01-05 16:03:55.905711	11
6306	1	USD	5622	Products::StandardBook	6	\N	2015-01-05 16:03:55.909224	2015-01-05 16:03:55.909224	11
6307	1	AUD	6899	Products::StandardBook	6	\N	2015-01-05 16:03:55.912751	2015-01-05 16:03:55.912751	7
6308	1	CAD	5622	Products::StandardBook	6	\N	2015-01-05 16:03:55.916506	2015-01-05 16:03:55.916506	7
6309	1	EUR	4705	Products::StandardBook	6	\N	2015-01-05 16:03:55.920413	2015-01-05 16:03:55.920413	7
6310	1	GBP	3807	Products::StandardBook	6	\N	2015-01-05 16:03:55.9239	2015-01-05 16:03:55.9239	7
6311	1	USD	5622	Products::StandardBook	6	\N	2015-01-05 16:03:55.927379	2015-01-05 16:03:55.927379	7
6312	1	AUD	8781	Products::StandardBook	6	\N	2015-01-05 16:03:55.931316	2015-01-05 16:03:55.931316	16
6313	1	CAD	7349	Products::StandardBook	6	\N	2015-01-05 16:03:55.93508	2015-01-05 16:03:55.93508	16
6314	1	EUR	5727	Products::StandardBook	6	\N	2015-01-05 16:03:56.022276	2015-01-05 16:03:56.022276	16
6315	1	GBP	4671	Products::StandardBook	6	\N	2015-01-05 16:03:56.026721	2015-01-05 16:03:56.026721	16
6316	1	USD	7349	Products::StandardBook	6	\N	2015-01-05 16:03:56.030899	2015-01-05 16:03:56.030899	16
6317	1	AUD	8467	Products::StandardBook	6	\N	2015-01-05 16:03:56.034439	2015-01-05 16:03:56.034439	17
6318	1	CAD	6672	Products::StandardBook	6	\N	2015-01-05 16:03:56.037989	2015-01-05 16:03:56.037989	17
6319	1	EUR	5523	Products::StandardBook	6	\N	2015-01-05 16:03:56.041383	2015-01-05 16:03:56.041383	17
6320	1	GBP	4479	Products::StandardBook	6	\N	2015-01-05 16:03:56.045238	2015-01-05 16:03:56.045238	17
6321	1	USD	6672	Products::StandardBook	6	\N	2015-01-05 16:03:56.04891	2015-01-05 16:03:56.04891	17
6322	1	AUD	6272	Products::StandardBook	6	\N	2015-01-05 16:03:56.052589	2015-01-05 16:03:56.052589	10
6323	1	CAD	4899	Products::StandardBook	6	\N	2015-01-05 16:03:56.056131	2015-01-05 16:03:56.056131	10
6324	1	EUR	4091	Products::StandardBook	6	\N	2015-01-05 16:03:56.059814	2015-01-05 16:03:56.059814	10
6325	1	GBP	3199	Products::StandardBook	6	\N	2015-01-05 16:03:56.063927	2015-01-05 16:03:56.063927	10
6326	1	USD	4899	Products::StandardBook	6	\N	2015-01-05 16:03:56.067707	2015-01-05 16:03:56.067707	10
6327	1	AUD	3199	Products::StandardBook	3	\N	2015-01-05 16:03:56.071365	2015-01-05 16:03:56.071365	11
6328	1	CAD	2982	Products::StandardBook	3	\N	2015-01-05 16:03:56.164909	2015-01-05 16:03:56.164909	11
6329	1	EUR	2256	Products::StandardBook	3	\N	2015-01-05 16:03:56.169766	2015-01-05 16:03:56.169766	11
6330	1	GBP	1784	Products::StandardBook	3	\N	2015-01-05 16:03:56.173829	2015-01-05 16:03:56.173829	11
6331	1	USD	2982	Products::StandardBook	3	\N	2015-01-05 16:03:56.177984	2015-01-05 16:03:56.177984	11
6332	1	AUD	3199	Products::StandardBook	3	\N	2015-01-05 16:03:56.182544	2015-01-05 16:03:56.182544	7
6333	1	CAD	2982	Products::StandardBook	3	\N	2015-01-05 16:03:56.186802	2015-01-05 16:03:56.186802	7
6334	1	EUR	2256	Products::StandardBook	3	\N	2015-01-05 16:03:56.190443	2015-01-05 16:03:56.190443	7
6335	1	GBP	1784	Products::StandardBook	3	\N	2015-01-05 16:03:56.193904	2015-01-05 16:03:56.193904	7
6336	1	USD	2982	Products::StandardBook	3	\N	2015-01-05 16:03:56.198098	2015-01-05 16:03:56.198098	7
6337	1	AUD	4071	Products::StandardBook	3	\N	2015-01-05 16:03:56.202045	2015-01-05 16:03:56.202045	16
6338	1	CAD	3899	Products::StandardBook	3	\N	2015-01-05 16:03:56.206319	2015-01-05 16:03:56.206319	16
6339	1	EUR	2747	Products::StandardBook	3	\N	2015-01-05 16:03:56.210004	2015-01-05 16:03:56.210004	16
6340	1	GBP	2189	Products::StandardBook	3	\N	2015-01-05 16:03:56.214096	2015-01-05 16:03:56.214096	16
6341	1	USD	3899	Products::StandardBook	3	\N	2015-01-05 16:03:56.299627	2015-01-05 16:03:56.299627	16
6342	1	AUD	3926	Products::StandardBook	3	\N	2015-01-05 16:03:56.304173	2015-01-05 16:03:56.304173	17
6343	1	CAD	3540	Products::StandardBook	3	\N	2015-01-05 16:03:56.307845	2015-01-05 16:03:56.307845	17
6344	1	EUR	2649	Products::StandardBook	3	\N	2015-01-05 16:03:56.311659	2015-01-05 16:03:56.311659	17
6345	1	GBP	2099	Products::StandardBook	3	\N	2015-01-05 16:03:56.315291	2015-01-05 16:03:56.315291	17
6346	1	USD	3540	Products::StandardBook	3	\N	2015-01-05 16:03:56.318854	2015-01-05 16:03:56.318854	17
6347	1	AUD	2908	Products::StandardBook	3	\N	2015-01-05 16:03:56.322556	2015-01-05 16:03:56.322556	10
6348	1	CAD	2599	Products::StandardBook	3	\N	2015-01-05 16:03:56.326614	2015-01-05 16:03:56.326614	10
6349	1	EUR	1962	Products::StandardBook	3	\N	2015-01-05 16:03:56.330576	2015-01-05 16:03:56.330576	10
6350	1	GBP	1499	Products::StandardBook	3	\N	2015-01-05 16:03:56.334306	2015-01-05 16:03:56.334306	10
6351	1	USD	2599	Products::StandardBook	3	\N	2015-01-05 16:03:56.337991	2015-01-05 16:03:56.337991	10
6352	1	AUD	3799	Products::StandardBook	1	\N	2015-01-05 16:03:56.341546	2015-01-05 16:03:56.341546	11
6353	1	CAD	3441	Products::StandardBook	1	\N	2015-01-05 16:03:56.344979	2015-01-05 16:03:56.344979	11
6354	1	EUR	3100	Products::StandardBook	1	\N	2015-01-05 16:03:56.443907	2015-01-05 16:03:56.443907	11
6355	1	GBP	2260	Products::StandardBook	1	\N	2015-01-05 16:03:56.447803	2015-01-05 16:03:56.447803	11
6356	1	USD	3441	Products::StandardBook	1	\N	2015-01-05 16:03:56.451744	2015-01-05 16:03:56.451744	11
6357	1	AUD	3799	Products::StandardBook	1	\N	2015-01-05 16:03:56.455348	2015-01-05 16:03:56.455348	7
6358	1	CAD	3441	Products::StandardBook	1	\N	2015-01-05 16:03:56.458765	2015-01-05 16:03:56.458765	7
6359	1	EUR	3100	Products::StandardBook	1	\N	2015-01-05 16:03:56.462268	2015-01-05 16:03:56.462268	7
6360	1	GBP	2260	Products::StandardBook	1	\N	2015-01-05 16:03:56.468271	2015-01-05 16:03:56.468271	7
6361	1	USD	3441	Products::StandardBook	1	\N	2015-01-05 16:03:56.473069	2015-01-05 16:03:56.473069	7
6362	1	AUD	4836	Products::StandardBook	1	\N	2015-01-05 16:03:56.47728	2015-01-05 16:03:56.47728	16
6363	1	CAD	4499	Products::StandardBook	1	\N	2015-01-05 16:03:56.480945	2015-01-05 16:03:56.480945	16
6364	1	EUR	3774	Products::StandardBook	1	\N	2015-01-05 16:03:56.484563	2015-01-05 16:03:56.484563	16
6365	1	GBP	2773	Products::StandardBook	1	\N	2015-01-05 16:03:56.488082	2015-01-05 16:03:56.488082	16
6366	1	USD	4499	Products::StandardBook	1	\N	2015-01-05 16:03:56.491652	2015-01-05 16:03:56.491652	16
6367	1	AUD	4663	Products::StandardBook	1	\N	2015-01-05 16:03:56.495213	2015-01-05 16:03:56.495213	17
6368	1	CAD	4085	Products::StandardBook	1	\N	2015-01-05 16:03:56.584206	2015-01-05 16:03:56.584206	17
6369	1	EUR	3640	Products::StandardBook	1	\N	2015-01-05 16:03:56.587629	2015-01-05 16:03:56.587629	17
6370	1	GBP	2659	Products::StandardBook	1	\N	2015-01-05 16:03:56.591289	2015-01-05 16:03:56.591289	17
6371	1	USD	4085	Products::StandardBook	1	\N	2015-01-05 16:03:56.59481	2015-01-05 16:03:56.59481	17
6372	1	AUD	3454	Products::StandardBook	1	\N	2015-01-05 16:03:56.598942	2015-01-05 16:03:56.598942	10
6373	1	CAD	2999	Products::StandardBook	1	\N	2015-01-05 16:03:56.603076	2015-01-05 16:03:56.603076	10
6374	1	EUR	2696	Products::StandardBook	1	\N	2015-01-05 16:03:56.606968	2015-01-05 16:03:56.606968	10
6375	1	GBP	1899	Products::StandardBook	1	\N	2015-01-05 16:03:56.610554	2015-01-05 16:03:56.610554	10
6376	1	USD	2999	Products::StandardBook	1	\N	2015-01-05 16:03:56.614798	2015-01-05 16:03:56.614798	10
6377	1	AUD	3799	Products::StandardBook	2	\N	2015-01-05 16:03:56.618442	2015-01-05 16:03:56.618442	11
6378	1	CAD	3441	Products::StandardBook	2	\N	2015-01-05 16:03:56.62183	2015-01-05 16:03:56.62183	11
6379	1	EUR	3100	Products::StandardBook	2	\N	2015-01-05 16:03:56.625193	2015-01-05 16:03:56.625193	11
6380	1	GBP	2260	Products::StandardBook	2	\N	2015-01-05 16:03:56.62855	2015-01-05 16:03:56.62855	11
6381	1	USD	3441	Products::StandardBook	2	\N	2015-01-05 16:03:56.717801	2015-01-05 16:03:56.717801	11
6382	1	AUD	3799	Products::StandardBook	2	\N	2015-01-05 16:03:56.721641	2015-01-05 16:03:56.721641	7
6383	1	CAD	3441	Products::StandardBook	2	\N	2015-01-05 16:03:56.725235	2015-01-05 16:03:56.725235	7
6384	1	EUR	3100	Products::StandardBook	2	\N	2015-01-05 16:03:56.731294	2015-01-05 16:03:56.731294	7
6385	1	GBP	2260	Products::StandardBook	2	\N	2015-01-05 16:03:56.735926	2015-01-05 16:03:56.735926	7
6386	1	USD	3441	Products::StandardBook	2	\N	2015-01-05 16:03:56.739747	2015-01-05 16:03:56.739747	7
6387	1	AUD	4836	Products::StandardBook	2	\N	2015-01-05 16:03:56.743395	2015-01-05 16:03:56.743395	16
6388	1	CAD	4499	Products::StandardBook	2	\N	2015-01-05 16:03:56.747078	2015-01-05 16:03:56.747078	16
6389	1	EUR	3774	Products::StandardBook	2	\N	2015-01-05 16:03:56.750643	2015-01-05 16:03:56.750643	16
6390	1	GBP	2773	Products::StandardBook	2	\N	2015-01-05 16:03:56.754214	2015-01-05 16:03:56.754214	16
6391	1	USD	4499	Products::StandardBook	2	\N	2015-01-05 16:03:56.757638	2015-01-05 16:03:56.757638	16
6392	1	AUD	4663	Products::StandardBook	2	\N	2015-01-05 16:03:56.761368	2015-01-05 16:03:56.761368	17
6393	1	CAD	4085	Products::StandardBook	2	\N	2015-01-05 16:03:56.764915	2015-01-05 16:03:56.764915	17
6394	1	EUR	3640	Products::StandardBook	2	\N	2015-01-05 16:03:56.855064	2015-01-05 16:03:56.855064	17
6395	1	GBP	2659	Products::StandardBook	2	\N	2015-01-05 16:03:56.85895	2015-01-05 16:03:56.85895	17
6396	1	USD	4085	Products::StandardBook	2	\N	2015-01-05 16:03:56.862373	2015-01-05 16:03:56.862373	17
6397	1	AUD	3454	Products::StandardBook	2	\N	2015-01-05 16:03:56.8657	2015-01-05 16:03:56.8657	10
6398	1	CAD	2999	Products::StandardBook	2	\N	2015-01-05 16:03:56.870888	2015-01-05 16:03:56.870888	10
6399	1	EUR	2696	Products::StandardBook	2	\N	2015-01-05 16:03:56.875757	2015-01-05 16:03:56.875757	10
6400	1	GBP	1899	Products::StandardBook	2	\N	2015-01-05 16:03:56.879917	2015-01-05 16:03:56.879917	10
6401	1	USD	2999	Products::StandardBook	2	\N	2015-01-05 16:03:56.884067	2015-01-05 16:03:56.884067	10
6402	1	AUD	3799	Products::StandardBook	10	\N	2015-01-05 16:03:56.888685	2015-01-05 16:03:56.888685	11
6403	1	CAD	3441	Products::StandardBook	10	\N	2015-01-05 16:03:56.892723	2015-01-05 16:03:56.892723	11
6404	1	EUR	3100	Products::StandardBook	10	\N	2015-01-05 16:03:56.896368	2015-01-05 16:03:56.896368	11
6405	1	GBP	2260	Products::StandardBook	10	\N	2015-01-05 16:03:56.899921	2015-01-05 16:03:56.899921	11
6406	1	USD	3441	Products::StandardBook	10	\N	2015-01-05 16:03:56.903454	2015-01-05 16:03:56.903454	11
6407	1	AUD	3799	Products::StandardBook	10	\N	2015-01-05 16:03:56.906873	2015-01-05 16:03:56.906873	7
6408	1	CAD	3441	Products::StandardBook	10	\N	2015-01-05 16:03:56.991382	2015-01-05 16:03:56.991382	7
6409	1	EUR	3100	Products::StandardBook	10	\N	2015-01-05 16:03:56.994809	2015-01-05 16:03:56.994809	7
6410	1	GBP	2260	Products::StandardBook	10	\N	2015-01-05 16:03:56.999221	2015-01-05 16:03:56.999221	7
6411	1	USD	3441	Products::StandardBook	10	\N	2015-01-05 16:03:57.00347	2015-01-05 16:03:57.00347	7
6412	1	AUD	4836	Products::StandardBook	10	\N	2015-01-05 16:03:57.007463	2015-01-05 16:03:57.007463	16
6413	1	CAD	4499	Products::StandardBook	10	\N	2015-01-05 16:03:57.011321	2015-01-05 16:03:57.011321	16
6414	1	EUR	3774	Products::StandardBook	10	\N	2015-01-05 16:03:57.0152	2015-01-05 16:03:57.0152	16
6415	1	GBP	2773	Products::StandardBook	10	\N	2015-01-05 16:03:57.018678	2015-01-05 16:03:57.018678	16
6416	1	USD	4499	Products::StandardBook	10	\N	2015-01-05 16:03:57.022103	2015-01-05 16:03:57.022103	16
6417	1	AUD	4663	Products::StandardBook	10	\N	2015-01-05 16:03:57.025476	2015-01-05 16:03:57.025476	17
6418	1	CAD	4085	Products::StandardBook	10	\N	2015-01-05 16:03:57.028875	2015-01-05 16:03:57.028875	17
6419	1	EUR	3640	Products::StandardBook	10	\N	2015-01-05 16:03:57.032372	2015-01-05 16:03:57.032372	17
6420	1	GBP	2659	Products::StandardBook	10	\N	2015-01-05 16:03:57.035818	2015-01-05 16:03:57.035818	17
6421	1	USD	4085	Products::StandardBook	10	\N	2015-01-05 16:03:57.125543	2015-01-05 16:03:57.125543	17
6422	1	AUD	3454	Products::StandardBook	10	\N	2015-01-05 16:03:57.129474	2015-01-05 16:03:57.129474	10
6423	1	CAD	2999	Products::StandardBook	10	\N	2015-01-05 16:03:57.133168	2015-01-05 16:03:57.133168	10
6424	1	EUR	2696	Products::StandardBook	10	\N	2015-01-05 16:03:57.136789	2015-01-05 16:03:57.136789	10
6425	1	GBP	1899	Products::StandardBook	10	\N	2015-01-05 16:03:57.140338	2015-01-05 16:03:57.140338	10
6426	1	USD	2999	Products::StandardBook	10	\N	2015-01-05 16:03:57.143979	2015-01-05 16:03:57.143979	10
6427	6	AUD	1817	Products::LegacyPocketTradeBook	7	\N	2015-01-05 16:03:57.147795	2015-01-05 16:03:57.147795	30
6428	6	CAD	1799	Products::LegacyPocketTradeBook	7	\N	2015-01-05 16:03:57.151185	2015-01-05 16:03:57.151185	30
6429	6	EUR	1307	Products::LegacyPocketTradeBook	7	\N	2015-01-05 16:03:57.154601	2015-01-05 16:03:57.154601	30
6430	6	GBP	1199	Products::LegacyPocketTradeBook	7	\N	2015-01-05 16:03:57.157926	2015-01-05 16:03:57.157926	30
6431	6	USD	1799	Products::LegacyPocketTradeBook	7	\N	2015-01-05 16:03:57.162598	2015-01-05 16:03:57.162598	30
6432	6	AUD	1726	Products::LegacyPocketTradeBook	5	\N	2015-01-05 16:03:57.167324	2015-01-05 16:03:57.167324	30
6433	6	CAD	1699	Products::LegacyPocketTradeBook	5	\N	2015-01-05 16:03:57.171318	2015-01-05 16:03:57.171318	30
6434	6	EUR	1214	Products::LegacyPocketTradeBook	5	\N	2015-01-05 16:03:57.257891	2015-01-05 16:03:57.257891	30
6435	6	GBP	1199	Products::LegacyPocketTradeBook	5	\N	2015-01-05 16:03:57.261708	2015-01-05 16:03:57.261708	30
6436	6	USD	1699	Products::LegacyPocketTradeBook	5	\N	2015-01-05 16:03:57.265145	2015-01-05 16:03:57.265145	30
6437	6	AUD	2635	Products::LegacyPocketTradeBook	7	\N	2015-01-05 16:03:57.268789	2015-01-05 16:03:57.268789	31
6438	6	CAD	2299	Products::LegacyPocketTradeBook	7	\N	2015-01-05 16:03:57.272281	2015-01-05 16:03:57.272281	31
6439	6	EUR	1868	Products::LegacyPocketTradeBook	7	\N	2015-01-05 16:03:57.275725	2015-01-05 16:03:57.275725	31
6440	6	GBP	1499	Products::LegacyPocketTradeBook	7	\N	2015-01-05 16:03:57.279257	2015-01-05 16:03:57.279257	31
6441	6	USD	2299	Products::LegacyPocketTradeBook	7	\N	2015-01-05 16:03:57.282795	2015-01-05 16:03:57.282795	31
6442	6	AUD	2454	Products::LegacyPocketTradeBook	5	\N	2015-01-05 16:03:57.286361	2015-01-05 16:03:57.286361	31
6443	6	CAD	2099	Products::LegacyPocketTradeBook	5	\N	2015-01-05 16:03:57.289829	2015-01-05 16:03:57.289829	31
6444	6	EUR	1681	Products::LegacyPocketTradeBook	5	\N	2015-01-05 16:03:57.293606	2015-01-05 16:03:57.293606	31
6445	6	GBP	1399	Products::LegacyPocketTradeBook	5	\N	2015-01-05 16:03:57.297379	2015-01-05 16:03:57.297379	31
6446	6	USD	2099	Products::LegacyPocketTradeBook	5	\N	2015-01-05 16:03:57.301717	2015-01-05 16:03:57.301717	31
6447	6	AUD	7200	Products::StandardBook	4	\N	2015-01-05 16:03:57.306053	2015-01-05 16:03:57.306053	11
6448	6	CAD	6081	Products::StandardBook	4	\N	2015-01-05 16:03:57.404134	2015-01-05 16:03:57.404134	11
6449	6	EUR	5346	Products::StandardBook	4	\N	2015-01-05 16:03:57.407672	2015-01-05 16:03:57.407672	11
6450	6	GBP	4402	Products::StandardBook	4	\N	2015-01-05 16:03:57.411631	2015-01-05 16:03:57.411631	11
6451	6	USD	6081	Products::StandardBook	4	\N	2015-01-05 16:03:57.415503	2015-01-05 16:03:57.415503	11
6452	6	AUD	7200	Products::StandardBook	4	\N	2015-01-05 16:03:57.418988	2015-01-05 16:03:57.418988	7
6453	6	CAD	6081	Products::StandardBook	4	\N	2015-01-05 16:03:57.422407	2015-01-05 16:03:57.422407	7
6454	6	EUR	5346	Products::StandardBook	4	\N	2015-01-05 16:03:57.425834	2015-01-05 16:03:57.425834	7
6455	6	GBP	4402	Products::StandardBook	4	\N	2015-01-05 16:03:57.429282	2015-01-05 16:03:57.429282	7
6456	6	USD	6081	Products::StandardBook	4	\N	2015-01-05 16:03:57.432701	2015-01-05 16:03:57.432701	7
6457	6	AUD	9163	Products::StandardBook	4	\N	2015-01-05 16:03:57.437851	2015-01-05 16:03:57.437851	16
6458	6	CAD	7949	Products::StandardBook	4	\N	2015-01-05 16:03:57.442699	2015-01-05 16:03:57.442699	16
6459	6	EUR	6509	Products::StandardBook	4	\N	2015-01-05 16:03:57.446739	2015-01-05 16:03:57.446739	16
6460	6	GBP	5401	Products::StandardBook	4	\N	2015-01-05 16:03:57.450245	2015-01-05 16:03:57.450245	16
6461	6	USD	7949	Products::StandardBook	4	\N	2015-01-05 16:03:57.544966	2015-01-05 16:03:57.544966	16
6462	6	AUD	8836	Products::StandardBook	4	\N	2015-01-05 16:03:57.550356	2015-01-05 16:03:57.550356	17
6463	6	CAD	7217	Products::StandardBook	4	\N	2015-01-05 16:03:57.554588	2015-01-05 16:03:57.554588	17
6464	6	EUR	6276	Products::StandardBook	4	\N	2015-01-05 16:03:57.558196	2015-01-05 16:03:57.558196	17
6465	6	GBP	5179	Products::StandardBook	4	\N	2015-01-05 16:03:57.561675	2015-01-05 16:03:57.561675	17
6466	6	USD	7217	Products::StandardBook	4	\N	2015-01-05 16:03:57.565236	2015-01-05 16:03:57.565236	17
6467	6	AUD	6545	Products::StandardBook	4	\N	2015-01-05 16:03:57.568719	2015-01-05 16:03:57.568719	10
6468	6	CAD	5299	Products::StandardBook	4	\N	2015-01-05 16:03:57.572252	2015-01-05 16:03:57.572252	10
6469	6	EUR	4649	Products::StandardBook	4	\N	2015-01-05 16:03:57.575667	2015-01-05 16:03:57.575667	10
6470	6	GBP	3699	Products::StandardBook	4	\N	2015-01-05 16:03:57.579168	2015-01-05 16:03:57.579168	10
6471	6	USD	5299	Products::StandardBook	4	\N	2015-01-05 16:03:57.582578	2015-01-05 16:03:57.582578	10
6472	6	AUD	7200	Products::StandardBook	6	\N	2015-01-05 16:03:57.586052	2015-01-05 16:03:57.586052	11
6473	6	CAD	5851	Products::StandardBook	6	\N	2015-01-05 16:03:57.589448	2015-01-05 16:03:57.589448	11
6474	6	EUR	4919	Products::StandardBook	6	\N	2015-01-05 16:03:57.68813	2015-01-05 16:03:57.68813	11
6475	6	GBP	4045	Products::StandardBook	6	\N	2015-01-05 16:03:57.692008	2015-01-05 16:03:57.692008	11
6476	6	USD	5851	Products::StandardBook	6	\N	2015-01-05 16:03:57.695404	2015-01-05 16:03:57.695404	11
6477	6	AUD	7200	Products::StandardBook	6	\N	2015-01-05 16:03:57.698792	2015-01-05 16:03:57.698792	7
6478	6	CAD	5851	Products::StandardBook	6	\N	2015-01-05 16:03:57.702323	2015-01-05 16:03:57.702323	7
6479	6	EUR	4919	Products::StandardBook	6	\N	2015-01-05 16:03:57.705791	2015-01-05 16:03:57.705791	7
6480	6	GBP	4045	Products::StandardBook	6	\N	2015-01-05 16:03:57.709384	2015-01-05 16:03:57.709384	7
6481	6	USD	5851	Products::StandardBook	6	\N	2015-01-05 16:03:57.712842	2015-01-05 16:03:57.712842	7
6482	6	AUD	9163	Products::StandardBook	6	\N	2015-01-05 16:03:57.71633	2015-01-05 16:03:57.71633	16
6483	6	CAD	7649	Products::StandardBook	6	\N	2015-01-05 16:03:57.719967	2015-01-05 16:03:57.719967	16
6484	6	EUR	5988	Products::StandardBook	6	\N	2015-01-05 16:03:57.72338	2015-01-05 16:03:57.72338	16
6485	6	GBP	4963	Products::StandardBook	6	\N	2015-01-05 16:03:57.726809	2015-01-05 16:03:57.726809	16
6486	6	USD	7649	Products::StandardBook	6	\N	2015-01-05 16:03:57.730341	2015-01-05 16:03:57.730341	16
6487	6	AUD	8836	Products::StandardBook	6	\N	2015-01-05 16:03:57.733734	2015-01-05 16:03:57.733734	17
6488	6	CAD	6945	Products::StandardBook	6	\N	2015-01-05 16:03:57.828911	2015-01-05 16:03:57.828911	17
6489	6	EUR	5774	Products::StandardBook	6	\N	2015-01-05 16:03:57.832415	2015-01-05 16:03:57.832415	17
6490	6	GBP	4759	Products::StandardBook	6	\N	2015-01-05 16:03:57.836059	2015-01-05 16:03:57.836059	17
6491	6	USD	6945	Products::StandardBook	6	\N	2015-01-05 16:03:57.839613	2015-01-05 16:03:57.839613	17
6492	6	AUD	6545	Products::StandardBook	6	\N	2015-01-05 16:03:57.843293	2015-01-05 16:03:57.843293	10
6493	6	CAD	5099	Products::StandardBook	6	\N	2015-01-05 16:03:57.846975	2015-01-05 16:03:57.846975	10
6494	6	EUR	4277	Products::StandardBook	6	\N	2015-01-05 16:03:57.850521	2015-01-05 16:03:57.850521	10
6495	6	GBP	3399	Products::StandardBook	6	\N	2015-01-05 16:03:57.853975	2015-01-05 16:03:57.853975	10
6496	6	USD	5099	Products::StandardBook	6	\N	2015-01-05 16:03:57.857404	2015-01-05 16:03:57.857404	10
6497	6	AUD	2595	Products::SamsungBook	3	\N	2015-01-05 16:03:57.860939	2015-01-05 16:03:57.860939	11
6498	6	CAD	2595	Products::SamsungBook	3	\N	2015-01-05 16:03:57.86448	2015-01-05 16:03:57.86448	11
6499	6	EUR	1995	Products::SamsungBook	3	\N	2015-01-05 16:03:57.868315	2015-01-05 16:03:57.868315	11
6500	6	GBP	1695	Products::SamsungBook	3	\N	2015-01-05 16:03:57.871823	2015-01-05 16:03:57.871823	11
6501	6	JPY	220000	Products::SamsungBook	3	\N	2015-01-05 16:03:57.962939	2015-01-05 16:03:57.962939	11
6502	6	KRW	2790000	Products::SamsungBook	3	\N	2015-01-05 16:03:57.966798	2015-01-05 16:03:57.966798	11
6503	6	USD	2595	Products::SamsungBook	3	\N	2015-01-05 16:03:57.970416	2015-01-05 16:03:57.970416	11
6504	6	AUD	3499	Products::StandardBook	3	\N	2015-01-05 16:03:57.973996	2015-01-05 16:03:57.973996	11
6505	6	CAD	3212	Products::StandardBook	3	\N	2015-01-05 16:03:57.977504	2015-01-05 16:03:57.977504	11
6506	6	EUR	2363	Products::StandardBook	3	\N	2015-01-05 16:03:57.981125	2015-01-05 16:03:57.981125	11
6507	6	GBP	2022	Products::StandardBook	3	\N	2015-01-05 16:03:57.984653	2015-01-05 16:03:57.984653	11
6508	6	USD	3212	Products::StandardBook	3	\N	2015-01-05 16:03:57.988275	2015-01-05 16:03:57.988275	11
6509	6	AUD	3499	Products::StandardBook	3	\N	2015-01-05 16:03:57.991745	2015-01-05 16:03:57.991745	7
6510	6	CAD	3212	Products::StandardBook	3	\N	2015-01-05 16:03:57.995192	2015-01-05 16:03:57.995192	7
6511	6	EUR	2363	Products::StandardBook	3	\N	2015-01-05 16:03:57.999559	2015-01-05 16:03:57.999559	7
6512	6	GBP	2022	Products::StandardBook	3	\N	2015-01-05 16:03:58.003821	2015-01-05 16:03:58.003821	7
6513	6	USD	3212	Products::StandardBook	3	\N	2015-01-05 16:03:58.00768	2015-01-05 16:03:58.00768	7
6514	6	AUD	4453	Products::StandardBook	3	\N	2015-01-05 16:03:58.093685	2015-01-05 16:03:58.093685	16
6515	6	CAD	4199	Products::StandardBook	3	\N	2015-01-05 16:03:58.097508	2015-01-05 16:03:58.097508	16
6516	6	EUR	2877	Products::StandardBook	3	\N	2015-01-05 16:03:58.100845	2015-01-05 16:03:58.100845	16
6517	6	GBP	2481	Products::StandardBook	3	\N	2015-01-05 16:03:58.104572	2015-01-05 16:03:58.104572	16
6518	6	USD	4199	Products::StandardBook	3	\N	2015-01-05 16:03:58.108083	2015-01-05 16:03:58.108083	16
6519	6	AUD	4294	Products::StandardBook	3	\N	2015-01-05 16:03:58.111623	2015-01-05 16:03:58.111623	17
6520	6	CAD	3812	Products::StandardBook	3	\N	2015-01-05 16:03:58.115082	2015-01-05 16:03:58.115082	17
6521	6	EUR	2774	Products::StandardBook	3	\N	2015-01-05 16:03:58.118538	2015-01-05 16:03:58.118538	17
6522	6	GBP	2379	Products::StandardBook	3	\N	2015-01-05 16:03:58.12234	2015-01-05 16:03:58.12234	17
6523	6	USD	3812	Products::StandardBook	3	\N	2015-01-05 16:03:58.125974	2015-01-05 16:03:58.125974	17
6524	6	AUD	3181	Products::StandardBook	3	\N	2015-01-05 16:03:58.131009	2015-01-05 16:03:58.131009	10
6525	6	CAD	2799	Products::StandardBook	3	\N	2015-01-05 16:03:58.135787	2015-01-05 16:03:58.135787	10
6526	6	EUR	2055	Products::StandardBook	3	\N	2015-01-05 16:03:58.139843	2015-01-05 16:03:58.139843	10
6527	6	GBP	1699	Products::StandardBook	3	\N	2015-01-05 16:03:58.144641	2015-01-05 16:03:58.144641	10
6528	6	USD	2799	Products::StandardBook	3	\N	2015-01-05 16:03:58.242125	2015-01-05 16:03:58.242125	10
6529	6	AUD	3999	Products::StandardBook	1	\N	2015-01-05 16:03:58.245887	2015-01-05 16:03:58.245887	11
6530	6	CAD	3671	Products::StandardBook	1	\N	2015-01-05 16:03:58.2496	2015-01-05 16:03:58.2496	11
6531	6	EUR	3207	Products::StandardBook	1	\N	2015-01-05 16:03:58.253191	2015-01-05 16:03:58.253191	11
6532	6	GBP	2498	Products::StandardBook	1	\N	2015-01-05 16:03:58.256818	2015-01-05 16:03:58.256818	11
6533	6	USD	3671	Products::StandardBook	1	\N	2015-01-05 16:03:58.260622	2015-01-05 16:03:58.260622	11
6534	6	AUD	3999	Products::StandardBook	1	\N	2015-01-05 16:03:58.264262	2015-01-05 16:03:58.264262	7
6535	6	CAD	3671	Products::StandardBook	1	\N	2015-01-05 16:03:58.267771	2015-01-05 16:03:58.267771	7
6536	6	EUR	3207	Products::StandardBook	1	\N	2015-01-05 16:03:58.271239	2015-01-05 16:03:58.271239	7
6537	6	GBP	2498	Products::StandardBook	1	\N	2015-01-05 16:03:58.274715	2015-01-05 16:03:58.274715	7
6538	6	USD	3671	Products::StandardBook	1	\N	2015-01-05 16:03:58.278273	2015-01-05 16:03:58.278273	7
6539	6	AUD	5089	Products::StandardBook	1	\N	2015-01-05 16:03:58.281797	2015-01-05 16:03:58.281797	16
6540	6	CAD	4799	Products::StandardBook	1	\N	2015-01-05 16:03:58.285318	2015-01-05 16:03:58.285318	16
6541	6	EUR	3905	Products::StandardBook	1	\N	2015-01-05 16:03:58.372105	2015-01-05 16:03:58.372105	16
6542	6	GBP	3065	Products::StandardBook	1	\N	2015-01-05 16:03:58.376008	2015-01-05 16:03:58.376008	16
6543	6	USD	4799	Products::StandardBook	1	\N	2015-01-05 16:03:58.37966	2015-01-05 16:03:58.37966	16
6544	6	AUD	4907	Products::StandardBook	1	\N	2015-01-05 16:03:58.383162	2015-01-05 16:03:58.383162	17
6545	6	CAD	4357	Products::StandardBook	1	\N	2015-01-05 16:03:58.386694	2015-01-05 16:03:58.386694	17
6546	6	EUR	3765	Products::StandardBook	1	\N	2015-01-05 16:03:58.390335	2015-01-05 16:03:58.390335	17
6547	6	GBP	2939	Products::StandardBook	1	\N	2015-01-05 16:03:58.393943	2015-01-05 16:03:58.393943	17
6548	6	USD	4357	Products::StandardBook	1	\N	2015-01-05 16:03:58.397945	2015-01-05 16:03:58.397945	17
6549	6	AUD	3635	Products::StandardBook	1	\N	2015-01-05 16:03:58.402142	2015-01-05 16:03:58.402142	10
6550	6	CAD	3199	Products::StandardBook	1	\N	2015-01-05 16:03:58.406163	2015-01-05 16:03:58.406163	10
6551	6	EUR	2789	Products::StandardBook	1	\N	2015-01-05 16:03:58.409792	2015-01-05 16:03:58.409792	10
6552	6	GBP	2099	Products::StandardBook	1	\N	2015-01-05 16:03:58.414897	2015-01-05 16:03:58.414897	10
6553	6	USD	3199	Products::StandardBook	1	\N	2015-01-05 16:03:58.420305	2015-01-05 16:03:58.420305	10
6554	6	AUD	3999	Products::StandardBook	2	\N	2015-01-05 16:03:58.520365	2015-01-05 16:03:58.520365	11
6555	6	CAD	3671	Products::StandardBook	2	\N	2015-01-05 16:03:58.524398	2015-01-05 16:03:58.524398	11
6556	6	EUR	3207	Products::StandardBook	2	\N	2015-01-05 16:03:58.528006	2015-01-05 16:03:58.528006	11
6557	6	GBP	2498	Products::StandardBook	2	\N	2015-01-05 16:03:58.531543	2015-01-05 16:03:58.531543	11
6558	6	USD	3671	Products::StandardBook	2	\N	2015-01-05 16:03:58.535073	2015-01-05 16:03:58.535073	11
6559	6	AUD	3999	Products::StandardBook	2	\N	2015-01-05 16:03:58.538595	2015-01-05 16:03:58.538595	7
6560	6	CAD	3671	Products::StandardBook	2	\N	2015-01-05 16:03:58.542077	2015-01-05 16:03:58.542077	7
6561	6	EUR	3207	Products::StandardBook	2	\N	2015-01-05 16:03:58.545585	2015-01-05 16:03:58.545585	7
6562	6	GBP	2498	Products::StandardBook	2	\N	2015-01-05 16:03:58.549003	2015-01-05 16:03:58.549003	7
6563	6	USD	3671	Products::StandardBook	2	\N	2015-01-05 16:03:58.552598	2015-01-05 16:03:58.552598	7
6564	6	AUD	5089	Products::StandardBook	2	\N	2015-01-05 16:03:58.556038	2015-01-05 16:03:58.556038	16
6565	6	CAD	4799	Products::StandardBook	2	\N	2015-01-05 16:03:58.559453	2015-01-05 16:03:58.559453	16
6566	6	EUR	3905	Products::StandardBook	2	\N	2015-01-05 16:03:58.562962	2015-01-05 16:03:58.562962	16
6567	6	GBP	3065	Products::StandardBook	2	\N	2015-01-05 16:03:58.652063	2015-01-05 16:03:58.652063	16
6568	6	USD	4799	Products::StandardBook	2	\N	2015-01-05 16:03:58.655906	2015-01-05 16:03:58.655906	16
6569	6	AUD	4907	Products::StandardBook	2	\N	2015-01-05 16:03:58.659544	2015-01-05 16:03:58.659544	17
6570	6	CAD	4357	Products::StandardBook	2	\N	2015-01-05 16:03:58.664993	2015-01-05 16:03:58.664993	17
6571	6	EUR	3765	Products::StandardBook	2	\N	2015-01-05 16:03:58.669469	2015-01-05 16:03:58.669469	17
6572	6	GBP	2939	Products::StandardBook	2	\N	2015-01-05 16:03:58.673026	2015-01-05 16:03:58.673026	17
6573	6	USD	4357	Products::StandardBook	2	\N	2015-01-05 16:03:58.676541	2015-01-05 16:03:58.676541	17
6574	6	AUD	3635	Products::StandardBook	2	\N	2015-01-05 16:03:58.680197	2015-01-05 16:03:58.680197	10
6575	6	CAD	3199	Products::StandardBook	2	\N	2015-01-05 16:03:58.683684	2015-01-05 16:03:58.683684	10
6576	6	EUR	2789	Products::StandardBook	2	\N	2015-01-05 16:03:58.687202	2015-01-05 16:03:58.687202	10
6577	6	GBP	2099	Products::StandardBook	2	\N	2015-01-05 16:03:58.690697	2015-01-05 16:03:58.690697	10
6578	6	USD	3199	Products::StandardBook	2	\N	2015-01-05 16:03:58.694192	2015-01-05 16:03:58.694192	10
6579	6	AUD	3999	Products::StandardBook	10	\N	2015-01-05 16:03:58.69771	2015-01-05 16:03:58.69771	11
6580	6	CAD	3671	Products::StandardBook	10	\N	2015-01-05 16:03:58.701173	2015-01-05 16:03:58.701173	11
6581	6	EUR	3207	Products::StandardBook	10	\N	2015-01-05 16:03:58.796379	2015-01-05 16:03:58.796379	11
6582	6	GBP	2498	Products::StandardBook	10	\N	2015-01-05 16:03:58.800733	2015-01-05 16:03:58.800733	11
6583	6	USD	3671	Products::StandardBook	10	\N	2015-01-05 16:03:58.804551	2015-01-05 16:03:58.804551	11
6584	6	AUD	3999	Products::StandardBook	10	\N	2015-01-05 16:03:58.808332	2015-01-05 16:03:58.808332	7
6585	6	CAD	3671	Products::StandardBook	10	\N	2015-01-05 16:03:58.812217	2015-01-05 16:03:58.812217	7
6586	6	EUR	3207	Products::StandardBook	10	\N	2015-01-05 16:03:58.815979	2015-01-05 16:03:58.815979	7
6587	6	GBP	2498	Products::StandardBook	10	\N	2015-01-05 16:03:58.819423	2015-01-05 16:03:58.819423	7
6588	6	USD	3671	Products::StandardBook	10	\N	2015-01-05 16:03:58.822908	2015-01-05 16:03:58.822908	7
6589	6	AUD	5089	Products::StandardBook	10	\N	2015-01-05 16:03:58.826341	2015-01-05 16:03:58.826341	16
6590	6	CAD	4799	Products::StandardBook	10	\N	2015-01-05 16:03:58.829785	2015-01-05 16:03:58.829785	16
6591	6	EUR	3905	Products::StandardBook	10	\N	2015-01-05 16:03:58.833261	2015-01-05 16:03:58.833261	16
6592	6	GBP	3065	Products::StandardBook	10	\N	2015-01-05 16:03:58.837594	2015-01-05 16:03:58.837594	16
6593	6	USD	4799	Products::StandardBook	10	\N	2015-01-05 16:03:58.841646	2015-01-05 16:03:58.841646	16
6594	6	AUD	4907	Products::StandardBook	10	\N	2015-01-05 16:03:58.938724	2015-01-05 16:03:58.938724	17
6595	6	CAD	4357	Products::StandardBook	10	\N	2015-01-05 16:03:58.94382	2015-01-05 16:03:58.94382	17
6596	6	EUR	3765	Products::StandardBook	10	\N	2015-01-05 16:03:58.947807	2015-01-05 16:03:58.947807	17
6597	6	GBP	2939	Products::StandardBook	10	\N	2015-01-05 16:03:58.951362	2015-01-05 16:03:58.951362	17
6598	6	USD	4357	Products::StandardBook	10	\N	2015-01-05 16:03:58.955193	2015-01-05 16:03:58.955193	17
6599	6	AUD	3635	Products::StandardBook	10	\N	2015-01-05 16:03:58.959588	2015-01-05 16:03:58.959588	10
6600	6	CAD	3199	Products::StandardBook	10	\N	2015-01-05 16:03:58.963333	2015-01-05 16:03:58.963333	10
6601	6	EUR	2789	Products::StandardBook	10	\N	2015-01-05 16:03:58.96681	2015-01-05 16:03:58.96681	10
6602	6	GBP	2099	Products::StandardBook	10	\N	2015-01-05 16:03:58.970279	2015-01-05 16:03:58.970279	10
6603	6	USD	3199	Products::StandardBook	10	\N	2015-01-05 16:03:58.973771	2015-01-05 16:03:58.973771	10
6604	2	AUD	454	Products::LegacyPocketTradeBook	7	\N	2015-01-05 16:03:58.977197	2015-01-05 16:03:58.977197	30
6605	2	CAD	499	Products::LegacyPocketTradeBook	7	\N	2015-01-05 16:03:58.980687	2015-01-05 16:03:58.980687	30
6606	2	EUR	373	Products::LegacyPocketTradeBook	7	\N	2015-01-05 16:03:58.984105	2015-01-05 16:03:58.984105	30
6607	2	GBP	299	Products::LegacyPocketTradeBook	7	\N	2015-01-05 16:03:59.071166	2015-01-05 16:03:59.071166	30
6608	2	USD	499	Products::LegacyPocketTradeBook	7	\N	2015-01-05 16:03:59.075126	2015-01-05 16:03:59.075126	30
6609	2	AUD	363	Products::LegacyPocketTradeBook	5	\N	2015-01-05 16:03:59.079162	2015-01-05 16:03:59.079162	30
6610	2	CAD	399	Products::LegacyPocketTradeBook	5	\N	2015-01-05 16:03:59.082869	2015-01-05 16:03:59.082869	30
6611	2	EUR	279	Products::LegacyPocketTradeBook	5	\N	2015-01-05 16:03:59.08639	2015-01-05 16:03:59.08639	30
6612	2	GBP	199	Products::LegacyPocketTradeBook	5	\N	2015-01-05 16:03:59.08987	2015-01-05 16:03:59.08987	30
6613	2	USD	399	Products::LegacyPocketTradeBook	5	\N	2015-01-05 16:03:59.093517	2015-01-05 16:03:59.093517	30
6614	2	AUD	908	Products::LegacyPocketTradeBook	7	\N	2015-01-05 16:03:59.097294	2015-01-05 16:03:59.097294	31
6615	2	CAD	799	Products::LegacyPocketTradeBook	7	\N	2015-01-05 16:03:59.101145	2015-01-05 16:03:59.101145	31
6616	2	EUR	653	Products::LegacyPocketTradeBook	7	\N	2015-01-05 16:03:59.104563	2015-01-05 16:03:59.104563	31
6617	2	GBP	499	Products::LegacyPocketTradeBook	7	\N	2015-01-05 16:03:59.108103	2015-01-05 16:03:59.108103	31
6618	2	USD	799	Products::LegacyPocketTradeBook	7	\N	2015-01-05 16:03:59.111791	2015-01-05 16:03:59.111791	31
6619	2	AUD	817	Products::LegacyPocketTradeBook	5	\N	2015-01-05 16:03:59.116454	2015-01-05 16:03:59.116454	31
6620	2	CAD	699	Products::LegacyPocketTradeBook	5	\N	2015-01-05 16:03:59.119977	2015-01-05 16:03:59.119977	31
6621	2	EUR	560	Products::LegacyPocketTradeBook	5	\N	2015-01-05 16:03:59.207009	2015-01-05 16:03:59.207009	31
6622	2	GBP	399	Products::LegacyPocketTradeBook	5	\N	2015-01-05 16:03:59.210755	2015-01-05 16:03:59.210755	31
6623	2	USD	699	Products::LegacyPocketTradeBook	5	\N	2015-01-05 16:03:59.214503	2015-01-05 16:03:59.214503	31
6624	2	AUD	1079	Products::LegacyLetterBook	8	1	2015-01-05 16:03:59.218507	2015-01-05 16:03:59.218507	10
6625	2	CAD	1099	Products::LegacyLetterBook	8	1	2015-01-05 16:03:59.22263	2015-01-05 16:03:59.22263	10
6626	2	EUR	691	Products::LegacyLetterBook	8	1	2015-01-05 16:03:59.226341	2015-01-05 16:03:59.226341	10
6627	2	GBP	699	Products::LegacyLetterBook	8	1	2015-01-05 16:03:59.230034	2015-01-05 16:03:59.230034	10
6628	2	USD	1099	Products::LegacyLetterBook	8	1	2015-01-05 16:03:59.23373	2015-01-05 16:03:59.23373	10
6629	2	AUD	1079	Products::LegacyLetterBook	8	\N	2015-01-05 16:03:59.237314	2015-01-05 16:03:59.237314	10
6630	2	CAD	1099	Products::LegacyLetterBook	8	\N	2015-01-05 16:03:59.240752	2015-01-05 16:03:59.240752	10
6631	2	EUR	691	Products::LegacyLetterBook	8	\N	2015-01-05 16:03:59.244279	2015-01-05 16:03:59.244279	10
6632	2	GBP	699	Products::LegacyLetterBook	8	\N	2015-01-05 16:03:59.248066	2015-01-05 16:03:59.248066	10
6633	2	USD	1099	Products::LegacyLetterBook	8	\N	2015-01-05 16:03:59.251586	2015-01-05 16:03:59.251586	10
6634	2	AUD	635	Products::Magazine	8	1	2015-01-05 16:03:59.339697	2015-01-05 16:03:59.339697	45
6635	2	CAD	499	Products::Magazine	8	1	2015-01-05 16:03:59.34399	2015-01-05 16:03:59.34399	45
6636	2	EUR	330	Products::Magazine	8	1	2015-01-05 16:03:59.347778	2015-01-05 16:03:59.347778	45
6637	2	GBP	299	Products::Magazine	8	1	2015-01-05 16:03:59.351456	2015-01-05 16:03:59.351456	45
6638	2	USD	399	Products::Magazine	8	1	2015-01-05 16:03:59.354987	2015-01-05 16:03:59.354987	45
6639	2	AUD	635	Products::Magazine	8	\N	2015-01-05 16:03:59.358421	2015-01-05 16:03:59.358421	45
6640	2	CAD	499	Products::Magazine	8	\N	2015-01-05 16:03:59.361889	2015-01-05 16:03:59.361889	45
6641	2	EUR	330	Products::Magazine	8	\N	2015-01-05 16:03:59.365362	2015-01-05 16:03:59.365362	45
6642	2	GBP	299	Products::Magazine	8	\N	2015-01-05 16:03:59.368851	2015-01-05 16:03:59.368851	45
6643	2	USD	399	Products::Magazine	8	\N	2015-01-05 16:03:59.372339	2015-01-05 16:03:59.372339	45
6644	2	AUD	895	Products::SamsungBook	9	\N	2015-01-05 16:03:59.375764	2015-01-05 16:03:59.375764	11
6645	2	CAD	895	Products::SamsungBook	9	\N	2015-01-05 16:03:59.37968	2015-01-05 16:03:59.37968	11
6646	2	EUR	695	Products::SamsungBook	9	\N	2015-01-05 16:03:59.384724	2015-01-05 16:03:59.384724	11
6647	2	GBP	595	Products::SamsungBook	9	\N	2015-01-05 16:03:59.479795	2015-01-05 16:03:59.479795	11
6648	2	JPY	80000	Products::SamsungBook	9	\N	2015-01-05 16:03:59.483974	2015-01-05 16:03:59.483974	11
6649	2	KRW	965000	Products::SamsungBook	9	\N	2015-01-05 16:03:59.487665	2015-01-05 16:03:59.487665	11
6650	2	USD	895	Products::SamsungBook	9	\N	2015-01-05 16:03:59.491321	2015-01-05 16:03:59.491321	11
6651	2	AUD	1295	Products::SamsungBook	3	\N	2015-01-05 16:03:59.494822	2015-01-05 16:03:59.494822	11
6652	2	CAD	1295	Products::SamsungBook	3	\N	2015-01-05 16:03:59.498241	2015-01-05 16:03:59.498241	11
6653	2	EUR	995	Products::SamsungBook	3	\N	2015-01-05 16:03:59.501722	2015-01-05 16:03:59.501722	11
6654	2	GBP	895	Products::SamsungBook	3	\N	2015-01-05 16:03:59.50506	2015-01-05 16:03:59.50506	11
6655	2	JPY	110000	Products::SamsungBook	3	\N	2015-01-05 16:03:59.50852	2015-01-05 16:03:59.50852	11
6656	2	KRW	1390000	Products::SamsungBook	3	\N	2015-01-05 16:03:59.51315	2015-01-05 16:03:59.51315	11
6657	2	USD	1295	Products::SamsungBook	3	\N	2015-01-05 16:03:59.518917	2015-01-05 16:03:59.518917	11
6658	2	USD	1495	Products::SamsungMagazine	8	\N	2015-01-05 16:03:59.524664	2015-01-05 16:03:59.524664	46
6659	2	EUR	1195	Products::SamsungMagazine	8	\N	2015-01-05 16:03:59.529423	2015-01-05 16:03:59.529423	46
6660	2	GBP	995	Products::SamsungMagazine	8	\N	2015-01-05 16:03:59.533486	2015-01-05 16:03:59.533486	46
6661	2	CAD	1495	Products::SamsungMagazine	8	\N	2015-01-05 16:03:59.631722	2015-01-05 16:03:59.631722	46
6662	2	AUD	1495	Products::SamsungMagazine	8	\N	2015-01-05 16:03:59.63526	2015-01-05 16:03:59.63526	46
6663	2	JPY	130000	Products::SamsungMagazine	8	\N	2015-01-05 16:03:59.638788	2015-01-05 16:03:59.638788	46
6664	2	KRW	1610000	Products::SamsungMagazine	8	\N	2015-01-05 16:03:59.642246	2015-01-05 16:03:59.642246	46
6665	2	AUD	1499	Products::StandardBook	3	\N	2015-01-05 16:03:59.648008	2015-01-05 16:03:59.648008	11
6666	2	CAD	1491	Products::StandardBook	3	\N	2015-01-05 16:03:59.652588	2015-01-05 16:03:59.652588	11
6667	2	EUR	1396	Products::StandardBook	3	\N	2015-01-05 16:03:59.656494	2015-01-05 16:03:59.656494	11
6668	2	GBP	1070	Products::StandardBook	3	\N	2015-01-05 16:03:59.660801	2015-01-05 16:03:59.660801	11
6669	2	USD	1491	Products::StandardBook	3	\N	2015-01-05 16:03:59.665643	2015-01-05 16:03:59.665643	11
6670	2	AUD	1499	Products::StandardBook	3	\N	2015-01-05 16:03:59.669529	2015-01-05 16:03:59.669529	7
6671	2	CAD	1491	Products::StandardBook	3	\N	2015-01-05 16:03:59.673099	2015-01-05 16:03:59.673099	7
6672	2	EUR	1396	Products::StandardBook	3	\N	2015-01-05 16:03:59.676506	2015-01-05 16:03:59.676506	7
6673	2	GBP	1070	Products::StandardBook	3	\N	2015-01-05 16:03:59.679834	2015-01-05 16:03:59.679834	7
6674	2	USD	1491	Products::StandardBook	3	\N	2015-01-05 16:03:59.768427	2015-01-05 16:03:59.768427	7
6675	2	AUD	1908	Products::StandardBook	3	\N	2015-01-05 16:03:59.772803	2015-01-05 16:03:59.772803	16
6676	2	CAD	1949	Products::StandardBook	3	\N	2015-01-05 16:03:59.776278	2015-01-05 16:03:59.776278	16
6677	2	EUR	1700	Products::StandardBook	3	\N	2015-01-05 16:03:59.779879	2015-01-05 16:03:59.779879	16
6678	2	GBP	1313	Products::StandardBook	3	\N	2015-01-05 16:03:59.783542	2015-01-05 16:03:59.783542	16
6679	2	USD	1949	Products::StandardBook	3	\N	2015-01-05 16:03:59.786984	2015-01-05 16:03:59.786984	16
6680	2	AUD	1840	Products::StandardBook	3	\N	2015-01-05 16:03:59.790569	2015-01-05 16:03:59.790569	17
6681	2	CAD	1769	Products::StandardBook	3	\N	2015-01-05 16:03:59.794397	2015-01-05 16:03:59.794397	17
6682	2	EUR	1639	Products::StandardBook	3	\N	2015-01-05 16:03:59.798501	2015-01-05 16:03:59.798501	17
6683	2	GBP	1259	Products::StandardBook	3	\N	2015-01-05 16:03:59.80273	2015-01-05 16:03:59.80273	17
6684	2	USD	1769	Products::StandardBook	3	\N	2015-01-05 16:03:59.806719	2015-01-05 16:03:59.806719	17
6685	2	AUD	1363	Products::StandardBook	3	\N	2015-01-05 16:03:59.810332	2015-01-05 16:03:59.810332	10
6686	2	CAD	1299	Products::StandardBook	3	\N	2015-01-05 16:03:59.815777	2015-01-05 16:03:59.815777	10
6687	2	EUR	1214	Products::StandardBook	3	\N	2015-01-05 16:03:59.911902	2015-01-05 16:03:59.911902	10
6688	2	GBP	899	Products::StandardBook	3	\N	2015-01-05 16:03:59.915872	2015-01-05 16:03:59.915872	10
6689	2	USD	1299	Products::StandardBook	3	\N	2015-01-05 16:03:59.919415	2015-01-05 16:03:59.919415	10
6690	2	AUD	2499	Products::StandardBook	1	\N	2015-01-05 16:03:59.923236	2015-01-05 16:03:59.923236	11
6691	2	CAD	2294	Products::StandardBook	1	\N	2015-01-05 16:03:59.926705	2015-01-05 16:03:59.926705	11
6692	2	EUR	2138	Products::StandardBook	1	\N	2015-01-05 16:03:59.930262	2015-01-05 16:03:59.930262	11
6693	2	GBP	1665	Products::StandardBook	1	\N	2015-01-05 16:03:59.933801	2015-01-05 16:03:59.933801	11
6694	2	USD	2294	Products::StandardBook	1	\N	2015-01-05 16:03:59.937419	2015-01-05 16:03:59.937419	11
6695	2	AUD	2499	Products::StandardBook	1	\N	2015-01-05 16:03:59.94107	2015-01-05 16:03:59.94107	7
6696	2	CAD	2294	Products::StandardBook	1	\N	2015-01-05 16:03:59.94703	2015-01-05 16:03:59.94703	7
6697	2	EUR	2138	Products::StandardBook	1	\N	2015-01-05 16:03:59.951111	2015-01-05 16:03:59.951111	7
6698	2	GBP	1665	Products::StandardBook	1	\N	2015-01-05 16:03:59.954596	2015-01-05 16:03:59.954596	7
6699	2	USD	2294	Products::StandardBook	1	\N	2015-01-05 16:03:59.957995	2015-01-05 16:03:59.957995	7
6700	2	AUD	3181	Products::StandardBook	1	\N	2015-01-05 16:03:59.961484	2015-01-05 16:03:59.961484	16
6701	2	CAD	2999	Products::StandardBook	1	\N	2015-01-05 16:04:00.049066	2015-01-05 16:04:00.049066	16
6702	2	EUR	2603	Products::StandardBook	1	\N	2015-01-05 16:04:00.053322	2015-01-05 16:04:00.053322	16
6703	2	GBP	2043	Products::StandardBook	1	\N	2015-01-05 16:04:00.056877	2015-01-05 16:04:00.056877	16
6704	2	USD	2999	Products::StandardBook	1	\N	2015-01-05 16:04:00.060581	2015-01-05 16:04:00.060581	16
6705	2	AUD	3067	Products::StandardBook	1	\N	2015-01-05 16:04:00.064189	2015-01-05 16:04:00.064189	17
6706	2	CAD	2723	Products::StandardBook	1	\N	2015-01-05 16:04:00.067671	2015-01-05 16:04:00.067671	17
6707	2	EUR	2510	Products::StandardBook	1	\N	2015-01-05 16:04:00.071125	2015-01-05 16:04:00.071125	17
6708	2	GBP	1959	Products::StandardBook	1	\N	2015-01-05 16:04:00.074648	2015-01-05 16:04:00.074648	17
6709	2	USD	2723	Products::StandardBook	1	\N	2015-01-05 16:04:00.078499	2015-01-05 16:04:00.078499	17
6710	2	AUD	2272	Products::StandardBook	1	\N	2015-01-05 16:04:00.082	2015-01-05 16:04:00.082	10
6711	2	CAD	1999	Products::StandardBook	1	\N	2015-01-05 16:04:00.085438	2015-01-05 16:04:00.085438	10
6712	2	EUR	1859	Products::StandardBook	1	\N	2015-01-05 16:04:00.088918	2015-01-05 16:04:00.088918	10
6713	2	GBP	1399	Products::StandardBook	1	\N	2015-01-05 16:04:00.092315	2015-01-05 16:04:00.092315	10
6714	2	USD	1999	Products::StandardBook	1	\N	2015-01-05 16:04:00.182017	2015-01-05 16:04:00.182017	10
6715	2	AUD	2499	Products::StandardBook	2	\N	2015-01-05 16:04:00.185975	2015-01-05 16:04:00.185975	11
6716	2	CAD	2294	Products::StandardBook	2	\N	2015-01-05 16:04:00.18959	2015-01-05 16:04:00.18959	11
6717	2	EUR	2138	Products::StandardBook	2	\N	2015-01-05 16:04:00.193445	2015-01-05 16:04:00.193445	11
6718	2	GBP	1665	Products::StandardBook	2	\N	2015-01-05 16:04:00.197283	2015-01-05 16:04:00.197283	11
6719	2	USD	2294	Products::StandardBook	2	\N	2015-01-05 16:04:00.201441	2015-01-05 16:04:00.201441	11
6720	2	AUD	2499	Products::StandardBook	2	\N	2015-01-05 16:04:00.205502	2015-01-05 16:04:00.205502	7
6721	2	CAD	2294	Products::StandardBook	2	\N	2015-01-05 16:04:00.209145	2015-01-05 16:04:00.209145	7
6722	2	EUR	2138	Products::StandardBook	2	\N	2015-01-05 16:04:00.213192	2015-01-05 16:04:00.213192	7
6723	2	GBP	1665	Products::StandardBook	2	\N	2015-01-05 16:04:00.21689	2015-01-05 16:04:00.21689	7
6724	2	USD	2294	Products::StandardBook	2	\N	2015-01-05 16:04:00.22033	2015-01-05 16:04:00.22033	7
6725	2	AUD	3181	Products::StandardBook	2	\N	2015-01-05 16:04:00.223758	2015-01-05 16:04:00.223758	16
6726	2	CAD	2999	Products::StandardBook	2	\N	2015-01-05 16:04:00.227194	2015-01-05 16:04:00.227194	16
6727	2	EUR	2603	Products::StandardBook	2	\N	2015-01-05 16:04:00.318404	2015-01-05 16:04:00.318404	16
6728	2	GBP	2043	Products::StandardBook	2	\N	2015-01-05 16:04:00.324331	2015-01-05 16:04:00.324331	16
6729	2	USD	2999	Products::StandardBook	2	\N	2015-01-05 16:04:00.329671	2015-01-05 16:04:00.329671	16
6730	2	AUD	3067	Products::StandardBook	2	\N	2015-01-05 16:04:00.333899	2015-01-05 16:04:00.333899	17
6731	2	CAD	2723	Products::StandardBook	2	\N	2015-01-05 16:04:00.337537	2015-01-05 16:04:00.337537	17
6732	2	EUR	2510	Products::StandardBook	2	\N	2015-01-05 16:04:00.341079	2015-01-05 16:04:00.341079	17
6733	2	GBP	1959	Products::StandardBook	2	\N	2015-01-05 16:04:00.344611	2015-01-05 16:04:00.344611	17
6734	2	USD	2723	Products::StandardBook	2	\N	2015-01-05 16:04:00.348158	2015-01-05 16:04:00.348158	17
6735	2	AUD	2272	Products::StandardBook	2	\N	2015-01-05 16:04:00.351617	2015-01-05 16:04:00.351617	10
6736	2	CAD	1999	Products::StandardBook	2	\N	2015-01-05 16:04:00.355075	2015-01-05 16:04:00.355075	10
6737	2	EUR	1859	Products::StandardBook	2	\N	2015-01-05 16:04:00.358461	2015-01-05 16:04:00.358461	10
6738	2	GBP	1399	Products::StandardBook	2	\N	2015-01-05 16:04:00.361881	2015-01-05 16:04:00.361881	10
6739	2	USD	1999	Products::StandardBook	2	\N	2015-01-05 16:04:00.365233	2015-01-05 16:04:00.365233	10
6740	2	AUD	2499	Products::StandardBook	10	\N	2015-01-05 16:04:00.368566	2015-01-05 16:04:00.368566	11
6741	2	CAD	2294	Products::StandardBook	10	\N	2015-01-05 16:04:00.468533	2015-01-05 16:04:00.468533	11
6742	2	EUR	2138	Products::StandardBook	10	\N	2015-01-05 16:04:00.472042	2015-01-05 16:04:00.472042	11
6743	2	GBP	1665	Products::StandardBook	10	\N	2015-01-05 16:04:00.475332	2015-01-05 16:04:00.475332	11
6744	2	USD	2294	Products::StandardBook	10	\N	2015-01-05 16:04:00.478894	2015-01-05 16:04:00.478894	11
6745	2	AUD	2499	Products::StandardBook	10	\N	2015-01-05 16:04:00.482307	2015-01-05 16:04:00.482307	7
6746	2	CAD	2294	Products::StandardBook	10	\N	2015-01-05 16:04:00.485772	2015-01-05 16:04:00.485772	7
6747	2	EUR	2138	Products::StandardBook	10	\N	2015-01-05 16:04:00.489145	2015-01-05 16:04:00.489145	7
6748	2	GBP	1665	Products::StandardBook	10	\N	2015-01-05 16:04:00.495075	2015-01-05 16:04:00.495075	7
6749	2	USD	2294	Products::StandardBook	10	\N	2015-01-05 16:04:00.499694	2015-01-05 16:04:00.499694	7
6750	2	AUD	3181	Products::StandardBook	10	\N	2015-01-05 16:04:00.503508	2015-01-05 16:04:00.503508	16
6751	2	CAD	2999	Products::StandardBook	10	\N	2015-01-05 16:04:00.507297	2015-01-05 16:04:00.507297	16
6752	2	EUR	2603	Products::StandardBook	10	\N	2015-01-05 16:04:00.51207	2015-01-05 16:04:00.51207	16
6753	2	GBP	2043	Products::StandardBook	10	\N	2015-01-05 16:04:00.516564	2015-01-05 16:04:00.516564	16
6754	2	USD	2999	Products::StandardBook	10	\N	2015-01-05 16:04:00.601355	2015-01-05 16:04:00.601355	16
6755	2	AUD	3067	Products::StandardBook	10	\N	2015-01-05 16:04:00.605305	2015-01-05 16:04:00.605305	17
6756	2	CAD	2723	Products::StandardBook	10	\N	2015-01-05 16:04:00.609782	2015-01-05 16:04:00.609782	17
6757	2	EUR	2510	Products::StandardBook	10	\N	2015-01-05 16:04:00.614926	2015-01-05 16:04:00.614926	17
6758	2	GBP	1959	Products::StandardBook	10	\N	2015-01-05 16:04:00.620186	2015-01-05 16:04:00.620186	17
6759	2	USD	2723	Products::StandardBook	10	\N	2015-01-05 16:04:00.624366	2015-01-05 16:04:00.624366	17
6760	2	AUD	2272	Products::StandardBook	10	\N	2015-01-05 16:04:00.628062	2015-01-05 16:04:00.628062	10
6761	2	CAD	1999	Products::StandardBook	10	\N	2015-01-05 16:04:00.631746	2015-01-05 16:04:00.631746	10
6762	2	EUR	1859	Products::StandardBook	10	\N	2015-01-05 16:04:00.635271	2015-01-05 16:04:00.635271	10
6763	2	GBP	1399	Products::StandardBook	10	\N	2015-01-05 16:04:00.638916	2015-01-05 16:04:00.638916	10
6764	2	USD	1999	Products::StandardBook	10	\N	2015-01-05 16:04:00.642368	2015-01-05 16:04:00.642368	10
6765	44	AUD	817	Products::Brochure	8	1	2015-01-05 16:04:00.646077	2015-01-05 16:04:00.646077	10
6766	44	CAD	799	Products::Brochure	8	1	2015-01-05 16:04:00.650503	2015-01-05 16:04:00.650503	10
6767	44	EUR	653	Products::Brochure	8	1	2015-01-05 16:04:00.745814	2015-01-05 16:04:00.745814	10
6768	44	GBP	499	Products::Brochure	8	1	2015-01-05 16:04:00.74976	2015-01-05 16:04:00.74976	10
6769	44	USD	799	Products::Brochure	8	1	2015-01-05 16:04:00.753232	2015-01-05 16:04:00.753232	10
6770	44	AUD	817	Products::Brochure	8	\N	2015-01-05 16:04:00.756764	2015-01-05 16:04:00.756764	10
6771	44	CAD	799	Products::Brochure	8	\N	2015-01-05 16:04:00.760387	2015-01-05 16:04:00.760387	10
6772	44	EUR	653	Products::Brochure	8	\N	2015-01-05 16:04:00.763955	2015-01-05 16:04:00.763955	10
6773	44	GBP	499	Products::Brochure	8	\N	2015-01-05 16:04:00.767457	2015-01-05 16:04:00.767457	10
6774	44	USD	799	Products::Brochure	8	\N	2015-01-05 16:04:00.770976	2015-01-05 16:04:00.770976	10
6775	44	AUD	809	Products::LegacyLetterBook	8	1	2015-01-05 16:04:00.774475	2015-01-05 16:04:00.774475	10
6776	44	CAD	799	Products::LegacyLetterBook	8	1	2015-01-05 16:04:00.778036	2015-01-05 16:04:00.778036	10
6777	44	EUR	605	Products::LegacyLetterBook	8	1	2015-01-05 16:04:00.782238	2015-01-05 16:04:00.782238	10
6778	44	GBP	499	Products::LegacyLetterBook	8	1	2015-01-05 16:04:00.786017	2015-01-05 16:04:00.786017	10
6779	44	USD	799	Products::LegacyLetterBook	8	1	2015-01-05 16:04:00.789605	2015-01-05 16:04:00.789605	10
6780	44	AUD	809	Products::LegacyLetterBook	8	\N	2015-01-05 16:04:00.793308	2015-01-05 16:04:00.793308	10
6781	44	CAD	799	Products::LegacyLetterBook	8	\N	2015-01-05 16:04:00.880239	2015-01-05 16:04:00.880239	10
6782	44	EUR	605	Products::LegacyLetterBook	8	\N	2015-01-05 16:04:00.883744	2015-01-05 16:04:00.883744	10
6783	44	GBP	499	Products::LegacyLetterBook	8	\N	2015-01-05 16:04:00.88741	2015-01-05 16:04:00.88741	10
6784	44	USD	799	Products::LegacyLetterBook	8	\N	2015-01-05 16:04:00.890938	2015-01-05 16:04:00.890938	10
6785	1	USD	3995	Products::ChickenSoupBook	3	\N	2015-01-05 16:04:00.895955	2015-01-05 16:04:00.895955	10
6786	1	USD	4595	Products::ChickenSoupBook	3	\N	2015-01-05 16:04:00.901094	2015-01-05 16:04:00.901094	7
6787	1	USD	4595	Products::ChickenSoupBook	3	\N	2015-01-05 16:04:00.905295	2015-01-05 16:04:00.905295	11
6788	1	USD	5395	Products::ChickenSoupBook	3	\N	2015-01-05 16:04:00.908947	2015-01-05 16:04:00.908947	17
6789	1	USD	5995	Products::ChickenSoupBook	3	\N	2015-01-05 16:04:00.912647	2015-01-05 16:04:00.912647	16
6790	6	USD	3995	Products::ChickenSoupBook	3	\N	2015-01-05 16:04:00.916088	2015-01-05 16:04:00.916088	10
6791	6	USD	4595	Products::ChickenSoupBook	3	\N	2015-01-05 16:04:00.919526	2015-01-05 16:04:00.919526	7
6792	6	USD	4595	Products::ChickenSoupBook	3	\N	2015-01-05 16:04:00.922938	2015-01-05 16:04:00.922938	11
6793	6	USD	5395	Products::ChickenSoupBook	3	\N	2015-01-05 16:04:00.926374	2015-01-05 16:04:00.926374	17
6794	6	USD	5995	Products::ChickenSoupBook	3	\N	2015-01-05 16:04:01.010555	2015-01-05 16:04:01.010555	16
6795	2	USD	2495	Products::ChickenSoupBook	3	\N	2015-01-05 16:04:01.014795	2015-01-05 16:04:01.014795	10
6796	2	USD	2895	Products::ChickenSoupBook	3	\N	2015-01-05 16:04:01.018424	2015-01-05 16:04:01.018424	7
6797	2	USD	2895	Products::ChickenSoupBook	3	\N	2015-01-05 16:04:01.023041	2015-01-05 16:04:01.023041	11
6798	2	USD	3395	Products::ChickenSoupBook	3	\N	2015-01-05 16:04:01.026734	2015-01-05 16:04:01.026734	17
6799	2	USD	3795	Products::ChickenSoupBook	3	\N	2015-01-05 16:04:01.030611	2015-01-05 16:04:01.030611	16
6800	1	EUR	2995	Products::ChickenSoupBook	3	\N	2015-01-05 16:04:01.034023	2015-01-05 16:04:01.034023	10
6801	1	EUR	3495	Products::ChickenSoupBook	3	\N	2015-01-05 16:04:01.037331	2015-01-05 16:04:01.037331	7
6802	1	EUR	3495	Products::ChickenSoupBook	3	\N	2015-01-05 16:04:01.04076	2015-01-05 16:04:01.04076	11
6803	1	EUR	4095	Products::ChickenSoupBook	3	\N	2015-01-05 16:04:01.044218	2015-01-05 16:04:01.044218	17
6804	1	EUR	4495	Products::ChickenSoupBook	3	\N	2015-01-05 16:04:01.047734	2015-01-05 16:04:01.047734	16
6805	6	EUR	2995	Products::ChickenSoupBook	3	\N	2015-01-05 16:04:01.051445	2015-01-05 16:04:01.051445	10
6806	6	EUR	3495	Products::ChickenSoupBook	3	\N	2015-01-05 16:04:01.055293	2015-01-05 16:04:01.055293	7
6807	6	EUR	3495	Products::ChickenSoupBook	3	\N	2015-01-05 16:04:01.139417	2015-01-05 16:04:01.139417	11
6808	6	EUR	4095	Products::ChickenSoupBook	3	\N	2015-01-05 16:04:01.143544	2015-01-05 16:04:01.143544	17
6809	6	EUR	4495	Products::ChickenSoupBook	3	\N	2015-01-05 16:04:01.147522	2015-01-05 16:04:01.147522	16
6810	2	EUR	1995	Products::ChickenSoupBook	3	\N	2015-01-05 16:04:01.152259	2015-01-05 16:04:01.152259	10
6811	2	EUR	2295	Products::ChickenSoupBook	3	\N	2015-01-05 16:04:01.157265	2015-01-05 16:04:01.157265	7
6812	2	EUR	2295	Products::ChickenSoupBook	3	\N	2015-01-05 16:04:01.161371	2015-01-05 16:04:01.161371	11
6813	2	EUR	2695	Products::ChickenSoupBook	3	\N	2015-01-05 16:04:01.164975	2015-01-05 16:04:01.164975	17
6814	2	EUR	2995	Products::ChickenSoupBook	3	\N	2015-01-05 16:04:01.168572	2015-01-05 16:04:01.168572	16
6815	1	AUD	3995	Products::ChickenSoupBook	3	\N	2015-01-05 16:04:01.172266	2015-01-05 16:04:01.172266	10
6816	1	AUD	4595	Products::ChickenSoupBook	3	\N	2015-01-05 16:04:01.175773	2015-01-05 16:04:01.175773	7
6817	1	AUD	4595	Products::ChickenSoupBook	3	\N	2015-01-05 16:04:01.179334	2015-01-05 16:04:01.179334	11
6818	1	AUD	5495	Products::ChickenSoupBook	3	\N	2015-01-05 16:04:01.182814	2015-01-05 16:04:01.182814	17
6819	1	AUD	5995	Products::ChickenSoupBook	3	\N	2015-01-05 16:04:01.186248	2015-01-05 16:04:01.186248	16
6820	6	AUD	3995	Products::ChickenSoupBook	3	\N	2015-01-05 16:04:01.189725	2015-01-05 16:04:01.189725	10
6821	6	AUD	4595	Products::ChickenSoupBook	3	\N	2015-01-05 16:04:01.275952	2015-01-05 16:04:01.275952	7
6822	6	AUD	4595	Products::ChickenSoupBook	3	\N	2015-01-05 16:04:01.279674	2015-01-05 16:04:01.279674	11
6823	6	AUD	5495	Products::ChickenSoupBook	3	\N	2015-01-05 16:04:01.2833	2015-01-05 16:04:01.2833	17
6824	6	AUD	5995	Products::ChickenSoupBook	3	\N	2015-01-05 16:04:01.286874	2015-01-05 16:04:01.286874	16
6825	2	AUD	2495	Products::ChickenSoupBook	3	\N	2015-01-05 16:04:01.290476	2015-01-05 16:04:01.290476	10
6826	2	AUD	2895	Products::ChickenSoupBook	3	\N	2015-01-05 16:04:01.29525	2015-01-05 16:04:01.29525	7
6827	2	AUD	2895	Products::ChickenSoupBook	3	\N	2015-01-05 16:04:01.299501	2015-01-05 16:04:01.299501	11
6828	2	AUD	3395	Products::ChickenSoupBook	3	\N	2015-01-05 16:04:01.303194	2015-01-05 16:04:01.303194	17
6829	2	AUD	3795	Products::ChickenSoupBook	3	\N	2015-01-05 16:04:01.306761	2015-01-05 16:04:01.306761	16
6830	1	GBP	2495	Products::ChickenSoupBook	3	\N	2015-01-05 16:04:01.31025	2015-01-05 16:04:01.31025	10
6831	1	GBP	2895	Products::ChickenSoupBook	3	\N	2015-01-05 16:04:01.313692	2015-01-05 16:04:01.313692	7
6832	1	GBP	2895	Products::ChickenSoupBook	3	\N	2015-01-05 16:04:01.31715	2015-01-05 16:04:01.31715	11
6833	1	GBP	3795	Products::ChickenSoupBook	3	\N	2015-01-05 16:04:01.320655	2015-01-05 16:04:01.320655	17
6834	1	GBP	3795	Products::ChickenSoupBook	3	\N	2015-01-05 16:04:01.408521	2015-01-05 16:04:01.408521	16
6835	6	GBP	2495	Products::ChickenSoupBook	3	\N	2015-01-05 16:04:01.412678	2015-01-05 16:04:01.412678	10
6836	6	GBP	2895	Products::ChickenSoupBook	3	\N	2015-01-05 16:04:01.41643	2015-01-05 16:04:01.41643	7
6837	6	GBP	2895	Products::ChickenSoupBook	3	\N	2015-01-05 16:04:01.420081	2015-01-05 16:04:01.420081	11
6838	6	GBP	3795	Products::ChickenSoupBook	3	\N	2015-01-05 16:04:01.423856	2015-01-05 16:04:01.423856	17
6839	6	GBP	3795	Products::ChickenSoupBook	3	\N	2015-01-05 16:04:01.427403	2015-01-05 16:04:01.427403	16
6840	2	GBP	1595	Products::ChickenSoupBook	3	\N	2015-01-05 16:04:01.430853	2015-01-05 16:04:01.430853	10
6841	2	GBP	1895	Products::ChickenSoupBook	3	\N	2015-01-05 16:04:01.434255	2015-01-05 16:04:01.434255	7
6842	2	GBP	1895	Products::ChickenSoupBook	3	\N	2015-01-05 16:04:01.437819	2015-01-05 16:04:01.437819	11
6843	2	GBP	2195	Products::ChickenSoupBook	3	\N	2015-01-05 16:04:01.441185	2015-01-05 16:04:01.441185	17
6844	2	GBP	2395	Products::ChickenSoupBook	3	\N	2015-01-05 16:04:01.445837	2015-01-05 16:04:01.445837	16
6845	1	CAD	3995	Products::ChickenSoupBook	3	\N	2015-01-05 16:04:01.450821	2015-01-05 16:04:01.450821	10
6846	1	CAD	4595	Products::ChickenSoupBook	3	\N	2015-01-05 16:04:01.454885	2015-01-05 16:04:01.454885	7
6847	1	CAD	4595	Products::ChickenSoupBook	3	\N	2015-01-05 16:04:01.538985	2015-01-05 16:04:01.538985	11
6848	1	CAD	5495	Products::ChickenSoupBook	3	\N	2015-01-05 16:04:01.54396	2015-01-05 16:04:01.54396	17
6849	1	CAD	5995	Products::ChickenSoupBook	3	\N	2015-01-05 16:04:01.548829	2015-01-05 16:04:01.548829	16
6850	6	CAD	3995	Products::ChickenSoupBook	3	\N	2015-01-05 16:04:01.55291	2015-01-05 16:04:01.55291	10
6851	6	CAD	4595	Products::ChickenSoupBook	3	\N	2015-01-05 16:04:01.556747	2015-01-05 16:04:01.556747	7
6852	6	CAD	4595	Products::ChickenSoupBook	3	\N	2015-01-05 16:04:01.560376	2015-01-05 16:04:01.560376	11
6853	6	CAD	5495	Products::ChickenSoupBook	3	\N	2015-01-05 16:04:01.563984	2015-01-05 16:04:01.563984	17
6854	6	CAD	5995	Products::ChickenSoupBook	3	\N	2015-01-05 16:04:01.567673	2015-01-05 16:04:01.567673	16
6855	2	CAD	2495	Products::ChickenSoupBook	3	\N	2015-01-05 16:04:01.571327	2015-01-05 16:04:01.571327	10
6856	2	CAD	2895	Products::ChickenSoupBook	3	\N	2015-01-05 16:04:01.57492	2015-01-05 16:04:01.57492	7
6857	2	CAD	2895	Products::ChickenSoupBook	3	\N	2015-01-05 16:04:01.57846	2015-01-05 16:04:01.57846	11
6858	2	CAD	3395	Products::ChickenSoupBook	3	\N	2015-01-05 16:04:01.582009	2015-01-05 16:04:01.582009	17
6859	2	CAD	3795	Products::ChickenSoupBook	3	\N	2015-01-05 16:04:01.585558	2015-01-05 16:04:01.585558	16
6860	2	USD	599	Products::PremiumMagazine	8	\N	2015-01-05 16:04:01.589044	2015-01-05 16:04:01.589044	57
6861	2	CAD	699	Products::PremiumMagazine	8	\N	2015-01-05 16:04:01.682769	2015-01-05 16:04:01.682769	57
6862	2	AUD	726	Products::PremiumMagazine	8	\N	2015-01-05 16:04:01.68627	2015-01-05 16:04:01.68627	57
6863	2	GBP	399	Products::PremiumMagazine	8	\N	2015-01-05 16:04:01.690014	2015-01-05 16:04:01.690014	57
6864	2	EUR	412	Products::PremiumMagazine	8	\N	2015-01-05 16:04:01.693749	2015-01-05 16:04:01.693749	57
6865	2	AUD	873	Products::TradeBook	5	\N	2015-01-05 16:04:01.697318	2015-01-05 16:04:01.697318	50
6866	2	CAD	847	Products::TradeBook	7	\N	2015-01-05 16:04:01.700928	2015-01-05 16:04:01.700928	50
6867	2	EUR	689	Products::TradeBook	7	\N	2015-01-05 16:04:01.70449	2015-01-05 16:04:01.70449	50
6868	2	GBP	531	Products::TradeBook	7	\N	2015-01-05 16:04:01.707937	2015-01-05 16:04:01.707937	50
6869	2	USD	847	Products::TradeBook	7	\N	2015-01-05 16:04:01.711478	2015-01-05 16:04:01.711478	50
6870	2	AUD	466	Products::TradeBook	7	\N	2015-01-05 16:04:01.715664	2015-01-05 16:04:01.715664	52
6871	2	CAD	511	Products::TradeBook	7	\N	2015-01-05 16:04:01.719203	2015-01-05 16:04:01.719203	52
6872	2	EUR	381	Products::TradeBook	7	\N	2015-01-05 16:04:01.722652	2015-01-05 16:04:01.722652	52
6873	2	GBP	499	Products::TradeBook	7	\N	2015-01-05 16:04:01.726417	2015-01-05 16:04:01.726417	52
6874	2	USD	511	Products::TradeBook	7	\N	2015-01-05 16:04:01.812223	2015-01-05 16:04:01.812223	52
6875	2	AUD	499	Products::TradeBook	7	\N	2015-01-05 16:04:01.816548	2015-01-05 16:04:01.816548	48
6876	2	CAD	399	Products::TradeBook	7	\N	2015-01-05 16:04:01.820261	2015-01-05 16:04:01.820261	48
6877	2	EUR	299	Products::TradeBook	7	\N	2015-01-05 16:04:01.823841	2015-01-05 16:04:01.823841	48
6878	2	GBP	299	Products::TradeBook	7	\N	2015-01-05 16:04:01.8272	2015-01-05 16:04:01.8272	48
6879	2	USD	299	Products::TradeBook	7	\N	2015-01-05 16:04:01.830752	2015-01-05 16:04:01.830752	48
6880	2	AUD	349	Products::TradeBook	7	\N	2015-01-05 16:04:01.834489	2015-01-05 16:04:01.834489	51
6881	2	AUD	349	Products::TradeBook	7	\N	2015-01-05 16:04:01.83938	2015-01-05 16:04:01.83938	49
6882	6	AUD	1399	Products::TradeBook	7	\N	2015-01-05 16:04:01.845118	2015-01-05 16:04:01.845118	51
6883	6	AUD	1399	Products::TradeBook	7	\N	2015-01-05 16:04:01.850496	2015-01-05 16:04:01.850496	49
6884	1	AUD	1599	Products::TradeBook	7	\N	2015-01-05 16:04:01.854904	2015-01-05 16:04:01.854904	51
6885	1	AUD	1599	Products::TradeBook	7	\N	2015-01-05 16:04:01.8587	2015-01-05 16:04:01.8587	49
6886	2	AUD	349	Products::TradeBook	5	\N	2015-01-05 16:04:01.862252	2015-01-05 16:04:01.862252	51
6887	2	AUD	349	Products::TradeBook	5	\N	2015-01-05 16:04:01.947326	2015-01-05 16:04:01.947326	49
6888	6	AUD	1399	Products::TradeBook	5	\N	2015-01-05 16:04:01.952293	2015-01-05 16:04:01.952293	51
6889	1	AUD	1599	Products::TradeBook	5	\N	2015-01-05 16:04:01.955952	2015-01-05 16:04:01.955952	51
6890	2	AUD	1199	Products::TradeBook	7	\N	2015-01-05 16:04:01.959483	2015-01-05 16:04:01.959483	50
6891	2	CAD	747	Products::TradeBook	5	\N	2015-01-05 16:04:01.96344	2015-01-05 16:04:01.96344	50
6892	2	EUR	596	Products::TradeBook	5	\N	2015-01-05 16:04:01.966886	2015-01-05 16:04:01.966886	50
6893	2	GBP	431	Products::TradeBook	5	\N	2015-01-05 16:04:01.970219	2015-01-05 16:04:01.970219	50
6894	2	USD	747	Products::TradeBook	5	\N	2015-01-05 16:04:01.974599	2015-01-05 16:04:01.974599	50
6895	2	AUD	425	Products::TradeBook	5	\N	2015-01-05 16:04:01.978614	2015-01-05 16:04:01.978614	52
6896	2	CAD	411	Products::TradeBook	5	\N	2015-01-05 16:04:01.982237	2015-01-05 16:04:01.982237	52
6897	2	EUR	287	Products::TradeBook	5	\N	2015-01-05 16:04:01.987343	2015-01-05 16:04:01.987343	52
6898	2	GBP	399	Products::TradeBook	5	\N	2015-01-05 16:04:01.991751	2015-01-05 16:04:01.991751	52
6899	2	USD	411	Products::TradeBook	5	\N	2015-01-05 16:04:01.995585	2015-01-05 16:04:01.995585	52
6900	2	AUD	499	Products::TradeBook	5	\N	2015-01-05 16:04:01.999943	2015-01-05 16:04:01.999943	48
6901	2	CAD	399	Products::TradeBook	5	\N	2015-01-05 16:04:02.085441	2015-01-05 16:04:02.085441	48
6902	2	EUR	299	Products::TradeBook	5	\N	2015-01-05 16:04:02.089152	2015-01-05 16:04:02.089152	48
6903	2	GBP	299	Products::TradeBook	5	\N	2015-01-05 16:04:02.092638	2015-01-05 16:04:02.092638	48
6904	2	USD	299	Products::TradeBook	5	\N	2015-01-05 16:04:02.097932	2015-01-05 16:04:02.097932	48
6905	2	CAD	249	Products::TradeBook	7	\N	2015-01-05 16:04:02.101832	2015-01-05 16:04:02.101832	51
6906	2	CAD	249	Products::TradeBook	7	\N	2015-01-05 16:04:02.1054	2015-01-05 16:04:02.1054	49
6907	6	CAD	1399	Products::TradeBook	7	\N	2015-01-05 16:04:02.109015	2015-01-05 16:04:02.109015	51
6908	6	CAD	1399	Products::TradeBook	7	\N	2015-01-05 16:04:02.112751	2015-01-05 16:04:02.112751	49
6909	1	CAD	1599	Products::TradeBook	7	\N	2015-01-05 16:04:02.11651	2015-01-05 16:04:02.11651	51
6910	1	CAD	1599	Products::TradeBook	7	\N	2015-01-05 16:04:02.120071	2015-01-05 16:04:02.120071	49
6911	2	CAD	249	Products::TradeBook	5	\N	2015-01-05 16:04:02.12359	2015-01-05 16:04:02.12359	51
6912	2	CAD	249	Products::TradeBook	5	\N	2015-01-05 16:04:02.127173	2015-01-05 16:04:02.127173	49
6913	6	CAD	1399	Products::TradeBook	5	\N	2015-01-05 16:04:02.131039	2015-01-05 16:04:02.131039	51
6914	1	CAD	1599	Products::TradeBook	5	\N	2015-01-05 16:04:02.216653	2015-01-05 16:04:02.216653	51
6915	2	AUD	1299	Products::TradeBook	10	\N	2015-01-05 16:04:02.220429	2015-01-05 16:04:02.220429	50
6916	2	CAD	899	Products::TradeBook	10	\N	2015-01-05 16:04:02.224158	2015-01-05 16:04:02.224158	50
6917	2	EUR	799	Products::TradeBook	10	\N	2015-01-05 16:04:02.227702	2015-01-05 16:04:02.227702	50
6918	2	GBP	599	Products::TradeBook	10	\N	2015-01-05 16:04:02.231396	2015-01-05 16:04:02.231396	50
6919	2	USD	899	Products::TradeBook	10	\N	2015-01-05 16:04:02.234856	2015-01-05 16:04:02.234856	50
6920	2	AUD	699	Products::TradeBook	10	\N	2015-01-05 16:04:02.238424	2015-01-05 16:04:02.238424	52
6921	2	CAD	599	Products::TradeBook	10	\N	2015-01-05 16:04:02.242049	2015-01-05 16:04:02.242049	52
6922	2	EUR	399	Products::TradeBook	10	\N	2015-01-05 16:04:02.246564	2015-01-05 16:04:02.246564	52
6923	2	GBP	599	Products::TradeBook	10	\N	2015-01-05 16:04:02.250813	2015-01-05 16:04:02.250813	52
6924	2	USD	599	Products::TradeBook	10	\N	2015-01-05 16:04:02.256106	2015-01-05 16:04:02.256106	52
6925	2	AUD	549	Products::TradeBook	10	\N	2015-01-05 16:04:02.260808	2015-01-05 16:04:02.260808	48
6926	2	CAD	499	Products::TradeBook	10	\N	2015-01-05 16:04:02.264876	2015-01-05 16:04:02.264876	48
6927	2	EUR	399	Products::TradeBook	10	\N	2015-01-05 16:04:02.356448	2015-01-05 16:04:02.356448	48
6928	2	GBP	299	Products::TradeBook	10	\N	2015-01-05 16:04:02.360446	2015-01-05 16:04:02.360446	48
6929	2	USD	399	Products::TradeBook	10	\N	2015-01-05 16:04:02.3639	2015-01-05 16:04:02.3639	48
6930	2	AUD	499	Products::TradeBook	10	\N	2015-01-05 16:04:02.369477	2015-01-05 16:04:02.369477	51
6931	2	CAD	399	Products::TradeBook	10	\N	2015-01-05 16:04:02.374152	2015-01-05 16:04:02.374152	51
6932	2	EUR	349	Products::TradeBook	10	\N	2015-01-05 16:04:02.379864	2015-01-05 16:04:02.379864	51
6933	2	GBP	349	Products::TradeBook	10	\N	2015-01-05 16:04:02.38473	2015-01-05 16:04:02.38473	51
6934	2	USD	349	Products::TradeBook	10	\N	2015-01-05 16:04:02.388812	2015-01-05 16:04:02.388812	51
6935	1	AUD	2328	Products::TradeBook	5	\N	2015-01-05 16:04:02.392381	2015-01-05 16:04:02.392381	50
6936	6	CAD	2347	Products::TradeBook	7	\N	2015-01-05 16:04:02.396063	2015-01-05 16:04:02.396063	50
6937	6	EUR	1904	Products::TradeBook	7	\N	2015-01-05 16:04:02.400554	2015-01-05 16:04:02.400554	50
6938	6	GBP	1531	Products::TradeBook	7	\N	2015-01-05 16:04:02.4045	2015-01-05 16:04:02.4045	50
6939	6	USD	2347	Products::TradeBook	7	\N	2015-01-05 16:04:02.408808	2015-01-05 16:04:02.408808	50
6940	6	AUD	1950	Products::TradeBook	7	\N	2015-01-05 16:04:02.413386	2015-01-05 16:04:02.413386	52
6941	6	CAD	1811	Products::TradeBook	7	\N	2015-01-05 16:04:02.498941	2015-01-05 16:04:02.498941	52
6942	6	EUR	1315	Products::TradeBook	7	\N	2015-01-05 16:04:02.502892	2015-01-05 16:04:02.502892	52
6943	6	GBP	1207	Products::TradeBook	7	\N	2015-01-05 16:04:02.506624	2015-01-05 16:04:02.506624	52
6944	6	USD	1811	Products::TradeBook	7	\N	2015-01-05 16:04:02.510317	2015-01-05 16:04:02.510317	52
6945	6	AUD	1399	Products::TradeBook	7	\N	2015-01-05 16:04:02.514105	2015-01-05 16:04:02.514105	48
6946	6	CAD	1099	Products::TradeBook	7	\N	2015-01-05 16:04:02.519316	2015-01-05 16:04:02.519316	48
6947	6	EUR	899	Products::TradeBook	7	\N	2015-01-05 16:04:02.525262	2015-01-05 16:04:02.525262	48
6948	6	GBP	899	Products::TradeBook	7	\N	2015-01-05 16:04:02.530133	2015-01-05 16:04:02.530133	48
6949	6	USD	1199	Products::TradeBook	7	\N	2015-01-05 16:04:02.53433	2015-01-05 16:04:02.53433	48
6950	2	EUR	199	Products::TradeBook	7	\N	2015-01-05 16:04:02.537898	2015-01-05 16:04:02.537898	51
6951	2	EUR	199	Products::TradeBook	7	\N	2015-01-05 16:04:02.541425	2015-01-05 16:04:02.541425	49
6952	6	EUR	999	Products::TradeBook	7	\N	2015-01-05 16:04:02.545632	2015-01-05 16:04:02.545632	51
6953	6	EUR	999	Products::TradeBook	7	\N	2015-01-05 16:04:02.549768	2015-01-05 16:04:02.549768	49
6954	1	EUR	1099	Products::TradeBook	7	\N	2015-01-05 16:04:02.651041	2015-01-05 16:04:02.651041	51
6955	1	EUR	1099	Products::TradeBook	7	\N	2015-01-05 16:04:02.654896	2015-01-05 16:04:02.654896	49
6956	2	EUR	199	Products::TradeBook	5	\N	2015-01-05 16:04:02.65838	2015-01-05 16:04:02.65838	51
6957	2	EUR	199	Products::TradeBook	5	\N	2015-01-05 16:04:02.662017	2015-01-05 16:04:02.662017	49
6958	6	EUR	999	Products::TradeBook	5	\N	2015-01-05 16:04:02.665463	2015-01-05 16:04:02.665463	51
6959	1	EUR	1099	Products::TradeBook	5	\N	2015-01-05 16:04:02.668845	2015-01-05 16:04:02.668845	51
6960	6	AUD	2510	Products::TradeBook	5	\N	2015-01-05 16:04:02.672592	2015-01-05 16:04:02.672592	50
6961	6	CAD	2147	Products::TradeBook	5	\N	2015-01-05 16:04:02.676085	2015-01-05 16:04:02.676085	50
6962	6	EUR	1717	Products::TradeBook	5	\N	2015-01-05 16:04:02.679452	2015-01-05 16:04:02.679452	50
6963	6	GBP	1431	Products::TradeBook	5	\N	2015-01-05 16:04:02.683218	2015-01-05 16:04:02.683218	50
6964	6	USD	2147	Products::TradeBook	5	\N	2015-01-05 16:04:02.686897	2015-01-05 16:04:02.686897	50
6965	6	AUD	1850	Products::TradeBook	5	\N	2015-01-05 16:04:02.690468	2015-01-05 16:04:02.690468	52
6966	6	CAD	1711	Products::TradeBook	5	\N	2015-01-05 16:04:02.694056	2015-01-05 16:04:02.694056	52
6967	6	EUR	1222	Products::TradeBook	5	\N	2015-01-05 16:04:02.780544	2015-01-05 16:04:02.780544	52
6968	6	GBP	1207	Products::TradeBook	5	\N	2015-01-05 16:04:02.784446	2015-01-05 16:04:02.784446	52
6969	6	USD	1711	Products::TradeBook	5	\N	2015-01-05 16:04:02.787891	2015-01-05 16:04:02.787891	52
6970	6	AUD	1399	Products::TradeBook	5	\N	2015-01-05 16:04:02.791429	2015-01-05 16:04:02.791429	48
6971	6	CAD	1099	Products::TradeBook	5	\N	2015-01-05 16:04:02.794908	2015-01-05 16:04:02.794908	48
6972	6	EUR	899	Products::TradeBook	5	\N	2015-01-05 16:04:02.799791	2015-01-05 16:04:02.799791	48
6973	6	GBP	799	Products::TradeBook	5	\N	2015-01-05 16:04:02.803802	2015-01-05 16:04:02.803802	48
6974	6	USD	1199	Products::TradeBook	5	\N	2015-01-05 16:04:02.807607	2015-01-05 16:04:02.807607	48
6975	2	GBP	149	Products::TradeBook	7	\N	2015-01-05 16:04:02.811709	2015-01-05 16:04:02.811709	51
6976	2	GBP	149	Products::TradeBook	7	\N	2015-01-05 16:04:02.816313	2015-01-05 16:04:02.816313	49
6977	6	GBP	899	Products::TradeBook	7	\N	2015-01-05 16:04:02.820181	2015-01-05 16:04:02.820181	51
6978	6	GBP	899	Products::TradeBook	7	\N	2015-01-05 16:04:02.823897	2015-01-05 16:04:02.823897	49
6979	1	GBP	999	Products::TradeBook	7	\N	2015-01-05 16:04:02.827442	2015-01-05 16:04:02.827442	51
6980	1	AUD	2900	Products::TradeBook	7	\N	2015-01-05 16:04:02.831081	2015-01-05 16:04:02.831081	50
6981	6	AUD	1299	Products::TradeBook	10	\N	2015-01-05 16:04:02.933211	2015-01-05 16:04:02.933211	51
6982	6	CAD	1099	Products::TradeBook	10	\N	2015-01-05 16:04:02.937005	2015-01-05 16:04:02.937005	51
6983	6	EUR	899	Products::TradeBook	10	\N	2015-01-05 16:04:02.940685	2015-01-05 16:04:02.940685	51
6984	6	GBP	999	Products::TradeBook	10	\N	2015-01-05 16:04:02.944306	2015-01-05 16:04:02.944306	51
6985	6	USD	1299	Products::TradeBook	10	\N	2015-01-05 16:04:02.947875	2015-01-05 16:04:02.947875	51
6986	6	AUD	2999	Products::TradeBook	10	\N	2015-01-05 16:04:02.95154	2015-01-05 16:04:02.95154	50
6987	6	CAD	2399	Products::TradeBook	10	\N	2015-01-05 16:04:02.955581	2015-01-05 16:04:02.955581	50
6988	6	EUR	2099	Products::TradeBook	10	\N	2015-01-05 16:04:02.959337	2015-01-05 16:04:02.959337	50
6989	6	GBP	1699	Products::TradeBook	10	\N	2015-01-05 16:04:02.963115	2015-01-05 16:04:02.963115	50
6990	6	USD	2399	Products::TradeBook	10	\N	2015-01-05 16:04:02.96648	2015-01-05 16:04:02.96648	50
6991	6	AUD	2099	Products::TradeBook	10	\N	2015-01-05 16:04:02.969792	2015-01-05 16:04:02.969792	52
6992	6	CAD	1899	Products::TradeBook	10	\N	2015-01-05 16:04:02.97391	2015-01-05 16:04:02.97391	52
6993	6	EUR	1499	Products::TradeBook	10	\N	2015-01-05 16:04:02.978101	2015-01-05 16:04:02.978101	52
6994	6	GBP	1299	Products::TradeBook	10	\N	2015-01-05 16:04:03.068364	2015-01-05 16:04:03.068364	52
6995	6	USD	1899	Products::TradeBook	10	\N	2015-01-05 16:04:03.072379	2015-01-05 16:04:03.072379	52
6996	6	AUD	1799	Products::TradeBook	10	\N	2015-01-05 16:04:03.07582	2015-01-05 16:04:03.07582	48
6997	6	CAD	1299	Products::TradeBook	10	\N	2015-01-05 16:04:03.079397	2015-01-05 16:04:03.079397	48
6998	6	EUR	999	Products::TradeBook	10	\N	2015-01-05 16:04:03.082999	2015-01-05 16:04:03.082999	48
6999	6	GBP	1099	Products::TradeBook	10	\N	2015-01-05 16:04:03.086432	2015-01-05 16:04:03.086432	48
7000	6	USD	1299	Products::TradeBook	10	\N	2015-01-05 16:04:03.090157	2015-01-05 16:04:03.090157	48
7001	6	AUD	2691	Products::TradeBook	7	\N	2015-01-05 16:04:03.093856	2015-01-05 16:04:03.093856	50
7002	1	CAD	2247	Products::TradeBook	7	\N	2015-01-05 16:04:03.097397	2015-01-05 16:04:03.097397	50
7003	1	EUR	1811	Products::TradeBook	7	\N	2015-01-05 16:04:03.101067	2015-01-05 16:04:03.101067	50
7004	1	GBP	1431	Products::TradeBook	7	\N	2015-01-05 16:04:03.104619	2015-01-05 16:04:03.104619	50
7005	1	USD	2247	Products::TradeBook	7	\N	2015-01-05 16:04:03.10803	2015-01-05 16:04:03.10803	50
7006	1	AUD	1800	Products::TradeBook	7	\N	2015-01-05 16:04:03.111463	2015-01-05 16:04:03.111463	52
7007	1	CAD	1711	Products::TradeBook	7	\N	2015-01-05 16:04:03.200382	2015-01-05 16:04:03.200382	52
7008	1	EUR	1222	Products::TradeBook	7	\N	2015-01-05 16:04:03.204585	2015-01-05 16:04:03.204585	52
7009	1	GBP	1307	Products::TradeBook	7	\N	2015-01-05 16:04:03.208919	2015-01-05 16:04:03.208919	52
7010	1	USD	1711	Products::TradeBook	7	\N	2015-01-05 16:04:03.212815	2015-01-05 16:04:03.212815	52
7011	1	AUD	1699	Products::TradeBook	7	\N	2015-01-05 16:04:03.216815	2015-01-05 16:04:03.216815	48
7012	1	CAD	1399	Products::TradeBook	7	\N	2015-01-05 16:04:03.220221	2015-01-05 16:04:03.220221	48
7013	1	EUR	1099	Products::TradeBook	7	\N	2015-01-05 16:04:03.223691	2015-01-05 16:04:03.223691	48
7014	1	GBP	999	Products::TradeBook	7	\N	2015-01-05 16:04:03.227136	2015-01-05 16:04:03.227136	48
7015	1	USD	1499	Products::TradeBook	7	\N	2015-01-05 16:04:03.230751	2015-01-05 16:04:03.230751	48
7016	1	GBP	999	Products::TradeBook	7	\N	2015-01-05 16:04:03.234187	2015-01-05 16:04:03.234187	49
7017	2	GBP	149	Products::TradeBook	5	\N	2015-01-05 16:04:03.237595	2015-01-05 16:04:03.237595	51
7018	2	GBP	149	Products::TradeBook	5	\N	2015-01-05 16:04:03.241098	2015-01-05 16:04:03.241098	49
7019	6	GBP	799	Products::TradeBook	5	\N	2015-01-05 16:04:03.244644	2015-01-05 16:04:03.244644	51
7020	1	GBP	999	Products::TradeBook	5	\N	2015-01-05 16:04:03.248072	2015-01-05 16:04:03.248072	51
7021	2	USD	249	Products::TradeBook	7	\N	2015-01-05 16:04:03.339062	2015-01-05 16:04:03.339062	51
7022	2	USD	249	Products::TradeBook	7	\N	2015-01-05 16:04:03.343157	2015-01-05 16:04:03.343157	49
7023	6	USD	1299	Products::TradeBook	7	\N	2015-01-05 16:04:03.347385	2015-01-05 16:04:03.347385	51
7024	6	USD	1299	Products::TradeBook	7	\N	2015-01-05 16:04:03.351101	2015-01-05 16:04:03.351101	49
7025	1	USD	1499	Products::TradeBook	7	\N	2015-01-05 16:04:03.354514	2015-01-05 16:04:03.354514	51
7026	1	CAD	2047	Products::TradeBook	5	\N	2015-01-05 16:04:03.357997	2015-01-05 16:04:03.357997	50
7027	1	EUR	1624	Products::TradeBook	5	\N	2015-01-05 16:04:03.361784	2015-01-05 16:04:03.361784	50
7028	1	GBP	1331	Products::TradeBook	5	\N	2015-01-05 16:04:03.366266	2015-01-05 16:04:03.366266	50
7029	1	USD	2047	Products::TradeBook	5	\N	2015-01-05 16:04:03.370701	2015-01-05 16:04:03.370701	50
7030	1	USD	1399	Products::TradeBook	5	\N	2015-01-05 16:04:03.374451	2015-01-05 16:04:03.374451	48
7031	1	USD	1499	Products::TradeBook	7	\N	2015-01-05 16:04:03.377891	2015-01-05 16:04:03.377891	49
7032	1	USD	1611	Products::TradeBook	5	\N	2015-01-05 16:04:03.381397	2015-01-05 16:04:03.381397	52
7033	1	CAD	1611	Products::TradeBook	5	\N	2015-01-05 16:04:03.384872	2015-01-05 16:04:03.384872	52
7034	1	CAD	1299	Products::TradeBook	5	\N	2015-01-05 16:04:03.475448	2015-01-05 16:04:03.475448	48
7035	2	USD	249	Products::TradeBook	5	\N	2015-01-05 16:04:03.479357	2015-01-05 16:04:03.479357	51
7036	1	GBP	1107	Products::TradeBook	5	\N	2015-01-05 16:04:03.482758	2015-01-05 16:04:03.482758	52
7037	1	GBP	999	Products::TradeBook	5	\N	2015-01-05 16:04:03.486102	2015-01-05 16:04:03.486102	48
7038	2	USD	249	Products::TradeBook	5	\N	2015-01-05 16:04:03.489653	2015-01-05 16:04:03.489653	49
7039	1	EUR	1129	Products::TradeBook	5	\N	2015-01-05 16:04:03.493253	2015-01-05 16:04:03.493253	52
7040	1	EUR	999	Products::TradeBook	5	\N	2015-01-05 16:04:03.497019	2015-01-05 16:04:03.497019	48
7041	6	USD	1299	Products::TradeBook	5	\N	2015-01-05 16:04:03.500529	2015-01-05 16:04:03.500529	51
7042	1	AUD	1700	Products::TradeBook	5	\N	2015-01-05 16:04:03.50403	2015-01-05 16:04:03.50403	52
7043	1	AUD	1699	Products::TradeBook	5	\N	2015-01-05 16:04:03.507498	2015-01-05 16:04:03.507498	48
7044	1	USD	1499	Products::TradeBook	5	\N	2015-01-05 16:04:03.510968	2015-01-05 16:04:03.510968	51
7045	6	USD	2999	Products::BlurbIosAppBook	3	\N	2018-06-28 16:00:15.123349	2018-06-28 16:00:15.123349	11
7051	6	AUD	4090	Products::BlurbIosAppBook	3	\N	2018-06-28 16:00:15.155045	2018-06-28 16:00:15.155045	11
7052	6	CAD	3299	Products::BlurbIosAppBook	3	\N	2018-06-28 16:00:15.155045	2018-06-28 16:00:15.155045	11
7049	2	EUR	1136	Products::BlurbIosAppBook	9	\N	2018-06-28 16:00:15.155045	2018-06-28 16:00:15.155045	11
7053	6	EUR	2463	Products::BlurbIosAppBook	3	\N	2018-06-28 16:00:15.155045	2018-06-28 16:00:15.155045	11
7054	6	GBP	1999	Products::BlurbIosAppBook	3	\N	2018-06-28 16:00:15.155045	2018-06-28 16:00:15.155045	11
7047	2	AUD	1726	Products::BlurbIosAppBook	9	\N	2018-06-28 16:00:15.155045	2018-06-28 16:00:15.155045	11
7048	2	CAD	1399	Products::BlurbIosAppBook	9	\N	2018-06-28 16:00:15.155045	2018-06-28 16:00:15.155045	11
7050	2	GBP	999	Products::BlurbIosAppBook	9	\N	2018-06-28 16:00:15.155045	2018-06-28 16:00:15.155045	11
7046	2	USD	1299	Products::BlurbIosAppBook	9	\N	2018-06-28 16:00:15.131185	2018-06-28 16:00:15.131185	11
7055	6	USD	4999	Products::StandardBook	3	\N	2018-06-28 16:00:15.398903	2018-06-28 16:00:15.398903	60
7056	6	CAD	6499	Products::StandardBook	3	\N	2018-06-28 16:00:15.398903	2018-06-28 16:00:15.398903	60
7058	6	GBP	3999	Products::StandardBook	3	\N	2018-06-28 16:00:15.398903	2018-06-28 16:00:15.398903	60
7059	6	EUR	4454	Products::StandardBook	3	\N	2018-06-28 16:00:15.398903	2018-06-28 16:00:15.398903	60
7060	6	USD	5999	Products::StandardBook	2	\N	2018-06-28 16:00:15.398903	2018-06-28 16:00:15.398903	60
7061	6	CAD	7999	Products::StandardBook	2	\N	2018-06-28 16:00:15.398903	2018-06-28 16:00:15.398903	60
7064	6	EUR	5307	Products::StandardBook	2	\N	2018-06-28 16:00:15.398903	2018-06-28 16:00:15.398903	60
7065	6	USD	5999	Products::StandardBook	10	\N	2018-06-28 16:00:15.398903	2018-06-28 16:00:15.398903	60
7066	6	CAD	7999	Products::StandardBook	10	\N	2018-06-28 16:00:15.398903	2018-06-28 16:00:15.398903	60
7069	6	EUR	5307	Products::StandardBook	10	\N	2018-06-28 16:00:15.398903	2018-06-28 16:00:15.398903	60
7070	6	USD	5999	Products::StandardBook	1	\N	2018-06-28 16:00:15.398903	2018-06-28 16:00:15.398903	60
7071	6	CAD	7999	Products::StandardBook	1	\N	2018-06-28 16:00:15.398903	2018-06-28 16:00:15.398903	60
7074	6	EUR	5307	Products::StandardBook	1	\N	2018-06-28 16:00:15.398903	2018-06-28 16:00:15.398903	60
7075	6	USD	9499	Products::StandardBook	6	\N	2018-06-28 16:00:15.398903	2018-06-28 16:00:15.398903	60
7079	6	EUR	8340	Products::StandardBook	6	\N	2018-06-28 16:00:15.398903	2018-06-28 16:00:15.398903	60
7080	6	USD	9999	Products::StandardBook	4	\N	2018-06-28 16:00:15.398903	2018-06-28 16:00:15.398903	60
7081	6	CAD	12999	Products::StandardBook	4	\N	2018-06-28 16:00:15.398903	2018-06-28 16:00:15.398903	60
7084	6	EUR	8814	Products::StandardBook	4	\N	2018-06-28 16:00:15.398903	2018-06-28 16:00:15.398903	60
7085	6	USD	4999	Products::StandardBook	3	\N	2020-11-30 18:46:27.446253	2020-11-30 18:46:27.446253	80
7086	6	CAD	6499	Products::StandardBook	3	\N	2020-11-30 18:46:27.446253	2020-11-30 18:46:27.446253	80
7088	6	GBP	3999	Products::StandardBook	3	\N	2020-11-30 18:46:27.446253	2020-11-30 18:46:27.446253	80
7089	6	EUR	4454	Products::StandardBook	3	\N	2020-11-30 18:46:27.446253	2020-11-30 18:46:27.446253	80
7090	6	USD	5999	Products::StandardBook	2	\N	2020-11-30 18:46:27.446253	2020-11-30 18:46:27.446253	80
7091	6	CAD	7999	Products::StandardBook	2	\N	2020-11-30 18:46:27.446253	2020-11-30 18:46:27.446253	80
7094	6	EUR	5307	Products::StandardBook	2	\N	2020-11-30 18:46:27.446253	2020-11-30 18:46:27.446253	80
7095	6	USD	5999	Products::StandardBook	10	\N	2020-11-30 18:46:27.446253	2020-11-30 18:46:27.446253	80
7096	6	CAD	7999	Products::StandardBook	10	\N	2020-11-30 18:46:27.446253	2020-11-30 18:46:27.446253	80
7099	6	EUR	5307	Products::StandardBook	10	\N	2020-11-30 18:46:27.446253	2020-11-30 18:46:27.446253	80
7100	6	USD	5999	Products::StandardBook	1	\N	2020-11-30 18:46:27.446253	2020-11-30 18:46:27.446253	80
7101	6	CAD	7999	Products::StandardBook	1	\N	2020-11-30 18:46:27.446253	2020-11-30 18:46:27.446253	80
7104	6	EUR	5307	Products::StandardBook	1	\N	2020-11-30 18:46:27.446253	2020-11-30 18:46:27.446253	80
7105	6	USD	9499	Products::StandardBook	6	\N	2020-11-30 18:46:27.446253	2020-11-30 18:46:27.446253	80
7109	6	EUR	8340	Products::StandardBook	6	\N	2020-11-30 18:46:27.446253	2020-11-30 18:46:27.446253	80
7110	6	USD	9999	Products::StandardBook	4	\N	2020-11-30 18:46:27.446253	2020-11-30 18:46:27.446253	80
7111	6	CAD	12999	Products::StandardBook	4	\N	2020-11-30 18:46:27.446253	2020-11-30 18:46:27.446253	80
7114	6	EUR	8814	Products::StandardBook	4	\N	2020-11-30 18:46:27.446253	2020-11-30 18:46:27.446253	80
7082	6	AUD	13635	Products::StandardBook	4	\N	2018-06-28 16:00:15.398903	2020-11-30 18:46:27.808086	60
7083	6	GBP	7999	Products::StandardBook	4	\N	2018-06-28 16:00:15.398903	2020-11-30 18:46:27.808086	60
7057	6	AUD	6363	Products::StandardBook	3	\N	2018-06-28 16:00:15.398903	2020-11-30 18:46:27.808086	60
7076	6	CAD	12499	Products::StandardBook	6	\N	2018-06-28 16:00:15.398903	2020-11-30 18:46:27.808086	60
7077	6	AUD	12726	Products::StandardBook	6	\N	2018-06-28 16:00:15.398903	2020-11-30 18:46:27.808086	60
7078	6	GBP	6999	Products::StandardBook	6	\N	2018-06-28 16:00:15.398903	2020-11-30 18:46:27.808086	60
7072	6	AUD	8181	Products::StandardBook	1	\N	2018-06-28 16:00:15.398903	2020-11-30 18:46:27.808086	60
7073	6	GBP	4999	Products::StandardBook	1	\N	2018-06-28 16:00:15.398903	2020-11-30 18:46:27.808086	60
7062	6	AUD	8181	Products::StandardBook	2	\N	2018-06-28 16:00:15.398903	2020-11-30 18:46:27.808086	60
7063	6	GBP	4999	Products::StandardBook	2	\N	2018-06-28 16:00:15.398903	2020-11-30 18:46:27.808086	60
7067	6	AUD	8181	Products::StandardBook	10	\N	2018-06-28 16:00:15.398903	2020-11-30 18:46:27.808086	60
7068	6	GBP	4999	Products::StandardBook	10	\N	2018-06-28 16:00:15.398903	2020-11-30 18:46:27.808086	60
7112	6	AUD	13635	Products::StandardBook	4	\N	2020-11-30 18:46:27.446253	2020-11-30 18:46:27.808086	80
7113	6	GBP	7999	Products::StandardBook	4	\N	2020-11-30 18:46:27.446253	2020-11-30 18:46:27.808086	80
7172	6	AUD	18181	Products::StandardBook	4	\N	2020-11-30 18:46:27.446253	2020-11-30 18:46:27.808086	82
7171	6	CAD	19999	Products::StandardBook	4	\N	2020-11-30 18:46:27.446253	2020-11-30 18:46:27.808086	82
7174	6	EUR	13459	Products::StandardBook	4	\N	2020-11-30 18:46:27.446253	2020-11-30 18:46:27.808086	82
7173	6	GBP	10999	Products::StandardBook	4	\N	2020-11-30 18:46:27.446253	2020-11-30 18:46:27.808086	82
7170	6	USD	14999	Products::StandardBook	4	\N	2020-11-30 18:46:27.446253	2020-11-30 18:46:27.808086	82
7142	6	AUD	17272	Products::StandardBook	4	\N	2020-11-30 18:46:27.446253	2020-11-30 18:46:27.808086	81
7141	6	CAD	18699	Products::StandardBook	4	\N	2020-11-30 18:46:27.446253	2020-11-30 18:46:27.808086	81
7144	6	EUR	12511	Products::StandardBook	4	\N	2020-11-30 18:46:27.446253	2020-11-30 18:46:27.808086	81
7143	6	GBP	9999	Products::StandardBook	4	\N	2020-11-30 18:46:27.446253	2020-11-30 18:46:27.808086	81
7140	6	USD	13999	Products::StandardBook	4	\N	2020-11-30 18:46:27.446253	2020-11-30 18:46:27.808086	81
7107	6	AUD	12726	Products::StandardBook	6	\N	2020-11-30 18:46:27.446253	2020-11-30 18:46:27.808086	80
7106	6	CAD	12499	Products::StandardBook	6	\N	2020-11-30 18:46:27.446253	2020-11-30 18:46:27.808086	80
7108	6	GBP	6999	Products::StandardBook	6	\N	2020-11-30 18:46:27.446253	2020-11-30 18:46:27.808086	80
7167	6	AUD	17272	Products::StandardBook	6	\N	2020-11-30 18:46:27.446253	2020-11-30 18:46:27.808086	82
7166	6	CAD	18699	Products::StandardBook	6	\N	2020-11-30 18:46:27.446253	2020-11-30 18:46:27.808086	82
7169	6	EUR	12606	Products::StandardBook	6	\N	2020-11-30 18:46:27.446253	2020-11-30 18:46:27.808086	82
7168	6	GBP	9999	Products::StandardBook	6	\N	2020-11-30 18:46:27.446253	2020-11-30 18:46:27.808086	82
7165	6	USD	13999	Products::StandardBook	6	\N	2020-11-30 18:46:27.446253	2020-11-30 18:46:27.808086	82
7137	6	AUD	16363	Products::StandardBook	6	\N	2020-11-30 18:46:27.446253	2020-11-30 18:46:27.808086	81
7136	6	CAD	17299	Products::StandardBook	6	\N	2020-11-30 18:46:27.446253	2020-11-30 18:46:27.808086	81
7139	6	EUR	11658	Products::StandardBook	6	\N	2020-11-30 18:46:27.446253	2020-11-30 18:46:27.808086	81
7138	6	GBP	8999	Products::StandardBook	6	\N	2020-11-30 18:46:27.446253	2020-11-30 18:46:27.808086	81
7135	6	USD	12999	Products::StandardBook	6	\N	2020-11-30 18:46:27.446253	2020-11-30 18:46:27.808086	81
7087	6	AUD	6363	Products::StandardBook	3	\N	2020-11-30 18:46:27.446253	2020-11-30 18:46:27.808086	80
7147	6	AUD	11817	Products::StandardBook	3	\N	2020-11-30 18:46:27.446253	2020-11-30 18:46:27.808086	82
7146	6	CAD	11999	Products::StandardBook	3	\N	2020-11-30 18:46:27.446253	2020-11-30 18:46:27.808086	82
7149	6	EUR	8056	Products::StandardBook	3	\N	2020-11-30 18:46:27.446253	2020-11-30 18:46:27.808086	82
7148	6	GBP	5999	Products::StandardBook	3	\N	2020-11-30 18:46:27.446253	2020-11-30 18:46:27.808086	82
7145	6	USD	8999	Products::StandardBook	3	\N	2020-11-30 18:46:27.446253	2020-11-30 18:46:27.808086	82
7117	6	AUD	9999	Products::StandardBook	3	\N	2020-11-30 18:46:27.446253	2020-11-30 18:46:27.808086	81
7116	6	CAD	10699	Products::StandardBook	3	\N	2020-11-30 18:46:27.446253	2020-11-30 18:46:27.808086	81
7119	6	EUR	7203	Products::StandardBook	3	\N	2020-11-30 18:46:27.446253	2020-11-30 18:46:27.808086	81
7118	6	GBP	4999	Products::StandardBook	3	\N	2020-11-30 18:46:27.446253	2020-11-30 18:46:27.808086	81
7115	6	USD	6999	Products::StandardBook	3	\N	2020-11-30 18:46:27.446253	2020-11-30 18:46:27.808086	81
7102	6	AUD	8181	Products::StandardBook	1	\N	2020-11-30 18:46:27.446253	2020-11-30 18:46:27.808086	80
7103	6	GBP	4999	Products::StandardBook	1	\N	2020-11-30 18:46:27.446253	2020-11-30 18:46:27.808086	80
7162	6	AUD	12726	Products::StandardBook	1	\N	2020-11-30 18:46:27.446253	2020-11-30 18:46:27.808086	82
7161	6	CAD	13299	Products::StandardBook	1	\N	2020-11-30 18:46:27.446253	2020-11-30 18:46:27.808086	82
7164	6	EUR	9004	Products::StandardBook	1	\N	2020-11-30 18:46:27.446253	2020-11-30 18:46:27.808086	82
7163	6	GBP	7999	Products::StandardBook	1	\N	2020-11-30 18:46:27.446253	2020-11-30 18:46:27.808086	82
7160	6	USD	9999	Products::StandardBook	1	\N	2020-11-30 18:46:27.446253	2020-11-30 18:46:27.808086	82
7132	6	AUD	11817	Products::StandardBook	1	\N	2020-11-30 18:46:27.446253	2020-11-30 18:46:27.808086	81
7131	6	CAD	11999	Products::StandardBook	1	\N	2020-11-30 18:46:27.446253	2020-11-30 18:46:27.808086	81
7134	6	EUR	8056	Products::StandardBook	1	\N	2020-11-30 18:46:27.446253	2020-11-30 18:46:27.808086	81
7133	6	GBP	6999	Products::StandardBook	1	\N	2020-11-30 18:46:27.446253	2020-11-30 18:46:27.808086	81
7130	6	USD	8999	Products::StandardBook	1	\N	2020-11-30 18:46:27.446253	2020-11-30 18:46:27.808086	81
7092	6	AUD	8181	Products::StandardBook	2	\N	2020-11-30 18:46:27.446253	2020-11-30 18:46:27.808086	80
7093	6	GBP	4999	Products::StandardBook	2	\N	2020-11-30 18:46:27.446253	2020-11-30 18:46:27.808086	80
7152	6	AUD	12726	Products::StandardBook	2	\N	2020-11-30 18:46:27.446253	2020-11-30 18:46:27.808086	82
7151	6	CAD	13299	Products::StandardBook	2	\N	2020-11-30 18:46:27.446253	2020-11-30 18:46:27.808086	82
7154	6	EUR	9004	Products::StandardBook	2	\N	2020-11-30 18:46:27.446253	2020-11-30 18:46:27.808086	82
7153	6	GBP	7999	Products::StandardBook	2	\N	2020-11-30 18:46:27.446253	2020-11-30 18:46:27.808086	82
7150	6	USD	9999	Products::StandardBook	2	\N	2020-11-30 18:46:27.446253	2020-11-30 18:46:27.808086	82
7122	6	AUD	11817	Products::StandardBook	2	\N	2020-11-30 18:46:27.446253	2020-11-30 18:46:27.808086	81
7121	6	CAD	11999	Products::StandardBook	2	\N	2020-11-30 18:46:27.446253	2020-11-30 18:46:27.808086	81
7124	6	EUR	8056	Products::StandardBook	2	\N	2020-11-30 18:46:27.446253	2020-11-30 18:46:27.808086	81
7123	6	GBP	6999	Products::StandardBook	2	\N	2020-11-30 18:46:27.446253	2020-11-30 18:46:27.808086	81
7120	6	USD	8999	Products::StandardBook	2	\N	2020-11-30 18:46:27.446253	2020-11-30 18:46:27.808086	81
7097	6	AUD	8181	Products::StandardBook	10	\N	2020-11-30 18:46:27.446253	2020-11-30 18:46:27.808086	80
7098	6	GBP	4999	Products::StandardBook	10	\N	2020-11-30 18:46:27.446253	2020-11-30 18:46:27.808086	80
7157	6	AUD	12726	Products::StandardBook	10	\N	2020-11-30 18:46:27.446253	2020-11-30 18:46:27.808086	82
7156	6	CAD	13299	Products::StandardBook	10	\N	2020-11-30 18:46:27.446253	2020-11-30 18:46:27.808086	82
7159	6	EUR	9004	Products::StandardBook	10	\N	2020-11-30 18:46:27.446253	2020-11-30 18:46:27.808086	82
7158	6	GBP	7999	Products::StandardBook	10	\N	2020-11-30 18:46:27.446253	2020-11-30 18:46:27.808086	82
7155	6	USD	9999	Products::StandardBook	10	\N	2020-11-30 18:46:27.446253	2020-11-30 18:46:27.808086	82
7127	6	AUD	11817	Products::StandardBook	10	\N	2020-11-30 18:46:27.446253	2020-11-30 18:46:27.808086	81
7126	6	CAD	11999	Products::StandardBook	10	\N	2020-11-30 18:46:27.446253	2020-11-30 18:46:27.808086	81
7129	6	EUR	8056	Products::StandardBook	10	\N	2020-11-30 18:46:27.446253	2020-11-30 18:46:27.808086	81
7128	6	GBP	6999	Products::StandardBook	10	\N	2020-11-30 18:46:27.446253	2020-11-30 18:46:27.808086	81
7125	6	USD	8999	Products::StandardBook	10	\N	2020-11-30 18:46:27.446253	2020-11-30 18:46:27.808086	81
\.


--
-- Name: base_prices_id_seq; Type: SEQUENCE SET; Schema: blurby; Owner: -
--

SELECT pg_catalog.setval('base_prices_id_seq', 7174, true);


--
-- Data for Name: bbf2_jobs; Type: TABLE DATA; Schema: blurby; Owner: -
--

COPY bbf2_jobs (id, progress, status, bbf2_project_id, created_at, updated_at, started_at, finished_at, job_type, wf_id, update_needed) FROM stdin;
\.


--
-- Name: bbf2_jobs_id_seq; Type: SEQUENCE SET; Schema: blurby; Owner: -
--

SELECT pg_catalog.setval('bbf2_jobs_id_seq', 1, false);


--
-- Data for Name: bbf2_project_assets; Type: TABLE DATA; Schema: blurby; Owner: -
--

COPY bbf2_project_assets (id, storage_id, project_id) FROM stdin;
\.


--
-- Name: bbf2_project_assets_id_seq; Type: SEQUENCE SET; Schema: blurby; Owner: -
--

SELECT pg_catalog.setval('bbf2_project_assets_id_seq', 1, false);


--
-- Data for Name: bbf2_projects; Type: TABLE DATA; Schema: blurby; Owner: -
--

COPY bbf2_projects (id, guts_id, project_id, created_at, updated_at, deleted_at, selected) FROM stdin;
\.


--
-- Name: bbf2_projects_id_seq; Type: SEQUENCE SET; Schema: blurby; Owner: -
--

SELECT pg_catalog.setval('bbf2_projects_id_seq', 1, false);


--
-- Data for Name: bbf_jobs; Type: TABLE DATA; Schema: blurby; Owner: -
--

COPY bbf_jobs (id, product_id, book_xml, created_at, updated_at, user_id, photobook_job_id, api_key_id, book_project_id, guts_id, cover_design_id, type, wf_id, intended_cover_id) FROM stdin;
\.


--
-- Name: bbf_jobs_id_seq; Type: SEQUENCE SET; Schema: blurby; Owner: -
--

SELECT pg_catalog.setval('bbf_jobs_id_seq', 1, false);


--
-- Data for Name: bisac_categories; Type: TABLE DATA; Schema: blurby; Owner: -
--

COPY bisac_categories (id, name, code, parent_id, created_at, updated_at) FROM stdin;
\.


--
-- Name: bisac_categories_id_seq; Type: SEQUENCE SET; Schema: blurby; Owner: -
--

SELECT pg_catalog.setval('bisac_categories_id_seq', 1, false);


--
-- Data for Name: blob_chunks; Type: TABLE DATA; Schema: blurby; Owner: -
--

COPY blob_chunks (id, blob_upload_id, chunk, state, chunk_offset, size, host, created_at, started_at, processing_started_at, finished_at) FROM stdin;
\.


--
-- Name: blob_chunks_id_seq; Type: SEQUENCE SET; Schema: blurby; Owner: -
--

SELECT pg_catalog.setval('blob_chunks_id_seq', 1, false);


--
-- Data for Name: blob_uploads; Type: TABLE DATA; Schema: blurby; Owner: -
--

COPY blob_uploads (id, upload_id, state, total_size, destination, created_at, started_at, finished_at) FROM stdin;
\.


--
-- Name: blob_uploads_id_seq; Type: SEQUENCE SET; Schema: blurby; Owner: -
--

SELECT pg_catalog.setval('blob_uploads_id_seq', 1, false);


--
-- Data for Name: book_meta_datas; Type: TABLE DATA; Schema: blurby; Owner: -
--

COPY book_meta_datas (id, book_id, serialized_data, authonomy) FROM stdin;
\.


--
-- Name: book_meta_datas_id_seq; Type: SEQUENCE SET; Schema: blurby; Owner: -
--

SELECT pg_catalog.setval('book_meta_datas_id_seq', 1, false);


--
-- Data for Name: book_previews; Type: TABLE DATA; Schema: blurby; Owner: -
--

COPY book_previews (id, book_id, preview_pages) FROM stdin;
\.


--
-- Name: book_previews_id_seq; Type: SEQUENCE SET; Schema: blurby; Owner: -
--

SELECT pg_catalog.setval('book_previews_id_seq', 1, false);


--
-- Data for Name: book_projects; Type: TABLE DATA; Schema: blurby; Owner: -
--

COPY book_projects (id, user_id, name, title, author, project_id, created_at, updated_at, cover_file_name, cover_content_type, cover_file_size, cover_updated_at, product_id, deleted_at, synced, source_name, source_version, source_info, instant_book, type) FROM stdin;
\.


--
-- Name: book_projects_id_seq; Type: SEQUENCE SET; Schema: blurby; Owner: -
--

SELECT pg_catalog.setval('book_projects_id_seq', 1, false);


--
-- Data for Name: book_smart_crash_logs; Type: TABLE DATA; Schema: blurby; Owner: -
--

COPY book_smart_crash_logs (id, "time", "from", guid, book_smart_version, open_count, theme, to_reproduce_steps, cause, stack, os_version, jvm, locale, book_guid) FROM stdin;
\.


--
-- Name: book_smart_crash_logs_id_seq; Type: SEQUENCE SET; Schema: blurby; Owner: -
--

SELECT pg_catalog.setval('book_smart_crash_logs_id_seq', 1, false);


--
-- Data for Name: bookstore_languages; Type: TABLE DATA; Schema: blurby; Owner: -
--

COPY bookstore_languages (id, name, iso_id, created_at, updated_at, type) FROM stdin;
38	Basque	baq	2014-02-20 11:33:01.187619	2014-02-20 11:33:01.187619	BlurbBookstoreLanguage
1	Basque	baq	2014-02-20 11:33:01.187619	2014-02-20 11:33:03.928047	Ebook::IbookstoreLanguage
39	Bulgarian	bul	2014-02-20 11:33:01.192988	2014-02-20 11:33:01.192988	BlurbBookstoreLanguage
2	Bulgarian	bul	2014-02-20 11:33:01.192988	2014-02-20 11:33:03.931367	Ebook::IbookstoreLanguage
40	Catalan	cat	2014-02-20 11:33:01.195597	2014-02-20 11:33:01.195597	BlurbBookstoreLanguage
3	Catalan	cat	2014-02-20 11:33:01.195597	2014-02-20 11:33:03.933971	Ebook::IbookstoreLanguage
41	Czech	cze	2014-02-20 11:33:01.197842	2014-02-20 11:33:01.197842	BlurbBookstoreLanguage
4	Czech	cze	2014-02-20 11:33:01.197842	2014-02-20 11:33:03.936622	Ebook::IbookstoreLanguage
42	Danish	dan	2014-02-20 11:33:01.199544	2014-02-20 11:33:01.199544	BlurbBookstoreLanguage
5	Danish	dan	2014-02-20 11:33:01.199544	2014-02-20 11:33:03.939015	Ebook::IbookstoreLanguage
43	Dutch	dut	2014-02-20 11:33:01.200908	2014-02-20 11:33:01.200908	BlurbBookstoreLanguage
6	Dutch	dut	2014-02-20 11:33:01.200908	2014-02-20 11:33:03.941367	Ebook::IbookstoreLanguage
44	English	eng	2014-02-20 11:33:01.202188	2014-02-20 11:33:01.202188	BlurbBookstoreLanguage
7	English	eng	2014-02-20 11:33:01.202188	2014-02-20 11:33:03.944806	Ebook::IbookstoreLanguage
45	Estonian	est	2014-02-20 11:33:01.203542	2014-02-20 11:33:01.203542	BlurbBookstoreLanguage
8	Estonian	est	2014-02-20 11:33:01.203542	2014-02-20 11:33:03.947425	Ebook::IbookstoreLanguage
46	Finnish	fin	2014-02-20 11:33:01.204901	2014-02-20 11:33:01.204901	BlurbBookstoreLanguage
9	Finnish	fin	2014-02-20 11:33:01.204901	2014-02-20 11:33:03.949781	Ebook::IbookstoreLanguage
47	French	fre	2014-02-20 11:33:01.206243	2014-02-20 11:33:01.206243	BlurbBookstoreLanguage
10	French	fre	2014-02-20 11:33:01.206243	2014-02-20 11:33:03.952337	Ebook::IbookstoreLanguage
48	Gaelic	gla	2014-02-20 11:33:01.207541	2014-02-20 11:33:01.207541	BlurbBookstoreLanguage
11	Gaelic	gla	2014-02-20 11:33:01.207541	2014-02-20 11:33:03.954912	Ebook::IbookstoreLanguage
49	German	ger	2014-02-20 11:33:01.208838	2014-02-20 11:33:01.208838	BlurbBookstoreLanguage
12	German	ger	2014-02-20 11:33:01.208838	2014-02-20 11:33:03.957539	Ebook::IbookstoreLanguage
50	Irish	gle	2014-02-20 11:33:01.210098	2014-02-20 11:33:01.210098	BlurbBookstoreLanguage
13	Irish	gle	2014-02-20 11:33:01.210098	2014-02-20 11:33:03.960032	Ebook::IbookstoreLanguage
51	Greek	gre	2014-02-20 11:33:01.211468	2014-02-20 11:33:01.211468	BlurbBookstoreLanguage
14	Greek	gre	2014-02-20 11:33:01.211468	2014-02-20 11:33:03.962547	Ebook::IbookstoreLanguage
52	Hindi	hin	2014-02-20 11:33:01.213562	2014-02-20 11:33:01.213562	BlurbBookstoreLanguage
15	Hindi	hin	2014-02-20 11:33:01.213562	2014-02-20 11:33:03.965055	Ebook::IbookstoreLanguage
53	Hungarian	hun	2014-02-20 11:33:01.215341	2014-02-20 11:33:01.215341	BlurbBookstoreLanguage
16	Hungarian	hun	2014-02-20 11:33:01.215341	2014-02-20 11:33:03.9675	Ebook::IbookstoreLanguage
54	Icelandic	ice	2014-02-20 11:33:01.216746	2014-02-20 11:33:01.216746	BlurbBookstoreLanguage
17	Icelandic	ice	2014-02-20 11:33:01.216746	2014-02-20 11:33:04.127763	Ebook::IbookstoreLanguage
55	Inuktitut	iku	2014-02-20 11:33:01.218055	2014-02-20 11:33:01.218055	BlurbBookstoreLanguage
18	Inuktitut	iku	2014-02-20 11:33:01.218055	2014-02-20 11:33:04.130351	Ebook::IbookstoreLanguage
56	Inupiaq	ipk	2014-02-20 11:33:01.219395	2014-02-20 11:33:01.219395	BlurbBookstoreLanguage
19	Inupiaq	ipk	2014-02-20 11:33:01.219395	2014-02-20 11:33:04.132862	Ebook::IbookstoreLanguage
57	Italian	ita	2014-02-20 11:33:01.220687	2014-02-20 11:33:01.220687	BlurbBookstoreLanguage
20	Italian	ita	2014-02-20 11:33:01.220687	2014-02-20 11:33:04.135248	Ebook::IbookstoreLanguage
58	Korean	kor	2014-02-20 11:33:01.221981	2014-02-20 11:33:01.221981	BlurbBookstoreLanguage
21	Korean	kor	2014-02-20 11:33:01.221981	2014-02-20 11:33:04.137623	Ebook::IbookstoreLanguage
59	Latin	lat	2014-02-20 11:33:01.223278	2014-02-20 11:33:01.223278	BlurbBookstoreLanguage
22	Latin	lat	2014-02-20 11:33:01.223278	2014-02-20 11:33:04.140052	Ebook::IbookstoreLanguage
60	Latvian	lav	2014-02-20 11:33:01.390186	2014-02-20 11:33:01.390186	BlurbBookstoreLanguage
23	Latvian	lav	2014-02-20 11:33:01.390186	2014-02-20 11:33:04.143033	Ebook::IbookstoreLanguage
61	Lithuanian	lit	2014-02-20 11:33:01.392024	2014-02-20 11:33:01.392024	BlurbBookstoreLanguage
24	Lithuanian	lit	2014-02-20 11:33:01.392024	2014-02-20 11:33:04.146529	Ebook::IbookstoreLanguage
62	Luxembourgish	ltz	2014-02-20 11:33:01.393592	2014-02-20 11:33:01.393592	BlurbBookstoreLanguage
25	Luxembourgish	ltz	2014-02-20 11:33:01.393592	2014-02-20 11:33:04.148972	Ebook::IbookstoreLanguage
63	Maltese	mlt	2014-02-20 11:33:01.395362	2014-02-20 11:33:01.395362	BlurbBookstoreLanguage
26	Maltese	mlt	2014-02-20 11:33:01.395362	2014-02-20 11:33:04.152264	Ebook::IbookstoreLanguage
64	Norwegian	nor	2014-02-20 11:33:01.396884	2014-02-20 11:33:01.396884	BlurbBookstoreLanguage
27	Norwegian	nor	2014-02-20 11:33:01.396884	2014-02-20 11:33:04.154671	Ebook::IbookstoreLanguage
65	Polish	pol	2014-02-20 11:33:01.398308	2014-02-20 11:33:01.398308	BlurbBookstoreLanguage
28	Polish	pol	2014-02-20 11:33:01.398308	2014-02-20 11:33:04.156943	Ebook::IbookstoreLanguage
66	Portuguese	por	2014-02-20 11:33:01.399706	2014-02-20 11:33:01.399706	BlurbBookstoreLanguage
29	Portuguese	por	2014-02-20 11:33:01.399706	2014-02-20 11:33:04.159264	Ebook::IbookstoreLanguage
67	Rhaeto-Romance	roa	2014-02-20 11:33:01.401153	2014-02-20 11:33:01.401153	BlurbBookstoreLanguage
30	Rhaeto-Romance	roa	2014-02-20 11:33:01.401153	2014-02-20 11:33:04.161548	Ebook::IbookstoreLanguage
68	Romanian	rum	2014-02-20 11:33:01.402556	2014-02-20 11:33:01.402556	BlurbBookstoreLanguage
31	Romanian	rum	2014-02-20 11:33:01.402556	2014-02-20 11:33:04.163852	Ebook::IbookstoreLanguage
69	Russian	rus	2014-02-20 11:33:01.403966	2014-02-20 11:33:01.403966	BlurbBookstoreLanguage
32	Russian	rus	2014-02-20 11:33:01.403966	2014-02-20 11:33:04.166176	Ebook::IbookstoreLanguage
70	Slovak	slo	2014-02-20 11:33:01.405369	2014-02-20 11:33:01.405369	BlurbBookstoreLanguage
33	Slovak	slo	2014-02-20 11:33:01.405369	2014-02-20 11:33:04.168904	Ebook::IbookstoreLanguage
71	Slovenian	slv	2014-02-20 11:33:01.407095	2014-02-20 11:33:01.407095	BlurbBookstoreLanguage
34	Slovenian	slv	2014-02-20 11:33:01.407095	2014-02-20 11:33:04.171266	Ebook::IbookstoreLanguage
72	Spanish	spa	2014-02-20 11:33:01.408846	2014-02-20 11:33:01.408846	BlurbBookstoreLanguage
35	Spanish	spa	2014-02-20 11:33:01.408846	2014-02-20 11:33:04.173591	Ebook::IbookstoreLanguage
73	Swedish	swe	2014-02-20 11:33:01.410263	2014-02-20 11:33:01.410263	BlurbBookstoreLanguage
36	Swedish	swe	2014-02-20 11:33:01.410263	2014-02-20 11:33:04.175841	Ebook::IbookstoreLanguage
74	Turkish	tur	2014-02-20 11:33:01.411603	2014-02-20 11:33:01.411603	BlurbBookstoreLanguage
37	Turkish	tur	2014-02-20 11:33:01.411603	2014-02-20 11:33:04.178153	Ebook::IbookstoreLanguage
75	Undetermined	und	2014-02-20 11:33:04.181879	2018-06-28 16:00:12.420157	BlurbBookstoreLanguage
\.


--
-- Data for Name: languages; Type: TABLE DATA; Schema: blurby; Owner: -
--

COPY languages (id, name, language_code, created_at, updated_at, domain_prefix) FROM stdin;
1	No Language Set	NLS	2014-02-20 11:33:33.207594	2014-02-20 11:33:33.207594	NLS
2	French	fr	2014-02-20 11:33:33.215994	2014-02-20 11:33:33.215994	fr
3	English	en	2014-02-20 11:33:33.220572	2014-02-20 11:33:33.220572	en
5	German	de	2014-02-20 11:33:33.230301	2014-02-20 11:33:33.230301	de
6	Dutch	nl	2014-02-20 11:33:33.233435	2014-02-20 11:33:33.233435	nl
7	Portuguese	pt	2014-02-20 11:33:33.23746	2014-02-20 11:33:33.23746	br
8	Italian	it	2014-02-20 11:33:33.241454	2014-02-20 11:33:33.241454	it
9	Spanish	es	2014-02-20 11:33:33.244455	2014-02-20 11:33:33.244455	es
10	Japanese	ja	2014-02-20 11:33:33.246876	2014-02-20 11:33:33.246876	jp
11	Korean	ko	2014-02-20 11:33:33.249218	2014-02-20 11:33:33.249218	kr
12	Chinese	zh	2014-02-20 11:33:33.251654	2014-02-20 11:33:33.251654	cn
\.


--
-- Data for Name: products; Type: TABLE DATA; Schema: blurby; Owner: -
--

COPY products (id, type, author_id, title, sub_title, description, private, created_at, deleted_at, status, featured, pages, authors, bookserve_id, booksmart_guid, booksmart_version, preview_url, product_dimension_id, featured_at, permission_received_at, admin_meta_data_id, booksmart_ancestor_guid, booksmart_pcl_guid, booksmart_install_guid, booksmart_save_as_count, booksmart_import_count, updated_at, creation_source, redirect_to, custom_end_sheet, preview_state_id, first_purchased_at, isbn_intent, distribution_state_id, language_id, bookstore_language_id, author_purchased) FROM stdin;
\.


--
-- Data for Name: book_source_devices; Type: TABLE DATA; Schema: blurby; Owner: -
--

COPY book_source_devices (id, book_id, user_agent, device_id, device_model, os_version, build_version, network_type, device, model) FROM stdin;
\.


--
-- Name: book_source_devices_id_seq; Type: SEQUENCE SET; Schema: blurby; Owner: -
--

SELECT pg_catalog.setval('book_source_devices_id_seq', 1, false);


--
-- Data for Name: book_specifications; Type: TABLE DATA; Schema: blurby; Owner: -
--

COPY book_specifications (id, cover_design_id, cover_type_id, paper_type_id, custom_logo_type_id, endsheet_type_id, book_covering_type_id, cover_paper_type_id, coating_type_id, intended_cover_id) FROM stdin;
\.


--
-- Name: book_specifications_id_seq; Type: SEQUENCE SET; Schema: blurby; Owner: -
--

SELECT pg_catalog.setval('book_specifications_id_seq', 1, false);


--
-- Data for Name: book_weights; Type: TABLE DATA; Schema: blurby; Owner: -
--

COPY book_weights (id, cover_type_id, product_dimension_id, weight_per_page, weight_constant, paper_type_id) FROM stdin;
1	2	1	0.0100282875	0.625	7
2	6	1	0.0100282875	0.625	7
3	1	1	0.0100282875	0.0650000000000000022	7
4	2	3	0.00593191113281250036	0.419999999999999984	7
5	6	3	0.00593191113281250036	0.419999999999999984	7
6	1	3	0.00593191113281250036	0.0650000000000000022	7
7	2	2	0.00999979804687499939	0.625	7
8	6	2	0.00999979804687499939	0.625	7
9	1	2	0.00999979804687499939	0.0650000000000000022	7
10	2	4	0.0174701396484375007	1.12000000000000011	7
11	6	4	0.0174701396484375007	1.12000000000000011	7
12	1	4	0.0174701396484375007	0.0650000000000000022	7
13	2	1	0.00805844531250000072	0.625	10
14	6	1	0.00805844531250000072	0.625	10
15	1	1	0.00805844531250000072	0.0650000000000000022	10
16	2	3	0.00474552890625000012	0.419999999999999984	10
17	6	3	0.00474552890625000012	0.419999999999999984	10
18	1	3	0.00474552890625000012	0.0650000000000000022	10
19	2	2	0.00794448749999999981	0.625	10
20	6	2	0.00794448749999999981	0.625	10
21	1	2	0.00794448749999999981	0.0650000000000000022	10
22	2	4	0.0140216948437499999	1.12000000000000011	10
23	6	4	0.0140216948437499999	1.12000000000000011	10
24	1	4	0.0140216948437499999	0.0650000000000000022	10
25	2	6	0.0134551617187500007	1.15399999999999991	10
26	6	6	0.0134551617187500007	1.15399999999999991	10
27	2	6	0.0134551617187500007	1.12000000000000011	10
28	2	6	0.0181681312500000004	1.12000000000000011	7
29	6	6	0.0134551617187500007	1.12000000000000011	10
30	6	6	0.0181681312500000004	1.12000000000000011	7
31	1	6	0.0134551617187500007	0.0650000000000000022	10
32	1	6	0.0181681312500000004	0.0650000000000000022	7
33	2	5	0.00314279367187500014	0.0650000000000000022	30
34	6	5	0.00314279367187500014	0.340000000000000024	30
35	1	5	0.00314279367187500014	0.340000000000000024	30
36	2	5	0.00314279367187500014	0.0650000000000000022	31
37	6	5	0.00314279367187500014	0.340000000000000024	31
38	1	5	0.00314279367187500014	0.340000000000000024	31
39	2	7	0.00440332987499999964	0.0650000000000000022	30
40	6	7	0.00440332987499999964	0.445000000000000007	30
41	1	7	0.00440332987499999964	0.445000000000000007	30
42	2	7	0.00440332987499999964	0.0650000000000000022	31
43	6	7	0.00440332987499999964	0.445000000000000007	31
44	1	7	0.00440332987499999964	0.445000000000000007	31
45	2	8	0.00988502624999999975	0.650000000000000022	10
46	44	8	0.00988502624999999975	0.650000000000000022	10
47	2	8	0.0120100130900000004	0.650000000000000022	45
48	2	8	0.00324381117780000007	0.650000000000000022	46
49	2	9	0.00266986875000000019	0.0650000000000000022	10
50	2	9	0.00333733593749999981	0.0650000000000000022	11
51	2	1	0.0100282875	0.625	11
52	6	1	0.0100282875	0.625	11
53	1	1	0.0100282875	0.0650000000000000022	11
54	2	3	0.00593191113281250036	0.419999999999999984	11
55	6	3	0.00593191113281250036	0.419999999999999984	11
56	1	3	0.00593191113281250036	0.0650000000000000022	11
57	2	2	0.00999979804687499939	0.625	11
58	6	2	0.00999979804687499939	0.625	11
59	1	2	0.00999979804687499939	0.0650000000000000022	11
60	2	4	0.0174701396484375007	1.12000000000000011	11
61	6	4	0.0174701396484375007	1.12000000000000011	11
62	1	4	0.0174701396484375007	0.0650000000000000022	11
63	2	6	0.0181681312500000004	1.12000000000000011	11
64	6	6	0.0181681312500000004	1.12000000000000011	11
65	1	6	0.0181681312500000004	0.0650000000000000022	11
66	1	3	0.0122635372972780005	0.419999999999999984	16
67	6	3	0.0122635372972780005	0.419999999999999984	16
68	2	3	0.0122635372972780005	0.0650000000000000022	16
69	1	2	0.0206716661621289995	0.625	16
70	6	2	0.0206716661621289995	0.625	16
71	2	2	0.0206716661621289995	0.0650000000000000022	16
72	1	1	0.0207308972972639997	0.625	16
73	6	1	0.0207308972972639997	0.625	16
74	2	1	0.0207308972972639997	0.0650000000000000022	16
75	1	4	0.0361148384864279984	1.12000000000000011	16
76	6	4	0.0361148384864279984	1.12000000000000011	16
77	1	5	0.0110385297297119992	0.340000000000000024	16
78	6	5	0.0110385297297119992	0.340000000000000024	16
79	2	5	0.0110385297297119992	0.0650000000000000022	16
80	1	6	0.0375660012972370005	1.15399999999999991	16
81	6	6	0.0375660012972370005	1.15399999999999991	16
82	1	7	0.0148414378378139995	0.445000000000000007	16
83	6	7	0.0148414378378139995	0.445000000000000007	16
84	2	7	0.0148414378378139995	0.0650000000000000022	16
85	1	3	0.00958658796296499999	0.419999999999999984	17
86	6	3	0.00958658796296499999	0.419999999999999984	17
87	2	3	0.00958658796296499999	0.0650000000000000022	17
88	1	2	0.0161593462962990007	0.625	17
89	6	2	0.0161593462962990007	0.625	17
90	2	2	0.0161593462962990007	0.0650000000000000022	17
91	1	1	0.0162056481481510015	0.625	17
92	6	1	0.0162056481481510015	0.625	17
93	2	1	0.0162056481481510015	0.0650000000000000022	17
94	1	4	0.0282315018518570007	1.12000000000000011	17
95	6	4	0.0282315018518570007	1.12000000000000011	17
96	1	5	0.00862898148148300015	0.340000000000000024	17
97	6	5	0.00862898148148300015	0.340000000000000024	17
98	2	5	0.00862898148148300015	0.0650000000000000022	17
99	1	6	0.0293658972222269991	1.15399999999999991	17
100	6	6	0.0293658972222269991	1.15399999999999991	17
101	1	7	0.0107599189814829993	0.445000000000000007	17
102	6	7	0.0107599189814829993	0.445000000000000007	17
103	2	7	0.0107599189814829993	0.0650000000000000022	17
104	2	10	0.021875135135100001	0.0650000000000000022	16
105	2	10	0.0171001157407437987	0.0650000000000000022	17
106	2	10	0.00846543750000000074	0.0650000000000000022	10
107	2	10	0.0105817968750000005	0.0650000000000000022	7
108	2	10	0.0105817968750000005	0.0650000000000000022	11
109	1	10	0.021875135135100001	0.625	16
110	1	10	0.0171001157407437987	0.625	17
111	1	10	0.00846543750000000074	0.625	10
112	1	10	0.0105817968750000005	0.625	7
113	1	10	0.0105817968750000005	0.625	11
114	6	10	0.021875135135100001	0.625	16
115	6	10	0.0171001157407437987	0.625	17
116	6	10	0.00846543750000000074	0.625	10
117	6	10	0.0105817968750000005	0.625	7
118	6	10	0.0105817968750000005	0.625	11
119	6	5	0.00437367868999999961	0.625	48
120	6	5	0.00437367868999999961	0.625	51
121	6	5	0.00466525757000000024	0.625	49
122	6	5	0.00612315033000000036	0.625	50
123	6	5	0.00437367868999999961	0.625	52
124	2	5	0.00437367868999999961	0.0650000000000000022	48
125	2	5	0.00437367868999999961	0.0650000000000000022	51
126	2	5	0.00466525757000000024	0.0650000000000000022	49
127	2	5	0.00612315033000000036	0.0650000000000000022	50
128	2	5	0.00437367868999999961	0.0650000000000000022	52
129	1	5	0.00437367868999999961	0.625	48
130	1	5	0.00437367868999999961	0.625	51
131	1	5	0.00466525757000000024	0.625	49
132	1	5	0.00612315033000000036	0.625	50
133	1	5	0.00437367868999999961	0.625	52
134	6	7	0.00588046433625000024	0.625	48
135	6	7	0.00588046433625000024	0.625	51
136	6	7	0.00627249569624999982	0.625	49
137	6	7	0.00823265029124999916	0.625	50
138	6	7	0.00588046433625000024	0.625	52
139	2	7	0.00588046433625000024	0.0650000000000000022	48
140	2	7	0.00588046433625000024	0.0650000000000000022	51
141	2	7	0.00627249569624999982	0.0650000000000000022	49
142	2	7	0.00823265029124999916	0.0650000000000000022	50
143	2	7	0.00588046433625000024	0.0650000000000000022	52
144	1	7	0.00588046433625000024	0.625	48
145	1	7	0.00588046433625000024	0.625	51
146	1	7	0.00627249569624999982	0.625	49
147	1	7	0.00823265029124999916	0.625	50
148	1	7	0.00588046433625000024	0.625	52
149	6	10	0.00866735106250000019	0.625	48
150	6	10	0.00866735106250000019	0.625	51
151	6	10	0.00924517506249999954	0.625	49
152	6	10	0.0121342918124999997	0.625	50
153	6	10	0.00866735106250000019	0.625	52
154	2	10	0.00866735106250000019	0.0650000000000000022	48
155	2	10	0.00866735106250000019	0.0650000000000000022	51
156	2	10	0.00924517506249999954	0.0650000000000000022	49
157	2	10	0.0121342918124999997	0.0650000000000000022	50
158	2	10	0.00866735106250000019	0.0650000000000000022	52
159	1	10	0.00866735106250000019	0.625	48
160	1	10	0.00866735106250000019	0.625	51
161	1	10	0.00924517506249999954	0.625	49
162	1	10	0.0121342918124999997	0.625	50
163	1	10	0.00866735106250000019	0.625	52
164	2	8	0.0159233884463322005	0.650000000000000022	57
165	6	3	0.0094144740000000008	0.419999999999999984	60
166	6	2	0.0159078949999999983	0.625	60
167	6	10	0.0168421049999999996	0.625	60
168	6	1	0.0160000000000000003	0.625	60
169	6	6	0.0290657890000000016	1.15399999999999991	60
170	6	4	0.0279605259999999994	1.12000000000000011	60
171	6	3	0.0094144740000000008	0.419999999999999984	80
172	6	2	0.0159078949999999983	0.625	80
173	6	10	0.0168421049999999996	0.625	80
174	6	1	0.0160000000000000003	0.625	80
175	6	6	0.0290657890000000016	1.15399999999999991	80
176	6	4	0.0279605259999999994	1.12000000000000011	80
177	6	3	0.0094144740000000008	0.419999999999999984	81
178	6	2	0.0159078949999999983	0.625	81
179	6	10	0.0168421049999999996	0.625	81
180	6	1	0.0160000000000000003	0.625	81
181	6	6	0.0290657890000000016	1.15399999999999991	81
182	6	4	0.0279605259999999994	1.12000000000000011	81
183	6	3	0.0094144740000000008	0.419999999999999984	82
184	6	2	0.0159078949999999983	0.625	82
185	6	10	0.0168421049999999996	0.625	82
186	6	1	0.0160000000000000003	0.625	82
187	6	6	0.0290657890000000016	1.15399999999999991	82
188	6	4	0.0279605259999999994	1.12000000000000011	82
\.


--
-- Name: book_weights_id_seq; Type: SEQUENCE SET; Schema: blurby; Owner: -
--

SELECT pg_catalog.setval('book_weights_id_seq', 188, true);


--
-- Data for Name: bookify_crash_logs; Type: TABLE DATA; Schema: blurby; Owner: -
--

COPY bookify_crash_logs (id, created_at, username, project_guid, os, browser, flash_version, error_message, stack_trace, app_version, commands) FROM stdin;
\.


--
-- Name: bookify_crash_logs_id_seq; Type: SEQUENCE SET; Schema: blurby; Owner: -
--

SELECT pg_catalog.setval('bookify_crash_logs_id_seq', 1, false);


--
-- Data for Name: bots; Type: TABLE DATA; Schema: blurby; Owner: -
--

COPY bots (id, name, sample_user_agent, url, created_at, updated_at) FROM stdin;
1	bingbot	Mozilla/5.0 (compatible; bingbot/2.0; +http://www.bing.com/bingbot.htm)	http://www.bing.com/bingbot.htm	2020-11-30 18:46:25.583487	2020-11-30 18:46:25.583487
2	Slurp	Mozilla/5.0 (compatible; Yahoo! Slurp; http://help.yahoo.com/help/us/ysearch/slurp)	http://help.yahoo.com/help/us/ysearch/slurp	2020-11-30 18:46:25.583487	2020-11-30 18:46:25.583487
3	Baiduspider	Mozilla/5.0 (compatible; Baiduspider-render/2.0; +http://www.baidu.com/search/spider.html)	http://www.baidu.com/search/spider.html	2020-11-30 18:46:25.583487	2020-11-30 18:46:25.583487
4	Sogou	Sogou web spider/4.0(+http://www.sogou.com/docs/help/webmasters.htm#07)	http://www.sogou.com/docs/help/webmasters.htm	2020-11-30 18:46:25.583487	2020-11-30 18:46:25.583487
5	Exabot	Mozilla/5.0 (compatible; Konqueror/3.5; Linux) KHTML/3.5.5 (like Gecko) (Exabot-Thumbnails)	http://www.exabot.com/go/robot	2020-11-30 18:46:25.583487	2020-11-30 18:46:25.583487
6	facebookexternalhit	Mozilla/5.0 (Macintosh; Intel Mac OS X 10_11_1) AppleWebKit/601.2.4 (KHTML, like Gecko) Version/9.0.1 Safari/601.2.4 facebookexternalhit/1.1 Facebot Twitterbot/1.0	http://www.facebook.com/externalhit_uatext.php	2020-11-30 18:46:25.583487	2020-11-30 18:46:25.583487
7	ia_archiver	ia_archiver	\N	2020-11-30 18:46:25.583487	2020-11-30 18:46:25.583487
8	SemrushBot	Mozilla/5.0 (compatible; SemrushBot/2~bl; +http://www.semrush.com/bot.html)	http://www.semrush.com/bot.html	2020-11-30 18:46:25.583487	2020-11-30 18:46:25.583487
9	YandexBot	Mozilla/5.0 (compatible; YandexBot/3.0; +http://yandex.com/bots)	http://yandex.com/bots	2020-11-30 18:46:25.583487	2020-11-30 18:46:25.583487
10	AlphaBot	Mozilla/5.0 (compatible; AlphaBot/3.2; +http://alphaseobot.com/bot.html)	http://alphaseobot.com/bot.html	2020-11-30 18:46:25.583487	2020-11-30 18:46:25.583487
11	Googlebot	Mozilla/5.0 (compatible; Googlebot/2.1; +http://www.google.com/bot.html)	http://www.google.com/bot.html	2020-11-30 18:46:25.583487	2020-11-30 18:46:25.583487
12	Pinterestbot	Mozilla/5.0 (compatible; Pinterestbot/1.0; +http://www.pinterest.com/bot.html)	http://www.pinterest.com/bot.html	2020-11-30 18:46:25.583487	2020-11-30 18:46:25.583487
13	Pingdom.com_bot	Pingdom.com_bot_version_1.4_(http://www.pingdom.com/)	http://www.pingdom.com/	2020-11-30 18:46:25.583487	2020-11-30 18:46:25.583487
14	Mail.RU_Bot	Mozilla/5.0 (compatible; Linux x86_64; Mail.RU_Bot/2.0; +http://go.mail.ru/help/robots)	http://go.mail.ru/help/robots	2020-11-30 18:46:25.583487	2020-11-30 18:46:25.583487
15	tracemyfile	Mozilla/5.0 (compatible; tracemyfile/1.0; +bot@tracemyfile.com)	http://tracemyfile.com	2020-11-30 18:46:25.583487	2020-11-30 18:46:25.583487
16	YaK	Mozilla/5.0 (compatible; YaK/1.0; http://linkfluence.com/; bot@linkfluence.com)	http://linkfluence.com/	2020-11-30 18:46:25.583487	2020-11-30 18:46:25.583487
17	YandexImages	Mozilla/5.0 (compatible; YandexImages/3.0; +http://yandex.com/bots)	http://yandex.com/bots	2020-11-30 18:46:25.583487	2020-11-30 18:46:25.583487
18	MojeekBot	Mozilla/5.0 (compatible; MojeekBot/0.6; +https://www.mojeek.com/bot.html)	https://www.mojeek.com/bot.html	2020-11-30 18:46:25.583487	2020-11-30 18:46:25.583487
19	linkdexbot	Mozilla/5.0 (compatible; linkdexbot/2.0; +http://www.linkdex.com/bots/)	http://www.linkdex.com/bots/	2020-11-30 18:46:25.583487	2020-11-30 18:46:25.583487
20	Tweetmemebot	Mozilla/5.0 (TweetmemeBot/4.0; +http://datasift.com/bot.html) Gecko/20100101 Firefox/31.0	http://datasift.com/bot.html	2020-11-30 18:46:25.583487	2020-11-30 18:46:25.583487
21	DomainStatsBot	DomainStatsBot/1.0 (http://domainstats.io/our-bot)	http://domainstats.io/our-bot	2020-11-30 18:46:25.583487	2020-11-30 18:46:25.583487
22	archive.org_bot	Mozilla/5.0 (compatible; archive.org_bot; Wayback Machine Live Record; +http://archive.org/details/archive.org_bot)	http://archive.org/details/archive.org_bot	2020-11-30 18:46:25.583487	2020-11-30 18:46:25.583487
23	Feedburner	FeedBurner/1.0 (http://www.FeedBurner.com)	http://www.FeedBurner.com	2020-11-30 18:46:25.583487	2020-11-30 18:46:25.583487
24	DotBot	Mozilla/5.0 (compatible; DotBot/1.1; http://www.opensiteexplorer.org/dotbot, help@moz.com)	http://www.opensiteexplorer.org/dotbot	2020-11-30 18:46:25.583487	2020-11-30 18:46:25.583487
25	MJ12bot	Mozilla/5.0 (compatible; MJ12bot/v1.4.8; http://mj12bot.com/)	http://mj12bot.com/	2020-11-30 18:46:25.583487	2020-11-30 18:46:25.583487
26	AhrefsBot	Mozilla/5.0 (compatible; AhrefsBot/5.2; +http://ahrefs.com/robot/)	http://ahrefs.com/robot/	2020-11-30 18:46:25.583487	2020-11-30 18:46:25.583487
\.


--
-- Name: bots_id_seq; Type: SEQUENCE SET; Schema: blurby; Owner: -
--

SELECT pg_catalog.setval('bots_id_seq', 26, true);


--
-- Data for Name: campaigns; Type: TABLE DATA; Schema: blurby; Owner: -
--

COPY campaigns (id, name, description, agency, region, created_at, updated_at) FROM stdin;
1	2009 Give Campaign		Not Set	US	2014-02-20 11:32:39.039139	2014-02-20 11:32:39.039139
2	3 Bookify		CLM	US	2014-02-20 11:32:39.041863	2014-02-20 11:32:39.041863
3	3 Booksmart		CLM	US	2014-02-20 11:32:39.043741	2014-02-20 11:32:39.043741
4	3 Tool Choice		CLM	US	2014-02-20 11:32:39.045475	2014-02-20 11:32:39.045475
5	Advocate		Not Set	US	2014-02-20 11:32:39.047123	2014-02-20 11:32:39.047123
6	Album		Razorfish	UK	2014-02-20 11:32:39.048746	2014-02-20 11:32:39.048746
7	Art		Razorfish	DE	2014-02-20 11:32:39.050452	2014-02-20 11:32:39.050452
8	Art		Razorfish	FR	2014-02-20 11:32:39.052395	2014-02-20 11:32:39.052395
9	Art		Razorfish	NL	2014-02-20 11:32:39.054385	2014-02-20 11:32:39.054385
10	Art		Razorfish	UK	2014-02-20 11:32:39.056439	2014-02-20 11:32:39.056439
11	Audience		Media Smith	US	2014-02-20 11:32:39.058282	2014-02-20 11:32:39.058282
12	AUNZ		CLM	AU/NZ	2014-02-20 11:32:39.060402	2014-02-20 11:32:39.060402
13	Australia		Not Set	DE	2014-02-20 11:32:39.063085	2014-02-20 11:32:39.063085
14	Australia		Not Set	ES	2014-02-20 11:32:39.065666	2014-02-20 11:32:39.065666
15	Australia		Not Set	FR	2014-02-20 11:32:39.068209	2014-02-20 11:32:39.068209
16	Australia		Not Set	IT	2014-02-20 11:32:39.227576	2014-02-20 11:32:39.227576
17	Australia		Not Set	NL	2014-02-20 11:32:39.229808	2014-02-20 11:32:39.229808
18	Australia		Not Set	UK	2014-02-20 11:32:39.231763	2014-02-20 11:32:39.231763
19	Aware		Media Smith	US	2014-02-20 11:32:39.233751	2014-02-20 11:32:39.233751
20	Aware		Razorfish	UK	2014-02-20 11:32:39.235704	2014-02-20 11:32:39.235704
21	Baby		Razorfish	DE	2014-02-20 11:32:39.237526	2014-02-20 11:32:39.237526
22	Baby		Razorfish	FR	2014-02-20 11:32:39.239345	2014-02-20 11:32:39.239345
23	Baby		Razorfish	UK	2014-02-20 11:32:39.241154	2014-02-20 11:32:39.241154
24	Belgium English		Razorfish	BE	2014-02-20 11:32:39.243011	2014-02-20 11:32:39.243011
25	Believe		Razorfish	DE	2014-02-20 11:32:39.244861	2014-02-20 11:32:39.244861
26	Believe		Razorfish	FR	2014-02-20 11:32:39.246582	2014-02-20 11:32:39.246582
27	Believe		Razorfish	NL	2014-02-20 11:32:39.248329	2014-02-20 11:32:39.248329
28	Believe		Razorfish	UK	2014-02-20 11:32:39.250049	2014-02-20 11:32:39.250049
29	Binding		Razorfish	FR	2014-02-20 11:32:39.252188	2014-02-20 11:32:39.252188
30	Binding		Razorfish	NL	2014-02-20 11:32:39.254778	2014-02-20 11:32:39.254778
31	Binding		Razorfish	UK	2014-02-20 11:32:39.256656	2014-02-20 11:32:39.256656
32	Birthday		Razorfish	FR	2014-02-20 11:32:39.258589	2014-02-20 11:32:39.258589
33	Blog		CLM	US	2014-02-20 11:32:39.260379	2014-02-20 11:32:39.260379
34	Blog-PR		Not Set	US	2014-02-20 11:32:39.262169	2014-02-20 11:32:39.262169
35	Blurb		CLM	AU/NZ	2014-02-20 11:32:39.263898	2014-02-20 11:32:39.263898
36	Blurb		CLM	US	2014-02-20 11:32:39.265738	2014-02-20 11:32:39.265738
37	Blurb Nation		CLM	US	2014-02-20 11:32:39.267472	2014-02-20 11:32:39.267472
38	Book		Not Set	EU	2014-02-20 11:32:39.269302	2014-02-20 11:32:39.269302
39	Book Making		CLM	BR	2014-02-20 11:32:39.271048	2014-02-20 11:32:39.271048
40	Book Making		CLM	FR-CA	2014-02-20 11:32:39.272822	2014-02-20 11:32:39.272822
41	Book Making		CLM	MX	2014-02-20 11:32:39.274559	2014-02-20 11:32:39.274559
42	Book Making		CLM	NZ	2014-02-20 11:32:39.276296	2014-02-20 11:32:39.276296
43	Book Making		Not Set	AR	2014-02-20 11:32:39.278025	2014-02-20 11:32:39.278025
44	Book Making		Not Set	US	2014-02-20 11:32:39.279808	2014-02-20 11:32:39.279808
45	Book Making		Razorfish	ES	2014-02-20 11:32:39.281608	2014-02-20 11:32:39.281608
46	Book Making		Razorfish	FR	2014-02-20 11:32:39.283361	2014-02-20 11:32:39.283361
47	Book Making		Razorfish	NL	2014-02-20 11:32:39.285383	2014-02-20 11:32:39.285383
48	Book Making		Razorfish	UK	2014-02-20 11:32:39.287906	2014-02-20 11:32:39.287906
49	Bookmaking		CLM	US	2014-02-20 11:32:39.290074	2014-02-20 11:32:39.290074
50	Bookmakring		Razorfish	IT	2014-02-20 11:32:39.291801	2014-02-20 11:32:39.291801
51	Booksmart		CLM	AU/NZ	2014-02-20 11:32:39.293511	2014-02-20 11:32:39.293511
52	Booksmart		CLM	US	2014-02-20 11:32:39.295279	2014-02-20 11:32:39.295279
53	Brand		CLM	BR	2014-02-20 11:32:39.297026	2014-02-20 11:32:39.297026
54	Brand		CLM	CA	2014-02-20 11:32:39.298732	2014-02-20 11:32:39.298732
55	Brand		CLM	EU	2014-02-20 11:32:39.300446	2014-02-20 11:32:39.300446
56	Brand		CLM	FR-CA	2014-02-20 11:32:39.302158	2014-02-20 11:32:39.302158
57	Brand		CLM	MX	2014-02-20 11:32:39.303835	2014-02-20 11:32:39.303835
58	Brand		CLM	NZ	2014-02-20 11:32:39.30554	2014-02-20 11:32:39.30554
59	Brand		CLM	SCAN	2014-02-20 11:32:39.307226	2014-02-20 11:32:39.307226
60	Brand		CLM	US	2014-02-20 11:32:39.308925	2014-02-20 11:32:39.308925
61	Brand		Not Set	AR	2014-02-20 11:32:39.310599	2014-02-20 11:32:39.310599
62	Brand		Not Set	CA	2014-02-20 11:32:39.312302	2014-02-20 11:32:39.312302
63	Brand		Not Set	UK	2014-02-20 11:32:39.314046	2014-02-20 11:32:39.314046
64	Brand		Razorfish	DE	2014-02-20 11:32:39.315845	2014-02-20 11:32:39.315845
65	Brand		Razorfish	ES	2014-02-20 11:32:39.317556	2014-02-20 11:32:39.317556
66	Brand		Razorfish	FR	2014-02-20 11:32:39.319271	2014-02-20 11:32:39.319271
67	Brand		Razorfish	IT	2014-02-20 11:32:39.321011	2014-02-20 11:32:39.321011
68	Brand		Razorfish	NL	2014-02-20 11:32:39.322856	2014-02-20 11:32:39.322856
69	Brand		Razorfish	UK	2014-02-20 11:32:39.32468	2014-02-20 11:32:39.32468
70	Brand-Misspel		Razorfish	UK	2014-02-20 11:32:39.326564	2014-02-20 11:32:39.326564
71	Business		Razorfish	DE	2014-02-20 11:32:39.328438	2014-02-20 11:32:39.328438
72	Business		Razorfish	FR	2014-02-20 11:32:39.330294	2014-02-20 11:32:39.330294
73	Business		Razorfish	UK	2014-02-20 11:32:39.33211	2014-02-20 11:32:39.33211
74	CGX Strategic Sales		Not Set	US	2014-02-20 11:32:39.49172	2014-02-20 11:32:39.49172
75	Christening		Razorfish	FR	2014-02-20 11:32:39.493924	2014-02-20 11:32:39.493924
76	Christening		Razorfish	UK	2014-02-20 11:32:39.49586	2014-02-20 11:32:39.49586
77	Christmas		CLM	US	2014-02-20 11:32:39.497922	2014-02-20 11:32:39.497922
78	Coffee		CLM	US	2014-02-20 11:32:39.499764	2014-02-20 11:32:39.499764
79	Coffee		Razorfish	UK	2014-02-20 11:32:39.501602	2014-02-20 11:32:39.501602
80	Comp		CLM	AU/NZ	2014-02-20 11:32:39.50333	2014-02-20 11:32:39.50333
81	Comp		CLM	EU	2014-02-20 11:32:39.505041	2014-02-20 11:32:39.505041
82	Comp		CLM	US	2014-02-20 11:32:39.506867	2014-02-20 11:32:39.506867
83	Competitior		CLM	US	2014-02-20 11:32:39.50868	2014-02-20 11:32:39.50868
84	Competitor		CLM	CA	2014-02-20 11:32:39.510438	2014-02-20 11:32:39.510438
85	Competitors		CLM	AU/NZ	2014-02-20 11:32:39.51219	2014-02-20 11:32:39.51219
86	Competitors		Razorfish	UK	2014-02-20 11:32:39.513921	2014-02-20 11:32:39.513921
87	Content		CLM	US	2014-02-20 11:32:39.515545	2014-02-20 11:32:39.515545
88	Contextual		Media Smith	US	2014-02-20 11:32:39.517275	2014-02-20 11:32:39.517275
89	Cook		CLM	US	2014-02-20 11:32:39.519575	2014-02-20 11:32:39.519575
90	Cook Book		CLM	CA	2014-02-20 11:32:39.522173	2014-02-20 11:32:39.522173
91	Cook Book		Razorfish	NL	2014-02-20 11:32:39.524701	2014-02-20 11:32:39.524701
92	Cookbook		CLM	AU/NZ	2014-02-20 11:32:39.527235	2014-02-20 11:32:39.527235
93	Cookbook		CLM	CA	2014-02-20 11:32:39.529404	2014-02-20 11:32:39.529404
94	Cookbook		CLM	EU	2014-02-20 11:32:39.531162	2014-02-20 11:32:39.531162
95	Cookbook		CLM	NZ	2014-02-20 11:32:39.532905	2014-02-20 11:32:39.532905
96	Cookbook		CLM	SCAN	2014-02-20 11:32:39.53468	2014-02-20 11:32:39.53468
97	Cookbook		CLM	US	2014-02-20 11:32:39.536377	2014-02-20 11:32:39.536377
98	Cookbook		Razorfish	DE	2014-02-20 11:32:39.538124	2014-02-20 11:32:39.538124
99	Cookbook		Razorfish	ES	2014-02-20 11:32:39.539847	2014-02-20 11:32:39.539847
100	Cookbook		Razorfish	FR	2014-02-20 11:32:39.541593	2014-02-20 11:32:39.541593
101	Cookbook		Razorfish	IT	2014-02-20 11:32:39.543326	2014-02-20 11:32:39.543326
102	Cookbook		Razorfish	NL	2014-02-20 11:32:39.544942	2014-02-20 11:32:39.544942
103	Cookbook		Razorfish	UK	2014-02-20 11:32:39.546634	2014-02-20 11:32:39.546634
104	Cookbooks		Not Set	US	2014-02-20 11:32:39.548342	2014-02-20 11:32:39.548342
105	Cover		CLM	CA	2014-02-20 11:32:39.549969	2014-02-20 11:32:39.549969
106	CP Content		CLM	EU	2014-02-20 11:32:39.55169	2014-02-20 11:32:39.55169
107	CP Search		CLM	EU	2014-02-20 11:32:39.553343	2014-02-20 11:32:39.553343
108	CPCK		Razorfish	DE	2014-02-20 11:32:39.555059	2014-02-20 11:32:39.555059
109	CPCK		Razorfish	FR	2014-02-20 11:32:39.556842	2014-02-20 11:32:39.556842
110	CPCKOF		Razorfish	DE	2014-02-20 11:32:39.558541	2014-02-20 11:32:39.558541
111	CPCKOF		Razorfish	FR	2014-02-20 11:32:39.560274	2014-02-20 11:32:39.560274
112	Creative Pro		CLM	AU/NZ	2014-02-20 11:32:39.562017	2014-02-20 11:32:39.562017
113	Creative Pro		CLM	CA	2014-02-20 11:32:39.56376	2014-02-20 11:32:39.56376
114	Creative Pro		CLM	EU	2014-02-20 11:32:39.565463	2014-02-20 11:32:39.565463
115	Creative Pro		CLM	SCAN	2014-02-20 11:32:39.567754	2014-02-20 11:32:39.567754
116	Creative Pro		CLM	US	2014-02-20 11:32:39.569435	2014-02-20 11:32:39.569435
117	CUPCK		Razorfish	UK	2014-02-20 11:32:39.571163	2014-02-20 11:32:39.571163
118	Default		Acceleration Partners	US	2014-02-20 11:32:39.572884	2014-02-20 11:32:39.572884
119	Default		CLM	US	2014-02-20 11:32:39.574592	2014-02-20 11:32:39.574592
120	Default		Not Set	AT	2014-02-20 11:32:39.576288	2014-02-20 11:32:39.576288
121	Default		Not Set	AU	2014-02-20 11:32:39.57808	2014-02-20 11:32:39.57808
122	Default		Not Set	BE	2014-02-20 11:32:39.580263	2014-02-20 11:32:39.580263
123	Default		Not Set	CA	2014-02-20 11:32:39.582783	2014-02-20 11:32:39.582783
124	Default		Not Set	CH	2014-02-20 11:32:39.585272	2014-02-20 11:32:39.585272
125	Default		Not Set	DE	2014-02-20 11:32:39.587619	2014-02-20 11:32:39.587619
126	Default		Not Set	DE/AT/CH	2014-02-20 11:32:39.589382	2014-02-20 11:32:39.589382
127	Default		Not Set	DK	2014-02-20 11:32:39.591126	2014-02-20 11:32:39.591126
128	Default		Not Set	ES	2014-02-20 11:32:39.592847	2014-02-20 11:32:39.592847
129	Default		Not Set	EU	2014-02-20 11:32:39.594439	2014-02-20 11:32:39.594439
130	Default		Not Set	FL	2014-02-20 11:32:39.59614	2014-02-20 11:32:39.59614
131	Default		Not Set	FR	2014-02-20 11:32:39.597765	2014-02-20 11:32:39.597765
132	Default		Not Set	FR/BE	2014-02-20 11:32:39.756893	2014-02-20 11:32:39.756893
133	Default		Not Set	GR	2014-02-20 11:32:39.759177	2014-02-20 11:32:39.759177
134	Default		Not Set	IE	2014-02-20 11:32:39.761129	2014-02-20 11:32:39.761129
135	Default		Not Set	IN	2014-02-20 11:32:39.763225	2014-02-20 11:32:39.763225
136	Default		Not Set	IT	2014-02-20 11:32:39.765219	2014-02-20 11:32:39.765219
137	Default		Not Set	NL	2014-02-20 11:32:39.766979	2014-02-20 11:32:39.766979
138	Default		Not Set	NO	2014-02-20 11:32:39.768671	2014-02-20 11:32:39.768671
139	Default		Not Set	NZ	2014-02-20 11:32:39.770454	2014-02-20 11:32:39.770454
140	Default		Not Set	PT	2014-02-20 11:32:39.772283	2014-02-20 11:32:39.772283
141	Default		Not Set	SE	2014-02-20 11:32:39.774023	2014-02-20 11:32:39.774023
142	Default		Not Set	SOUTHAFRICA	2014-02-20 11:32:39.775691	2014-02-20 11:32:39.775691
143	Default		Not Set	TR	2014-02-20 11:32:39.777431	2014-02-20 11:32:39.777431
144	Default		Not Set	UK	2014-02-20 11:32:39.779211	2014-02-20 11:32:39.779211
145	Default		Not Set	UK/US	2014-02-20 11:32:39.78095	2014-02-20 11:32:39.78095
146	Default		Not Set	US	2014-02-20 11:32:39.782574	2014-02-20 11:32:39.782574
147	Default		Razorfish	AT	2014-02-20 11:32:39.784315	2014-02-20 11:32:39.784315
148	Default		Razorfish	BE	2014-02-20 11:32:39.786126	2014-02-20 11:32:39.786126
149	Default		Razorfish	CH	2014-02-20 11:32:39.78787	2014-02-20 11:32:39.78787
150	Default		Razorfish	CH/DE	2014-02-20 11:32:39.789606	2014-02-20 11:32:39.789606
151	Default		Razorfish	DE	2014-02-20 11:32:39.791512	2014-02-20 11:32:39.791512
152	Default		Razorfish	ES	2014-02-20 11:32:39.793275	2014-02-20 11:32:39.793275
153	Default		Razorfish	FR	2014-02-20 11:32:39.794937	2014-02-20 11:32:39.794937
154	Default		Razorfish	IT	2014-02-20 11:32:39.796698	2014-02-20 11:32:39.796698
155	Default		Razorfish	NL	2014-02-20 11:32:39.798514	2014-02-20 11:32:39.798514
156	Default		Razorfish	SE	2014-02-20 11:32:39.80034	2014-02-20 11:32:39.80034
157	Default		Razorfish	UK	2014-02-20 11:32:39.802171	2014-02-20 11:32:39.802171
158	Default		ROeye	DE	2014-02-20 11:32:39.803955	2014-02-20 11:32:39.803955
159	Default		ROeye	FR	2014-02-20 11:32:39.805697	2014-02-20 11:32:39.805697
160	Default		ROeye	UK	2014-02-20 11:32:39.807547	2014-02-20 11:32:39.807547
161	Designer		Razorfish	UK	2014-02-20 11:32:39.809294	2014-02-20 11:32:39.809294
162	Dissertation		Razorfish	UK	2014-02-20 11:32:39.811047	2014-02-20 11:32:39.811047
163	Dog		Razorfish	DE	2014-02-20 11:32:39.812817	2014-02-20 11:32:39.812817
164	Dog		Razorfish	FR	2014-02-20 11:32:39.81452	2014-02-20 11:32:39.81452
165	Dog		Razorfish	NL	2014-02-20 11:32:39.816242	2014-02-20 11:32:39.816242
166	Dog		Razorfish	UK	2014-02-20 11:32:39.817998	2014-02-20 11:32:39.817998
167	DR		Media Smith	US	2014-02-20 11:32:39.819811	2014-02-20 11:32:39.819811
168	DR		Razorfish	AU	2014-02-20 11:32:39.821679	2014-02-20 11:32:39.821679
169	DR		Razorfish	UK	2014-02-20 11:32:39.823603	2014-02-20 11:32:39.823603
170	ebooks		CLM	CA	2014-02-20 11:32:39.825512	2014-02-20 11:32:39.825512
171	ebooks		CLM	EU	2014-02-20 11:32:39.827542	2014-02-20 11:32:39.827542
172	Ebooks		CLM	US	2014-02-20 11:32:39.8295	2014-02-20 11:32:39.8295
173	ebooks		Razorfish	DE	2014-02-20 11:32:39.831423	2014-02-20 11:32:39.831423
174	Educators		Not Set	US	2014-02-20 11:32:39.833364	2014-02-20 11:32:39.833364
175	ELEPHOF		Razorfish	DE	2014-02-20 11:32:39.835269	2014-02-20 11:32:39.835269
176	ELEPHOF		Razorfish	FR	2014-02-20 11:32:39.837151	2014-02-20 11:32:39.837151
177	Experience Center		Not Set	US	2014-02-20 11:32:39.83901	2014-02-20 11:32:39.83901
178	Facebook		CLM	CA	2014-02-20 11:32:39.840858	2014-02-20 11:32:39.840858
179	Facebook		CLM	EU	2014-02-20 11:32:39.842711	2014-02-20 11:32:39.842711
180	Facebook		CLM	US	2014-02-20 11:32:39.84456	2014-02-20 11:32:39.84456
181	Facebook		Not Set	DE	2014-02-20 11:32:39.846433	2014-02-20 11:32:39.846433
182	Facebook		Not Set	ES	2014-02-20 11:32:39.848489	2014-02-20 11:32:39.848489
183	Facebook		Not Set	FR	2014-02-20 11:32:39.850459	2014-02-20 11:32:39.850459
184	Facebook		Not Set	IL	2014-02-20 11:32:39.852246	2014-02-20 11:32:39.852246
185	Facebook		Not Set	IT	2014-02-20 11:32:39.854044	2014-02-20 11:32:39.854044
186	Facebook		Not Set	JP	2014-02-20 11:32:39.85584	2014-02-20 11:32:39.85584
187	Facebook		Not Set	NL	2014-02-20 11:32:39.858142	2014-02-20 11:32:39.858142
188	Facebook		Not Set	US	2014-02-20 11:32:39.859973	2014-02-20 11:32:39.859973
189	Facebook		Razorfish	DE	2014-02-20 11:32:39.861965	2014-02-20 11:32:39.861965
190	Facebook		Razorfish	ES	2014-02-20 11:32:40.068654	2014-02-20 11:32:40.068654
191	Facebook		Razorfish	FR	2014-02-20 11:32:40.072119	2014-02-20 11:32:40.072119
192	Facebook		Razorfish	IT	2014-02-20 11:32:40.074586	2014-02-20 11:32:40.074586
193	Facebook		Razorfish	NL	2014-02-20 11:32:40.077229	2014-02-20 11:32:40.077229
194	Facebook		Razorfish	UK	2014-02-20 11:32:40.079524	2014-02-20 11:32:40.079524
195	Family		Razorfish	UK	2014-02-20 11:32:40.081792	2014-02-20 11:32:40.081792
196	Family Gifts		CLM	US	2014-02-20 11:32:40.083901	2014-02-20 11:32:40.083901
197	Fish		Razorfish	UK	2014-02-20 11:32:40.086179	2014-02-20 11:32:40.086179
198	Gap Year		Razorfish	FR	2014-02-20 11:32:40.088929	2014-02-20 11:32:40.088929
199	GDN		CLM	US	2014-02-20 11:32:40.091002	2014-02-20 11:32:40.091002
200	General		CLM	US	2014-02-20 11:32:40.093376	2014-02-20 11:32:40.093376
201	Generic		CLM	AU/NZ	2014-02-20 11:32:40.095845	2014-02-20 11:32:40.095845
202	Generic		CLM	CA	2014-02-20 11:32:40.098146	2014-02-20 11:32:40.098146
203	Generic		CLM	EU	2014-02-20 11:32:40.100664	2014-02-20 11:32:40.100664
204	Generic		CLM	SCAN	2014-02-20 11:32:40.102921	2014-02-20 11:32:40.102921
205	Generic		CLM	US	2014-02-20 11:32:40.105107	2014-02-20 11:32:40.105107
206	Generic		Not Set	BE/NL	2014-02-20 11:32:40.107243	2014-02-20 11:32:40.107243
207	Generic		Not Set	UK	2014-02-20 11:32:40.109185	2014-02-20 11:32:40.109185
208	Generic		Razorfish	DE	2014-02-20 11:32:40.111093	2014-02-20 11:32:40.111093
209	Generic		Razorfish	DE/AT	2014-02-20 11:32:40.112983	2014-02-20 11:32:40.112983
210	Generic		Razorfish	DE/CH	2014-02-20 11:32:40.11484	2014-02-20 11:32:40.11484
211	Generic		Razorfish	FR	2014-02-20 11:32:40.117684	2014-02-20 11:32:40.117684
212	Generic		Razorfish	FR/BE	2014-02-20 11:32:40.120893	2014-02-20 11:32:40.120893
213	Generic		Razorfish	UK	2014-02-20 11:32:40.125639	2014-02-20 11:32:40.125639
214	Generic 2		CLM	AU/NZ	2014-02-20 11:32:40.129439	2014-02-20 11:32:40.129439
215	Generic With Price		Not Set	US	2014-02-20 11:32:40.134011	2014-02-20 11:32:40.134011
216	Generic Without Price		Not Set	US	2014-02-20 11:32:40.136759	2014-02-20 11:32:40.136759
217	Google		CLM	PR	2014-02-20 11:32:40.14046	2014-02-20 11:32:40.14046
218	Google		CLM	US	2014-02-20 11:32:40.144039	2014-02-20 11:32:40.144039
219	GPS		CLM	AU	2014-02-20 11:32:40.147668	2014-02-20 11:32:40.147668
220	GPS		CLM	US	2014-02-20 11:32:40.151182	2014-02-20 11:32:40.151182
221	GPS		Razorfish	UK	2014-02-20 11:32:40.154983	2014-02-20 11:32:40.154983
222	Graduation		CLM	US	2014-02-20 11:32:40.161655	2014-02-20 11:32:40.161655
223	Graduation		Razorfish	UK	2014-02-20 11:32:40.165126	2014-02-20 11:32:40.165126
224	Graduation College		Not Set	US	2014-02-20 11:32:40.168865	2014-02-20 11:32:40.168865
225	HAL		Not Set	US	2014-02-20 11:32:40.17235	2014-02-20 11:32:40.17235
226	Hanukkah		CLM	US	2014-02-20 11:32:40.175782	2014-02-20 11:32:40.175782
227	HCOF		Razorfish	DE	2014-02-20 11:32:40.179046	2014-02-20 11:32:40.179046
228	HCOF		Razorfish	FR	2014-02-20 11:32:40.181863	2014-02-20 11:32:40.181863
229	Holiday		CLM	US	2014-02-20 11:32:40.185056	2014-02-20 11:32:40.185056
230	Image		CLM	US	2014-02-20 11:32:40.188574	2014-02-20 11:32:40.188574
231	InDesign Plugin		CLM	US	2014-02-20 11:32:40.191805	2014-02-20 11:32:40.191805
232	InDesign Plugin		Not Set	BE	2014-02-20 11:32:40.196307	2014-02-20 11:32:40.196307
233	InDesign Plugin		Razorfish	AT	2014-02-20 11:32:40.205874	2014-02-20 11:32:40.205874
234	InDesign Plugin		Razorfish	CH	2014-02-20 11:32:40.210909	2014-02-20 11:32:40.210909
235	InDesign Plugin		Razorfish	DE	2014-02-20 11:32:40.214642	2014-02-20 11:32:40.214642
236	InDesign Plugin		Razorfish	FR	2014-02-20 11:32:40.217964	2014-02-20 11:32:40.217964
237	Indesign Plugin		Razorfish	UK	2014-02-20 11:32:40.223436	2014-02-20 11:32:40.223436
238	Instagram		CLM	US	2014-02-20 11:32:40.228479	2014-02-20 11:32:40.228479
239	Instagram		Not Set	US	2014-02-20 11:32:40.233254	2014-02-20 11:32:40.233254
240	Instagram		Razorfish	DE	2014-02-20 11:32:40.237604	2014-02-20 11:32:40.237604
241	Instagram		Razorfish	DE/AT	2014-02-20 11:32:40.24209	2014-02-20 11:32:40.24209
242	Instagram		Razorfish	DE/CH	2014-02-20 11:32:40.24638	2014-02-20 11:32:40.24638
243	Instagram		Razorfish	FR	2014-02-20 11:32:40.249788	2014-02-20 11:32:40.249788
244	Instagram		Razorfish	FR/BE	2014-02-20 11:32:40.255547	2014-02-20 11:32:40.255547
245	Instagram		Razorfish	UK	2014-02-20 11:32:40.260615	2014-02-20 11:32:40.260615
246	Keyword		CLM	US	2014-02-20 11:32:40.263793	2014-02-20 11:32:40.263793
247	Keyword		Not Set	US	2014-02-20 11:32:40.267641	2014-02-20 11:32:40.267641
248	Learn		Not Set	US	2014-02-20 11:32:40.447367	2014-02-20 11:32:40.447367
249	Lightroom		CLM	CA	2014-02-20 11:32:40.449775	2014-02-20 11:32:40.449775
250	Lightroom		CLM	EU	2014-02-20 11:32:40.451687	2014-02-20 11:32:40.451687
251	Lightroom		CLM	US	2014-02-20 11:32:40.453637	2014-02-20 11:32:40.453637
252	Lightroom		Razorfish	DE	2014-02-20 11:32:40.455477	2014-02-20 11:32:40.455477
253	Lightroom		Razorfish	FR	2014-02-20 11:32:40.457301	2014-02-20 11:32:40.457301
254	Lightroom		Razorfish	UK	2014-02-20 11:32:40.459093	2014-02-20 11:32:40.459093
255	Logo		Not Set	US	2014-02-20 11:32:40.460905	2014-02-20 11:32:40.460905
256	Mac		Razorfish	BE	2014-02-20 11:32:40.462693	2014-02-20 11:32:40.462693
257	Mac		Razorfish	DE/AT	2014-02-20 11:32:40.464477	2014-02-20 11:32:40.464477
258	Mac		Razorfish	DE/CH	2014-02-20 11:32:40.466181	2014-02-20 11:32:40.466181
259	Mac		Razorfish	FR	2014-02-20 11:32:40.467939	2014-02-20 11:32:40.467939
260	Make		Not Set	US	2014-02-20 11:32:40.469676	2014-02-20 11:32:40.469676
261	Memory		CLM	US	2014-02-20 11:32:40.471526	2014-02-20 11:32:40.471526
262	Misspell		Razorfish	DE/AT	2014-02-20 11:32:40.473334	2014-02-20 11:32:40.473334
263	Misspell		Razorfish	DE/CH	2014-02-20 11:32:40.47511	2014-02-20 11:32:40.47511
264	Misspell		Razorfish	FR	2014-02-20 11:32:40.476817	2014-02-20 11:32:40.476817
265	Misspell		Razorfish	FR/BE	2014-02-20 11:32:40.478577	2014-02-20 11:32:40.478577
266	Mobile App		CLM	US	2014-02-20 11:32:40.480361	2014-02-20 11:32:40.480361
267	Model With Price		Not Set	US	2014-02-20 11:32:40.482097	2014-02-20 11:32:40.482097
268	Model Without Price		Not Set	US	2014-02-20 11:32:40.483824	2014-02-20 11:32:40.483824
269	Mom Sites		CLM	US	2014-02-20 11:32:40.48552	2014-02-20 11:32:40.48552
270	Navigation		Razorfish	DE	2014-02-20 11:32:40.487126	2014-02-20 11:32:40.487126
271	Navigation		Razorfish	UK	2014-02-20 11:32:40.488837	2014-02-20 11:32:40.488837
272	NCL		Not Set	US	2014-02-20 11:32:40.490714	2014-02-20 11:32:40.490714
273	New Brand		Razorfish	DE	2014-02-20 11:32:40.492469	2014-02-20 11:32:40.492469
274	New Brand		Razorfish	FR	2014-02-20 11:32:40.494221	2014-02-20 11:32:40.494221
275	New Brand		Razorfish	NL	2014-02-20 11:32:40.495972	2014-02-20 11:32:40.495972
276	New Performance		Razorfish	DE	2014-02-20 11:32:40.497713	2014-02-20 11:32:40.497713
277	New Performance		Razorfish	FR	2014-02-20 11:32:40.49955	2014-02-20 11:32:40.49955
278	New Performance		Razorfish	NL	2014-02-20 11:32:40.501324	2014-02-20 11:32:40.501324
279	New Value		Razorfish	FR	2014-02-20 11:32:40.502942	2014-02-20 11:32:40.502942
280	New Value		Razorfish	NL	2014-02-20 11:32:40.504665	2014-02-20 11:32:40.504665
281	Notebook		Razorfish	AT	2014-02-20 11:32:40.506507	2014-02-20 11:32:40.506507
282	Notebook		Razorfish	BE	2014-02-20 11:32:40.508305	2014-02-20 11:32:40.508305
283	Notebook		Razorfish	CH	2014-02-20 11:32:40.510034	2014-02-20 11:32:40.510034
284	Notebook		Razorfish	DE	2014-02-20 11:32:40.511658	2014-02-20 11:32:40.511658
285	Notebook		Razorfish	FR	2014-02-20 11:32:40.51337	2014-02-20 11:32:40.51337
286	Notebook		Razorfish	UK	2014-02-20 11:32:40.515118	2014-02-20 11:32:40.515118
287	Notebooks		CLM	US	2014-02-20 11:32:40.516858	2014-02-20 11:32:40.516858
288	Other		CLM	AU/NZ	2014-02-20 11:32:40.518585	2014-02-20 11:32:40.518585
289	Party		Not Set	US	2014-02-20 11:32:40.520566	2014-02-20 11:32:40.520566
290	Pay Per Action		CLM	US	2014-02-20 11:32:40.522453	2014-02-20 11:32:40.522453
291	PDF		CLM	US	2014-02-20 11:32:40.52453	2014-02-20 11:32:40.52453
292	Photo		CLM	AU/NZ	2014-02-20 11:32:40.527046	2014-02-20 11:32:40.527046
293	Photo		CLM	BR	2014-02-20 11:32:40.529525	2014-02-20 11:32:40.529525
294	Photo		CLM	CA	2014-02-20 11:32:40.531436	2014-02-20 11:32:40.531436
295	Photo		CLM	EU	2014-02-20 11:32:40.533143	2014-02-20 11:32:40.533143
296	Photo		CLM	FR-CA	2014-02-20 11:32:40.534776	2014-02-20 11:32:40.534776
297	Photo		CLM	MX	2014-02-20 11:32:40.536506	2014-02-20 11:32:40.536506
298	Photo		CLM	NZ	2014-02-20 11:32:40.538191	2014-02-20 11:32:40.538191
299	Photo		CLM	SCAN	2014-02-20 11:32:40.539887	2014-02-20 11:32:40.539887
300	Photo		CLM	UK	2014-02-20 11:32:40.541594	2014-02-20 11:32:40.541594
301	Photo		CLM	US	2014-02-20 11:32:40.54329	2014-02-20 11:32:40.54329
302	Photo		Not Set	AR	2014-02-20 11:32:40.545034	2014-02-20 11:32:40.545034
303	Photo		Not Set	CA	2014-02-20 11:32:40.546792	2014-02-20 11:32:40.546792
304	Photo		Not Set	US	2014-02-20 11:32:40.548506	2014-02-20 11:32:40.548506
305	Photo		Razorfish	FR	2014-02-20 11:32:40.707665	2014-02-20 11:32:40.707665
306	Photo		Razorfish	UK	2014-02-20 11:32:40.711558	2014-02-20 11:32:40.711558
307	Photo 1		CLM	US	2014-02-20 11:32:40.71372	2014-02-20 11:32:40.71372
308	Photo 30		CLM	EU	2014-02-20 11:32:40.715546	2014-02-20 11:32:40.715546
309	Photo Album		CLM	US	2014-02-20 11:32:40.717377	2014-02-20 11:32:40.717377
310	Photo Album		Razorfish	NL	2014-02-20 11:32:40.719276	2014-02-20 11:32:40.719276
311	Photo Book		CLM	AU/NZ	2014-02-20 11:32:40.721155	2014-02-20 11:32:40.721155
312	Photo Book		Razorfish	ES	2014-02-20 11:32:40.723055	2014-02-20 11:32:40.723055
313	Photo Book		Razorfish	FR	2014-02-20 11:32:40.724921	2014-02-20 11:32:40.724921
314	Photo Book		Razorfish	NL	2014-02-20 11:32:40.726828	2014-02-20 11:32:40.726828
315	Photo Book		Razorfish	UK	2014-02-20 11:32:40.728712	2014-02-20 11:32:40.728712
316	Photo Collage		CLM	MX	2014-02-20 11:32:40.730613	2014-02-20 11:32:40.730613
317	Photo Control		CLM	EU	2014-02-20 11:32:40.732464	2014-02-20 11:32:40.732464
318	Photo Edit		CLM	MX	2014-02-20 11:32:40.7343	2014-02-20 11:32:40.7343
319	Photo Scrapbook		CLM	CA	2014-02-20 11:32:40.736208	2014-02-20 11:32:40.736208
320	Photo With Price		Not Set	AU	2014-02-20 11:32:40.738046	2014-02-20 11:32:40.738046
321	Photo With Price		Not Set	CA	2014-02-20 11:32:40.739871	2014-02-20 11:32:40.739871
322	Photo Without Price		Not Set	AU	2014-02-20 11:32:40.741633	2014-02-20 11:32:40.741633
323	Photo Without Price		Not Set	CA	2014-02-20 11:32:40.743413	2014-02-20 11:32:40.743413
324	Photobook		CLM	US	2014-02-20 11:32:40.745207	2014-02-20 11:32:40.745207
325	Photobook		Razorfish	IT	2014-02-20 11:32:40.747025	2014-02-20 11:32:40.747025
326	Picturebook		CLM	US	2014-02-20 11:32:40.74893	2014-02-20 11:32:40.74893
327	Planners		CLM	AU/NZ	2014-02-20 11:32:40.750745	2014-02-20 11:32:40.750745
328	Planners		CLM	CA	2014-02-20 11:32:40.752503	2014-02-20 11:32:40.752503
329	Planners		CLM	EU	2014-02-20 11:32:40.754294	2014-02-20 11:32:40.754294
330	Planners		CLM	NZ	2014-02-20 11:32:40.756084	2014-02-20 11:32:40.756084
331	Planners		CLM	US	2014-02-20 11:32:40.758133	2014-02-20 11:32:40.758133
332	Planners		Razorfish	DE	2014-02-20 11:32:40.760491	2014-02-20 11:32:40.760491
333	Planners		Razorfish	FR	2014-02-20 11:32:40.762363	2014-02-20 11:32:40.762363
334	Planners		Razorfish	UK	2014-02-20 11:32:40.764482	2014-02-20 11:32:40.764482
335	Play		Razorfish	UK	2014-02-20 11:32:40.76632	2014-02-20 11:32:40.76632
336	PR-Blog		Not Set	US	2014-02-20 11:32:40.768084	2014-02-20 11:32:40.768084
337	Print Demand		Not Set	SCAN	2014-02-20 11:32:40.76984	2014-02-20 11:32:40.76984
338	Pro		CLM	US	2014-02-20 11:32:40.771567	2014-02-20 11:32:40.771567
339	Pro Content		CLM	US	2014-02-20 11:32:40.773462	2014-02-20 11:32:40.773462
340	Professional		Razorfish	UK	2014-02-20 11:32:40.775101	2014-02-20 11:32:40.775101
341	Proline		Not Set	US	2014-02-20 11:32:40.776837	2014-02-20 11:32:40.776837
342	Quality		Razorfish	DE	2014-02-20 11:32:40.778604	2014-02-20 11:32:40.778604
343	Quality		Razorfish	FR	2014-02-20 11:32:40.78038	2014-02-20 11:32:40.78038
344	Quality		Razorfish	NL	2014-02-20 11:32:40.782209	2014-02-20 11:32:40.782209
345	Quality		Razorfish	UK	2014-02-20 11:32:40.783977	2014-02-20 11:32:40.783977
346	Radio		CLM	US	2014-02-20 11:32:40.785861	2014-02-20 11:32:40.785861
347	Radio		Not Set	US	2014-02-20 11:32:40.78754	2014-02-20 11:32:40.78754
348	Redeem		Not Set	US	2014-02-20 11:32:40.789372	2014-02-20 11:32:40.789372
349	Remarket		Media Smith	US	2014-02-20 11:32:40.791154	2014-02-20 11:32:40.791154
350	Remarketing		CLM	US	2014-02-20 11:32:40.792923	2014-02-20 11:32:40.792923
351	Remarketing		Not Set	US	2014-02-20 11:32:40.79468	2014-02-20 11:32:40.79468
352	Samer		CLM	US	2014-02-20 11:32:40.796377	2014-02-20 11:32:40.796377
353	School		Razorfish	UK	2014-02-20 11:32:40.798139	2014-02-20 11:32:40.798139
354	Scrapbook		CLM	US	2014-02-20 11:32:40.799937	2014-02-20 11:32:40.799937
355	Shark		Razorfish	ES	2014-02-20 11:32:40.801762	2014-02-20 11:32:40.801762
356	Shark		Razorfish	FR	2014-02-20 11:32:40.803618	2014-02-20 11:32:40.803618
357	Shark		Razorfish	IT	2014-02-20 11:32:40.8055	2014-02-20 11:32:40.8055
358	Shark		Razorfish	NL	2014-02-20 11:32:40.807318	2014-02-20 11:32:40.807318
359	Shark		Razorfish	UK	2014-02-20 11:32:40.809076	2014-02-20 11:32:40.809076
360	SHRK		Razorfish	DE	2014-02-20 11:32:40.810836	2014-02-20 11:32:40.810836
361	SHRKOF		Razorfish	DE	2014-02-20 11:32:40.812613	2014-02-20 11:32:40.812613
362	SHRKOF		Razorfish	FR	2014-02-20 11:32:40.81438	2014-02-20 11:32:40.81438
363	Site Link		Razorfish	UK	2014-02-20 11:32:40.995424	2014-02-20 11:32:40.995424
364	Smallbiz		CLM	US	2014-02-20 11:32:40.999341	2014-02-20 11:32:40.999341
365	SMB		Not Set	UK	2014-02-20 11:32:41.002328	2014-02-20 11:32:41.002328
366	SMB		Not Set	US	2014-02-20 11:32:41.005031	2014-02-20 11:32:41.005031
367	SNOWOF		Razorfish	DE	2014-02-20 11:32:41.007442	2014-02-20 11:32:41.007442
368	SnowOf		Razorfish	FR	2014-02-20 11:32:41.009888	2014-02-20 11:32:41.009888
369	Software		Razorfish	UK	2014-02-20 11:32:41.012121	2014-02-20 11:32:41.012121
370	Stories		Not Set	US	2014-02-20 11:32:41.014441	2014-02-20 11:32:41.014441
371	Students		Not Set	US	2014-02-20 11:32:41.017236	2014-02-20 11:32:41.017236
372	Text		CLM	UK	2014-02-20 11:32:41.022893	2014-02-20 11:32:41.022893
373	Text		CLM	US	2014-02-20 11:32:41.027746	2014-02-20 11:32:41.027746
374	Travel		CLM	SCAN	2014-02-20 11:32:41.031593	2014-02-20 11:32:41.031593
375	Travel		CLM	US	2014-02-20 11:32:41.035597	2014-02-20 11:32:41.035597
376	Travel		Not Set	AU	2014-02-20 11:32:41.039931	2014-02-20 11:32:41.039931
377	Travel		Not Set	CA	2014-02-20 11:32:41.043786	2014-02-20 11:32:41.043786
378	Travel		Not Set	DE	2014-02-20 11:32:41.047742	2014-02-20 11:32:41.047742
379	Travel		Not Set	ES	2014-02-20 11:32:41.051403	2014-02-20 11:32:41.051403
380	Travel		Not Set	JP	2014-02-20 11:32:41.055286	2014-02-20 11:32:41.055286
381	Travel		Not Set	NZ	2014-02-20 11:32:41.058658	2014-02-20 11:32:41.058658
382	Travel		Not Set	UK	2014-02-20 11:32:41.062231	2014-02-20 11:32:41.062231
383	Travel		Not Set	US	2014-02-20 11:32:41.065265	2014-02-20 11:32:41.065265
384	Travel		Razorfish	ES	2014-02-20 11:32:41.068162	2014-02-20 11:32:41.068162
385	Travel		Razorfish	IT	2014-02-20 11:32:41.070587	2014-02-20 11:32:41.070587
386	Travel		Razorfish	NL	2014-02-20 11:32:41.072864	2014-02-20 11:32:41.072864
387	Travel		Razorfish	UK	2014-02-20 11:32:41.075262	2014-02-20 11:32:41.075262
388	Twitter		Not Set	US	2014-02-20 11:32:41.077889	2014-02-20 11:32:41.077889
389	Unique		Razorfish	DE	2014-02-20 11:32:41.080222	2014-02-20 11:32:41.080222
390	Unique		Razorfish	FR	2014-02-20 11:32:41.082409	2014-02-20 11:32:41.082409
391	Unique		Razorfish	NL	2014-02-20 11:32:41.0843	2014-02-20 11:32:41.0843
392	Unique		Razorfish	UK	2014-02-20 11:32:41.086205	2014-02-20 11:32:41.086205
393	Value		Razorfish	DE	2014-02-20 11:32:41.088238	2014-02-20 11:32:41.088238
394	Value		Razorfish	ES	2014-02-20 11:32:41.090315	2014-02-20 11:32:41.090315
395	Value		Razorfish	FR	2014-02-20 11:32:41.092986	2014-02-20 11:32:41.092986
396	Value		Razorfish	IT	2014-02-20 11:32:41.096444	2014-02-20 11:32:41.096444
397	Value		Razorfish	NL	2014-02-20 11:32:41.099699	2014-02-20 11:32:41.099699
398	Value		Razorfish	UK	2014-02-20 11:32:41.102414	2014-02-20 11:32:41.102414
399	Wedding		CLM	AU/NZ	2014-02-20 11:32:41.10425	2014-02-20 11:32:41.10425
400	Wedding		CLM	BR	2014-02-20 11:32:41.106045	2014-02-20 11:32:41.106045
401	Wedding		CLM	CA	2014-02-20 11:32:41.107877	2014-02-20 11:32:41.107877
402	Wedding		CLM	EU	2014-02-20 11:32:41.109679	2014-02-20 11:32:41.109679
403	Wedding		CLM	FR-CA	2014-02-20 11:32:41.111546	2014-02-20 11:32:41.111546
404	Wedding		CLM	MX	2014-02-20 11:32:41.114333	2014-02-20 11:32:41.114333
405	Wedding		CLM	NZ	2014-02-20 11:32:41.117041	2014-02-20 11:32:41.117041
406	Wedding		CLM	SCAN	2014-02-20 11:32:41.119724	2014-02-20 11:32:41.119724
407	Wedding		CLM	US	2014-02-20 11:32:41.122495	2014-02-20 11:32:41.122495
408	Wedding		Not Set	AR	2014-02-20 11:32:41.124844	2014-02-20 11:32:41.124844
409	Wedding		Not Set	CA	2014-02-20 11:32:41.127187	2014-02-20 11:32:41.127187
410	Wedding		Not Set	UK	2014-02-20 11:32:41.129176	2014-02-20 11:32:41.129176
411	Wedding		Not Set	US	2014-02-20 11:32:41.131231	2014-02-20 11:32:41.131231
412	Wedding		Razorfish	DE	2014-02-20 11:32:41.13354	2014-02-20 11:32:41.13354
413	Wedding		Razorfish	ES	2014-02-20 11:32:41.13581	2014-02-20 11:32:41.13581
414	Wedding		Razorfish	FR	2014-02-20 11:32:41.137896	2014-02-20 11:32:41.137896
415	Wedding		Razorfish	IT	2014-02-20 11:32:41.14011	2014-02-20 11:32:41.14011
416	Wedding		Razorfish	NL	2014-02-20 11:32:41.142827	2014-02-20 11:32:41.142827
417	Wedding		Razorfish	UK	2014-02-20 11:32:41.145641	2014-02-20 11:32:41.145641
418	Wedding Album		CLM	US	2014-02-20 11:32:41.148338	2014-02-20 11:32:41.148338
419	Wedding Book		CLM	US	2014-02-20 11:32:41.150931	2014-02-20 11:32:41.150931
420	Write		Not Set	US	2014-02-20 11:32:41.15283	2014-02-20 11:32:41.15283
421	Write		Razorfish	UK	2014-02-20 11:32:41.358864	2014-02-20 11:32:41.358864
422	Yearbook		Razorfish	UK	2014-02-20 11:32:41.361112	2014-02-20 11:32:41.361112
423	YouTube		CLM	US	2014-02-20 11:32:41.363004	2014-02-20 11:32:41.363004
424	Not Set	\N	\N	\N	2014-02-20 11:33:02.253097	2014-02-20 11:33:02.253097
425	Default	\N	Not Set	Global	2018-06-28 16:00:16.092714	\N
\.


--
-- Data for Name: campaigns_backup; Type: TABLE DATA; Schema: blurby; Owner: -
--

COPY campaigns_backup (id, name, description, agency, region, created_at, updated_at) FROM stdin;
1	Not Set	\N	\N	\N	2014-02-20 11:32:38.777859	2014-02-20 11:32:38.777859
\.


--
-- Name: campaigns_id_seq; Type: SEQUENCE SET; Schema: blurby; Owner: -
--

SELECT pg_catalog.setval('campaigns_id_seq', 425, true);


--
-- Data for Name: capability_exceptions; Type: TABLE DATA; Schema: blurby; Owner: -
--

COPY capability_exceptions (id, printer_id, product_dimension_id, cover_type_id, created_at, created_by_username, deleted_at, deleted_by_username, paper_type_id, endsheet_type_id, book_covering_type_id, api_key_id) FROM stdin;
1	14	1	\N	2014-03-27 10:43:09.774688	\N	\N	\N	48	\N	\N	\N
2	13	1	\N	2014-03-27 10:43:09.780259	\N	\N	\N	48	\N	\N	\N
3	12	1	\N	2014-03-27 10:43:09.782353	\N	\N	\N	48	\N	\N	\N
4	8	1	\N	2014-03-27 10:43:09.784283	\N	\N	\N	48	\N	\N	\N
5	9	1	\N	2014-03-27 10:43:09.786099	\N	\N	\N	48	\N	\N	\N
6	4	1	\N	2014-03-27 10:43:09.787902	\N	\N	\N	48	\N	\N	\N
7	6	1	\N	2014-03-27 10:43:09.789701	\N	\N	\N	48	\N	\N	\N
8	5	1	\N	2014-03-27 10:43:09.791542	\N	\N	\N	48	\N	\N	\N
9	3	1	\N	2014-03-27 10:43:09.941009	\N	\N	\N	48	\N	\N	\N
10	11	1	\N	2014-03-27 10:43:09.943021	\N	\N	\N	48	\N	\N	\N
11	10	1	\N	2014-03-27 10:43:09.944819	\N	\N	\N	48	\N	\N	\N
12	2	1	\N	2014-03-27 10:43:09.94658	\N	\N	\N	48	\N	\N	\N
13	1	1	\N	2014-03-27 10:43:09.948285	\N	\N	\N	48	\N	\N	\N
14	7	1	\N	2014-03-27 10:43:09.950014	\N	\N	\N	48	\N	\N	\N
15	14	1	\N	2014-03-27 10:43:09.95274	\N	\N	\N	51	\N	\N	\N
16	13	1	\N	2014-03-27 10:43:09.95446	\N	\N	\N	51	\N	\N	\N
17	12	1	\N	2014-03-27 10:43:09.956143	\N	\N	\N	51	\N	\N	\N
18	8	1	\N	2014-03-27 10:43:09.957738	\N	\N	\N	51	\N	\N	\N
19	9	1	\N	2014-03-27 10:43:09.959336	\N	\N	\N	51	\N	\N	\N
20	4	1	\N	2014-03-27 10:43:09.960926	\N	\N	\N	51	\N	\N	\N
21	6	1	\N	2014-03-27 10:43:09.962528	\N	\N	\N	51	\N	\N	\N
22	5	1	\N	2014-03-27 10:43:09.964117	\N	\N	\N	51	\N	\N	\N
23	3	1	\N	2014-03-27 10:43:09.965678	\N	\N	\N	51	\N	\N	\N
24	11	1	\N	2014-03-27 10:43:09.967258	\N	\N	\N	51	\N	\N	\N
25	10	1	\N	2014-03-27 10:43:09.968856	\N	\N	\N	51	\N	\N	\N
26	2	1	\N	2014-03-27 10:43:09.970456	\N	\N	\N	51	\N	\N	\N
27	1	1	\N	2014-03-27 10:43:09.972042	\N	\N	\N	51	\N	\N	\N
28	7	1	\N	2014-03-27 10:43:09.973646	\N	\N	\N	51	\N	\N	\N
29	14	1	\N	2014-03-27 10:43:09.976196	\N	\N	\N	49	\N	\N	\N
30	13	1	\N	2014-03-27 10:43:09.977779	\N	\N	\N	49	\N	\N	\N
31	12	1	\N	2014-03-27 10:43:09.979386	\N	\N	\N	49	\N	\N	\N
32	8	1	\N	2014-03-27 10:43:09.980981	\N	\N	\N	49	\N	\N	\N
33	9	1	\N	2014-03-27 10:43:09.982584	\N	\N	\N	49	\N	\N	\N
34	4	1	\N	2014-03-27 10:43:09.984187	\N	\N	\N	49	\N	\N	\N
35	6	1	\N	2014-03-27 10:43:09.985822	\N	\N	\N	49	\N	\N	\N
36	5	1	\N	2014-03-27 10:43:09.987425	\N	\N	\N	49	\N	\N	\N
37	3	1	\N	2014-03-27 10:43:09.989034	\N	\N	\N	49	\N	\N	\N
38	11	1	\N	2014-03-27 10:43:09.990635	\N	\N	\N	49	\N	\N	\N
39	10	1	\N	2014-03-27 10:43:09.992214	\N	\N	\N	49	\N	\N	\N
40	2	1	\N	2014-03-27 10:43:09.993827	\N	\N	\N	49	\N	\N	\N
41	1	1	\N	2014-03-27 10:43:09.995618	\N	\N	\N	49	\N	\N	\N
42	7	1	\N	2014-03-27 10:43:09.997361	\N	\N	\N	49	\N	\N	\N
43	14	1	\N	2014-03-27 10:43:10.000004	\N	\N	\N	50	\N	\N	\N
44	13	1	\N	2014-03-27 10:43:10.001771	\N	\N	\N	50	\N	\N	\N
45	12	1	\N	2014-03-27 10:43:10.003539	\N	\N	\N	50	\N	\N	\N
46	8	1	\N	2014-03-27 10:43:10.00527	\N	\N	\N	50	\N	\N	\N
47	9	1	\N	2014-03-27 10:43:10.007001	\N	\N	\N	50	\N	\N	\N
48	4	1	\N	2014-03-27 10:43:10.008793	\N	\N	\N	50	\N	\N	\N
49	6	1	\N	2014-03-27 10:43:10.010506	\N	\N	\N	50	\N	\N	\N
50	5	1	\N	2014-03-27 10:43:10.012246	\N	\N	\N	50	\N	\N	\N
51	3	1	\N	2014-03-27 10:43:10.01395	\N	\N	\N	50	\N	\N	\N
52	11	1	\N	2014-03-27 10:43:10.015661	\N	\N	\N	50	\N	\N	\N
53	10	1	\N	2014-03-27 10:43:10.017384	\N	\N	\N	50	\N	\N	\N
54	2	1	\N	2014-03-27 10:43:10.019156	\N	\N	\N	50	\N	\N	\N
55	1	1	\N	2014-03-27 10:43:10.171668	\N	\N	\N	50	\N	\N	\N
56	7	1	\N	2014-03-27 10:43:10.173826	\N	\N	\N	50	\N	\N	\N
57	14	1	\N	2014-03-27 10:43:10.176581	\N	\N	\N	52	\N	\N	\N
58	13	1	\N	2014-03-27 10:43:10.178338	\N	\N	\N	52	\N	\N	\N
59	12	1	\N	2014-03-27 10:43:10.180049	\N	\N	\N	52	\N	\N	\N
60	8	1	\N	2014-03-27 10:43:10.181754	\N	\N	\N	52	\N	\N	\N
61	9	1	\N	2014-03-27 10:43:10.183578	\N	\N	\N	52	\N	\N	\N
62	4	1	\N	2014-03-27 10:43:10.185277	\N	\N	\N	52	\N	\N	\N
63	6	1	\N	2014-03-27 10:43:10.18701	\N	\N	\N	52	\N	\N	\N
64	5	1	\N	2014-03-27 10:43:10.188642	\N	\N	\N	52	\N	\N	\N
65	3	1	\N	2014-03-27 10:43:10.190245	\N	\N	\N	52	\N	\N	\N
66	11	1	\N	2014-03-27 10:43:10.19186	\N	\N	\N	52	\N	\N	\N
67	10	1	\N	2014-03-27 10:43:10.193457	\N	\N	\N	52	\N	\N	\N
68	2	1	\N	2014-03-27 10:43:10.195058	\N	\N	\N	52	\N	\N	\N
69	1	1	\N	2014-03-27 10:43:10.196647	\N	\N	\N	52	\N	\N	\N
70	7	1	\N	2014-03-27 10:43:10.198227	\N	\N	\N	52	\N	\N	\N
71	15	1	\N	2014-03-27 10:43:10.201223	\N	\N	\N	7	\N	\N	\N
72	16	1	\N	2014-03-27 10:43:10.202839	\N	\N	\N	7	\N	\N	\N
73	17	1	\N	2014-03-27 10:43:10.20457	\N	\N	\N	7	\N	\N	\N
74	15	1	\N	2014-03-27 10:43:10.20619	\N	\N	\N	10	\N	\N	\N
75	16	1	\N	2014-03-27 10:43:10.207785	\N	\N	\N	10	\N	\N	\N
76	17	1	\N	2014-03-27 10:43:10.209459	\N	\N	\N	10	\N	\N	\N
77	15	1	\N	2014-03-27 10:43:10.211063	\N	\N	\N	11	\N	\N	\N
78	16	1	\N	2014-03-27 10:43:10.212683	\N	\N	\N	11	\N	\N	\N
79	17	1	\N	2014-03-27 10:43:10.214299	\N	\N	\N	11	\N	\N	\N
80	15	1	\N	2014-03-27 10:43:10.215936	\N	\N	\N	16	\N	\N	\N
81	16	1	\N	2014-03-27 10:43:10.217548	\N	\N	\N	16	\N	\N	\N
82	17	1	\N	2014-03-27 10:43:10.219162	\N	\N	\N	16	\N	\N	\N
83	15	1	\N	2014-03-27 10:43:10.220794	\N	\N	\N	17	\N	\N	\N
84	16	1	\N	2014-03-27 10:43:10.22238	\N	\N	\N	17	\N	\N	\N
85	17	1	\N	2014-03-27 10:43:10.223957	\N	\N	\N	17	\N	\N	\N
86	15	1	\N	2014-03-27 10:43:10.22554	\N	\N	\N	30	\N	\N	\N
87	16	1	\N	2014-03-27 10:43:10.227108	\N	\N	\N	30	\N	\N	\N
88	17	1	\N	2014-03-27 10:43:10.2287	\N	\N	\N	30	\N	\N	\N
89	15	1	\N	2014-03-27 10:43:10.230282	\N	\N	\N	31	\N	\N	\N
90	16	1	\N	2014-03-27 10:43:10.231894	\N	\N	\N	31	\N	\N	\N
91	17	1	\N	2014-03-27 10:43:10.233474	\N	\N	\N	31	\N	\N	\N
92	15	1	\N	2014-03-27 10:43:10.235057	\N	\N	\N	45	\N	\N	\N
93	16	1	\N	2014-03-27 10:43:10.236628	\N	\N	\N	45	\N	\N	\N
94	17	1	\N	2014-03-27 10:43:10.238204	\N	\N	\N	45	\N	\N	\N
95	15	1	\N	2014-03-27 10:43:10.239793	\N	\N	\N	46	\N	\N	\N
96	16	1	\N	2014-03-27 10:43:10.241371	\N	\N	\N	46	\N	\N	\N
97	17	1	\N	2014-03-27 10:43:10.24296	\N	\N	\N	46	\N	\N	\N
98	14	2	\N	2014-03-27 10:43:10.245463	\N	\N	\N	48	\N	\N	\N
99	13	2	\N	2014-03-27 10:43:10.247057	\N	\N	\N	48	\N	\N	\N
100	12	2	\N	2014-03-27 10:43:10.248656	\N	\N	\N	48	\N	\N	\N
101	8	2	\N	2014-03-27 10:43:10.250219	\N	\N	\N	48	\N	\N	\N
102	9	2	\N	2014-03-27 10:43:10.404094	\N	\N	\N	48	\N	\N	\N
103	4	2	\N	2014-03-27 10:43:10.406159	\N	\N	\N	48	\N	\N	\N
104	6	2	\N	2014-03-27 10:43:10.40795	\N	\N	\N	48	\N	\N	\N
105	5	2	\N	2014-03-27 10:43:10.409699	\N	\N	\N	48	\N	\N	\N
106	3	2	\N	2014-03-27 10:43:10.411427	\N	\N	\N	48	\N	\N	\N
107	11	2	\N	2014-03-27 10:43:10.413162	\N	\N	\N	48	\N	\N	\N
108	10	2	\N	2014-03-27 10:43:10.414896	\N	\N	\N	48	\N	\N	\N
109	2	2	\N	2014-03-27 10:43:10.41662	\N	\N	\N	48	\N	\N	\N
110	1	2	\N	2014-03-27 10:43:10.41831	\N	\N	\N	48	\N	\N	\N
111	7	2	\N	2014-03-27 10:43:10.419917	\N	\N	\N	48	\N	\N	\N
112	14	2	\N	2014-03-27 10:43:10.422551	\N	\N	\N	51	\N	\N	\N
113	13	2	\N	2014-03-27 10:43:10.424207	\N	\N	\N	51	\N	\N	\N
114	12	2	\N	2014-03-27 10:43:10.425815	\N	\N	\N	51	\N	\N	\N
115	8	2	\N	2014-03-27 10:43:10.427427	\N	\N	\N	51	\N	\N	\N
116	9	2	\N	2014-03-27 10:43:10.429113	\N	\N	\N	51	\N	\N	\N
117	4	2	\N	2014-03-27 10:43:10.430691	\N	\N	\N	51	\N	\N	\N
118	6	2	\N	2014-03-27 10:43:10.432292	\N	\N	\N	51	\N	\N	\N
119	5	2	\N	2014-03-27 10:43:10.4339	\N	\N	\N	51	\N	\N	\N
120	3	2	\N	2014-03-27 10:43:10.43552	\N	\N	\N	51	\N	\N	\N
121	11	2	\N	2014-03-27 10:43:10.437133	\N	\N	\N	51	\N	\N	\N
122	10	2	\N	2014-03-27 10:43:10.439284	\N	\N	\N	51	\N	\N	\N
123	2	2	\N	2014-03-27 10:43:10.440997	\N	\N	\N	51	\N	\N	\N
124	1	2	\N	2014-03-27 10:43:10.442658	\N	\N	\N	51	\N	\N	\N
125	7	2	\N	2014-03-27 10:43:10.44432	\N	\N	\N	51	\N	\N	\N
126	14	2	\N	2014-03-27 10:43:10.446963	\N	\N	\N	49	\N	\N	\N
127	13	2	\N	2014-03-27 10:43:10.448689	\N	\N	\N	49	\N	\N	\N
128	12	2	\N	2014-03-27 10:43:10.45034	\N	\N	\N	49	\N	\N	\N
129	8	2	\N	2014-03-27 10:43:10.452006	\N	\N	\N	49	\N	\N	\N
130	9	2	\N	2014-03-27 10:43:10.453665	\N	\N	\N	49	\N	\N	\N
131	4	2	\N	2014-03-27 10:43:10.4553	\N	\N	\N	49	\N	\N	\N
132	6	2	\N	2014-03-27 10:43:10.45695	\N	\N	\N	49	\N	\N	\N
133	5	2	\N	2014-03-27 10:43:10.458593	\N	\N	\N	49	\N	\N	\N
134	3	2	\N	2014-03-27 10:43:10.460225	\N	\N	\N	49	\N	\N	\N
135	11	2	\N	2014-03-27 10:43:10.461881	\N	\N	\N	49	\N	\N	\N
136	10	2	\N	2014-03-27 10:43:10.463509	\N	\N	\N	49	\N	\N	\N
137	2	2	\N	2014-03-27 10:43:10.465158	\N	\N	\N	49	\N	\N	\N
138	1	2	\N	2014-03-27 10:43:10.466744	\N	\N	\N	49	\N	\N	\N
139	7	2	\N	2014-03-27 10:43:10.468344	\N	\N	\N	49	\N	\N	\N
140	14	2	\N	2014-03-27 10:43:10.470852	\N	\N	\N	50	\N	\N	\N
141	13	2	\N	2014-03-27 10:43:10.472461	\N	\N	\N	50	\N	\N	\N
142	12	2	\N	2014-03-27 10:43:10.47405	\N	\N	\N	50	\N	\N	\N
143	8	2	\N	2014-03-27 10:43:10.475629	\N	\N	\N	50	\N	\N	\N
144	9	2	\N	2014-03-27 10:43:10.477205	\N	\N	\N	50	\N	\N	\N
145	4	2	\N	2014-03-27 10:43:10.478785	\N	\N	\N	50	\N	\N	\N
146	6	2	\N	2014-03-27 10:43:10.480361	\N	\N	\N	50	\N	\N	\N
147	5	2	\N	2014-03-27 10:43:10.481963	\N	\N	\N	50	\N	\N	\N
148	3	2	\N	2014-03-27 10:43:10.636946	\N	\N	\N	50	\N	\N	\N
149	11	2	\N	2014-03-27 10:43:10.639149	\N	\N	\N	50	\N	\N	\N
150	10	2	\N	2014-03-27 10:43:10.640949	\N	\N	\N	50	\N	\N	\N
151	2	2	\N	2014-03-27 10:43:10.642746	\N	\N	\N	50	\N	\N	\N
152	1	2	\N	2014-03-27 10:43:10.644481	\N	\N	\N	50	\N	\N	\N
153	7	2	\N	2014-03-27 10:43:10.646204	\N	\N	\N	50	\N	\N	\N
154	14	2	\N	2014-03-27 10:43:10.648926	\N	\N	\N	52	\N	\N	\N
155	13	2	\N	2014-03-27 10:43:10.650675	\N	\N	\N	52	\N	\N	\N
156	12	2	\N	2014-03-27 10:43:10.652407	\N	\N	\N	52	\N	\N	\N
157	8	2	\N	2014-03-27 10:43:10.654063	\N	\N	\N	52	\N	\N	\N
158	9	2	\N	2014-03-27 10:43:10.655671	\N	\N	\N	52	\N	\N	\N
159	4	2	\N	2014-03-27 10:43:10.657271	\N	\N	\N	52	\N	\N	\N
160	6	2	\N	2014-03-27 10:43:10.658874	\N	\N	\N	52	\N	\N	\N
161	5	2	\N	2014-03-27 10:43:10.660466	\N	\N	\N	52	\N	\N	\N
162	3	2	\N	2014-03-27 10:43:10.662065	\N	\N	\N	52	\N	\N	\N
163	11	2	\N	2014-03-27 10:43:10.663657	\N	\N	\N	52	\N	\N	\N
164	10	2	\N	2014-03-27 10:43:10.665253	\N	\N	\N	52	\N	\N	\N
165	2	2	\N	2014-03-27 10:43:10.666831	\N	\N	\N	52	\N	\N	\N
166	1	2	\N	2014-03-27 10:43:10.668451	\N	\N	\N	52	\N	\N	\N
167	7	2	\N	2014-03-27 10:43:10.670077	\N	\N	\N	52	\N	\N	\N
168	15	2	\N	2014-03-27 10:43:10.673145	\N	\N	\N	7	\N	\N	\N
169	16	2	\N	2014-03-27 10:43:10.67478	\N	\N	\N	7	\N	\N	\N
170	17	2	\N	2014-03-27 10:43:10.676517	\N	\N	\N	7	\N	\N	\N
171	15	2	\N	2014-03-27 10:43:10.678143	\N	\N	\N	10	\N	\N	\N
172	16	2	\N	2014-03-27 10:43:10.679756	\N	\N	\N	10	\N	\N	\N
173	17	2	\N	2014-03-27 10:43:10.681381	\N	\N	\N	10	\N	\N	\N
174	15	2	\N	2014-03-27 10:43:10.683004	\N	\N	\N	11	\N	\N	\N
175	16	2	\N	2014-03-27 10:43:10.684628	\N	\N	\N	11	\N	\N	\N
176	17	2	\N	2014-03-27 10:43:10.686237	\N	\N	\N	11	\N	\N	\N
177	15	2	\N	2014-03-27 10:43:10.687841	\N	\N	\N	16	\N	\N	\N
178	16	2	\N	2014-03-27 10:43:10.689433	\N	\N	\N	16	\N	\N	\N
179	17	2	\N	2014-03-27 10:43:10.691012	\N	\N	\N	16	\N	\N	\N
180	15	2	\N	2014-03-27 10:43:10.692591	\N	\N	\N	17	\N	\N	\N
181	16	2	\N	2014-03-27 10:43:10.69421	\N	\N	\N	17	\N	\N	\N
182	17	2	\N	2014-03-27 10:43:10.695797	\N	\N	\N	17	\N	\N	\N
183	15	2	\N	2014-03-27 10:43:10.697395	\N	\N	\N	30	\N	\N	\N
184	16	2	\N	2014-03-27 10:43:10.698984	\N	\N	\N	30	\N	\N	\N
185	17	2	\N	2014-03-27 10:43:10.700624	\N	\N	\N	30	\N	\N	\N
186	15	2	\N	2014-03-27 10:43:10.702206	\N	\N	\N	31	\N	\N	\N
187	16	2	\N	2014-03-27 10:43:10.703765	\N	\N	\N	31	\N	\N	\N
188	17	2	\N	2014-03-27 10:43:10.705349	\N	\N	\N	31	\N	\N	\N
189	15	2	\N	2014-03-27 10:43:10.706917	\N	\N	\N	45	\N	\N	\N
190	16	2	\N	2014-03-27 10:43:10.708489	\N	\N	\N	45	\N	\N	\N
191	17	2	\N	2014-03-27 10:43:10.710081	\N	\N	\N	45	\N	\N	\N
192	15	2	\N	2014-03-27 10:43:10.711643	\N	\N	\N	46	\N	\N	\N
193	16	2	\N	2014-03-27 10:43:10.713251	\N	\N	\N	46	\N	\N	\N
194	17	2	\N	2014-03-27 10:43:10.714841	\N	\N	\N	46	\N	\N	\N
195	14	3	\N	2014-03-27 10:43:10.871815	\N	\N	\N	48	\N	\N	\N
196	13	3	\N	2014-03-27 10:43:10.873824	\N	\N	\N	48	\N	\N	\N
197	12	3	\N	2014-03-27 10:43:10.875605	\N	\N	\N	48	\N	\N	\N
198	8	3	\N	2014-03-27 10:43:10.877368	\N	\N	\N	48	\N	\N	\N
199	9	3	\N	2014-03-27 10:43:10.879136	\N	\N	\N	48	\N	\N	\N
200	4	3	\N	2014-03-27 10:43:10.880877	\N	\N	\N	48	\N	\N	\N
201	6	3	\N	2014-03-27 10:43:10.882596	\N	\N	\N	48	\N	\N	\N
202	5	3	\N	2014-03-27 10:43:10.884315	\N	\N	\N	48	\N	\N	\N
203	3	3	\N	2014-03-27 10:43:10.886025	\N	\N	\N	48	\N	\N	\N
204	11	3	\N	2014-03-27 10:43:10.887617	\N	\N	\N	48	\N	\N	\N
205	10	3	\N	2014-03-27 10:43:10.88922	\N	\N	\N	48	\N	\N	\N
206	2	3	\N	2014-03-27 10:43:10.890823	\N	\N	\N	48	\N	\N	\N
207	1	3	\N	2014-03-27 10:43:10.892425	\N	\N	\N	48	\N	\N	\N
208	7	3	\N	2014-03-27 10:43:10.894014	\N	\N	\N	48	\N	\N	\N
209	14	3	\N	2014-03-27 10:43:10.896561	\N	\N	\N	51	\N	\N	\N
210	13	3	\N	2014-03-27 10:43:10.898166	\N	\N	\N	51	\N	\N	\N
211	12	3	\N	2014-03-27 10:43:10.899768	\N	\N	\N	51	\N	\N	\N
212	8	3	\N	2014-03-27 10:43:10.901377	\N	\N	\N	51	\N	\N	\N
213	9	3	\N	2014-03-27 10:43:10.902997	\N	\N	\N	51	\N	\N	\N
214	4	3	\N	2014-03-27 10:43:10.904637	\N	\N	\N	51	\N	\N	\N
215	6	3	\N	2014-03-27 10:43:10.90626	\N	\N	\N	51	\N	\N	\N
216	5	3	\N	2014-03-27 10:43:10.907859	\N	\N	\N	51	\N	\N	\N
217	3	3	\N	2014-03-27 10:43:10.909474	\N	\N	\N	51	\N	\N	\N
218	11	3	\N	2014-03-27 10:43:10.911112	\N	\N	\N	51	\N	\N	\N
219	10	3	\N	2014-03-27 10:43:10.912721	\N	\N	\N	51	\N	\N	\N
220	2	3	\N	2014-03-27 10:43:10.914339	\N	\N	\N	51	\N	\N	\N
221	1	3	\N	2014-03-27 10:43:10.915961	\N	\N	\N	51	\N	\N	\N
222	7	3	\N	2014-03-27 10:43:10.917565	\N	\N	\N	51	\N	\N	\N
223	14	3	\N	2014-03-27 10:43:10.920509	\N	\N	\N	49	\N	\N	\N
224	13	3	\N	2014-03-27 10:43:10.922845	\N	\N	\N	49	\N	\N	\N
225	12	3	\N	2014-03-27 10:43:10.925124	\N	\N	\N	49	\N	\N	\N
226	8	3	\N	2014-03-27 10:43:10.927384	\N	\N	\N	49	\N	\N	\N
227	9	3	\N	2014-03-27 10:43:10.929614	\N	\N	\N	49	\N	\N	\N
228	4	3	\N	2014-03-27 10:43:10.931211	\N	\N	\N	49	\N	\N	\N
229	6	3	\N	2014-03-27 10:43:10.932937	\N	\N	\N	49	\N	\N	\N
230	5	3	\N	2014-03-27 10:43:10.934525	\N	\N	\N	49	\N	\N	\N
231	3	3	\N	2014-03-27 10:43:10.936093	\N	\N	\N	49	\N	\N	\N
232	11	3	\N	2014-03-27 10:43:10.937658	\N	\N	\N	49	\N	\N	\N
233	10	3	\N	2014-03-27 10:43:10.939219	\N	\N	\N	49	\N	\N	\N
234	2	3	\N	2014-03-27 10:43:10.940824	\N	\N	\N	49	\N	\N	\N
235	1	3	\N	2014-03-27 10:43:10.942428	\N	\N	\N	49	\N	\N	\N
236	7	3	\N	2014-03-27 10:43:10.944018	\N	\N	\N	49	\N	\N	\N
237	14	3	\N	2014-03-27 10:43:10.946582	\N	\N	\N	50	\N	\N	\N
238	13	3	\N	2014-03-27 10:43:10.948183	\N	\N	\N	50	\N	\N	\N
239	12	3	\N	2014-03-27 10:43:10.949762	\N	\N	\N	50	\N	\N	\N
240	8	3	\N	2014-03-27 10:43:10.951436	\N	\N	\N	50	\N	\N	\N
241	9	3	\N	2014-03-27 10:43:11.105308	\N	\N	\N	50	\N	\N	\N
242	4	3	\N	2014-03-27 10:43:11.107673	\N	\N	\N	50	\N	\N	\N
243	6	3	\N	2014-03-27 10:43:11.109512	\N	\N	\N	50	\N	\N	\N
244	5	3	\N	2014-03-27 10:43:11.111314	\N	\N	\N	50	\N	\N	\N
245	3	3	\N	2014-03-27 10:43:11.113138	\N	\N	\N	50	\N	\N	\N
246	11	3	\N	2014-03-27 10:43:11.114925	\N	\N	\N	50	\N	\N	\N
247	10	3	\N	2014-03-27 10:43:11.116712	\N	\N	\N	50	\N	\N	\N
248	2	3	\N	2014-03-27 10:43:11.11848	\N	\N	\N	50	\N	\N	\N
249	1	3	\N	2014-03-27 10:43:11.120275	\N	\N	\N	50	\N	\N	\N
250	7	3	\N	2014-03-27 10:43:11.121968	\N	\N	\N	50	\N	\N	\N
251	14	3	\N	2014-03-27 10:43:11.12457	\N	\N	\N	52	\N	\N	\N
252	13	3	\N	2014-03-27 10:43:11.12622	\N	\N	\N	52	\N	\N	\N
253	12	3	\N	2014-03-27 10:43:11.127861	\N	\N	\N	52	\N	\N	\N
254	8	3	\N	2014-03-27 10:43:11.129506	\N	\N	\N	52	\N	\N	\N
255	9	3	\N	2014-03-27 10:43:11.131136	\N	\N	\N	52	\N	\N	\N
256	4	3	\N	2014-03-27 10:43:11.132752	\N	\N	\N	52	\N	\N	\N
257	6	3	\N	2014-03-27 10:43:11.134377	\N	\N	\N	52	\N	\N	\N
258	5	3	\N	2014-03-27 10:43:11.136012	\N	\N	\N	52	\N	\N	\N
259	3	3	\N	2014-03-27 10:43:11.137664	\N	\N	\N	52	\N	\N	\N
260	11	3	\N	2014-03-27 10:43:11.13932	\N	\N	\N	52	\N	\N	\N
261	10	3	\N	2014-03-27 10:43:11.140972	\N	\N	\N	52	\N	\N	\N
262	2	3	\N	2014-03-27 10:43:11.14267	\N	\N	\N	52	\N	\N	\N
263	1	3	\N	2014-03-27 10:43:11.14447	\N	\N	\N	52	\N	\N	\N
264	7	3	\N	2014-03-27 10:43:11.146178	\N	\N	\N	52	\N	\N	\N
265	15	3	\N	2014-03-27 10:43:11.149683	\N	\N	\N	7	\N	\N	\N
266	16	3	\N	2014-03-27 10:43:11.15141	\N	\N	\N	7	\N	\N	\N
267	17	3	\N	2014-03-27 10:43:11.153092	\N	\N	\N	7	\N	\N	\N
268	15	3	\N	2014-03-27 10:43:11.154745	\N	\N	\N	10	\N	\N	\N
269	16	3	\N	2014-03-27 10:43:11.156428	\N	\N	\N	10	\N	\N	\N
270	17	3	\N	2014-03-27 10:43:11.158119	\N	\N	\N	10	\N	\N	\N
271	15	3	\N	2014-03-27 10:43:11.159914	\N	\N	\N	11	\N	\N	\N
272	16	3	\N	2014-03-27 10:43:11.1616	\N	\N	\N	11	\N	\N	\N
273	17	3	\N	2014-03-27 10:43:11.163244	\N	\N	\N	11	\N	\N	\N
274	15	3	\N	2014-03-27 10:43:11.164876	\N	\N	\N	16	\N	\N	\N
275	16	3	\N	2014-03-27 10:43:11.166499	\N	\N	\N	16	\N	\N	\N
276	17	3	\N	2014-03-27 10:43:11.168128	\N	\N	\N	16	\N	\N	\N
277	15	3	\N	2014-03-27 10:43:11.169758	\N	\N	\N	17	\N	\N	\N
278	16	3	\N	2014-03-27 10:43:11.171383	\N	\N	\N	17	\N	\N	\N
279	17	3	\N	2014-03-27 10:43:11.173012	\N	\N	\N	17	\N	\N	\N
280	15	3	\N	2014-03-27 10:43:11.174639	\N	\N	\N	30	\N	\N	\N
281	16	3	\N	2014-03-27 10:43:11.176265	\N	\N	\N	30	\N	\N	\N
282	17	3	\N	2014-03-27 10:43:11.17789	\N	\N	\N	30	\N	\N	\N
283	15	3	\N	2014-03-27 10:43:11.179505	\N	\N	\N	31	\N	\N	\N
284	16	3	\N	2014-03-27 10:43:11.181121	\N	\N	\N	31	\N	\N	\N
285	17	3	\N	2014-03-27 10:43:11.182726	\N	\N	\N	31	\N	\N	\N
286	15	3	\N	2014-03-27 10:43:11.184307	\N	\N	\N	45	\N	\N	\N
287	16	3	\N	2014-03-27 10:43:11.185887	\N	\N	\N	45	\N	\N	\N
288	17	3	\N	2014-03-27 10:43:11.339815	\N	\N	\N	45	\N	\N	\N
289	15	3	\N	2014-03-27 10:43:11.34194	\N	\N	\N	46	\N	\N	\N
290	16	3	\N	2014-03-27 10:43:11.343713	\N	\N	\N	46	\N	\N	\N
291	17	3	\N	2014-03-27 10:43:11.34546	\N	\N	\N	46	\N	\N	\N
292	14	4	\N	2014-03-27 10:43:11.348269	\N	\N	\N	48	\N	\N	\N
293	13	4	\N	2014-03-27 10:43:11.350038	\N	\N	\N	48	\N	\N	\N
294	12	4	\N	2014-03-27 10:43:11.351756	\N	\N	\N	48	\N	\N	\N
295	8	4	\N	2014-03-27 10:43:11.353479	\N	\N	\N	48	\N	\N	\N
296	9	4	\N	2014-03-27 10:43:11.355801	\N	\N	\N	48	\N	\N	\N
297	4	4	\N	2014-03-27 10:43:11.357645	\N	\N	\N	48	\N	\N	\N
298	6	4	\N	2014-03-27 10:43:11.359279	\N	\N	\N	48	\N	\N	\N
299	5	4	\N	2014-03-27 10:43:11.36091	\N	\N	\N	48	\N	\N	\N
300	3	4	\N	2014-03-27 10:43:11.362514	\N	\N	\N	48	\N	\N	\N
301	11	4	\N	2014-03-27 10:43:11.364117	\N	\N	\N	48	\N	\N	\N
302	10	4	\N	2014-03-27 10:43:11.365701	\N	\N	\N	48	\N	\N	\N
303	2	4	\N	2014-03-27 10:43:11.367284	\N	\N	\N	48	\N	\N	\N
304	1	4	\N	2014-03-27 10:43:11.368888	\N	\N	\N	48	\N	\N	\N
305	7	4	\N	2014-03-27 10:43:11.370495	\N	\N	\N	48	\N	\N	\N
306	14	4	\N	2014-03-27 10:43:11.373075	\N	\N	\N	51	\N	\N	\N
307	13	4	\N	2014-03-27 10:43:11.374714	\N	\N	\N	51	\N	\N	\N
308	12	4	\N	2014-03-27 10:43:11.376331	\N	\N	\N	51	\N	\N	\N
309	8	4	\N	2014-03-27 10:43:11.377954	\N	\N	\N	51	\N	\N	\N
310	9	4	\N	2014-03-27 10:43:11.379559	\N	\N	\N	51	\N	\N	\N
311	4	4	\N	2014-03-27 10:43:11.381191	\N	\N	\N	51	\N	\N	\N
312	6	4	\N	2014-03-27 10:43:11.382808	\N	\N	\N	51	\N	\N	\N
313	5	4	\N	2014-03-27 10:43:11.384437	\N	\N	\N	51	\N	\N	\N
314	3	4	\N	2014-03-27 10:43:11.386048	\N	\N	\N	51	\N	\N	\N
315	11	4	\N	2014-03-27 10:43:11.387664	\N	\N	\N	51	\N	\N	\N
316	10	4	\N	2014-03-27 10:43:11.389286	\N	\N	\N	51	\N	\N	\N
317	2	4	\N	2014-03-27 10:43:11.390878	\N	\N	\N	51	\N	\N	\N
318	1	4	\N	2014-03-27 10:43:11.392469	\N	\N	\N	51	\N	\N	\N
319	7	4	\N	2014-03-27 10:43:11.394065	\N	\N	\N	51	\N	\N	\N
320	14	4	\N	2014-03-27 10:43:11.39655	\N	\N	\N	49	\N	\N	\N
321	13	4	\N	2014-03-27 10:43:11.398133	\N	\N	\N	49	\N	\N	\N
322	12	4	\N	2014-03-27 10:43:11.399717	\N	\N	\N	49	\N	\N	\N
323	8	4	\N	2014-03-27 10:43:11.401311	\N	\N	\N	49	\N	\N	\N
324	9	4	\N	2014-03-27 10:43:11.402887	\N	\N	\N	49	\N	\N	\N
325	4	4	\N	2014-03-27 10:43:11.404457	\N	\N	\N	49	\N	\N	\N
326	6	4	\N	2014-03-27 10:43:11.406027	\N	\N	\N	49	\N	\N	\N
327	5	4	\N	2014-03-27 10:43:11.407598	\N	\N	\N	49	\N	\N	\N
328	3	4	\N	2014-03-27 10:43:11.409184	\N	\N	\N	49	\N	\N	\N
329	11	4	\N	2014-03-27 10:43:11.410751	\N	\N	\N	49	\N	\N	\N
330	10	4	\N	2014-03-27 10:43:11.412317	\N	\N	\N	49	\N	\N	\N
331	2	4	\N	2014-03-27 10:43:11.413973	\N	\N	\N	49	\N	\N	\N
332	1	4	\N	2014-03-27 10:43:11.415565	\N	\N	\N	49	\N	\N	\N
333	7	4	\N	2014-03-27 10:43:11.417136	\N	\N	\N	49	\N	\N	\N
334	14	4	\N	2014-03-27 10:43:11.574338	\N	\N	\N	50	\N	\N	\N
335	13	4	\N	2014-03-27 10:43:11.576524	\N	\N	\N	50	\N	\N	\N
336	12	4	\N	2014-03-27 10:43:11.578308	\N	\N	\N	50	\N	\N	\N
337	8	4	\N	2014-03-27 10:43:11.580051	\N	\N	\N	50	\N	\N	\N
338	9	4	\N	2014-03-27 10:43:11.581814	\N	\N	\N	50	\N	\N	\N
339	4	4	\N	2014-03-27 10:43:11.583558	\N	\N	\N	50	\N	\N	\N
340	6	4	\N	2014-03-27 10:43:11.585305	\N	\N	\N	50	\N	\N	\N
341	5	4	\N	2014-03-27 10:43:11.587075	\N	\N	\N	50	\N	\N	\N
342	3	4	\N	2014-03-27 10:43:11.5888	\N	\N	\N	50	\N	\N	\N
343	11	4	\N	2014-03-27 10:43:11.590441	\N	\N	\N	50	\N	\N	\N
344	10	4	\N	2014-03-27 10:43:11.59203	\N	\N	\N	50	\N	\N	\N
345	2	4	\N	2014-03-27 10:43:11.593625	\N	\N	\N	50	\N	\N	\N
346	1	4	\N	2014-03-27 10:43:11.595224	\N	\N	\N	50	\N	\N	\N
347	7	4	\N	2014-03-27 10:43:11.596816	\N	\N	\N	50	\N	\N	\N
348	14	4	\N	2014-03-27 10:43:11.599411	\N	\N	\N	52	\N	\N	\N
349	13	4	\N	2014-03-27 10:43:11.601008	\N	\N	\N	52	\N	\N	\N
350	12	4	\N	2014-03-27 10:43:11.602597	\N	\N	\N	52	\N	\N	\N
351	8	4	\N	2014-03-27 10:43:11.604191	\N	\N	\N	52	\N	\N	\N
352	9	4	\N	2014-03-27 10:43:11.605794	\N	\N	\N	52	\N	\N	\N
353	4	4	\N	2014-03-27 10:43:11.607417	\N	\N	\N	52	\N	\N	\N
354	6	4	\N	2014-03-27 10:43:11.609046	\N	\N	\N	52	\N	\N	\N
355	5	4	\N	2014-03-27 10:43:11.610664	\N	\N	\N	52	\N	\N	\N
356	3	4	\N	2014-03-27 10:43:11.612285	\N	\N	\N	52	\N	\N	\N
357	11	4	\N	2014-03-27 10:43:11.613918	\N	\N	\N	52	\N	\N	\N
358	10	4	\N	2014-03-27 10:43:11.615551	\N	\N	\N	52	\N	\N	\N
359	2	4	\N	2014-03-27 10:43:11.617252	\N	\N	\N	52	\N	\N	\N
360	1	4	\N	2014-03-27 10:43:11.618885	\N	\N	\N	52	\N	\N	\N
361	7	4	\N	2014-03-27 10:43:11.620507	\N	\N	\N	52	\N	\N	\N
362	15	4	\N	2014-03-27 10:43:11.623608	\N	\N	\N	7	\N	\N	\N
363	16	4	\N	2014-03-27 10:43:11.625234	\N	\N	\N	7	\N	\N	\N
364	17	4	\N	2014-03-27 10:43:11.626818	\N	\N	\N	7	\N	\N	\N
365	15	4	\N	2014-03-27 10:43:11.628394	\N	\N	\N	10	\N	\N	\N
366	16	4	\N	2014-03-27 10:43:11.629968	\N	\N	\N	10	\N	\N	\N
367	17	4	\N	2014-03-27 10:43:11.631615	\N	\N	\N	10	\N	\N	\N
368	15	4	\N	2014-03-27 10:43:11.633173	\N	\N	\N	11	\N	\N	\N
369	16	4	\N	2014-03-27 10:43:11.634771	\N	\N	\N	11	\N	\N	\N
370	17	4	\N	2014-03-27 10:43:11.636341	\N	\N	\N	11	\N	\N	\N
371	15	4	\N	2014-03-27 10:43:11.637911	\N	\N	\N	16	\N	\N	\N
372	16	4	\N	2014-03-27 10:43:11.63948	\N	\N	\N	16	\N	\N	\N
373	17	4	\N	2014-03-27 10:43:11.641038	\N	\N	\N	16	\N	\N	\N
374	15	4	\N	2014-03-27 10:43:11.642622	\N	\N	\N	17	\N	\N	\N
375	16	4	\N	2014-03-27 10:43:11.644169	\N	\N	\N	17	\N	\N	\N
376	17	4	\N	2014-03-27 10:43:11.645754	\N	\N	\N	17	\N	\N	\N
377	15	4	\N	2014-03-27 10:43:11.64732	\N	\N	\N	30	\N	\N	\N
378	16	4	\N	2014-03-27 10:43:11.648902	\N	\N	\N	30	\N	\N	\N
379	17	4	\N	2014-03-27 10:43:11.650484	\N	\N	\N	30	\N	\N	\N
380	15	4	\N	2014-03-27 10:43:11.65206	\N	\N	\N	31	\N	\N	\N
381	16	4	\N	2014-03-27 10:43:11.804909	\N	\N	\N	31	\N	\N	\N
382	17	4	\N	2014-03-27 10:43:11.807024	\N	\N	\N	31	\N	\N	\N
383	15	4	\N	2014-03-27 10:43:11.808794	\N	\N	\N	45	\N	\N	\N
384	16	4	\N	2014-03-27 10:43:11.810562	\N	\N	\N	45	\N	\N	\N
385	17	4	\N	2014-03-27 10:43:11.812264	\N	\N	\N	45	\N	\N	\N
386	15	4	\N	2014-03-27 10:43:11.813986	\N	\N	\N	46	\N	\N	\N
387	16	4	\N	2014-03-27 10:43:11.815705	\N	\N	\N	46	\N	\N	\N
388	17	4	\N	2014-03-27 10:43:11.817409	\N	\N	\N	46	\N	\N	\N
389	14	5	\N	2014-03-27 10:43:11.820136	\N	\N	\N	48	\N	\N	\N
390	13	5	\N	2014-03-27 10:43:11.821753	\N	\N	\N	48	\N	\N	\N
391	12	5	\N	2014-03-27 10:43:11.823341	\N	\N	\N	48	\N	\N	\N
392	8	5	\N	2014-03-27 10:43:11.824936	\N	\N	\N	48	\N	\N	\N
393	9	5	\N	2014-03-27 10:43:11.826535	\N	\N	\N	48	\N	\N	\N
394	4	5	\N	2014-03-27 10:43:11.828127	\N	\N	\N	48	\N	\N	\N
395	6	5	\N	2014-03-27 10:43:11.829714	\N	\N	\N	48	\N	\N	\N
396	5	5	\N	2014-03-27 10:43:11.831305	\N	\N	\N	48	\N	\N	\N
397	3	5	\N	2014-03-27 10:43:11.832953	\N	\N	\N	48	\N	\N	\N
398	11	5	\N	2014-03-27 10:43:11.834562	\N	\N	\N	48	\N	\N	\N
399	10	5	\N	2014-03-27 10:43:11.836158	\N	\N	\N	48	\N	\N	\N
400	2	5	\N	2014-03-27 10:43:11.837697	\N	\N	\N	48	\N	\N	\N
401	1	5	\N	2014-03-27 10:43:11.839299	\N	\N	\N	48	\N	\N	\N
402	7	5	\N	2014-03-27 10:43:11.840908	\N	\N	\N	48	\N	\N	\N
403	14	5	\N	2014-03-27 10:43:11.843504	\N	\N	\N	51	\N	\N	\N
404	13	5	\N	2014-03-27 10:43:11.845115	\N	\N	\N	51	\N	\N	\N
405	12	5	\N	2014-03-27 10:43:11.846728	\N	\N	\N	51	\N	\N	\N
406	8	5	\N	2014-03-27 10:43:11.848351	\N	\N	\N	51	\N	\N	\N
407	9	5	\N	2014-03-27 10:43:11.849964	\N	\N	\N	51	\N	\N	\N
408	4	5	\N	2014-03-27 10:43:11.851506	\N	\N	\N	51	\N	\N	\N
409	6	5	\N	2014-03-27 10:43:11.85337	\N	\N	\N	51	\N	\N	\N
410	5	5	\N	2014-03-27 10:43:11.85502	\N	\N	\N	51	\N	\N	\N
411	3	5	\N	2014-03-27 10:43:11.8566	\N	\N	\N	51	\N	\N	\N
412	11	5	\N	2014-03-27 10:43:11.858187	\N	\N	\N	51	\N	\N	\N
413	10	5	\N	2014-03-27 10:43:11.859771	\N	\N	\N	51	\N	\N	\N
414	2	5	\N	2014-03-27 10:43:11.861352	\N	\N	\N	51	\N	\N	\N
415	1	5	\N	2014-03-27 10:43:11.862933	\N	\N	\N	51	\N	\N	\N
416	7	5	\N	2014-03-27 10:43:11.864485	\N	\N	\N	51	\N	\N	\N
417	14	5	\N	2014-03-27 10:43:11.867017	\N	\N	\N	49	\N	\N	\N
418	13	5	\N	2014-03-27 10:43:11.868608	\N	\N	\N	49	\N	\N	\N
419	12	5	\N	2014-03-27 10:43:11.870174	\N	\N	\N	49	\N	\N	\N
420	8	5	\N	2014-03-27 10:43:11.871752	\N	\N	\N	49	\N	\N	\N
421	9	5	\N	2014-03-27 10:43:11.87332	\N	\N	\N	49	\N	\N	\N
422	4	5	\N	2014-03-27 10:43:11.874906	\N	\N	\N	49	\N	\N	\N
423	6	5	\N	2014-03-27 10:43:11.876473	\N	\N	\N	49	\N	\N	\N
424	5	5	\N	2014-03-27 10:43:11.878044	\N	\N	\N	49	\N	\N	\N
425	3	5	\N	2014-03-27 10:43:11.879641	\N	\N	\N	49	\N	\N	\N
426	11	5	\N	2014-03-27 10:43:11.881213	\N	\N	\N	49	\N	\N	\N
427	10	5	\N	2014-03-27 10:43:11.882785	\N	\N	\N	49	\N	\N	\N
428	2	5	\N	2014-03-27 10:43:12.036378	\N	\N	\N	49	\N	\N	\N
429	1	5	\N	2014-03-27 10:43:12.038378	\N	\N	\N	49	\N	\N	\N
430	7	5	\N	2014-03-27 10:43:12.040234	\N	\N	\N	49	\N	\N	\N
431	14	5	\N	2014-03-27 10:43:12.043027	\N	\N	\N	50	\N	\N	\N
432	13	5	\N	2014-03-27 10:43:12.044776	\N	\N	\N	50	\N	\N	\N
433	12	5	\N	2014-03-27 10:43:12.04651	\N	\N	\N	50	\N	\N	\N
434	8	5	\N	2014-03-27 10:43:12.048811	\N	\N	\N	50	\N	\N	\N
435	9	5	\N	2014-03-27 10:43:12.050759	\N	\N	\N	50	\N	\N	\N
436	4	5	\N	2014-03-27 10:43:12.052421	\N	\N	\N	50	\N	\N	\N
437	6	5	\N	2014-03-27 10:43:12.054011	\N	\N	\N	50	\N	\N	\N
438	5	5	\N	2014-03-27 10:43:12.055624	\N	\N	\N	50	\N	\N	\N
439	3	5	\N	2014-03-27 10:43:12.057222	\N	\N	\N	50	\N	\N	\N
440	11	5	\N	2014-03-27 10:43:12.058817	\N	\N	\N	50	\N	\N	\N
441	10	5	\N	2014-03-27 10:43:12.060427	\N	\N	\N	50	\N	\N	\N
442	2	5	\N	2014-03-27 10:43:12.062009	\N	\N	\N	50	\N	\N	\N
443	1	5	\N	2014-03-27 10:43:12.063656	\N	\N	\N	50	\N	\N	\N
444	7	5	\N	2014-03-27 10:43:12.065268	\N	\N	\N	50	\N	\N	\N
445	14	5	\N	2014-03-27 10:43:12.067817	\N	\N	\N	52	\N	\N	\N
446	13	5	\N	2014-03-27 10:43:12.06946	\N	\N	\N	52	\N	\N	\N
447	12	5	\N	2014-03-27 10:43:12.071073	\N	\N	\N	52	\N	\N	\N
448	8	5	\N	2014-03-27 10:43:12.072686	\N	\N	\N	52	\N	\N	\N
449	9	5	\N	2014-03-27 10:43:12.074298	\N	\N	\N	52	\N	\N	\N
450	4	5	\N	2014-03-27 10:43:12.075935	\N	\N	\N	52	\N	\N	\N
451	6	5	\N	2014-03-27 10:43:12.077546	\N	\N	\N	52	\N	\N	\N
452	5	5	\N	2014-03-27 10:43:12.079176	\N	\N	\N	52	\N	\N	\N
453	3	5	\N	2014-03-27 10:43:12.080784	\N	\N	\N	52	\N	\N	\N
454	11	5	\N	2014-03-27 10:43:12.082397	\N	\N	\N	52	\N	\N	\N
455	10	5	\N	2014-03-27 10:43:12.084	\N	\N	\N	52	\N	\N	\N
456	2	5	\N	2014-03-27 10:43:12.085597	\N	\N	\N	52	\N	\N	\N
457	1	5	\N	2014-03-27 10:43:12.087182	\N	\N	\N	52	\N	\N	\N
458	7	5	\N	2014-03-27 10:43:12.08877	\N	\N	\N	52	\N	\N	\N
459	15	5	\N	2014-03-27 10:43:12.091715	\N	\N	\N	7	\N	\N	\N
460	16	5	\N	2014-03-27 10:43:12.093319	\N	\N	\N	7	\N	\N	\N
461	17	5	\N	2014-03-27 10:43:12.094893	\N	\N	\N	7	\N	\N	\N
462	15	5	\N	2014-03-27 10:43:12.096473	\N	\N	\N	10	\N	\N	\N
463	16	5	\N	2014-03-27 10:43:12.098047	\N	\N	\N	10	\N	\N	\N
464	17	5	\N	2014-03-27 10:43:12.099633	\N	\N	\N	10	\N	\N	\N
465	15	5	\N	2014-03-27 10:43:12.101196	\N	\N	\N	11	\N	\N	\N
466	16	5	\N	2014-03-27 10:43:12.102768	\N	\N	\N	11	\N	\N	\N
467	17	5	\N	2014-03-27 10:43:12.104354	\N	\N	\N	11	\N	\N	\N
468	15	5	\N	2014-03-27 10:43:12.105921	\N	\N	\N	16	\N	\N	\N
469	16	5	\N	2014-03-27 10:43:12.10749	\N	\N	\N	16	\N	\N	\N
470	17	5	\N	2014-03-27 10:43:12.10909	\N	\N	\N	16	\N	\N	\N
471	15	5	\N	2014-03-27 10:43:12.110668	\N	\N	\N	17	\N	\N	\N
472	16	5	\N	2014-03-27 10:43:12.112244	\N	\N	\N	17	\N	\N	\N
473	17	5	\N	2014-03-27 10:43:12.113816	\N	\N	\N	17	\N	\N	\N
474	15	5	\N	2014-03-27 10:43:12.267259	\N	\N	\N	30	\N	\N	\N
475	16	5	\N	2014-03-27 10:43:12.269411	\N	\N	\N	30	\N	\N	\N
476	17	5	\N	2014-03-27 10:43:12.271426	\N	\N	\N	30	\N	\N	\N
477	15	5	\N	2014-03-27 10:43:12.273365	\N	\N	\N	31	\N	\N	\N
478	16	5	\N	2014-03-27 10:43:12.275142	\N	\N	\N	31	\N	\N	\N
479	17	5	\N	2014-03-27 10:43:12.276877	\N	\N	\N	31	\N	\N	\N
480	15	5	\N	2014-03-27 10:43:12.278651	\N	\N	\N	45	\N	\N	\N
481	16	5	\N	2014-03-27 10:43:12.280392	\N	\N	\N	45	\N	\N	\N
482	17	5	\N	2014-03-27 10:43:12.282186	\N	\N	\N	45	\N	\N	\N
483	15	5	\N	2014-03-27 10:43:12.283796	\N	\N	\N	46	\N	\N	\N
484	16	5	\N	2014-03-27 10:43:12.285411	\N	\N	\N	46	\N	\N	\N
485	17	5	\N	2014-03-27 10:43:12.287	\N	\N	\N	46	\N	\N	\N
486	14	6	\N	2014-03-27 10:43:12.28955	\N	\N	\N	48	\N	\N	\N
487	13	6	\N	2014-03-27 10:43:12.291193	\N	\N	\N	48	\N	\N	\N
488	12	6	\N	2014-03-27 10:43:12.29279	\N	\N	\N	48	\N	\N	\N
489	8	6	\N	2014-03-27 10:43:12.294485	\N	\N	\N	48	\N	\N	\N
490	9	6	\N	2014-03-27 10:43:12.296168	\N	\N	\N	48	\N	\N	\N
491	4	6	\N	2014-03-27 10:43:12.297863	\N	\N	\N	48	\N	\N	\N
492	6	6	\N	2014-03-27 10:43:12.299502	\N	\N	\N	48	\N	\N	\N
493	5	6	\N	2014-03-27 10:43:12.301176	\N	\N	\N	48	\N	\N	\N
494	3	6	\N	2014-03-27 10:43:12.3029	\N	\N	\N	48	\N	\N	\N
495	11	6	\N	2014-03-27 10:43:12.304665	\N	\N	\N	48	\N	\N	\N
496	10	6	\N	2014-03-27 10:43:12.306389	\N	\N	\N	48	\N	\N	\N
497	2	6	\N	2014-03-27 10:43:12.308109	\N	\N	\N	48	\N	\N	\N
498	1	6	\N	2014-03-27 10:43:12.309825	\N	\N	\N	48	\N	\N	\N
499	7	6	\N	2014-03-27 10:43:12.311543	\N	\N	\N	48	\N	\N	\N
500	14	6	\N	2014-03-27 10:43:12.314241	\N	\N	\N	51	\N	\N	\N
501	13	6	\N	2014-03-27 10:43:12.316007	\N	\N	\N	51	\N	\N	\N
502	12	6	\N	2014-03-27 10:43:12.317734	\N	\N	\N	51	\N	\N	\N
503	8	6	\N	2014-03-27 10:43:12.319433	\N	\N	\N	51	\N	\N	\N
504	9	6	\N	2014-03-27 10:43:12.32111	\N	\N	\N	51	\N	\N	\N
505	4	6	\N	2014-03-27 10:43:12.323366	\N	\N	\N	51	\N	\N	\N
506	6	6	\N	2014-03-27 10:43:12.325612	\N	\N	\N	51	\N	\N	\N
507	5	6	\N	2014-03-27 10:43:12.32732	\N	\N	\N	51	\N	\N	\N
508	3	6	\N	2014-03-27 10:43:12.328941	\N	\N	\N	51	\N	\N	\N
509	11	6	\N	2014-03-27 10:43:12.330529	\N	\N	\N	51	\N	\N	\N
510	10	6	\N	2014-03-27 10:43:12.332126	\N	\N	\N	51	\N	\N	\N
511	2	6	\N	2014-03-27 10:43:12.33374	\N	\N	\N	51	\N	\N	\N
512	1	6	\N	2014-03-27 10:43:12.335323	\N	\N	\N	51	\N	\N	\N
513	7	6	\N	2014-03-27 10:43:12.336921	\N	\N	\N	51	\N	\N	\N
514	14	6	\N	2014-03-27 10:43:12.339468	\N	\N	\N	49	\N	\N	\N
515	13	6	\N	2014-03-27 10:43:12.341074	\N	\N	\N	49	\N	\N	\N
516	12	6	\N	2014-03-27 10:43:12.342667	\N	\N	\N	49	\N	\N	\N
517	8	6	\N	2014-03-27 10:43:12.344238	\N	\N	\N	49	\N	\N	\N
518	9	6	\N	2014-03-27 10:43:12.34582	\N	\N	\N	49	\N	\N	\N
519	4	6	\N	2014-03-27 10:43:12.347413	\N	\N	\N	49	\N	\N	\N
520	6	6	\N	2014-03-27 10:43:12.348988	\N	\N	\N	49	\N	\N	\N
521	5	6	\N	2014-03-27 10:43:12.502072	\N	\N	\N	49	\N	\N	\N
522	3	6	\N	2014-03-27 10:43:12.504076	\N	\N	\N	49	\N	\N	\N
523	11	6	\N	2014-03-27 10:43:12.505847	\N	\N	\N	49	\N	\N	\N
524	10	6	\N	2014-03-27 10:43:12.507636	\N	\N	\N	49	\N	\N	\N
525	2	6	\N	2014-03-27 10:43:12.509357	\N	\N	\N	49	\N	\N	\N
526	1	6	\N	2014-03-27 10:43:12.511087	\N	\N	\N	49	\N	\N	\N
527	7	6	\N	2014-03-27 10:43:12.512817	\N	\N	\N	49	\N	\N	\N
528	14	6	\N	2014-03-27 10:43:12.515477	\N	\N	\N	50	\N	\N	\N
529	13	6	\N	2014-03-27 10:43:12.517158	\N	\N	\N	50	\N	\N	\N
530	12	6	\N	2014-03-27 10:43:12.518758	\N	\N	\N	50	\N	\N	\N
531	8	6	\N	2014-03-27 10:43:12.520383	\N	\N	\N	50	\N	\N	\N
532	9	6	\N	2014-03-27 10:43:12.521988	\N	\N	\N	50	\N	\N	\N
533	4	6	\N	2014-03-27 10:43:12.523591	\N	\N	\N	50	\N	\N	\N
534	6	6	\N	2014-03-27 10:43:12.525203	\N	\N	\N	50	\N	\N	\N
535	5	6	\N	2014-03-27 10:43:12.526796	\N	\N	\N	50	\N	\N	\N
536	3	6	\N	2014-03-27 10:43:12.528379	\N	\N	\N	50	\N	\N	\N
537	11	6	\N	2014-03-27 10:43:12.529975	\N	\N	\N	50	\N	\N	\N
538	10	6	\N	2014-03-27 10:43:12.531583	\N	\N	\N	50	\N	\N	\N
539	2	6	\N	2014-03-27 10:43:12.533206	\N	\N	\N	50	\N	\N	\N
540	1	6	\N	2014-03-27 10:43:12.534824	\N	\N	\N	50	\N	\N	\N
541	7	6	\N	2014-03-27 10:43:12.536446	\N	\N	\N	50	\N	\N	\N
542	14	6	\N	2014-03-27 10:43:12.538996	\N	\N	\N	52	\N	\N	\N
543	13	6	\N	2014-03-27 10:43:12.540653	\N	\N	\N	52	\N	\N	\N
544	12	6	\N	2014-03-27 10:43:12.542273	\N	\N	\N	52	\N	\N	\N
545	8	6	\N	2014-03-27 10:43:12.543936	\N	\N	\N	52	\N	\N	\N
546	9	6	\N	2014-03-27 10:43:12.545582	\N	\N	\N	52	\N	\N	\N
547	4	6	\N	2014-03-27 10:43:12.547229	\N	\N	\N	52	\N	\N	\N
548	6	6	\N	2014-03-27 10:43:12.54885	\N	\N	\N	52	\N	\N	\N
549	5	6	\N	2014-03-27 10:43:12.550468	\N	\N	\N	52	\N	\N	\N
550	3	6	\N	2014-03-27 10:43:12.552057	\N	\N	\N	52	\N	\N	\N
551	11	6	\N	2014-03-27 10:43:12.553655	\N	\N	\N	52	\N	\N	\N
552	10	6	\N	2014-03-27 10:43:12.555254	\N	\N	\N	52	\N	\N	\N
553	2	6	\N	2014-03-27 10:43:12.556886	\N	\N	\N	52	\N	\N	\N
554	1	6	\N	2014-03-27 10:43:12.558561	\N	\N	\N	52	\N	\N	\N
555	7	6	\N	2014-03-27 10:43:12.560147	\N	\N	\N	52	\N	\N	\N
556	15	6	\N	2014-03-27 10:43:12.563091	\N	\N	\N	7	\N	\N	\N
557	16	6	\N	2014-03-27 10:43:12.564696	\N	\N	\N	7	\N	\N	\N
558	17	6	\N	2014-03-27 10:43:12.566286	\N	\N	\N	7	\N	\N	\N
559	15	6	\N	2014-03-27 10:43:12.567888	\N	\N	\N	10	\N	\N	\N
560	16	6	\N	2014-03-27 10:43:12.569497	\N	\N	\N	10	\N	\N	\N
561	17	6	\N	2014-03-27 10:43:12.571071	\N	\N	\N	10	\N	\N	\N
562	15	6	\N	2014-03-27 10:43:12.572641	\N	\N	\N	11	\N	\N	\N
563	16	6	\N	2014-03-27 10:43:12.574216	\N	\N	\N	11	\N	\N	\N
564	17	6	\N	2014-03-27 10:43:12.575784	\N	\N	\N	11	\N	\N	\N
565	15	6	\N	2014-03-27 10:43:12.57737	\N	\N	\N	16	\N	\N	\N
566	16	6	\N	2014-03-27 10:43:12.578939	\N	\N	\N	16	\N	\N	\N
567	17	6	\N	2014-03-27 10:43:12.731771	\N	\N	\N	16	\N	\N	\N
568	15	6	\N	2014-03-27 10:43:12.733885	\N	\N	\N	17	\N	\N	\N
569	16	6	\N	2014-03-27 10:43:12.735663	\N	\N	\N	17	\N	\N	\N
570	17	6	\N	2014-03-27 10:43:12.737416	\N	\N	\N	17	\N	\N	\N
571	15	6	\N	2014-03-27 10:43:12.739106	\N	\N	\N	30	\N	\N	\N
572	16	6	\N	2014-03-27 10:43:12.740834	\N	\N	\N	30	\N	\N	\N
573	17	6	\N	2014-03-27 10:43:12.742556	\N	\N	\N	30	\N	\N	\N
574	15	6	\N	2014-03-27 10:43:12.744275	\N	\N	\N	31	\N	\N	\N
575	16	6	\N	2014-03-27 10:43:12.74599	\N	\N	\N	31	\N	\N	\N
576	17	6	\N	2014-03-27 10:43:12.747593	\N	\N	\N	31	\N	\N	\N
577	15	6	\N	2014-03-27 10:43:12.749187	\N	\N	\N	45	\N	\N	\N
578	16	6	\N	2014-03-27 10:43:12.750801	\N	\N	\N	45	\N	\N	\N
579	17	6	\N	2014-03-27 10:43:12.752402	\N	\N	\N	45	\N	\N	\N
580	15	6	\N	2014-03-27 10:43:12.754009	\N	\N	\N	46	\N	\N	\N
581	16	6	\N	2014-03-27 10:43:12.75562	\N	\N	\N	46	\N	\N	\N
582	17	6	\N	2014-03-27 10:43:12.757205	\N	\N	\N	46	\N	\N	\N
583	14	7	\N	2014-03-27 10:43:12.759792	\N	\N	\N	48	\N	\N	\N
584	13	7	\N	2014-03-27 10:43:12.76143	\N	\N	\N	48	\N	\N	\N
585	12	7	\N	2014-03-27 10:43:12.763038	\N	\N	\N	48	\N	\N	\N
586	8	7	\N	2014-03-27 10:43:12.764827	\N	\N	\N	48	\N	\N	\N
587	9	7	\N	2014-03-27 10:43:12.766461	\N	\N	\N	48	\N	\N	\N
588	4	7	\N	2014-03-27 10:43:12.768067	\N	\N	\N	48	\N	\N	\N
589	6	7	\N	2014-03-27 10:43:12.769682	\N	\N	\N	48	\N	\N	\N
590	5	7	\N	2014-03-27 10:43:12.771282	\N	\N	\N	48	\N	\N	\N
591	3	7	\N	2014-03-27 10:43:12.772916	\N	\N	\N	48	\N	\N	\N
592	11	7	\N	2014-03-27 10:43:12.774543	\N	\N	\N	48	\N	\N	\N
593	10	7	\N	2014-03-27 10:43:12.776146	\N	\N	\N	48	\N	\N	\N
594	2	7	\N	2014-03-27 10:43:12.777752	\N	\N	\N	48	\N	\N	\N
595	1	7	\N	2014-03-27 10:43:12.779358	\N	\N	\N	48	\N	\N	\N
596	7	7	\N	2014-03-27 10:43:12.780969	\N	\N	\N	48	\N	\N	\N
597	14	7	\N	2014-03-27 10:43:12.78345	\N	\N	\N	51	\N	\N	\N
598	13	7	\N	2014-03-27 10:43:12.785032	\N	\N	\N	51	\N	\N	\N
599	12	7	\N	2014-03-27 10:43:12.786598	\N	\N	\N	51	\N	\N	\N
600	8	7	\N	2014-03-27 10:43:12.788193	\N	\N	\N	51	\N	\N	\N
601	9	7	\N	2014-03-27 10:43:12.789753	\N	\N	\N	51	\N	\N	\N
602	4	7	\N	2014-03-27 10:43:12.791389	\N	\N	\N	51	\N	\N	\N
603	6	7	\N	2014-03-27 10:43:12.792961	\N	\N	\N	51	\N	\N	\N
604	5	7	\N	2014-03-27 10:43:12.794541	\N	\N	\N	51	\N	\N	\N
605	3	7	\N	2014-03-27 10:43:12.79612	\N	\N	\N	51	\N	\N	\N
606	11	7	\N	2014-03-27 10:43:12.797687	\N	\N	\N	51	\N	\N	\N
607	10	7	\N	2014-03-27 10:43:12.799273	\N	\N	\N	51	\N	\N	\N
608	2	7	\N	2014-03-27 10:43:12.800948	\N	\N	\N	51	\N	\N	\N
609	1	7	\N	2014-03-27 10:43:12.802526	\N	\N	\N	51	\N	\N	\N
610	7	7	\N	2014-03-27 10:43:12.80412	\N	\N	\N	51	\N	\N	\N
611	14	7	\N	2014-03-27 10:43:12.806628	\N	\N	\N	49	\N	\N	\N
612	13	7	\N	2014-03-27 10:43:12.808216	\N	\N	\N	49	\N	\N	\N
613	12	7	\N	2014-03-27 10:43:12.80978	\N	\N	\N	49	\N	\N	\N
614	8	7	\N	2014-03-27 10:43:12.963035	\N	\N	\N	49	\N	\N	\N
615	9	7	\N	2014-03-27 10:43:12.965023	\N	\N	\N	49	\N	\N	\N
616	4	7	\N	2014-03-27 10:43:12.966791	\N	\N	\N	49	\N	\N	\N
617	6	7	\N	2014-03-27 10:43:12.968539	\N	\N	\N	49	\N	\N	\N
618	5	7	\N	2014-03-27 10:43:12.970262	\N	\N	\N	49	\N	\N	\N
619	3	7	\N	2014-03-27 10:43:12.971994	\N	\N	\N	49	\N	\N	\N
620	11	7	\N	2014-03-27 10:43:12.973719	\N	\N	\N	49	\N	\N	\N
621	10	7	\N	2014-03-27 10:43:12.97552	\N	\N	\N	49	\N	\N	\N
622	2	7	\N	2014-03-27 10:43:12.977176	\N	\N	\N	49	\N	\N	\N
623	1	7	\N	2014-03-27 10:43:12.978762	\N	\N	\N	49	\N	\N	\N
624	7	7	\N	2014-03-27 10:43:12.980347	\N	\N	\N	49	\N	\N	\N
625	14	7	\N	2014-03-27 10:43:12.982936	\N	\N	\N	50	\N	\N	\N
626	13	7	\N	2014-03-27 10:43:12.984563	\N	\N	\N	50	\N	\N	\N
627	12	7	\N	2014-03-27 10:43:12.986156	\N	\N	\N	50	\N	\N	\N
628	8	7	\N	2014-03-27 10:43:12.987758	\N	\N	\N	50	\N	\N	\N
629	9	7	\N	2014-03-27 10:43:12.989332	\N	\N	\N	50	\N	\N	\N
630	4	7	\N	2014-03-27 10:43:12.990954	\N	\N	\N	50	\N	\N	\N
631	6	7	\N	2014-03-27 10:43:12.992574	\N	\N	\N	50	\N	\N	\N
632	5	7	\N	2014-03-27 10:43:12.994185	\N	\N	\N	50	\N	\N	\N
633	3	7	\N	2014-03-27 10:43:12.995799	\N	\N	\N	50	\N	\N	\N
634	11	7	\N	2014-03-27 10:43:12.997407	\N	\N	\N	50	\N	\N	\N
635	10	7	\N	2014-03-27 10:43:12.999028	\N	\N	\N	50	\N	\N	\N
636	2	7	\N	2014-03-27 10:43:13.000635	\N	\N	\N	50	\N	\N	\N
637	1	7	\N	2014-03-27 10:43:13.002392	\N	\N	\N	50	\N	\N	\N
638	7	7	\N	2014-03-27 10:43:13.004055	\N	\N	\N	50	\N	\N	\N
639	14	7	\N	2014-03-27 10:43:13.006675	\N	\N	\N	52	\N	\N	\N
640	13	7	\N	2014-03-27 10:43:13.008307	\N	\N	\N	52	\N	\N	\N
641	12	7	\N	2014-03-27 10:43:13.009917	\N	\N	\N	52	\N	\N	\N
642	8	7	\N	2014-03-27 10:43:13.011524	\N	\N	\N	52	\N	\N	\N
643	9	7	\N	2014-03-27 10:43:13.013129	\N	\N	\N	52	\N	\N	\N
644	4	7	\N	2014-03-27 10:43:13.014731	\N	\N	\N	52	\N	\N	\N
645	6	7	\N	2014-03-27 10:43:13.016321	\N	\N	\N	52	\N	\N	\N
646	5	7	\N	2014-03-27 10:43:13.017941	\N	\N	\N	52	\N	\N	\N
647	3	7	\N	2014-03-27 10:43:13.01967	\N	\N	\N	52	\N	\N	\N
648	11	7	\N	2014-03-27 10:43:13.021269	\N	\N	\N	52	\N	\N	\N
649	10	7	\N	2014-03-27 10:43:13.022863	\N	\N	\N	52	\N	\N	\N
650	2	7	\N	2014-03-27 10:43:13.024453	\N	\N	\N	52	\N	\N	\N
651	1	7	\N	2014-03-27 10:43:13.026027	\N	\N	\N	52	\N	\N	\N
652	7	7	\N	2014-03-27 10:43:13.027699	\N	\N	\N	52	\N	\N	\N
653	15	7	\N	2014-03-27 10:43:13.030713	\N	\N	\N	7	\N	\N	\N
654	16	7	\N	2014-03-27 10:43:13.032344	\N	\N	\N	7	\N	\N	\N
655	17	7	\N	2014-03-27 10:43:13.033922	\N	\N	\N	7	\N	\N	\N
656	15	7	\N	2014-03-27 10:43:13.035806	\N	\N	\N	10	\N	\N	\N
657	16	7	\N	2014-03-27 10:43:13.037465	\N	\N	\N	10	\N	\N	\N
658	17	7	\N	2014-03-27 10:43:13.03908	\N	\N	\N	10	\N	\N	\N
659	15	7	\N	2014-03-27 10:43:13.040695	\N	\N	\N	11	\N	\N	\N
660	16	7	\N	2014-03-27 10:43:13.195197	\N	\N	\N	11	\N	\N	\N
661	17	7	\N	2014-03-27 10:43:13.197319	\N	\N	\N	11	\N	\N	\N
662	15	7	\N	2014-03-27 10:43:13.1991	\N	\N	\N	16	\N	\N	\N
663	16	7	\N	2014-03-27 10:43:13.20087	\N	\N	\N	16	\N	\N	\N
664	17	7	\N	2014-03-27 10:43:13.202625	\N	\N	\N	16	\N	\N	\N
665	15	7	\N	2014-03-27 10:43:13.204367	\N	\N	\N	17	\N	\N	\N
666	16	7	\N	2014-03-27 10:43:13.206086	\N	\N	\N	17	\N	\N	\N
667	17	7	\N	2014-03-27 10:43:13.207802	\N	\N	\N	17	\N	\N	\N
668	15	7	\N	2014-03-27 10:43:13.209527	\N	\N	\N	30	\N	\N	\N
669	16	7	\N	2014-03-27 10:43:13.211153	\N	\N	\N	30	\N	\N	\N
670	17	7	\N	2014-03-27 10:43:13.212664	\N	\N	\N	30	\N	\N	\N
671	15	7	\N	2014-03-27 10:43:13.214254	\N	\N	\N	31	\N	\N	\N
672	16	7	\N	2014-03-27 10:43:13.215846	\N	\N	\N	31	\N	\N	\N
673	17	7	\N	2014-03-27 10:43:13.217448	\N	\N	\N	31	\N	\N	\N
674	15	7	\N	2014-03-27 10:43:13.21906	\N	\N	\N	45	\N	\N	\N
675	16	7	\N	2014-03-27 10:43:13.220654	\N	\N	\N	45	\N	\N	\N
676	17	7	\N	2014-03-27 10:43:13.22225	\N	\N	\N	45	\N	\N	\N
677	15	7	\N	2014-03-27 10:43:13.223852	\N	\N	\N	46	\N	\N	\N
678	16	7	\N	2014-03-27 10:43:13.225453	\N	\N	\N	46	\N	\N	\N
679	17	7	\N	2014-03-27 10:43:13.227061	\N	\N	\N	46	\N	\N	\N
680	14	8	\N	2014-03-27 10:43:13.229642	\N	\N	\N	48	\N	\N	\N
681	13	8	\N	2014-03-27 10:43:13.231287	\N	\N	\N	48	\N	\N	\N
682	12	8	\N	2014-03-27 10:43:13.232916	\N	\N	\N	48	\N	\N	\N
683	8	8	\N	2014-03-27 10:43:13.234537	\N	\N	\N	48	\N	\N	\N
684	9	8	\N	2014-03-27 10:43:13.236398	\N	\N	\N	48	\N	\N	\N
685	4	8	\N	2014-03-27 10:43:13.23809	\N	\N	\N	48	\N	\N	\N
686	6	8	\N	2014-03-27 10:43:13.239756	\N	\N	\N	48	\N	\N	\N
687	5	8	\N	2014-03-27 10:43:13.241395	\N	\N	\N	48	\N	\N	\N
688	3	8	\N	2014-03-27 10:43:13.243024	\N	\N	\N	48	\N	\N	\N
689	11	8	\N	2014-03-27 10:43:13.244645	\N	\N	\N	48	\N	\N	\N
690	10	8	\N	2014-03-27 10:43:13.246244	\N	\N	\N	48	\N	\N	\N
691	2	8	\N	2014-03-27 10:43:13.247848	\N	\N	\N	48	\N	\N	\N
692	1	8	\N	2014-03-27 10:43:13.249451	\N	\N	\N	48	\N	\N	\N
693	7	8	\N	2014-03-27 10:43:13.251053	\N	\N	\N	48	\N	\N	\N
694	14	8	\N	2014-03-27 10:43:13.253623	\N	\N	\N	51	\N	\N	\N
695	13	8	\N	2014-03-27 10:43:13.255232	\N	\N	\N	51	\N	\N	\N
696	12	8	\N	2014-03-27 10:43:13.256808	\N	\N	\N	51	\N	\N	\N
697	8	8	\N	2014-03-27 10:43:13.258384	\N	\N	\N	51	\N	\N	\N
698	9	8	\N	2014-03-27 10:43:13.259958	\N	\N	\N	51	\N	\N	\N
699	4	8	\N	2014-03-27 10:43:13.261551	\N	\N	\N	51	\N	\N	\N
700	6	8	\N	2014-03-27 10:43:13.263178	\N	\N	\N	51	\N	\N	\N
701	5	8	\N	2014-03-27 10:43:13.264797	\N	\N	\N	51	\N	\N	\N
702	3	8	\N	2014-03-27 10:43:13.266387	\N	\N	\N	51	\N	\N	\N
703	11	8	\N	2014-03-27 10:43:13.267993	\N	\N	\N	51	\N	\N	\N
704	10	8	\N	2014-03-27 10:43:13.270102	\N	\N	\N	51	\N	\N	\N
705	2	8	\N	2014-03-27 10:43:13.272924	\N	\N	\N	51	\N	\N	\N
706	1	8	\N	2014-03-27 10:43:13.274576	\N	\N	\N	51	\N	\N	\N
707	7	8	\N	2014-03-27 10:43:13.431636	\N	\N	\N	51	\N	\N	\N
708	14	8	\N	2014-03-27 10:43:13.434792	\N	\N	\N	49	\N	\N	\N
709	13	8	\N	2014-03-27 10:43:13.436744	\N	\N	\N	49	\N	\N	\N
710	12	8	\N	2014-03-27 10:43:13.43856	\N	\N	\N	49	\N	\N	\N
711	8	8	\N	2014-03-27 10:43:13.44036	\N	\N	\N	49	\N	\N	\N
712	9	8	\N	2014-03-27 10:43:13.442124	\N	\N	\N	49	\N	\N	\N
713	4	8	\N	2014-03-27 10:43:13.444101	\N	\N	\N	49	\N	\N	\N
714	6	8	\N	2014-03-27 10:43:13.446027	\N	\N	\N	49	\N	\N	\N
715	5	8	\N	2014-03-27 10:43:13.447911	\N	\N	\N	49	\N	\N	\N
716	3	8	\N	2014-03-27 10:43:13.449571	\N	\N	\N	49	\N	\N	\N
717	11	8	\N	2014-03-27 10:43:13.451222	\N	\N	\N	49	\N	\N	\N
718	10	8	\N	2014-03-27 10:43:13.453035	\N	\N	\N	49	\N	\N	\N
719	2	8	\N	2014-03-27 10:43:13.454699	\N	\N	\N	49	\N	\N	\N
720	1	8	\N	2014-03-27 10:43:13.456356	\N	\N	\N	49	\N	\N	\N
721	7	8	\N	2014-03-27 10:43:13.457942	\N	\N	\N	49	\N	\N	\N
722	14	8	\N	2014-03-27 10:43:13.460708	\N	\N	\N	50	\N	\N	\N
723	13	8	\N	2014-03-27 10:43:13.46262	\N	\N	\N	50	\N	\N	\N
724	12	8	\N	2014-03-27 10:43:13.464317	\N	\N	\N	50	\N	\N	\N
725	8	8	\N	2014-03-27 10:43:13.465944	\N	\N	\N	50	\N	\N	\N
726	9	8	\N	2014-03-27 10:43:13.467591	\N	\N	\N	50	\N	\N	\N
727	4	8	\N	2014-03-27 10:43:13.469555	\N	\N	\N	50	\N	\N	\N
728	6	8	\N	2014-03-27 10:43:13.471248	\N	\N	\N	50	\N	\N	\N
729	5	8	\N	2014-03-27 10:43:13.472881	\N	\N	\N	50	\N	\N	\N
730	3	8	\N	2014-03-27 10:43:13.474521	\N	\N	\N	50	\N	\N	\N
731	11	8	\N	2014-03-27 10:43:13.476157	\N	\N	\N	50	\N	\N	\N
732	10	8	\N	2014-03-27 10:43:13.477945	\N	\N	\N	50	\N	\N	\N
733	2	8	\N	2014-03-27 10:43:13.479712	\N	\N	\N	50	\N	\N	\N
734	1	8	\N	2014-03-27 10:43:13.481337	\N	\N	\N	50	\N	\N	\N
735	7	8	\N	2014-03-27 10:43:13.482977	\N	\N	\N	50	\N	\N	\N
736	14	8	\N	2014-03-27 10:43:13.485466	\N	\N	\N	52	\N	\N	\N
737	13	8	\N	2014-03-27 10:43:13.487082	\N	\N	\N	52	\N	\N	\N
738	12	8	\N	2014-03-27 10:43:13.488637	\N	\N	\N	52	\N	\N	\N
739	8	8	\N	2014-03-27 10:43:13.490248	\N	\N	\N	52	\N	\N	\N
740	9	8	\N	2014-03-27 10:43:13.491836	\N	\N	\N	52	\N	\N	\N
741	4	8	\N	2014-03-27 10:43:13.49349	\N	\N	\N	52	\N	\N	\N
742	6	8	\N	2014-03-27 10:43:13.495264	\N	\N	\N	52	\N	\N	\N
743	5	8	\N	2014-03-27 10:43:13.496927	\N	\N	\N	52	\N	\N	\N
744	3	8	\N	2014-03-27 10:43:13.498527	\N	\N	\N	52	\N	\N	\N
745	11	8	\N	2014-03-27 10:43:13.500117	\N	\N	\N	52	\N	\N	\N
746	10	8	\N	2014-03-27 10:43:13.501719	\N	\N	\N	52	\N	\N	\N
747	2	8	\N	2014-03-27 10:43:13.503322	\N	\N	\N	52	\N	\N	\N
748	1	8	\N	2014-03-27 10:43:13.504918	\N	\N	\N	52	\N	\N	\N
749	7	8	\N	2014-03-27 10:43:13.506533	\N	\N	\N	52	\N	\N	\N
750	15	8	\N	2014-03-27 10:43:13.509505	\N	\N	\N	7	\N	\N	\N
751	16	8	\N	2014-03-27 10:43:13.511893	\N	\N	\N	7	\N	\N	\N
752	17	8	\N	2014-03-27 10:43:13.514341	\N	\N	\N	7	\N	\N	\N
753	15	8	\N	2014-03-27 10:43:13.673759	\N	\N	\N	10	\N	\N	\N
754	16	8	\N	2014-03-27 10:43:13.675887	\N	\N	\N	10	\N	\N	\N
755	17	8	\N	2014-03-27 10:43:13.677661	\N	\N	\N	10	\N	\N	\N
756	15	8	\N	2014-03-27 10:43:13.679429	\N	\N	\N	11	\N	\N	\N
757	16	8	\N	2014-03-27 10:43:13.681169	\N	\N	\N	11	\N	\N	\N
758	17	8	\N	2014-03-27 10:43:13.682914	\N	\N	\N	11	\N	\N	\N
759	15	8	\N	2014-03-27 10:43:13.684644	\N	\N	\N	16	\N	\N	\N
760	16	8	\N	2014-03-27 10:43:13.686361	\N	\N	\N	16	\N	\N	\N
761	17	8	\N	2014-03-27 10:43:13.688078	\N	\N	\N	16	\N	\N	\N
762	15	8	\N	2014-03-27 10:43:13.6897	\N	\N	\N	17	\N	\N	\N
763	16	8	\N	2014-03-27 10:43:13.691327	\N	\N	\N	17	\N	\N	\N
764	17	8	\N	2014-03-27 10:43:13.692932	\N	\N	\N	17	\N	\N	\N
765	15	8	\N	2014-03-27 10:43:13.694555	\N	\N	\N	30	\N	\N	\N
766	16	8	\N	2014-03-27 10:43:13.696149	\N	\N	\N	30	\N	\N	\N
767	17	8	\N	2014-03-27 10:43:13.697754	\N	\N	\N	30	\N	\N	\N
768	15	8	\N	2014-03-27 10:43:13.699349	\N	\N	\N	31	\N	\N	\N
769	16	8	\N	2014-03-27 10:43:13.700963	\N	\N	\N	31	\N	\N	\N
770	17	8	\N	2014-03-27 10:43:13.702588	\N	\N	\N	31	\N	\N	\N
771	15	8	\N	2014-03-27 10:43:13.70421	\N	\N	\N	45	\N	\N	\N
772	16	8	\N	2014-03-27 10:43:13.705834	\N	\N	\N	45	\N	\N	\N
773	17	8	\N	2014-03-27 10:43:13.707453	\N	\N	\N	45	\N	\N	\N
774	15	8	\N	2014-03-27 10:43:13.709068	\N	\N	\N	46	\N	\N	\N
775	16	8	\N	2014-03-27 10:43:13.710835	\N	\N	\N	46	\N	\N	\N
776	17	8	\N	2014-03-27 10:43:13.712459	\N	\N	\N	46	\N	\N	\N
777	14	9	\N	2014-03-27 10:43:13.71512	\N	\N	\N	48	\N	\N	\N
778	13	9	\N	2014-03-27 10:43:13.716745	\N	\N	\N	48	\N	\N	\N
779	12	9	\N	2014-03-27 10:43:13.718391	\N	\N	\N	48	\N	\N	\N
780	8	9	\N	2014-03-27 10:43:13.720009	\N	\N	\N	48	\N	\N	\N
781	9	9	\N	2014-03-27 10:43:13.721643	\N	\N	\N	48	\N	\N	\N
782	4	9	\N	2014-03-27 10:43:13.723267	\N	\N	\N	48	\N	\N	\N
783	6	9	\N	2014-03-27 10:43:13.724876	\N	\N	\N	48	\N	\N	\N
784	5	9	\N	2014-03-27 10:43:13.726484	\N	\N	\N	48	\N	\N	\N
785	3	9	\N	2014-03-27 10:43:13.728081	\N	\N	\N	48	\N	\N	\N
786	11	9	\N	2014-03-27 10:43:13.729659	\N	\N	\N	48	\N	\N	\N
787	10	9	\N	2014-03-27 10:43:13.731252	\N	\N	\N	48	\N	\N	\N
788	2	9	\N	2014-03-27 10:43:13.732831	\N	\N	\N	48	\N	\N	\N
789	1	9	\N	2014-03-27 10:43:13.734524	\N	\N	\N	48	\N	\N	\N
790	7	9	\N	2014-03-27 10:43:13.736441	\N	\N	\N	48	\N	\N	\N
791	14	9	\N	2014-03-27 10:43:13.739108	\N	\N	\N	51	\N	\N	\N
792	13	9	\N	2014-03-27 10:43:13.740709	\N	\N	\N	51	\N	\N	\N
793	12	9	\N	2014-03-27 10:43:13.7423	\N	\N	\N	51	\N	\N	\N
794	8	9	\N	2014-03-27 10:43:13.743886	\N	\N	\N	51	\N	\N	\N
795	9	9	\N	2014-03-27 10:43:13.745461	\N	\N	\N	51	\N	\N	\N
796	4	9	\N	2014-03-27 10:43:13.74704	\N	\N	\N	51	\N	\N	\N
797	6	9	\N	2014-03-27 10:43:13.748611	\N	\N	\N	51	\N	\N	\N
798	5	9	\N	2014-03-27 10:43:13.750183	\N	\N	\N	51	\N	\N	\N
799	3	9	\N	2014-03-27 10:43:13.751761	\N	\N	\N	51	\N	\N	\N
800	11	9	\N	2014-03-27 10:43:13.905174	\N	\N	\N	51	\N	\N	\N
801	10	9	\N	2014-03-27 10:43:13.907188	\N	\N	\N	51	\N	\N	\N
802	2	9	\N	2014-03-27 10:43:13.908939	\N	\N	\N	51	\N	\N	\N
803	1	9	\N	2014-03-27 10:43:13.910695	\N	\N	\N	51	\N	\N	\N
804	7	9	\N	2014-03-27 10:43:13.912423	\N	\N	\N	51	\N	\N	\N
805	14	9	\N	2014-03-27 10:43:13.915143	\N	\N	\N	49	\N	\N	\N
806	13	9	\N	2014-03-27 10:43:13.916879	\N	\N	\N	49	\N	\N	\N
807	12	9	\N	2014-03-27 10:43:13.918588	\N	\N	\N	49	\N	\N	\N
808	8	9	\N	2014-03-27 10:43:13.92093	\N	\N	\N	49	\N	\N	\N
809	9	9	\N	2014-03-27 10:43:13.922924	\N	\N	\N	49	\N	\N	\N
810	4	9	\N	2014-03-27 10:43:13.924605	\N	\N	\N	49	\N	\N	\N
811	6	9	\N	2014-03-27 10:43:13.926237	\N	\N	\N	49	\N	\N	\N
812	5	9	\N	2014-03-27 10:43:13.928059	\N	\N	\N	49	\N	\N	\N
813	3	9	\N	2014-03-27 10:43:13.929787	\N	\N	\N	49	\N	\N	\N
814	11	9	\N	2014-03-27 10:43:13.931316	\N	\N	\N	49	\N	\N	\N
815	10	9	\N	2014-03-27 10:43:13.932909	\N	\N	\N	49	\N	\N	\N
816	2	9	\N	2014-03-27 10:43:13.934515	\N	\N	\N	49	\N	\N	\N
817	1	9	\N	2014-03-27 10:43:13.936137	\N	\N	\N	49	\N	\N	\N
818	7	9	\N	2014-03-27 10:43:13.937678	\N	\N	\N	49	\N	\N	\N
819	14	9	\N	2014-03-27 10:43:13.940337	\N	\N	\N	50	\N	\N	\N
820	13	9	\N	2014-03-27 10:43:13.942005	\N	\N	\N	50	\N	\N	\N
821	12	9	\N	2014-03-27 10:43:13.943657	\N	\N	\N	50	\N	\N	\N
822	8	9	\N	2014-03-27 10:43:13.945304	\N	\N	\N	50	\N	\N	\N
823	9	9	\N	2014-03-27 10:43:13.946961	\N	\N	\N	50	\N	\N	\N
824	4	9	\N	2014-03-27 10:43:13.94871	\N	\N	\N	50	\N	\N	\N
825	6	9	\N	2014-03-27 10:43:13.950339	\N	\N	\N	50	\N	\N	\N
826	5	9	\N	2014-03-27 10:43:13.952037	\N	\N	\N	50	\N	\N	\N
827	3	9	\N	2014-03-27 10:43:13.953684	\N	\N	\N	50	\N	\N	\N
828	11	9	\N	2014-03-27 10:43:13.955306	\N	\N	\N	50	\N	\N	\N
829	10	9	\N	2014-03-27 10:43:13.956898	\N	\N	\N	50	\N	\N	\N
830	2	9	\N	2014-03-27 10:43:13.958498	\N	\N	\N	50	\N	\N	\N
831	1	9	\N	2014-03-27 10:43:13.960081	\N	\N	\N	50	\N	\N	\N
832	7	9	\N	2014-03-27 10:43:13.961664	\N	\N	\N	50	\N	\N	\N
833	14	9	\N	2014-03-27 10:43:13.964228	\N	\N	\N	52	\N	\N	\N
834	13	9	\N	2014-03-27 10:43:13.965858	\N	\N	\N	52	\N	\N	\N
835	12	9	\N	2014-03-27 10:43:13.967436	\N	\N	\N	52	\N	\N	\N
836	8	9	\N	2014-03-27 10:43:13.969235	\N	\N	\N	52	\N	\N	\N
837	9	9	\N	2014-03-27 10:43:13.970852	\N	\N	\N	52	\N	\N	\N
838	4	9	\N	2014-03-27 10:43:13.972442	\N	\N	\N	52	\N	\N	\N
839	6	9	\N	2014-03-27 10:43:13.974026	\N	\N	\N	52	\N	\N	\N
840	5	9	\N	2014-03-27 10:43:13.975615	\N	\N	\N	52	\N	\N	\N
841	3	9	\N	2014-03-27 10:43:13.977184	\N	\N	\N	52	\N	\N	\N
842	11	9	\N	2014-03-27 10:43:13.978822	\N	\N	\N	52	\N	\N	\N
843	10	9	\N	2014-03-27 10:43:13.980407	\N	\N	\N	52	\N	\N	\N
844	2	9	\N	2014-03-27 10:43:13.981977	\N	\N	\N	52	\N	\N	\N
845	1	9	\N	2014-03-27 10:43:13.983539	\N	\N	\N	52	\N	\N	\N
846	7	9	\N	2014-03-27 10:43:14.139421	\N	\N	\N	52	\N	\N	\N
847	15	9	\N	2014-03-27 10:43:14.144463	\N	\N	\N	7	\N	\N	\N
848	16	9	\N	2014-03-27 10:43:14.14745	\N	\N	\N	7	\N	\N	\N
849	17	9	\N	2014-03-27 10:43:14.150602	\N	\N	\N	7	\N	\N	\N
850	15	9	\N	2014-03-27 10:43:14.153545	\N	\N	\N	10	\N	\N	\N
851	16	9	\N	2014-03-27 10:43:14.15641	\N	\N	\N	10	\N	\N	\N
852	17	9	\N	2014-03-27 10:43:14.15936	\N	\N	\N	10	\N	\N	\N
853	15	9	\N	2014-03-27 10:43:14.162427	\N	\N	\N	11	\N	\N	\N
854	16	9	\N	2014-03-27 10:43:14.16542	\N	\N	\N	11	\N	\N	\N
855	17	9	\N	2014-03-27 10:43:14.168263	\N	\N	\N	11	\N	\N	\N
856	15	9	\N	2014-03-27 10:43:14.171341	\N	\N	\N	16	\N	\N	\N
857	16	9	\N	2014-03-27 10:43:14.1745	\N	\N	\N	16	\N	\N	\N
858	17	9	\N	2014-03-27 10:43:14.176971	\N	\N	\N	16	\N	\N	\N
859	15	9	\N	2014-03-27 10:43:14.179916	\N	\N	\N	17	\N	\N	\N
860	16	9	\N	2014-03-27 10:43:14.182064	\N	\N	\N	17	\N	\N	\N
861	17	9	\N	2014-03-27 10:43:14.184396	\N	\N	\N	17	\N	\N	\N
862	15	9	\N	2014-03-27 10:43:14.187018	\N	\N	\N	30	\N	\N	\N
863	16	9	\N	2014-03-27 10:43:14.189336	\N	\N	\N	30	\N	\N	\N
864	17	9	\N	2014-03-27 10:43:14.191992	\N	\N	\N	30	\N	\N	\N
865	15	9	\N	2014-03-27 10:43:14.194717	\N	\N	\N	31	\N	\N	\N
866	16	9	\N	2014-03-27 10:43:14.197068	\N	\N	\N	31	\N	\N	\N
867	17	9	\N	2014-03-27 10:43:14.199794	\N	\N	\N	31	\N	\N	\N
868	15	9	\N	2014-03-27 10:43:14.20212	\N	\N	\N	45	\N	\N	\N
869	16	9	\N	2014-03-27 10:43:14.204887	\N	\N	\N	45	\N	\N	\N
870	17	9	\N	2014-03-27 10:43:14.207019	\N	\N	\N	45	\N	\N	\N
871	15	9	\N	2014-03-27 10:43:14.209819	\N	\N	\N	46	\N	\N	\N
872	16	9	\N	2014-03-27 10:43:14.212677	\N	\N	\N	46	\N	\N	\N
873	17	9	\N	2014-03-27 10:43:14.215133	\N	\N	\N	46	\N	\N	\N
874	14	10	\N	2014-03-27 10:43:14.219369	\N	\N	\N	48	\N	\N	\N
875	13	10	\N	2014-03-27 10:43:14.222258	\N	\N	\N	48	\N	\N	\N
876	12	10	\N	2014-03-27 10:43:14.225101	\N	\N	\N	48	\N	\N	\N
877	8	10	\N	2014-03-27 10:43:14.227833	\N	\N	\N	48	\N	\N	\N
878	9	10	\N	2014-03-27 10:43:14.230253	\N	\N	\N	48	\N	\N	\N
879	4	10	\N	2014-03-27 10:43:14.232486	\N	\N	\N	48	\N	\N	\N
880	6	10	\N	2014-03-27 10:43:14.234655	\N	\N	\N	48	\N	\N	\N
881	5	10	\N	2014-03-27 10:43:14.236752	\N	\N	\N	48	\N	\N	\N
882	3	10	\N	2014-03-27 10:43:14.238925	\N	\N	\N	48	\N	\N	\N
883	11	10	\N	2014-03-27 10:43:14.241079	\N	\N	\N	48	\N	\N	\N
884	10	10	\N	2014-03-27 10:43:14.243929	\N	\N	\N	48	\N	\N	\N
885	2	10	\N	2014-03-27 10:43:14.246397	\N	\N	\N	48	\N	\N	\N
886	1	10	\N	2014-03-27 10:43:14.248535	\N	\N	\N	48	\N	\N	\N
887	7	10	\N	2014-03-27 10:43:14.25115	\N	\N	\N	48	\N	\N	\N
888	14	10	\N	2014-03-27 10:43:14.255313	\N	\N	\N	51	\N	\N	\N
889	13	10	\N	2014-03-27 10:43:14.257723	\N	\N	\N	51	\N	\N	\N
890	12	10	\N	2014-03-27 10:43:14.259767	\N	\N	\N	51	\N	\N	\N
891	8	10	\N	2014-03-27 10:43:14.262486	\N	\N	\N	51	\N	\N	\N
892	9	10	\N	2014-03-27 10:43:14.264504	\N	\N	\N	51	\N	\N	\N
893	4	10	\N	2014-03-27 10:43:14.451624	\N	\N	\N	51	\N	\N	\N
894	6	10	\N	2014-03-27 10:43:14.45407	\N	\N	\N	51	\N	\N	\N
895	5	10	\N	2014-03-27 10:43:14.457064	\N	\N	\N	51	\N	\N	\N
896	3	10	\N	2014-03-27 10:43:14.459767	\N	\N	\N	51	\N	\N	\N
897	11	10	\N	2014-03-27 10:43:14.462022	\N	\N	\N	51	\N	\N	\N
898	10	10	\N	2014-03-27 10:43:14.464753	\N	\N	\N	51	\N	\N	\N
899	2	10	\N	2014-03-27 10:43:14.467247	\N	\N	\N	51	\N	\N	\N
900	1	10	\N	2014-03-27 10:43:14.469626	\N	\N	\N	51	\N	\N	\N
901	7	10	\N	2014-03-27 10:43:14.472318	\N	\N	\N	51	\N	\N	\N
902	14	10	\N	2014-03-27 10:43:14.476932	\N	\N	\N	49	\N	\N	\N
903	13	10	\N	2014-03-27 10:43:14.479892	\N	\N	\N	49	\N	\N	\N
904	12	10	\N	2014-03-27 10:43:14.482365	\N	\N	\N	49	\N	\N	\N
905	8	10	\N	2014-03-27 10:43:14.484511	\N	\N	\N	49	\N	\N	\N
906	9	10	\N	2014-03-27 10:43:14.487194	\N	\N	\N	49	\N	\N	\N
907	4	10	\N	2014-03-27 10:43:14.48942	\N	\N	\N	49	\N	\N	\N
908	6	10	\N	2014-03-27 10:43:14.491975	\N	\N	\N	49	\N	\N	\N
909	5	10	\N	2014-03-27 10:43:14.494478	\N	\N	\N	49	\N	\N	\N
910	3	10	\N	2014-03-27 10:43:14.49678	\N	\N	\N	49	\N	\N	\N
911	11	10	\N	2014-03-27 10:43:14.498979	\N	\N	\N	49	\N	\N	\N
912	10	10	\N	2014-03-27 10:43:14.501125	\N	\N	\N	49	\N	\N	\N
913	2	10	\N	2014-03-27 10:43:14.503273	\N	\N	\N	49	\N	\N	\N
914	1	10	\N	2014-03-27 10:43:14.505418	\N	\N	\N	49	\N	\N	\N
915	7	10	\N	2014-03-27 10:43:14.507546	\N	\N	\N	49	\N	\N	\N
916	14	10	\N	2014-03-27 10:43:14.510921	\N	\N	\N	50	\N	\N	\N
917	13	10	\N	2014-03-27 10:43:14.513039	\N	\N	\N	50	\N	\N	\N
918	12	10	\N	2014-03-27 10:43:14.515414	\N	\N	\N	50	\N	\N	\N
919	8	10	\N	2014-03-27 10:43:14.517708	\N	\N	\N	50	\N	\N	\N
920	9	10	\N	2014-03-27 10:43:14.520251	\N	\N	\N	50	\N	\N	\N
921	4	10	\N	2014-03-27 10:43:14.52288	\N	\N	\N	50	\N	\N	\N
922	6	10	\N	2014-03-27 10:43:14.52515	\N	\N	\N	50	\N	\N	\N
923	5	10	\N	2014-03-27 10:43:14.527881	\N	\N	\N	50	\N	\N	\N
924	3	10	\N	2014-03-27 10:43:14.529969	\N	\N	\N	50	\N	\N	\N
925	11	10	\N	2014-03-27 10:43:14.532743	\N	\N	\N	50	\N	\N	\N
926	10	10	\N	2014-03-27 10:43:14.53566	\N	\N	\N	50	\N	\N	\N
927	2	10	\N	2014-03-27 10:43:14.538483	\N	\N	\N	50	\N	\N	\N
928	1	10	\N	2014-03-27 10:43:14.541151	\N	\N	\N	50	\N	\N	\N
929	7	10	\N	2014-03-27 10:43:14.543897	\N	\N	\N	50	\N	\N	\N
930	14	10	\N	2014-03-27 10:43:14.547903	\N	\N	\N	52	\N	\N	\N
931	13	10	\N	2014-03-27 10:43:14.550071	\N	\N	\N	52	\N	\N	\N
932	12	10	\N	2014-03-27 10:43:14.552194	\N	\N	\N	52	\N	\N	\N
933	8	10	\N	2014-03-27 10:43:14.55438	\N	\N	\N	52	\N	\N	\N
934	9	10	\N	2014-03-27 10:43:14.55684	\N	\N	\N	52	\N	\N	\N
935	4	10	\N	2014-03-27 10:43:14.558955	\N	\N	\N	52	\N	\N	\N
936	6	10	\N	2014-03-27 10:43:14.560981	\N	\N	\N	52	\N	\N	\N
937	5	10	\N	2014-03-27 10:43:14.56344	\N	\N	\N	52	\N	\N	\N
938	3	10	\N	2014-03-27 10:43:14.565647	\N	\N	\N	52	\N	\N	\N
939	11	10	\N	2014-03-27 10:43:14.751592	\N	\N	\N	52	\N	\N	\N
940	10	10	\N	2014-03-27 10:43:14.754556	\N	\N	\N	52	\N	\N	\N
941	2	10	\N	2014-03-27 10:43:14.757212	\N	\N	\N	52	\N	\N	\N
942	1	10	\N	2014-03-27 10:43:14.759675	\N	\N	\N	52	\N	\N	\N
943	7	10	\N	2014-03-27 10:43:14.76189	\N	\N	\N	52	\N	\N	\N
944	15	10	\N	2014-03-27 10:43:14.766502	\N	\N	\N	7	\N	\N	\N
945	16	10	\N	2014-03-27 10:43:14.769232	\N	\N	\N	7	\N	\N	\N
946	17	10	\N	2014-03-27 10:43:14.77143	\N	\N	\N	7	\N	\N	\N
947	15	10	\N	2014-03-27 10:43:14.773663	\N	\N	\N	10	\N	\N	\N
948	16	10	\N	2014-03-27 10:43:14.775904	\N	\N	\N	10	\N	\N	\N
949	17	10	\N	2014-03-27 10:43:14.778018	\N	\N	\N	10	\N	\N	\N
950	15	10	\N	2014-03-27 10:43:14.780401	\N	\N	\N	11	\N	\N	\N
951	16	10	\N	2014-03-27 10:43:14.782408	\N	\N	\N	11	\N	\N	\N
952	17	10	\N	2014-03-27 10:43:14.784982	\N	\N	\N	11	\N	\N	\N
953	15	10	\N	2014-03-27 10:43:14.787732	\N	\N	\N	16	\N	\N	\N
954	16	10	\N	2014-03-27 10:43:14.789927	\N	\N	\N	16	\N	\N	\N
955	17	10	\N	2014-03-27 10:43:14.792054	\N	\N	\N	16	\N	\N	\N
956	15	10	\N	2014-03-27 10:43:14.794233	\N	\N	\N	17	\N	\N	\N
957	16	10	\N	2014-03-27 10:43:14.796482	\N	\N	\N	17	\N	\N	\N
958	17	10	\N	2014-03-27 10:43:14.79913	\N	\N	\N	17	\N	\N	\N
959	15	10	\N	2014-03-27 10:43:14.801801	\N	\N	\N	30	\N	\N	\N
960	16	10	\N	2014-03-27 10:43:14.804537	\N	\N	\N	30	\N	\N	\N
961	17	10	\N	2014-03-27 10:43:14.806755	\N	\N	\N	30	\N	\N	\N
962	15	10	\N	2014-03-27 10:43:14.809386	\N	\N	\N	31	\N	\N	\N
963	16	10	\N	2014-03-27 10:43:14.811897	\N	\N	\N	31	\N	\N	\N
964	17	10	\N	2014-03-27 10:43:14.814187	\N	\N	\N	31	\N	\N	\N
965	15	10	\N	2014-03-27 10:43:14.816453	\N	\N	\N	45	\N	\N	\N
966	16	10	\N	2014-03-27 10:43:14.81861	\N	\N	\N	45	\N	\N	\N
967	17	10	\N	2014-03-27 10:43:14.821164	\N	\N	\N	45	\N	\N	\N
968	15	10	\N	2014-03-27 10:43:14.823548	\N	\N	\N	46	\N	\N	\N
969	16	10	\N	2014-03-27 10:43:14.826162	\N	\N	\N	46	\N	\N	\N
970	17	10	\N	2014-03-27 10:43:14.828872	\N	\N	\N	46	\N	\N	\N
\.


--
-- Name: capability_exceptions_id_seq; Type: SEQUENCE SET; Schema: blurby; Owner: -
--

SELECT pg_catalog.setval('capability_exceptions_id_seq', 970, true);


--
-- Data for Name: cart_line_items; Type: TABLE DATA; Schema: blurby; Owner: -
--

COPY cart_line_items (id, cart_id, line_item_id, coupon_id, created_at, updated_at) FROM stdin;
\.


--
-- Name: cart_line_items_id_seq; Type: SEQUENCE SET; Schema: blurby; Owner: -
--

SELECT pg_catalog.setval('cart_line_items_id_seq', 1, false);


--
-- Data for Name: regional_sites; Type: TABLE DATA; Schema: blurby; Owner: -
--

COPY regional_sites (id, name, i18n_key, domain, country_code, default_currency_id, default_language_id) FROM stdin;
1	United States	united_states	com	US	USD	3
2	Australia	australia	com	AU	AUD	3
3	Brazil	brazil	com	BR	USD	7
4	Italy	italy	com	IT	EUR	8
5	Netherlands	netherlands	com	NL	EUR	6
6	United Kingdom	united_kingdom	co.uk	GB	GBP	3
7	France	france	fr	FR	EUR	2
8	Germany	germany	de	DE	EUR	5
9	Spain	spain	es	ES	EUR	9
10	Canada	canada	ca	CA	CAD	3
11	Japan	japan	jp	JP	JPY	10
12	Korea	korea	kr	KR	KRW	11
13	China	china	com	CN	USD	12
\.


--
-- Data for Name: users; Type: TABLE DATA; Schema: blurby; Owner: -
--

-- COPY users (id, username, first, last, is_active, want_newsletter, text_only, last_login_at, num_logins, created_at, deleted_at, registered_from, primary_billing_id, primary_shipping_id, partner_code_id, partner_fix_affected, partner_fix_run_at, beast_admin, posts_count, updated_at, website, login_key, login_key_expires_at, bio, bio_html, identity_url, avatar_file_name, preferred_currency_id, beast_staff, want_b3_newsletter, allow_custom_covers, book_comments, book_comment_notify, guest, avatar_content_type, avatar_file_size, avatar_updated_at, language_id, pp_gate_open_at, pp_edits_remaining, ip_address, preferred_store_id, regional_site_id, disabled_reason_id, api_key_id, application_version_id, hashed_password_new, password_salt, remember_digest, public_id, bookstore_allowed) FROM stdin;
-- 2	blurb_platform_services	Blurb	Platform Services	f	f	f	\N	0	2014-02-20 11:33:40.984328	\N	\N	\N	\N	\N	f	\N	\N	0	2014-02-20 11:33:40.99867	\N	\N	\N	\N	\N	\N	\N	\N	f	f	\N	t	t	t	\N	\N	\N	1	\N	\N	\N	\N	\N	\N	\N	\N	\N	\N	\N	\N	t
-- 3	amazon_order_placer	Blurb Amazon Order Placer	Web Team	f	f	f	\N	0	2014-02-26 17:12:41.680744	\N	\N	\N	\N	\N	f	\N	\N	0	2014-02-26 17:12:41.882272	\N	\N	\N	\N	\N	\N	\N	\N	f	f	\N	t	t	t	\N	\N	\N	1	\N	\N	\N	\N	\N	\N	\N	\N	\N	\N	\N	\N	t
-- 4	personal_storefront_dev	Personal Storefront Developer	WhileTrue	f	f	f	\N	0	2015-01-05 16:03:55.026122	\N	\N	\N	\N	\N	f	\N	\N	0	2015-01-05 16:03:55.134462	\N	\N	\N	\N	\N	\N	\N	\N	f	f	\N	t	t	t	\N	\N	\N	1	\N	\N	\N	\N	\N	\N	\N	\N	\N	\N	\N	\N	t
-- 5	ship_viz_dev	Ship Viz Developer	Viz	f	f	f	\N	0	2015-01-05 16:04:10.336967	\N	\N	\N	\N	\N	f	\N	\N	0	2015-01-05 16:04:10.350523	\N	\N	\N	\N	\N	\N	\N	\N	f	f	\N	t	t	t	\N	\N	\N	1	\N	\N	\N	\N	\N	\N	\N	\N	\N	\N	\N	\N	t
-- 6	template_api	Template Dev	Template Dev	f	f	f	\N	0	2015-01-05 16:04:10.684104	\N	\N	\N	\N	\N	f	\N	\N	0	2015-01-05 16:04:10.791943	\N	\N	\N	\N	\N	\N	\N	\N	f	f	\N	t	t	t	\N	\N	\N	1	\N	\N	\N	\N	\N	\N	\N	\N	\N	\N	\N	\N	t
-- 7	website	Website	Website	f	f	f	\N	0	2015-01-05 16:04:11.511672	\N	\N	\N	\N	\N	f	\N	\N	0	2015-01-05 16:04:11.613431	\N	\N	\N	\N	\N	\N	\N	\N	f	f	\N	t	t	t	\N	\N	\N	1	\N	\N	\N	\N	\N	\N	\N	\N	\N	\N	\N	\N	t
-- 8	web_pdf_uploader	Web	Pdf Uploader	f	f	f	\N	0	2015-01-05 16:04:11.847331	\N	\N	\N	\N	\N	f	\N	\N	0	2015-01-05 16:04:11.944123	\N	\N	\N	\N	\N	\N	\N	\N	f	f	\N	t	t	t	\N	\N	\N	1	\N	\N	\N	\N	\N	\N	\N	\N	\N	\N	\N	\N	t
-- 9	bookshare_dev	Bookshare Developer	DevDev	f	f	f	\N	0	2015-01-05 16:04:15.331861	\N	\N	\N	\N	\N	f	\N	\N	0	2015-01-05 16:04:15.433018	\N	\N	\N	\N	\N	\N	\N	\N	f	f	\N	t	t	t	\N	\N	\N	1	\N	\N	\N	\N	\N	\N	\N	\N	\N	\N	\N	\N	t
-- 10	ingram_order_placer	Blurb Ingram Order Placer	Web Team	f	f	f	\N	0	2018-06-28 16:00:13.413989	\N	\N	\N	\N	\N	f	\N	\N	0	2018-06-28 16:00:13.449587	\N	\N	\N	\N	\N	\N	\N	\N	f	f	\N	t	t	t	\N	\N	\N	1	\N	\N	\N	\N	\N	\N	\N	\N	\N	\N	\N	\N	t
-- 1	asinharoy			t	f	f	\N	0	2014-02-20 11:32:37.51558	\N	\N	\N	\N	\N	f	\N	\N	0	2014-03-14 13:43:00.778218	\N	\N	\N	\N	\N	\N	\N	\N	f	f	\N	t	t	\N	\N	\N	\N	1	\N	\N	\N	\N	\N	\N	\N	\N	$2a$04$xtpSlHZEaGQJ9jVmGOTybebOpfN2Pu1LWhfaZnCxTGA5sYSNN4WiK	\N	\N	\N	t
-- 11	internal_ps_proxy	Project Service API Proxy	Platform	f	f	f	\N	0	2018-06-28 16:00:15.663244	\N	\N	\N	\N	\N	f	\N	\N	0	2018-06-28 16:00:15.767693	\N	\N	\N	\N	\N	\N	\N	\N	f	f	\N	t	t	t	\N	\N	\N	1	\N	\N	\N	\N	\N	\N	\N	\N	\N	\N	\N	\N	t
-- 12	web-team	Web	Team	f	f	f	\N	0	2018-07-12 14:09:33.205765	\N	\N	\N	\N	\N	f	\N	\N	0	2018-07-12 14:09:33.347337	\N	\N	\N	\N	\N	\N	\N	\N	f	f	\N	t	t	t	\N	\N	\N	1	\N	\N	\N	\N	\N	\N	\N	\N	\N	\N	\N	\N	f
-- \.


--
-- Data for Name: carts; Type: TABLE DATA; Schema: blurby; Owner: -
--

COPY carts (id, currency_id, shown_return_policy, created_at, updated_at, user_id, deleted_at) FROM stdin;
\.


--
-- Name: carts_id_seq; Type: SEQUENCE SET; Schema: blurby; Owner: -
--

SELECT pg_catalog.setval('carts_id_seq', 1, false);


--
-- Data for Name: categories; Type: TABLE DATA; Schema: blurby; Owner: -
--

COPY categories (id, name, updated_at, name_i18n_key, bisac, web_uri) FROM stdin;
1	Uncategorized	2014-02-20 11:33:27.609029	uncategorized	\N	\N
2	Action / Adventure	2020-11-30 18:46:25.813342	action_adventure	FIC002000	action-adventure
3	Fantasy	2020-11-30 18:46:25.813342	fantasy	FIC009000	fantasy
4	Vegan	2020-11-30 18:46:25.813342	vegan	CKB125000	vegan
5	English / Grammar	2020-11-30 18:46:25.813342	english_grammar	FOR007000	english-grammar
6	Family History / Family Tree	2020-11-30 18:46:25.813342	family_history_tree	FAM038000	family-history-tree
7	Baby	2020-11-30 18:46:25.813342	baby	JUV013040	baby
8	Wedding Guest Book	2020-11-30 18:46:25.813342	wedding_guest_book	REF024000	wedding-guest-book
9	Cartoon	2020-11-30 18:46:25.813342	cartoon	HUM001000	cartoon
10	Greeting Cards / Postcards	2020-11-30 18:46:25.813342	greeting_cards_postcards	ANT033000	greeting-cards-postcards
11	Graphic Design	2020-11-30 18:46:25.813342	graphic_design	DES007000	graphic-design
12	Horror	2020-11-30 18:46:25.813342	horror	FIC015000	horror
13	Posters	2020-11-30 18:46:25.813342	posters	ANT034000	posters
14	Christmas	2020-11-30 18:46:25.813342	christmas	REL034020	christmas
15	Scrapbooking	2020-11-30 18:46:25.813342	scrapbooking	CRA052000	scrapbooking
16	Inspiration	2020-11-30 18:46:25.813342	inspiration	OCC019000	inspiration
17	Minimalist	2020-11-30 18:46:25.813342	minimalist	JNF024000	minimalist
18	Model / Modeling	2020-11-30 18:46:25.813342	model_modeling	CRA020000	model-modeling
19	Catalogues	2020-11-30 18:46:25.813342	catalogues	LAN025030	catalogues
20	Street Photography	2020-11-30 18:46:25.813342	street_photography	PHO023120	street-photography
21	Coffee Table Books	2020-11-30 18:46:25.813342	coffee_table_books	ANT005000	coffee-table-books
22	Fashion	2020-11-30 18:46:25.813342	fashion	BUS070090	fashion
23	CSS	2020-11-30 18:46:25.813342	css	COM060160	css
24	Library	2020-11-30 18:46:25.813342	library	EDU029060	library
25	Quotes	2020-11-30 18:46:25.813342	quotes	REF019000	quotes
26	Graffiti	2020-11-30 18:46:25.813342	graffiti	ART058000	graffiti
27	Web Design	2020-11-30 18:46:25.813342	web_design	COM060130	web-design
28	Sketchbooks	2020-11-30 18:46:25.813342	sketchbooks	ART016010	sketchbooks
29	Fairy Tales	2020-11-30 18:46:25.813342	fairy_tales	FIC010000	fairy-tales
30	California	2020-11-30 18:46:25.813342	california	CKB002010	california
31	United Kingdom (U.K.)	2020-11-30 18:46:25.813342	united_kingdom	TRV009070	united-kingdom
32	India	2020-11-30 18:46:25.813342	india	TRV003040	india
33	Chile	2020-11-30 18:46:25.813342	chile	TRV024030	chile
34	Mexico	2020-11-30 18:46:25.813342	mexico	TRV014000	mexico
35	Ireland	2020-11-30 18:46:25.813342	ireland	TRV009100	ireland
36	Portugal	2020-11-30 18:46:25.813342	portugal	TRV009130	portugal
37	United States of America (USA)	2020-11-30 18:46:25.813342	usa	TRV025000	usa
38	Argentina	2020-11-30 18:46:25.813342	argentina	TRV024010	argentina
39	Belgium	2020-11-30 18:46:25.813342	belgium	TRV009020	belgium
40	Singapore	2020-11-30 18:46:25.813342	singapore	TRV003060	singapore
41	Iceland	2020-11-30 18:46:25.813342	iceland	TRV009090	iceland
42	Japan	2020-11-30 18:46:25.813342	japan	TRV003050	japan
43	South Africa	2020-11-30 18:46:25.813342	south_africa	TRV002000	south-africa
44	New York	2020-11-30 18:46:25.813342	new_york	TRV025050	new-york
45	Australia	2020-11-30 18:46:25.813342	australia	TRV004000	australia
46	Netherlands	2020-11-30 18:46:25.813342	netherlands	TRV009020	netherlands
47	Canada	2020-11-30 18:46:25.813342	canada	TRV006000	canada
48	New Zealand	2020-11-30 18:46:25.813342	new_zealand	HIS004000	new-zealand
49	Hong Kong	2020-11-30 18:46:25.813342	hong_kong	TRV003020	hong-kong
50	Malaysia	2020-11-30 18:46:25.813342	malaysia	TRV003060	malaysia
51	Russia	2020-11-30 18:46:25.813342	russia	TRV023000	russia
52	Vancouver	2020-11-30 18:46:25.813342	vancouver	TRV006050	vancouver
53	Paris	2020-11-30 18:46:25.813342	paris	TRV009050	paris
54	Philippines	2020-11-30 18:46:25.813342	philippines	TRV003060	philippines
55	Seattle	2020-11-30 18:46:25.813342	seattle	TRV025130	seattle
56	Sri Lanka	2020-11-30 18:46:25.813342	sri_lanka	TRV003040	sri-lanka
57	Thailand	2020-11-30 18:46:25.813342	thailand	TRV003060	thailand
58	Switzerland	2020-11-30 18:46:25.813342	switzerland	TRV009140	switzerland
59	China	2020-11-30 18:46:25.813342	china	TRV003020	china
60	Nature / Wildlife	2020-11-30 18:46:26.463975	nature_wildlife	NAT037000	nature_wildlife
61	Black Lives Matter	2020-11-30 18:46:30.690094	black_lives_matter	SOC056000	black-lives-matter
62	Covid-19	2020-11-30 18:46:30.690094	covid_19	HEA039040	covid-19
63	Health & Fitness	2020-11-30 18:46:30.690094	health_&_fitness	HEA000000	health-fitness
64	Literary Fiction	2020-11-30 18:46:30.690094	literary_fiction	FIC019000	literary-fiction
65	Political Science	2020-11-30 18:46:30.690094	political_science	POL000000	political-science
66	Psychological Fiction	2020-11-30 18:46:30.690094	psychological_fiction	FIC025000	psychological-fiction
67	Social Justice	2020-11-30 18:46:30.690094	social_justice	LAW013000	social-justice
68	Social Science	2020-11-30 18:46:30.690094	social_science	SOC000000	social-science
\.


--
-- Name: categories_id_seq; Type: SEQUENCE SET; Schema: blurby; Owner: -
--

SELECT pg_catalog.setval('categories_id_seq', 68, true);


--
-- Data for Name: channels; Type: TABLE DATA; Schema: blurby; Owner: -
--

COPY channels (id, name, description, created_at, updated_at) FROM stdin;
1	Email	Emails	2014-02-20 11:32:41.364888	2014-02-20 11:32:41.364888
2	Paid Search	Paid keyword search	2014-02-20 11:32:41.366926	2014-02-20 11:32:41.366926
3	Not Set	No Channel Specified	2014-02-20 11:32:41.368746	2014-02-20 11:32:41.368746
4	Partner	Partners and Rev Share	2014-02-20 11:32:41.370512	2014-02-20 11:32:41.370512
5	Events	Live Events	2014-02-20 11:32:41.37226	2014-02-20 11:32:41.37226
6	Affiliate	Affiliate Program	2014-02-20 11:32:41.373903	2014-02-20 11:32:41.373903
7	B2B	Business to Business	2014-02-20 11:32:41.375612	2014-02-20 11:32:41.375612
8	Display	Display Ads	2014-02-20 11:32:41.377581	2014-02-20 11:32:41.377581
9	TellAFriend	Referral Programs	2014-02-20 11:32:41.379355	2014-02-20 11:32:41.379355
\.


--
-- Data for Name: channels_backup; Type: TABLE DATA; Schema: blurby; Owner: -
--

COPY channels_backup (id, name, description, created_at, updated_at) FROM stdin;
1	Not Set	\N	2014-02-20 11:32:38.78562	2014-02-20 11:32:38.78562
2	Partner	\N	2014-02-20 11:32:38.894216	2014-02-20 11:32:38.894216
3	Display	\N	2014-02-20 11:32:38.896029	2014-02-20 11:32:38.896029
4	Affiliate	\N	2014-02-20 11:32:38.897803	2014-02-20 11:32:38.897803
5	B2B	\N	2014-02-20 11:32:38.89939	2014-02-20 11:32:38.89939
6	Paid Search	\N	2014-02-20 11:32:38.900983	2014-02-20 11:32:38.900983
\.


--
-- Name: channels_id_seq; Type: SEQUENCE SET; Schema: blurby; Owner: -
--

SELECT pg_catalog.setval('channels_id_seq', 10, false);


--
-- Data for Name: shipping_service_responses; Type: TABLE DATA; Schema: blurby; Owner: -
--

COPY shipping_service_responses (id, created_at) FROM stdin;
\.


--
-- Data for Name: ship_methods; Type: TABLE DATA; Schema: blurby; Owner: -
--

COPY ship_methods (id, name, display_name, trackable, delivery_date, shipping_service_response_id, price, price_usd, carrier, currency_id, estimated_ship_date, international) FROM stdin;
\.


--
-- Data for Name: checkouts; Type: TABLE DATA; Schema: blurby; Owner: -
--

COPY checkouts (id, cart_id, user_id, bill_id, ship_id, selected_shipping_option, payment_detail_id, printer_id, payment_type, ship_resp, created_at, updated_at, shipping_data_id, estimated_ship_date, multi_coupon_id, selected_shipping_fixed_cost, cart_snapshot, api_key_id, application_version_id, ship_method_id, shipping_service_response_id) FROM stdin;
\.


--
-- Data for Name: checkouts_coupon_uses; Type: TABLE DATA; Schema: blurby; Owner: -
--

COPY checkouts_coupon_uses (checkout_id, coupon_use_id) FROM stdin;
\.


--
-- Name: checkouts_id_seq; Type: SEQUENCE SET; Schema: blurby; Owner: -
--

SELECT pg_catalog.setval('checkouts_id_seq', 1, false);


--
-- Data for Name: classification_test_books; Type: TABLE DATA; Schema: blurby; Owner: -
--

COPY classification_test_books (id, product_id, classification_test_id) FROM stdin;
\.


--
-- Name: classification_test_books_id_seq; Type: SEQUENCE SET; Schema: blurby; Owner: -
--

SELECT pg_catalog.setval('classification_test_books_id_seq', 1, false);


--
-- Data for Name: classification_test_response_options; Type: TABLE DATA; Schema: blurby; Owner: -
--

COPY classification_test_response_options (id, option_text, classification_test_id) FROM stdin;
\.


--
-- Name: classification_test_response_options_id_seq; Type: SEQUENCE SET; Schema: blurby; Owner: -
--

SELECT pg_catalog.setval('classification_test_response_options_id_seq', 1, false);


--
-- Data for Name: classification_test_responses; Type: TABLE DATA; Schema: blurby; Owner: -
--

COPY classification_test_responses (id, user_id, classification_test_book_id, classification_test_response_option_id) FROM stdin;
\.


--
-- Name: classification_test_responses_id_seq; Type: SEQUENCE SET; Schema: blurby; Owner: -
--

SELECT pg_catalog.setval('classification_test_responses_id_seq', 1, false);


--
-- Data for Name: classification_tests; Type: TABLE DATA; Schema: blurby; Owner: -
--

COPY classification_tests (id, name, active, completed, created_by_user_id) FROM stdin;
\.


--
-- Name: classification_tests_id_seq; Type: SEQUENCE SET; Schema: blurby; Owner: -
--

SELECT pg_catalog.setval('classification_tests_id_seq', 1, false);


--
-- Data for Name: comments; Type: TABLE DATA; Schema: blurby; Owner: -
--

COPY comments (id, comment, user_id, commentable_id, commentable_type, created_at) FROM stdin;
\.


--
-- Name: comments_id_seq; Type: SEQUENCE SET; Schema: blurby; Owner: -
--

SELECT pg_catalog.setval('comments_id_seq', 1, false);


--
-- Data for Name: configuration_pricings; Type: TABLE DATA; Schema: blurby; Owner: -
--

COPY configuration_pricings (id, product_dimension_id, cover_type_id, low_page_count, high_page_count, price_in_cents, currency_id, paper_type_id, cover_paper_type_id, price_in_cents_usd, api_key_id) FROM stdin;
\.


--
-- Name: configuration_pricings_id_seq; Type: SEQUENCE SET; Schema: blurby; Owner: -
--

SELECT pg_catalog.setval('configuration_pricings_id_seq', 1, false);


--
-- Data for Name: content_images; Type: TABLE DATA; Schema: blurby; Owner: -
--

COPY content_images (id, site_content_id, file_file_name, file_content_type, file_file_size, file_updated_at) FROM stdin;
\.


--
-- Name: content_images_id_seq; Type: SEQUENCE SET; Schema: blurby; Owner: -
--

SELECT pg_catalog.setval('content_images_id_seq', 1, false);


--
-- Data for Name: content_translations; Type: TABLE DATA; Schema: blurby; Owner: -
--

COPY content_translations (id, name, start_sha, end_sha, state, language, created_at, updated_at) FROM stdin;
\.


--
-- Name: content_translations_id_seq; Type: SEQUENCE SET; Schema: blurby; Owner: -
--

SELECT pg_catalog.setval('content_translations_id_seq', 1, false);


--
-- Data for Name: content_types; Type: TABLE DATA; Schema: blurby; Owner: -
--

COPY content_types (id, value) FROM stdin;
\.


--
-- Name: content_types_id_seq; Type: SEQUENCE SET; Schema: blurby; Owner: -
--

SELECT pg_catalog.setval('content_types_id_seq', 1, false);


--
-- Data for Name: continents; Type: TABLE DATA; Schema: blurby; Owner: -
--

COPY continents (id, name) FROM stdin;
1	Africa
2	Asia
3	Europe
4	North America
5	Central & South America
6	Australia / Oceania
\.


--
-- Name: continents_id_seq; Type: SEQUENCE SET; Schema: blurby; Owner: -
--

SELECT pg_catalog.setval('continents_id_seq', 1, false);


--
-- Data for Name: conversion_events; Type: TABLE DATA; Schema: blurby; Owner: -
--

COPY conversion_events (id, name, conversion_event_reference_type, created_at, updated_at) FROM stdin;
1	Registration Success	User	2014-02-20 11:32:38.90648	2014-02-20 11:32:38.90648
2	Order Success	Order	2014-02-20 11:32:38.910857	2014-02-20 11:32:38.910857
3	Guest Registration Success	User	2014-02-20 11:32:38.912655	2014-02-20 11:32:38.912655
4	Guest Order Success	Order	2014-02-20 11:32:38.914385	2014-02-20 11:32:38.914385
5	Product Upload	Product	2014-02-20 11:32:38.916101	2014-02-20 11:32:38.916101
6	Api Registration	User	2014-02-20 11:33:27.621948	2014-02-20 11:33:27.621948
7	Api Samsung Registration	User	2014-02-20 11:33:27.628238	2014-02-20 11:33:27.628238
\.


--
-- Name: conversion_events_id_seq; Type: SEQUENCE SET; Schema: blurby; Owner: -
--

SELECT pg_catalog.setval('conversion_events_id_seq', 7, true);


--
-- Data for Name: conversion_statuses; Type: TABLE DATA; Schema: blurby; Owner: -
--

COPY conversion_statuses (id, ebook_id, reviewer_id, reviewed_at, conversion_status, conversion_result_code, review_status) FROM stdin;
\.


--
-- Name: conversion_statuses_id_seq; Type: SEQUENCE SET; Schema: blurby; Owner: -
--

SELECT pg_catalog.setval('conversion_statuses_id_seq', 1, false);


--
-- Data for Name: countries; Type: TABLE DATA; Schema: blurby; Owner: -
--

COPY countries (id, iso_id, name, continent_id, deleted_at, shipping_region_id, allows_return_label, iso_3_id) FROM stdin;
6	ad	Andorra	3	\N	4	\N	and
7	ao	Angola	1	\N	7	\N	ago
15	at	Austria	3	\N	4	\N	aut
11	ar	Argentina	5	\N	7	\N	arg
12	am	Armenia	2	\N	7	\N	arm
16	az	Azerbaijan	2	\N	7	\N	aze
2	ax	Aaland Islands	\N	\N	7	\N	ala
56	hr	Croatia	3	\N	4	\N	hrv
17	bs	Bahamas	4	\N	7	\N	bhs
19	bd	Bangladesh	2	\N	7	\N	bgd
20	bb	Barbados	4	\N	7	\N	brb
23	bz	Belize	5	\N	7	\N	blz
59	cy	Cyprus	3	\N	4	\N	cyp
110	it	Italy	3	\N	3	\N	ita
24	bj	Benin	1	\N	7	\N	ben
25	bm	Bermuda	4	\N	7	\N	bmu
30	bw	Botswana	1	\N	7	\N	bwa
32	br	Brazil	5	\N	7	\N	bra
36	bf	Burkina Faso	1	\N	7	\N	bfa
37	bi	Burundi	1	\N	7	\N	bdi
38	kh	Cambodia	2	\N	7	\N	khm
39	cm	Cameroon	1	\N	7	\N	cmr
41	cv	Cape Verde	1	\N	7	\N	cpv
44	td	Chad	1	\N	7	\N	tcd
14	au	Australia	6	\N	6	\N	aus
45	cl	Chile	5	\N	7	\N	chl
49	co	Colombia	5	\N	7	\N	col
50	km	Comoros	1	\N	7	\N	com
53	ck	Cook Islands	6	\N	7	\N	cok
54	cr	Costa Rica	5	\N	7	\N	cri
57	cu	Cuba	4	\N	7	\N	cub
62	dj	Djibouti	1	\N	7	\N	dji
63	dm	Dominica	4	\N	7	\N	dma
61	dk	Denmark	3	\N	4	\N	dnk
64	do	Dominican Republic	4	\N	7	\N	dom
70	ee	Estonia	3	\N	4	\N	est
75	fi	Finland	3	\N	4	\N	fin
65	ec	Ecuador	5	\N	7	\N	ecu
66	eg	Egypt	1	\N	7	\N	egy
69	er	Eritrea	1	\N	7	\N	eri
71	et	Ethiopia	1	\N	7	\N	eth
74	fj	Fiji	6	\N	7	\N	fji
77	gf	French Guiana	5	\N	7	\N	guf
78	pf	French Polynesia	6	\N	7	\N	pyf
86	gr	Greece	3	\N	4	\N	grc
80	ga	Gabon	1	\N	7	\N	gab
82	ge	Georgia	2	\N	7	\N	geo
102	is	Iceland	3	\N	4	\N	isl
22	be	Belgium	3	\N	3	\N	bel
84	gh	Ghana	1	\N	7	\N	gha
90	gu	Guam	6	\N	7	\N	gum
93	gn	Guinea	1	\N	7	\N	gin
95	gy	Guyana	5	\N	7	\N	guy
107	ie	Ireland	3	\N	3	\N	irl
96	ht	Haiti	4	\N	7	\N	hti
123	lv	Latvia	3	\N	4	\N	lva
99	hn	Honduras	5	\N	7	\N	hnd
100	hk	Hong Kong	2	\N	7	\N	hkg
103	in	India	2	\N	7	\N	ind
106	iq	Iraq	2	\N	7	\N	irq
109	il	Israel	2	\N	7	\N	isr
112	jp	Japan	2	\N	7	\N	jpn
114	jo	Jordan	2	\N	7	\N	jor
129	lt	Lithuania	3	\N	4	\N	ltu
130	lu	Luxembourg	3	\N	4	\N	lux
115	kz	Kazakhstan	2	\N	7	\N	kaz
117	ki	Kiribati	6	\N	7	\N	kir
3	al	Albania	3	\N	4	\N	alb
120	kw	Kuwait	2	\N	7	\N	kwt
138	mt	Malta	3	\N	4	\N	mlt
121	kg	Kyrgyzstan	2	\N	7	\N	kgz
124	lb	Lebanon	2	\N	7	\N	lbn
125	ls	Lesotho	1	\N	7	\N	lso
127	ly	Libya	1	\N	7	\N	lby
133	mg	Madagascar	1	\N	7	\N	mdg
134	mw	Malawi	1	\N	7	\N	mwi
135	my	Malaysia	2	\N	7	\N	mys
147	mc	Monaco	3	\N	4	\N	mco
136	mv	Maldives	2	\N	7	\N	mdv
137	ml	Mali	1	\N	7	\N	mli
141	mr	Mauritania	1	\N	7	\N	mrt
142	mu	Mauritius	1	\N	7	\N	mus
40	ca	Canada	4	\N	5	\N	can
8	ai	Anguilla	\N	\N	7	\N	aia
144	mx	Mexico	4	\N	7	\N	mex
148	mn	Mongolia	2	\N	7	\N	mng
9	aq	Antarctica	\N	\N	7	\N	ata
13	aw	Aruba	\N	\N	7	\N	abw
76	fr	France	3	\N	3	\N	fra
27	bo	Bolivia, Plurinational State Of	\N	\N	7	\N	bol
28	bq	Bonaire, Sint Eustatius And Saba	\N	\N	7	\N	bes
29	ba	Bosnia And Herzegovina	\N	\N	7	\N	bih
31	bv	Bouvet Island	\N	\N	7	\N	bvt
33	io	British Indian Ocean Territory	\N	\N	7	\N	iot
34	bn	Brunei Darussalam	\N	\N	7	\N	brn
42	ky	Cayman Islands	\N	\N	7	\N	cym
47	cx	Christmas Island	\N	\N	7	\N	cxr
48	cc	Cocos (Keeling) Islands	\N	\N	7	\N	cck
51	cg	Congo	\N	\N	7	\N	cog
55	ci	Cte D'ivoire	\N	\N	7	\N	civ
58	cw	Curaao	\N	\N	7	\N	cuw
72	fk	Falkland Islands (Malvinas)	\N	\N	7	\N	flk
73	fo	Faroe Islands	\N	\N	7	\N	fro
79	tf	French Southern Territories	\N	\N	7	\N	atf
81	gm	Gambia	\N	\N	7	\N	gmb
85	gi	Gibraltar	\N	\N	7	\N	gib
87	gl	Greenland	\N	\N	7	\N	grl
89	gp	Guadeloupe	\N	\N	7	\N	glp
94	gw	Guinea Bissau	\N	\N	7	\N	gnb
98	va	Holy See (Vatican City State)	\N	\N	7	\N	vat
105	ir	Iran, Islamic Republic Of	\N	\N	7	\N	irn
108	im	Isle Of Man	\N	\N	7	\N	imn
118	kp	Korea, Democratic People's Republic Of	\N	\N	7	\N	prk
119	kr	Korea, Republic Of	\N	\N	7	\N	kor
122	la	Lao People's Democratic Republic	\N	\N	7	\N	lao
131	mo	Macao	\N	\N	7	\N	mac
140	mq	Martinique	\N	\N	7	\N	mtq
143	yt	Mayotte	\N	\N	7	\N	myt
145	fm	Micronesia, Federated States Of	\N	\N	7	\N	fsm
146	md	Moldova, Republic Of	\N	\N	7	\N	mda
4	dz	Algeria	1	\N	7	\N	dza
178	pt	Portugal	3	\N	4	\N	prt
152	mz	Mozambique	1	\N	7	\N	moz
153	mm	Myanmar	2	\N	7	\N	mmr
154	na	Namibia	1	\N	7	\N	nam
155	nr	Nauru	6	\N	7	\N	nru
158	nc	New Caledonia	6	\N	7	\N	ncl
159	nz	New Zealand	6	\N	7	\N	nzl
35	bg	Bulgaria	3	\N	4	\N	bgr
160	ni	Nicaragua	5	\N	7	\N	nic
161	ne	Niger	1	\N	7	\N	ner
162	ng	Nigeria	1	\N	7	\N	nga
163	nu	Niue	6	\N	7	\N	niu
165	mp	Northern Mariana Islands	6	\N	7	\N	mnp
167	om	Oman	2	\N	7	\N	omn
168	pk	Pakistan	2	\N	7	\N	pak
182	ro	Romania	3	\N	4	\N	rou
169	pw	Palau	6	\N	7	\N	plw
172	pg	Papua New Guinea	6	\N	7	\N	png
173	py	Paraguay	5	\N	7	\N	pry
174	pe	Peru	5	\N	7	\N	per
175	ph	Philippines	2	\N	7	\N	phl
179	pr	Puerto Rico	4	\N	7	\N	pri
180	qa	Qatar	2	\N	7	\N	qat
184	rw	Rwanda	1	\N	7	\N	rwa
60	cz	Czech Republic	3	\N	4	\N	cze
202	sk	Slovakia	3	\N	4	\N	svk
188	lc	Saint Lucia	4	\N	7	\N	lca
192	ws	Samoa	6	\N	7	\N	wsm
203	si	Slovenia	3	\N	4	\N	svn
195	sa	Saudi Arabia	2	\N	7	\N	sau
196	sn	Senegal	1	\N	7	\N	sen
199	sl	Sierra Leone	1	\N	7	\N	sle
215	se	Sweden	3	\N	4	\N	swe
200	sg	Singapore	2	\N	7	\N	sgp
204	sb	Solomon Islands	6	\N	7	\N	slb
216	ch	Switzerland	3	\N	4	\N	che
205	so	Somalia	1	\N	7	\N	som
206	za	South Africa	1	\N	7	\N	zaf
210	lk	Sri Lanka	2	\N	7	\N	lka
233	ua	Ukraine	3	\N	4	\N	ukr
10	ag	Antigua And Barbuda	\N	\N	7	\N	atg
211	sd	Sudan	1	\N	7	\N	sdn
212	sr	Suriname	5	\N	7	\N	sur
214	sz	Swaziland	1	\N	7	\N	swz
128	li	Liechtenstein	3	\N	4	\N	lie
219	tj	Tajikistan	2	\N	7	\N	tjk
221	th	Thailand	2	\N	7	\N	tha
223	tg	Togo	1	\N	7	\N	tgo
224	tk	Tokelau	6	\N	7	\N	tkl
52	cd	Congo, The Democratic Republic Of The	\N	\N	7	\N	cod
97	hm	Heard Island And Mc Donald Islands	\N	\N	7	\N	hmd
225	to	Tonga	6	\N	7	\N	ton
228	tr	Turkey	2	\N	7	\N	tur
229	tm	Turkmenistan	2	\N	7	\N	tkm
231	tv	Tuvalu	6	\N	7	\N	tuv
232	ug	Uganda	1	\N	7	\N	uga
234	ae	United Arab Emirates	2	\N	7	\N	are
238	uy	Uruguay	5	\N	7	\N	ury
239	uz	Uzbekistan	2	\N	7	\N	uzb
240	vu	Vanuatu	6	\N	7	\N	vut
247	ye	Yemen	2	\N	7	\N	yem
150	ms	Montserrat	\N	\N	7	\N	msr
249	zw	Zimbabwe	1	\N	7	\N	zwe
149	me	Montenegro	3	\N	4	\N	mne
166	no	Norway	3	\N	4	\N	nor
236	us	United States	4	\N	1	\N	usa
235	gb	United Kingdom	3	\N	2	\N	gbr
83	de	Germany	3	\N	3	\N	deu
209	es	Spain	3	\N	3	\N	esp
157	nl	Netherlands	3	\N	3	\N	nld
177	pl	Poland	3	\N	3	\N	pol
21	by	Belarus	3	\N	4	\N	blr
101	hu	Hungary	3	\N	4	\N	hun
193	sm	San Marino	3	\N	4	\N	smr
197	rs	Serbia	3	\N	4	\N	srb
132	mk	Macedonia, The Former Yugoslav Republic Of	\N	\N	7	\N	mkd
26	bt	Bhutan	2	\N	7	\N	btn
46	cn	China	2	\N	7	\N	chn
67	sv	El Salvador	5	\N	7	\N	slv
88	gd	Grenada	4	\N	7	\N	grd
111	jm	Jamaica	4	\N	7	\N	jam
126	lr	Liberia	1	\N	7	\N	lbr
164	nf	Norfolk Island	\N	\N	7	\N	nfk
170	ps	Palestinian Territory, Occupied	\N	\N	7	\N	pse
176	pn	Pitcairn	\N	\N	7	\N	pcn
181	re	Runion	\N	\N	7	\N	reu
183	ru	Russian Federation	\N	\N	7	\N	rus
185	bl	Saint Barthlemy	\N	\N	7	\N	blm
186	sh	Saint Helena, Ascension And Tristan Da Cunha	\N	\N	7	\N	shn
187	kn	Saint Kitts And Nevis	\N	\N	7	\N	kna
189	mf	Saint Martin (French Part)	\N	\N	7	\N	maf
190	pm	Saint Pierre And Miquelon	\N	\N	7	\N	spm
191	vc	Saint Vincent And The Grenadines	\N	\N	7	\N	vct
194	st	Sao Tome And Principe	\N	\N	7	\N	stp
201	sx	Sint Maarten (Dutch Part)	\N	\N	7	\N	sxm
207	gs	South Georgia And The South Sandwich Islands	\N	\N	7	\N	sgs
208	ss	South Sudan	\N	\N	7	\N	ssd
213	sj	Svalbard And Jan Mayen	\N	\N	7	\N	sjm
217	sy	Syrian Arab Republic	\N	\N	7	\N	syr
218	tw	Taiwan, Province Of China	\N	\N	7	\N	twn
220	tz	Tanzania, United Republic Of	\N	\N	7	\N	tza
222	tl	Timor Leste	\N	\N	7	\N	tls
226	tt	Trinidad And Tobago	\N	\N	7	\N	tto
230	tc	Turks And Caicos Islands	\N	\N	7	\N	tca
237	um	United States Minor Outlying Islands	\N	\N	7	\N	umi
241	ve	Venezuela, Bolivarian Republic Of	\N	\N	7	\N	ven
242	vn	Viet Nam	\N	\N	7	\N	vnm
243	vg	Virgin Islands, British	\N	\N	7	\N	vgb
244	vi	Virgin Islands, U.S.	\N	\N	7	\N	vir
246	eh	Western Sahara	\N	\N	7	\N	esh
1	af	Afghanistan	2	\N	7	\N	afg
5	as	American Samoa	6	\N	7	\N	asm
18	bh	Bahrain	2	\N	7	\N	bhr
43	cf	Central African Republic	1	\N	7	\N	caf
68	gq	Equatorial Guinea	1	\N	7	\N	gnq
91	gt	Guatemala	5	\N	7	\N	gtm
104	id	Indonesia	2	\N	7	\N	idn
139	mh	Marshall Islands	6	\N	7	\N	mhl
151	ma	Morocco	1	\N	7	\N	mar
245	wf	Wallis And Futuna	\N	\N	7	\N	wlf
116	ke	Kenya	1	\N	7	\N	ken
156	np	Nepal	2	\N	7	\N	npl
171	pa	Panama	5	\N	7	\N	pan
198	sc	Seychelles	1	\N	7	\N	syc
227	tn	Tunisia	1	\N	7	\N	tun
248	zm	Zambia	1	\N	7	\N	zmb
250	gg	Guernsey	\N	\N	7	\N	ggy
251	je	Jersey	\N	\N	7	\N	jey
\.


--
-- Name: countries_id_seq; Type: SEQUENCE SET; Schema: blurby; Owner: -
--

SELECT pg_catalog.setval('countries_id_seq', 251, true);


--
-- Data for Name: coupon_code_mappings; Type: TABLE DATA; Schema: blurby; Owner: -
--

COPY coupon_code_mappings (multi_coupon_id, coupon_id) FROM stdin;
\.


--
-- Data for Name: coupon_template_currencies; Type: TABLE DATA; Schema: blurby; Owner: -
--

COPY coupon_template_currencies (id, coupon_template_id, currency_iso_id, amount, max_value_for_percent, target_min_value, created_at, updated_at) FROM stdin;
1	1	USD	300	\N	\N	2014-07-11 13:20:02.635337	2014-07-11 13:20:02.635337
2	1	GBP	180	\N	\N	2014-07-11 13:20:02.639426	2014-07-11 13:20:02.639426
3	1	EUR	218	\N	\N	2014-07-11 13:20:02.641195	2014-07-11 13:20:02.641195
4	1	CAD	330	\N	\N	2014-07-11 13:20:02.642941	2014-07-11 13:20:02.642941
5	1	AUD	330	\N	\N	2014-07-11 13:20:02.644611	2014-07-11 13:20:02.644611
6	2	USD	30	\N	\N	2018-06-28 16:00:15.894032	2018-06-28 16:00:15.894032
7	2	AUD	30	\N	\N	2018-06-28 16:00:15.894032	2018-06-28 16:00:15.894032
8	2	CAD	30	\N	\N	2018-06-28 16:00:15.894032	2018-06-28 16:00:15.894032
9	2	EUR	30	\N	\N	2018-06-28 16:00:15.894032	2018-06-28 16:00:15.894032
10	2	GBP	30	\N	\N	2018-06-28 16:00:15.894032	2018-06-28 16:00:15.894032
11	2	KRW	30	\N	\N	2018-06-28 16:00:15.894032	2018-06-28 16:00:15.894032
12	2	JPY	30	\N	\N	2018-06-28 16:00:15.894032	2018-06-28 16:00:15.894032
13	3	USD	35	\N	\N	2018-06-28 16:00:15.894032	2018-06-28 16:00:15.894032
14	3	AUD	35	\N	\N	2018-06-28 16:00:15.894032	2018-06-28 16:00:15.894032
15	3	CAD	35	\N	\N	2018-06-28 16:00:15.894032	2018-06-28 16:00:15.894032
16	3	EUR	35	\N	\N	2018-06-28 16:00:15.894032	2018-06-28 16:00:15.894032
17	3	GBP	35	\N	\N	2018-06-28 16:00:15.894032	2018-06-28 16:00:15.894032
18	3	KRW	35	\N	\N	2018-06-28 16:00:15.894032	2018-06-28 16:00:15.894032
19	3	JPY	35	\N	\N	2018-06-28 16:00:15.894032	2018-06-28 16:00:15.894032
20	4	USD	40	\N	\N	2018-06-28 16:00:15.894032	2018-06-28 16:00:15.894032
21	4	AUD	40	\N	\N	2018-06-28 16:00:15.894032	2018-06-28 16:00:15.894032
22	4	CAD	40	\N	\N	2018-06-28 16:00:15.894032	2018-06-28 16:00:15.894032
23	4	EUR	40	\N	\N	2018-06-28 16:00:15.894032	2018-06-28 16:00:15.894032
24	4	GBP	40	\N	\N	2018-06-28 16:00:15.894032	2018-06-28 16:00:15.894032
25	4	KRW	40	\N	\N	2018-06-28 16:00:15.894032	2018-06-28 16:00:15.894032
26	4	JPY	40	\N	\N	2018-06-28 16:00:15.894032	2018-06-28 16:00:15.894032
27	5	USD	10	\N	\N	2018-06-28 16:00:15.894032	2018-06-28 16:00:16.117377
28	5	AUD	10	\N	\N	2018-06-28 16:00:15.894032	2018-06-28 16:00:16.117377
29	5	CAD	10	\N	\N	2018-06-28 16:00:15.894032	2018-06-28 16:00:16.117377
30	5	EUR	10	\N	\N	2018-06-28 16:00:15.894032	2018-06-28 16:00:16.117377
31	5	GBP	10	\N	\N	2018-06-28 16:00:15.894032	2018-06-28 16:00:16.117377
32	5	KRW	10	\N	\N	2018-06-28 16:00:15.894032	2018-06-28 16:00:16.117377
33	5	JPY	10	\N	\N	2018-06-28 16:00:15.894032	2018-06-28 16:00:16.117377
48	8	USD	10	\N	\N	2018-06-28 16:00:15.894032	2018-06-28 16:00:16.117377
49	8	AUD	10	\N	\N	2018-06-28 16:00:15.894032	2018-06-28 16:00:16.117377
50	8	CAD	10	\N	\N	2018-06-28 16:00:15.894032	2018-06-28 16:00:16.117377
51	8	EUR	10	\N	\N	2018-06-28 16:00:15.894032	2018-06-28 16:00:16.117377
52	8	GBP	10	\N	\N	2018-06-28 16:00:15.894032	2018-06-28 16:00:16.117377
53	8	KRW	10	\N	\N	2018-06-28 16:00:15.894032	2018-06-28 16:00:16.117377
54	8	JPY	10	\N	\N	2018-06-28 16:00:15.894032	2018-06-28 16:00:16.117377
34	6	USD	20	\N	\N	2018-06-28 16:00:15.894032	2018-06-28 16:00:16.117377
35	6	AUD	20	\N	\N	2018-06-28 16:00:15.894032	2018-06-28 16:00:16.117377
36	6	CAD	20	\N	\N	2018-06-28 16:00:15.894032	2018-06-28 16:00:16.117377
37	6	EUR	20	\N	\N	2018-06-28 16:00:15.894032	2018-06-28 16:00:16.117377
38	6	GBP	20	\N	\N	2018-06-28 16:00:15.894032	2018-06-28 16:00:16.117377
39	6	KRW	20	\N	\N	2018-06-28 16:00:15.894032	2018-06-28 16:00:16.117377
40	6	JPY	20	\N	\N	2018-06-28 16:00:15.894032	2018-06-28 16:00:16.117377
55	9	USD	20	\N	\N	2018-06-28 16:00:15.894032	2018-06-28 16:00:16.117377
56	9	AUD	20	\N	\N	2018-06-28 16:00:15.894032	2018-06-28 16:00:16.117377
57	9	CAD	20	\N	\N	2018-06-28 16:00:15.894032	2018-06-28 16:00:16.117377
58	9	EUR	20	\N	\N	2018-06-28 16:00:15.894032	2018-06-28 16:00:16.117377
59	9	GBP	20	\N	\N	2018-06-28 16:00:15.894032	2018-06-28 16:00:16.117377
60	9	KRW	20	\N	\N	2018-06-28 16:00:15.894032	2018-06-28 16:00:16.117377
61	9	JPY	20	\N	\N	2018-06-28 16:00:15.894032	2018-06-28 16:00:16.117377
41	7	USD	25	\N	\N	2018-06-28 16:00:15.894032	2018-06-28 16:00:16.117377
42	7	AUD	25	\N	\N	2018-06-28 16:00:15.894032	2018-06-28 16:00:16.117377
43	7	CAD	25	\N	\N	2018-06-28 16:00:15.894032	2018-06-28 16:00:16.117377
44	7	EUR	25	\N	\N	2018-06-28 16:00:15.894032	2018-06-28 16:00:16.117377
45	7	GBP	25	\N	\N	2018-06-28 16:00:15.894032	2018-06-28 16:00:16.117377
46	7	KRW	25	\N	\N	2018-06-28 16:00:15.894032	2018-06-28 16:00:16.117377
47	7	JPY	25	\N	\N	2018-06-28 16:00:15.894032	2018-06-28 16:00:16.117377
62	10	USD	25	\N	\N	2018-06-28 16:00:15.894032	2018-06-28 16:00:16.117377
63	10	AUD	25	\N	\N	2018-06-28 16:00:15.894032	2018-06-28 16:00:16.117377
64	10	CAD	25	\N	\N	2018-06-28 16:00:15.894032	2018-06-28 16:00:16.117377
65	10	EUR	25	\N	\N	2018-06-28 16:00:15.894032	2018-06-28 16:00:16.117377
66	10	GBP	25	\N	\N	2018-06-28 16:00:15.894032	2018-06-28 16:00:16.117377
67	10	KRW	25	\N	\N	2018-06-28 16:00:15.894032	2018-06-28 16:00:16.117377
68	10	JPY	25	\N	\N	2018-06-28 16:00:15.894032	2018-06-28 16:00:16.117377
69	11	USD	30	\N	\N	2020-11-30 18:46:26.180085	2020-11-30 18:46:26.180085
70	12	USD	40	\N	\N	2020-11-30 18:46:26.180085	2020-11-30 18:46:26.180085
71	11	AUD	30	\N	\N	2020-11-30 18:46:26.180085	2020-11-30 18:46:26.180085
72	12	AUD	40	\N	\N	2020-11-30 18:46:26.180085	2020-11-30 18:46:26.180085
73	11	CAD	30	\N	\N	2020-11-30 18:46:26.180085	2020-11-30 18:46:26.180085
74	12	CAD	40	\N	\N	2020-11-30 18:46:26.180085	2020-11-30 18:46:26.180085
75	11	EUR	30	\N	\N	2020-11-30 18:46:26.180085	2020-11-30 18:46:26.180085
76	12	EUR	40	\N	\N	2020-11-30 18:46:26.180085	2020-11-30 18:46:26.180085
77	11	GBP	30	\N	\N	2020-11-30 18:46:26.180085	2020-11-30 18:46:26.180085
78	12	GBP	40	\N	\N	2020-11-30 18:46:26.180085	2020-11-30 18:46:26.180085
79	11	KRW	30	\N	\N	2020-11-30 18:46:26.180085	2020-11-30 18:46:26.180085
80	12	KRW	40	\N	\N	2020-11-30 18:46:26.180085	2020-11-30 18:46:26.180085
81	11	JPY	30	\N	\N	2020-11-30 18:46:26.180085	2020-11-30 18:46:26.180085
82	12	JPY	40	\N	\N	2020-11-30 18:46:26.180085	2020-11-30 18:46:26.180085
\.


--
-- Name: coupon_template_currencies_id_seq; Type: SEQUENCE SET; Schema: blurby; Owner: -
--

SELECT pg_catalog.setval('coupon_template_currencies_id_seq', 82, true);


--
-- Data for Name: coupon_template_to_product_dimensions; Type: TABLE DATA; Schema: blurby; Owner: -
--

COPY coupon_template_to_product_dimensions (id, coupon_template_id, product_dimension_id) FROM stdin;
\.


--
-- Name: coupon_template_to_product_dimensions_id_seq; Type: SEQUENCE SET; Schema: blurby; Owner: -
--

SELECT pg_catalog.setval('coupon_template_to_product_dimensions_id_seq', 1, false);


--
-- Data for Name: coupon_template_to_product_options; Type: TABLE DATA; Schema: blurby; Owner: -
--

COPY coupon_template_to_product_options (id, coupon_template_id, product_option_id) FROM stdin;
\.


--
-- Name: coupon_template_to_product_options_id_seq; Type: SEQUENCE SET; Schema: blurby; Owner: -
--

SELECT pg_catalog.setval('coupon_template_to_product_options_id_seq', 1, false);


--
-- Data for Name: coupon_templates; Type: TABLE DATA; Schema: blurby; Owner: -
--

COPY coupon_templates (id, code_prefix, description, budget_bucket, calc_type, applies_to, amount, max_value_for_percent, enabled, auto_assigned, created_at, deleted_at, starts_on, ends_on, target_applies_to, target_min_value, target_max_value, target_min_quantity, target_max_quantity, uses_per_customer, uses_per_coupon, coupons_count, currency_id, allow_unauthored_books, is_gift_card, user_id) FROM stdin;
1	MAGAZINE_SHIPPING	Magazine shipping discount	BIZ_DEV	FIXED	SHIPPING	0	\N	t	t	2014-07-11 13:20:02.6051	\N	\N	\N	ALL	\N	\N	\N	\N	\N	1	1	\N	f	f	\N
5	AUTO_BULK_TRADE_10	10% Off Bulk Order Trade Discount	\N	PERCENT	BULK_DISCOUNT_TRADE	10	\N	t	t	2018-06-28 16:00:15.894032	\N	\N	\N	ALL	\N	\N	10	19	\N	1	1	USD	t	f	\N
6	AUTO_BULK_TRADE_20	20% Off Bulk Order Trade Discount	\N	PERCENT	BULK_DISCOUNT_TRADE	20	\N	t	t	2018-06-28 16:00:15.894032	\N	\N	\N	ALL	\N	\N	20	49	\N	1	1	USD	t	f	\N
7	AUTO_BULK_TRADE_50	25% Off Bulk Order Trade Discount	\N	PERCENT	BULK_DISCOUNT_TRADE	25	\N	t	t	2018-06-28 16:00:15.894032	\N	\N	\N	ALL	\N	\N	50	\N	\N	1	1	USD	t	f	\N
8	AUTO_BULK_MAGAZINE_10	10% Off Bulk Order Magazine Discount	\N	PERCENT	BULK_DISCOUNT_MAGAZINE	10	\N	t	t	2018-06-28 16:00:15.894032	\N	\N	\N	ALL	\N	\N	10	19	\N	1	1	USD	t	f	\N
9	AUTO_BULK_MAGAZINE_20	20% Off Bulk Order Magazine Discount	\N	PERCENT	BULK_DISCOUNT_MAGAZINE	20	\N	t	t	2018-06-28 16:00:15.894032	\N	\N	\N	ALL	\N	\N	20	49	\N	1	1	USD	t	f	\N
10	AUTO_BULK_MAGAZINE_50	25% Off Bulk Order Magazine Discount	\N	PERCENT	BULK_DISCOUNT_MAGAZINE	25	\N	t	t	2018-06-28 16:00:15.894032	\N	\N	\N	ALL	\N	\N	50	\N	\N	1	1	USD	t	f	\N
2	AUTO_BULK_PHOTO_4	30% Off Bulk Order Photo Discount	\N	PERCENT	BULK_DISCOUNT_PHOTO	30	\N	f	t	2018-06-28 16:00:15.894032	\N	\N	\N	ALL	\N	\N	4	9	\N	1	1	USD	t	f	\N
3	AUTO_BULK_PHOTO_10	35% Off Bulk Order Photo Discount	\N	PERCENT	BULK_DISCOUNT_PHOTO	35	\N	f	t	2018-06-28 16:00:15.894032	\N	\N	\N	ALL	\N	\N	10	19	\N	1	1	USD	t	f	\N
4	AUTO_BULK_PHOTO_20	40% Off Bulk Order Photo Discount	\N	PERCENT	BULK_DISCOUNT_PHOTO	40	\N	f	t	2018-06-28 16:00:15.894032	\N	\N	\N	ALL	\N	\N	20	\N	\N	1	1	USD	t	f	\N
11	AUTO_BULK_PHOTOBOOK_10	30% Off Bulk Order Photo Discount	\N	PERCENT	BULK_DISCOUNT_PHOTO	30	\N	t	t	2020-11-30 18:46:26.180085	\N	\N	\N	ALL	\N	\N	10	19	\N	1	1	USD	t	f	\N
12	AUTO_BULK_PHOTOBOOK_20	40% Off Bulk Order Photo Discount	\N	PERCENT	BULK_DISCOUNT_PHOTO	40	\N	t	t	2020-11-30 18:46:26.180085	\N	\N	\N	ALL	\N	\N	20	\N	\N	1	1	USD	t	f	\N
\.


--
-- Name: coupon_templates_id_seq; Type: SEQUENCE SET; Schema: blurby; Owner: -
--

SELECT pg_catalog.setval('coupon_templates_id_seq', 12, true);


--
-- Data for Name: coupon_uses; Type: TABLE DATA; Schema: blurby; Owner: -
--

COPY coupon_uses (id, created_at, amount, coupon_amount, coupon_calc_type, coupon_applies_to, order_id, coupon_id, coupon_amount_usd, amount_usd, user_id, currency_id, device_id) FROM stdin;
\.


--
-- Name: coupon_uses_id_seq; Type: SEQUENCE SET; Schema: blurby; Owner: -
--

SELECT pg_catalog.setval('coupon_uses_id_seq', 1, false);


--
-- Data for Name: coupons; Type: TABLE DATA; Schema: blurby; Owner: -
--

COPY coupons (id, code, created_at, deleted_at, coupon_uses_count, template_id, claimed_by_user_id, type, gift_card_line_item_id, gift_card_option_id, voided_amount, voided_amount_usd, country_id) FROM stdin;
1	MAGAZINE_SHIPPING	2014-07-11 13:20:02.623263	\N	0	1	\N	Coupon	\N	\N	0	0	\N
5	AUTO_BULK_TRADE_10	2018-06-28 16:00:15.894032	\N	0	5	\N	Coupon	\N	\N	0	0	\N
7	AUTO_BULK_TRADE_50	2018-06-28 16:00:15.894032	\N	0	7	\N	Coupon	\N	\N	0	0	\N
8	AUTO_BULK_MAGAZINE_10	2018-06-28 16:00:15.894032	\N	0	8	\N	Coupon	\N	\N	0	0	\N
10	AUTO_BULK_MAGAZINE_50	2018-06-28 16:00:15.894032	\N	0	10	\N	Coupon	\N	\N	0	0	\N
2	AUTO_BULK_PHOTO_4	2018-06-28 16:00:15.894032	\N	0	2	\N	Coupon	\N	\N	0	0	\N
3	AUTO_BULK_PHOTO_10	2018-06-28 16:00:15.894032	\N	0	3	\N	Coupon	\N	\N	0	0	\N
4	AUTO_BULK_PHOTO_20	2018-06-28 16:00:15.894032	\N	0	4	\N	Coupon	\N	\N	0	0	\N
6	AUTO_BULK_TRADE_20	2018-06-28 16:00:15.894032	\N	0	6	\N	Coupon	\N	\N	0	0	\N
9	AUTO_BULK_MAGAZINE_20	2018-06-28 16:00:15.894032	\N	0	9	\N	Coupon	\N	\N	0	0	\N
11	AUTO_BULK_PHOTOBOOK_10	2020-11-30 18:46:26.180085	\N	0	11	\N	Coupon	\N	\N	0	0	\N
12	AUTO_BULK_PHOTOBOOK_20	2020-11-30 18:46:26.180085	\N	0	12	\N	Coupon	\N	\N	0	0	\N
\.


--
-- Name: coupons_id_seq; Type: SEQUENCE SET; Schema: blurby; Owner: -
--

SELECT pg_catalog.setval('coupons_id_seq', 12, true);


--
-- Data for Name: cover_designs; Type: TABLE DATA; Schema: blurby; Owner: -
--

COPY cover_designs (id, product_id, created_at, updated_at, cover_design_guid, selected, deleted_at, asset_collection_id) FROM stdin;
\.


--
-- Name: cover_designs_id_seq; Type: SEQUENCE SET; Schema: blurby; Owner: -
--

-- SELECT pg_catalog.setval('cover_designs_id_seq', 1, false);


--
-- Data for Name: cover_renderer_jobs; Type: TABLE DATA; Schema: blurby; Owner: -
--

COPY cover_renderer_jobs (id, order_id, created_at, updated_at, wf_id) FROM stdin;
\.


--
-- Name: cover_renderer_jobs_id_seq; Type: SEQUENCE SET; Schema: blurby; Owner: -
--

SELECT pg_catalog.setval('cover_renderer_jobs_id_seq', 1, false);


--
-- Data for Name: currencies_stores; Type: TABLE DATA; Schema: blurby; Owner: -
--

COPY currencies_stores (store_id, currency_id) FROM stdin;
\.


--
-- Data for Name: currency_markups; Type: TABLE DATA; Schema: blurby; Owner: -
--

COPY currency_markups (id, markup_type_id, currency_id, markup_value, api_key_id) FROM stdin;
547	3	AUD	0.25	\N
548	3	CAD	0.25	\N
549	3	EUR	0.25	\N
550	3	GBP	0.25	\N
551	3	JPY	0.25	\N
552	3	KRW	0.25	\N
553	3	USD	0.25	\N
554	1	AUD	0	\N
555	1	CAD	0	\N
556	1	EUR	0	\N
557	1	GBP	0	\N
558	1	JPY	0	\N
559	1	KRW	0	\N
560	1	USD	0	\N
561	2	AUD	0	9
562	2	CAD	0	9
563	2	EUR	0	9
564	2	GBP	0	9
565	2	JPY	0	9
566	2	KRW	0	9
567	2	USD	0	9
568	2	AUD	0	8
569	2	CAD	0	8
570	2	EUR	0	8
571	2	GBP	0	8
572	2	JPY	0	8
573	2	KRW	0	8
574	2	USD	0	8
575	2	AUD	0	\N
576	2	CAD	0	\N
577	2	EUR	0	\N
578	2	GBP	0	\N
579	2	JPY	0	\N
580	2	KRW	0	\N
581	2	USD	0	\N
582	7	AUD	6	\N
583	7	CAD	6	\N
584	7	EUR	5	\N
585	7	GBP	4	\N
586	7	JPY	0	\N
587	7	KRW	0	\N
588	7	USD	6	\N
589	6	AUD	3	\N
590	6	CAD	3	\N
591	6	EUR	2.5	\N
592	6	GBP	2	\N
593	6	JPY	0	\N
594	6	KRW	0	\N
595	6	USD	3	\N
596	4	AUD	0	\N
597	4	CAD	0	\N
598	4	EUR	0	\N
599	4	GBP	0	\N
600	4	JPY	0	\N
601	4	KRW	0	\N
602	4	USD	0	\N
603	5	AUD	0	\N
604	5	CAD	0	\N
605	5	EUR	0	\N
606	5	GBP	0	\N
607	5	JPY	0	\N
608	5	KRW	0	\N
609	5	USD	0	\N
610	9	AUD	0	\N
611	9	CAD	0	\N
612	9	EUR	0	\N
613	9	GBP	0	\N
614	9	JPY	0	\N
615	9	KRW	0	\N
616	9	USD	0	\N
617	8	AUD	0	\N
618	8	CAD	0	\N
619	8	EUR	0	\N
620	8	GBP	0	\N
621	8	JPY	0	\N
622	8	KRW	0	\N
623	8	USD	0	\N
\.


--
-- Name: currency_markups_id_seq; Type: SEQUENCE SET; Schema: blurby; Owner: -
--

SELECT pg_catalog.setval('currency_markups_id_seq', 623, true);


--
-- Data for Name: currency_pricings; Type: TABLE DATA; Schema: blurby; Owner: -
--

COPY currency_pricings (id, currency_id, created_by_user_id, premium_paper_markup, colophon_markup, created_at, updated_at) FROM stdin;
\.


--
-- Name: currency_pricings_id_seq; Type: SEQUENCE SET; Schema: blurby; Owner: -
--

SELECT pg_catalog.setval('currency_pricings_id_seq', 1, false);


--
-- Data for Name: custhelp_domains; Type: TABLE DATA; Schema: blurby; Owner: -
--

COPY custhelp_domains (id, language, domain) FROM stdin;
1	it	https://support.blurb.com/?locale=22
2	fr	https://support.blurb.com/?locale=16
3	nl	https://support.blurb.com/?locale=1005
4	en-gb	https://support.blurb.com
5	pt	https://support.blurb.com/?locale=1011
6	es	https://support.blurb.com/?locale=2
7	en	https://support.blurb.com
8	de	https://support.blurb.com/?locale=8
\.


--
-- Name: custhelp_domains_id_seq; Type: SEQUENCE SET; Schema: blurby; Owner: -
--

SELECT pg_catalog.setval('custhelp_domains_id_seq', 8, true);


--
-- Data for Name: projects; Type: TABLE DATA; Schema: blurby; Owner: -
--

COPY projects (id, title, sub_title, description, deleted_at, created_at, updated_at, purchasable_updated_at, url, author_id) FROM stdin;
\.


--
-- Data for Name: custom_isbn_intents; Type: TABLE DATA; Schema: blurby; Owner: -
--

COPY custom_isbn_intents (id, project_id) FROM stdin;
\.


--
-- Name: custom_isbn_intents_id_seq; Type: SEQUENCE SET; Schema: blurby; Owner: -
--

SELECT pg_catalog.setval('custom_isbn_intents_id_seq', 1, false);


--
-- Data for Name: partners_backup; Type: TABLE DATA; Schema: blurby; Owner: -
--

COPY partners_backup (id, name, code, revenue_share_pct, active, created_at, deleted_at, contact_email, url, has_page, bookstore_feed, description, cookie_lifetime, partner_type) FROM stdin;
1	emerge 2012	emerge2012	15	t	2014-02-20 11:32:37	\N	cgxtest@blurb.com	\N	\N	f	\N	\N	Rev Share
2	CGX Corporate	cgxcorp	15	t	2014-02-20 11:32:37	\N	cgxtest@blurb.com	\N	\N	f	\N	\N	Rev Share
3	CGX Strategic Sales	cgxsales	15	t	2014-02-20 11:32:37	\N	cgxtest@blurb.com	\N	\N	f	\N	\N	Rev Share
4	AGS Custom Graphics	agscustomgraphics	15	t	2014-02-20 11:32:37	\N	cgxtest@blurb.com	\N	\N	f	\N	\N	Rev Share
5	Anderson / LA	andersonprinting	15	t	2014-02-20 11:32:37	\N	cgxtest@blurb.com	\N	\N	f	\N	\N	Rev Share
6	Annan & Bird Lithographers	annanbird	15	t	2014-02-20 11:32:37	\N	cgxtest@blurb.com	\N	\N	f	\N	\N	Rev Share
7	Apple Graphics	applegraphicsinc	15	t	2014-02-20 11:32:37	\N	cgxtest@blurb.com	\N	\N	f	\N	\N	Rev Share
8	Automated Graphic Systems	ags	15	t	2014-02-20 11:32:37	\N	cgxtest@blurb.com	\N	\N	f	\N	\N	Rev Share
9	bigINK	bigink	15	t	2014-02-20 11:32:37	\N	cgxtest@blurb.com	\N	\N	f	\N	\N	Rev Share
10	Bridgetown Printing	bridgetown	15	t	2014-02-20 11:32:37	\N	cgxtest@blurb.com	\N	\N	f	\N	\N	Rev Share
11	CDS Publications	cdspubs	15	t	2014-02-20 11:32:37	\N	cgxtest@blurb.com	\N	\N	f	\N	\N	Rev Share
12	Chas. P. Young	cpy	15	t	2014-02-20 11:32:37	\N	cgxtest@blurb.com	\N	\N	f	\N	\N	Rev Share
13	Clear Visions, Inc.	clearvisionsinc	15	t	2014-02-20 11:32:37	\N	cgxtest@blurb.com	\N	\N	f	\N	\N	Rev Share
14	CMI	cmiart	15	t	2014-02-20 11:32:37	\N	cgxtest@blurb.com	\N	\N	f	\N	\N	Rev Share
15	Consolidated Carqueville Printing	carqueville	15	t	2014-02-20 11:32:37	\N	cgxtest@blurb.com	\N	\N	f	\N	\N	Rev Share
16	Courier Printing	courierprinting	15	t	2014-02-20 11:32:37	\N	cgxtest@blurb.com	\N	\N	f	\N	\N	Rev Share
17	CP Solutions	cpsolutions	15	t	2014-02-20 11:32:37	\N	cgxtest@blurb.com	\N	\N	f	\N	\N	Rev Share
18	Cyril-Scott Company	cyrilscott	15	t	2014-02-20 11:32:37	\N	cgxtest@blurb.com	\N	\N	f	\N	\N	Rev Share
19	Digital Direct	digitaldirect	15	t	2014-02-20 11:32:37	\N	cgxtest@blurb.com	\N	\N	f	\N	\N	Rev Share
20	Eagle Press	eaglepress	15	t	2014-02-20 11:32:37	\N	cgxtest@blurb.com	\N	\N	f	\N	\N	Rev Share
21	EGT Printing Solutions	egtgo	15	t	2014-02-20 11:32:37	\N	cgxtest@blurb.com	\N	\N	f	\N	\N	Rev Share
22	Electric City Printing	ecprint	15	t	2014-02-20 11:32:37	\N	cgxtest@blurb.com	\N	\N	f	\N	\N	Rev Share
23	Emerald City Graphics	emeraldcg	15	t	2014-02-20 11:32:37	\N	cgxtest@blurb.com	\N	\N	f	\N	\N	Rev Share
24	Fittje Bros. Printing	fittje	15	t	2014-02-20 11:32:37	\N	cgxtest@blurb.com	\N	\N	f	\N	\N	Rev Share
25	Frederic Printing	fredericprinting	15	t	2014-02-20 11:32:37	\N	cgxtest@blurb.com	\N	\N	f	\N	\N	Rev Share
26	Garner Printing	garnerprint	15	t	2014-02-20 11:32:37	\N	cgxtest@blurb.com	\N	\N	f	\N	\N	Rev Share
27	Geyer Printing	geyerprinting	15	t	2014-02-20 11:32:37	\N	cgxtest@blurb.com	\N	\N	f	\N	\N	Rev Share
28	Graphcom	graphcomprints	15	t	2014-02-20 11:32:37	\N	cgxtest@blurb.com	\N	\N	f	\N	\N	Rev Share
29	Graphics Group	graphicsgroup	15	t	2014-02-20 11:32:37	\N	cgxtest@blurb.com	\N	\N	f	\N	\N	Rev Share
30	GraphTec	graphtec	15	t	2014-02-20 11:32:37	\N	cgxtest@blurb.com	\N	\N	f	\N	\N	Rev Share
31	GSL Fine Lithographers	gslitho	15	t	2014-02-20 11:32:37	\N	cgxtest@blurb.com	\N	\N	f	\N	\N	Rev Share
32	H & N Printing	hnprinting	15	t	2014-02-20 11:32:37	\N	cgxtest@blurb.com	\N	\N	f	\N	\N	Rev Share
33	Hennegan Company	hennegan	15	t	2014-02-20 11:32:37	\N	cgxtest@blurb.com	\N	\N	f	\N	\N	Rev Share
34	Hickory Printing Solutions	hickoryprinting	15	t	2014-02-20 11:32:37	\N	cgxtest@blurb.com	\N	\N	f	\N	\N	Rev Share
35	Image Systems	imagesystems	15	t	2014-02-20 11:32:37	\N	cgxtest@blurb.com	\N	\N	f	\N	\N	Rev Share
36	Ironwood Lithographers	ironwoodlitho	15	t	2014-02-20 11:32:37	\N	cgxtest@blurb.com	\N	\N	f	\N	\N	Rev Share
37	Jackson Group, The	jacksongroup	15	t	2014-02-20 11:32:37	\N	cgxtest@blurb.com	\N	\N	f	\N	\N	Rev Share
38	Jarvis Press	jarvispress	15	t	2014-02-20 11:32:37	\N	cgxtest@blurb.com	\N	\N	f	\N	\N	Rev Share
39	John C. Otto	jco	15	t	2014-02-20 11:32:37	\N	cgxtest@blurb.com	\N	\N	f	\N	\N	Rev Share
40	Keys Printing	keysprinting	15	t	2014-02-20 11:32:37	\N	cgxtest@blurb.com	\N	\N	f	\N	\N	Rev Share
41	Lincoln Printing	printlinc	15	t	2014-02-20 11:32:37	\N	cgxtest@blurb.com	\N	\N	f	\N	\N	Rev Share
42	Maryland Composition	marylandcomp	15	t	2014-02-20 11:32:37	\N	cgxtest@blurb.com	\N	\N	f	\N	\N	Rev Share
43	Maximum Graphics	maxgraphics	15	t	2014-02-20 11:32:37	\N	cgxtest@blurb.com	\N	\N	f	\N	\N	Rev Share
44	McKay Press	mckaypress	15	t	2014-02-20 11:32:37	\N	cgxtest@blurb.com	\N	\N	f	\N	\N	Rev Share
45	Mercury Printing	mercuryprintingco	15	t	2014-02-20 11:32:37	\N	cgxtest@blurb.com	\N	\N	f	\N	\N	Rev Share
46	Metropolitan Printing	metropolitanprinting	15	t	2014-02-20 11:32:37	\N	cgxtest@blurb.com	\N	\N	f	\N	\N	Rev Share
47	Mount Vernon Printing	mvprint	15	t	2014-02-20 11:32:37	\N	cgxtest@blurb.com	\N	\N	f	\N	\N	Rev Share
48	Nies/Artcraft Companies	nies	15	t	2014-02-20 11:32:37	\N	cgxtest@blurb.com	\N	\N	f	\N	\N	Rev Share
49	OCPC	ocpc	15	t	2014-02-20 11:32:37	\N	cgxtest@blurb.com	\N	\N	f	\N	\N	Rev Share
50	Pacific Standard Print	psp	15	t	2014-02-20 11:32:37	\N	cgxtest@blurb.com	\N	\N	f	\N	\N	Rev Share
51	PBM Graphics	pbmgraphics	15	t	2014-02-20 11:32:37	\N	cgxtest@blurb.com	\N	\N	f	\N	\N	Rev Share
52	PCA	printpca	15	t	2014-02-20 11:32:37	\N	cgxtest@blurb.com	\N	\N	f	\N	\N	Rev Share
53	Pikes Peak	pikespeaklitho	15	t	2014-02-20 11:32:37	\N	cgxtest@blurb.com	\N	\N	f	\N	\N	Rev Share
54	Precision Litho	plitho	15	t	2014-02-20 11:32:37	\N	cgxtest@blurb.com	\N	\N	f	\N	\N	Rev Share
55	Printing Control Graphics	printingcontrol	15	t	2014-02-20 11:32:37	\N	cgxtest@blurb.com	\N	\N	f	\N	\N	Rev Share
56	Printing Inc.	printinginc	15	t	2014-02-20 11:32:37	\N	cgxtest@blurb.com	\N	\N	f	\N	\N	Rev Share
57	Rush Press	rushpress	15	t	2014-02-20 11:32:37	\N	cgxtest@blurb.com	\N	\N	f	\N	\N	Rev Share
58	Spangler Graphics	spanglergraphics	15	t	2014-02-20 11:32:37	\N	cgxtest@blurb.com	\N	\N	f	\N	\N	Rev Share
59	StorterChilds Printing	storterchilds	15	t	2014-02-20 11:32:37	\N	cgxtest@blurb.com	\N	\N	f	\N	\N	Rev Share
60	Superior Colour Graphics	superiorcolour	15	t	2014-02-20 11:32:37	\N	cgxtest@blurb.com	\N	\N	f	\N	\N	Rev Share
61	T/O Printing	toprinting	15	t	2014-02-20 11:32:37	\N	cgxtest@blurb.com	\N	\N	f	\N	\N	Rev Share
62	Tewell Warren Printing	tewellwarren	15	t	2014-02-20 11:32:37	\N	cgxtest@blurb.com	\N	\N	f	\N	\N	Rev Share
63	The Printery	printerywi	15	t	2014-02-20 11:32:37	\N	cgxtest@blurb.com	\N	\N	f	\N	\N	Rev Share
64	Theo Davis Printing	theodavis	15	t	2014-02-20 11:32:37	\N	cgxtest@blurb.com	\N	\N	f	\N	\N	Rev Share
65	Tucker Printers	tuckerprinters	15	t	2014-02-20 11:32:37	\N	cgxtest@blurb.com	\N	\N	f	\N	\N	Rev Share
66	Tursack, Inc.	tursack	15	t	2014-02-20 11:32:37	\N	cgxtest@blurb.com	\N	\N	f	\N	\N	Rev Share
67	Veritas Document Solutions	veritassolutions	15	t	2014-02-20 11:32:37	\N	cgxtest@blurb.com	\N	\N	f	\N	\N	Rev Share
68	Walnut Circle Press	walnutcirclepress	15	t	2014-02-20 11:32:37	\N	cgxtest@blurb.com	\N	\N	f	\N	\N	Rev Share
69	Watermark Press	watermarkpress	15	t	2014-02-20 11:32:37	\N	cgxtest@blurb.com	\N	\N	f	\N	\N	Rev Share
70	Wentworth Printing	wentworthprinting	15	t	2014-02-20 11:32:37	\N	cgxtest@blurb.com	\N	\N	f	\N	\N	Rev Share
71	Western Lithograph	westernlithograph	15	t	2014-02-20 11:32:37	\N	cgxtest@blurb.com	\N	\N	f	\N	\N	Rev Share
72	Westland Printers	westlandprinters	15	t	2014-02-20 11:32:37	\N	cgxtest@blurb.com	\N	\N	f	\N	\N	Rev Share
73	Wetzel Brothers	wetzelbrothers	15	t	2014-02-20 11:32:37	\N	cgxtest@blurb.com	\N	\N	f	\N	\N	Rev Share
74	Woodridge Press	woodridgepress	15	t	2014-02-20 11:32:37	\N	cgxtest@blurb.com	\N	\N	f	\N	\N	Rev Share
75	Yokohama Digital Center	yokohamadc	15	t	2014-02-20 11:32:37	\N	cgxtest@blurb.com	\N	\N	f	\N	\N	Rev Share
76	Wimmer Cookbooks	wimmerco	15	t	2014-02-20 11:32:37	\N	cgxtest@blurb.com	\N	\N	f	\N	\N	Rev Share
77	Consolidated Graphics Prague	cgxp	15	t	2014-02-20 11:32:37	\N	cgxtest@blurb.com	\N	\N	f	\N	\N	Rev Share
\.


--
-- Data for Name: customer_coupon_templates; Type: TABLE DATA; Schema: blurby; Owner: -
--

COPY customer_coupon_templates (id, applies_to_behavior, coupon_template_id, purchase_range_min, purchase_range_max, creation_source, customer_coupon_template_type, partner_id, days_until_expiration, created_at, updated_at) FROM stdin;
\.


--
-- Name: customer_coupon_templates_id_seq; Type: SEQUENCE SET; Schema: blurby; Owner: -
--

SELECT pg_catalog.setval('customer_coupon_templates_id_seq', 1, false);


--
-- Data for Name: daylight_savings_datas; Type: TABLE DATA; Schema: blurby; Owner: -
--

COPY daylight_savings_datas (id, begin_daylight_savings, end_daylight_savings, country_id) FROM stdin;
1	2011-03-13 05:00:00	2011-11-06 05:00:00	ca
2	2011-03-13 05:00:00	2011-11-06 05:00:00	us
3	2011-03-27 01:00:00	2011-10-30 01:00:00	nl
4	2012-03-11 05:00:00	2012-11-04 05:00:00	us
5	2012-03-11 05:00:00	2012-11-04 05:00:00	ca
6	2013-03-10 05:00:00	2013-11-03 05:00:00	ca
7	2013-03-10 05:00:00	2013-11-03 05:00:00	us
8	2012-03-25 01:00:00	2012-10-28 01:00:00	nl
9	2013-03-31 01:00:00	2013-10-27 01:00:00	nl
10	2014-03-30 01:00:00	2014-10-26 01:00:00	nl
11	2015-03-29 01:00:00	2015-10-25 01:00:00	nl
12	2014-03-09 05:00:00	2014-11-02 05:00:00	us
13	2015-03-08 05:00:00	2015-11-01 05:00:00	us
14	2014-03-09 05:00:00	2014-11-02 05:00:00	ca
15	2015-03-08 05:00:00	2015-11-01 05:00:00	ca
\.


--
-- Name: daylight_savings_datas_id_seq; Type: SEQUENCE SET; Schema: blurby; Owner: -
--

SELECT pg_catalog.setval('daylight_savings_datas_id_seq', 15, true);


--
-- Data for Name: default_gateways; Type: TABLE DATA; Schema: blurby; Owner: -
--

COPY default_gateways (id, gateway_name, created_at) FROM stdin;
1	CyberSourceAdapter	2014-02-20 11:33:30.275119
2	BraintreeAdapter	2018-06-28 16:00:16.156972
\.


--
-- Name: default_gateways_id_seq; Type: SEQUENCE SET; Schema: blurby; Owner: -
--

SELECT pg_catalog.setval('default_gateways_id_seq', 2, true);


--
-- Data for Name: default_time_in_transits; Type: TABLE DATA; Schema: blurby; Owner: -
--

COPY default_time_in_transits (id, trackable, transit_information_id) FROM stdin;
1	t	1
2	t	2
3	t	3
4	f	4
5	f	5
6	f	6
7	f	7
8	f	8
9	f	9
10	f	10
11	t	11
12	t	12
13	f	13
14	f	14
15	f	15
16	f	16
17	f	17
18	f	18
19	f	19
20	f	20
21	f	21
22	t	22
23	t	23
24	f	24
25	t	25
26	t	26
27	f	27
28	t	28
29	t	29
30	f	30
31	t	31
32	t	32
33	f	33
34	t	34
35	t	35
36	f	36
37	f	37
38	t	38
39	t	39
40	f	40
\.


--
-- Name: default_time_in_transits_id_seq; Type: SEQUENCE SET; Schema: blurby; Owner: -
--

SELECT pg_catalog.setval('default_time_in_transits_id_seq', 40, true);


--
-- Data for Name: delivery_methods; Type: TABLE DATA; Schema: blurby; Owner: -
--

COPY delivery_methods (id, name, rank, display_name_i18n_key) FROM stdin;
2	Ground	4	ground
3	2nd Day	2	second_day
4	Next Day	1	next_day
5	Saver	3	saver
6	Freight	5	freight
7	Internal	6	internal
\.


--
-- Name: delivery_methods_id_seq; Type: SEQUENCE SET; Schema: blurby; Owner: -
--

SELECT pg_catalog.setval('delivery_methods_id_seq', 7, true);


--
-- Data for Name: devices; Type: TABLE DATA; Schema: blurby; Owner: -
--

COPY devices (id, make, model) FROM stdin;
\.


--
-- Name: devices_id_seq; Type: SEQUENCE SET; Schema: blurby; Owner: -
--

SELECT pg_catalog.setval('devices_id_seq', 1, false);


--
-- Data for Name: disabled_reasons; Type: TABLE DATA; Schema: blurby; Owner: -
--

COPY disabled_reasons (id, name, created_at, updated_at) FROM stdin;
1	Fraud	2014-02-20 11:32:38.240202	2014-02-20 11:32:38.240202
\.


--
-- Name: disabled_reasons_id_seq; Type: SEQUENCE SET; Schema: blurby; Owner: -
--

SELECT pg_catalog.setval('disabled_reasons_id_seq', 1, true);


--
-- Data for Name: distributed_task_policies; Type: TABLE DATA; Schema: blurby; Owner: -
--

COPY distributed_task_policies (id, name, distribution_threshold, distribution_value, distribution_type, disabled, created_at, updated_at) FROM stdin;
1	convert_booksmart_to_bbf2	\N	8	even	\N	2014-02-20 11:32:37.155352	2014-02-20 11:32:37.155352
\.


--
-- Name: distributed_task_policies_id_seq; Type: SEQUENCE SET; Schema: blurby; Owner: -
--

SELECT pg_catalog.setval('distributed_task_policies_id_seq', 1, true);


--
-- Data for Name: distribution_amazon_order_items; Type: TABLE DATA; Schema: blurby; Owner: -
--

COPY distribution_amazon_order_items (id, distribution_amazon_order_id, asin, quantity, item_price, item_price_usd, item_tax, item_tax_usd, promotion_discount, promotion_discount_usd, shipping_discount, shipping_discount_usd, shipping_price, shipping_price_usd, shipping_tax, shipping_tax_usd, currency_id, created_at, updated_at, amazon_order_item_code, seller_sku) FROM stdin;
\.


--
-- Name: distribution_amazon_order_items_id_seq; Type: SEQUENCE SET; Schema: blurby; Owner: -
--

SELECT pg_catalog.setval('distribution_amazon_order_items_id_seq', 1, false);


--
-- Data for Name: order_internal_types; Type: TABLE DATA; Schema: blurby; Owner: -
--

COPY order_internal_types (id, name, abbreviation) FROM stdin;
1	STANDARD	STD
2	SAMSUNG_RUSH	SER
3	MARKETING	MKG
4	MARKETING_UK	MUK
5	INTERNAL	INT
6	INTERNAL_TECH	TCH
7	INTERNAL_OPS	OPS
8	INTERNAL_PROD	PRD
9	INTERNAL_INTL	ITL
10	INTERNAL_BIZDEV	BZD
11	REPRINT	RPT
12	OFFSET	OFF
13	CUSTOM_POD	CPD
14	PICK_AND_PACK	PNP
15	INGRAM_CHANNEL	\N
\.


--
-- Data for Name: orders; Type: TABLE DATA; Schema: blurby; Owner: -
--

COPY orders (id, user_id, created_at, state, status, total, tax, shipping, discount, payment_type, payment_cc_first_name, payment_cc_last_name, payment_cc_last4digits, payment_cc_expiry, date_shipped, currency_id, exchange_rate_id, total_usd, discount_usd, tax_usd, shipping_usd, shipment_notification_queued_on, shown_return_policy, digital_tax, digital_tax_usd, reduced_tax, reduced_tax_usd, checkout_nonce, api_key_id, application_version_id, tax_exempt, updated_at, internal_type_id) FROM stdin;
\.


--
-- Data for Name: distribution_amazon_orders; Type: TABLE DATA; Schema: blurby; Owner: -
--

COPY distribution_amazon_orders (id, amazon_order_id, state, order_id, order_total, order_total_usd, currency_id, created_at, updated_at) FROM stdin;
\.


--
-- Name: distribution_amazon_orders_id_seq; Type: SEQUENCE SET; Schema: blurby; Owner: -
--

SELECT pg_catalog.setval('distribution_amazon_orders_id_seq', 1, false);


--
-- Name: distribution_amazon_product_sales_id_seq; Type: SEQUENCE SET; Schema: blurby; Owner: -
--

SELECT pg_catalog.setval('distribution_amazon_product_sales_id_seq', 1, false);


--
-- Data for Name: guts; Type: TABLE DATA; Schema: blurby; Owner: -
--

COPY guts (id, bookserve_id, booksmart_guid, booksmart_version, booksmart_ancestor_guid, booksmart_pcl_guid, booksmart_install_guid, booksmart_save_as_count, booksmart_import_count, custom_end_sheet, creation_source, pages, product_id, status, deleted_at, selected, created_at, updated_at, asset_manager) FROM stdin;
\.


--
-- Data for Name: printable_products; Type: TABLE DATA; Schema: blurby; Owner: -
--

COPY printable_products (id, bookserve_id, printable_product_type, user_id, title, status, creation_tool, creation_tool_version, color_space, color_profile, api_key_id, pricing_version, last_ordered_at, created_at, updated_at, deleted_at) FROM stdin;
\.


--
-- Data for Name: tax_rates; Type: TABLE DATA; Schema: blurby; Owner: -
--

COPY tax_rates (id, zip_code, created_at, deleted_at, type, state_abbrev, county_name, city_name, state_sales_tax, state_use_tax, county_sales_tax, county_use_tax, city_sales_tax, city_use_tax, "MTA_sales_tax", "MTA_use_tax", "SPD_sales_tax", "SPD_use_tax", total_sales_tax, total_use_tax, county_number, city_number, "MTA_name", "MTA_number", "SPD_name", "SPD_number", tax_shipping_alone, tax_shipping_and_handling_together, country_name, country_code, display_name) FROM stdin;
1	\N	2018-06-28 16:00:13.887701	\N	ZeroTaxRate	\N	\N	\N	\N	\N	\N	\N	\N	\N	\N	\N	\N	\N	0	\N	\N	\N	\N	\N	\N	\N	\N	\N	\N	\N	\N
\.


--
-- Data for Name: line_items; Type: TABLE DATA; Schema: blurby; Owner: -
--

COPY line_items (id, sub_order_id, product_id, price, quantity, ship_tracking_number, state, price_usd, initial_price, initial_price_usd, custom_cover_id, currency_id, cover_design_id, guts_id, production_method, line_item_type, ebook_id, pdf_book_id, isbn_id, shipment_notification_queued_on, created_at, updated_at, tax_rate_id, printable_product_id) FROM stdin;
\.


--
-- Data for Name: statements; Type: TABLE DATA; Schema: blurby; Owner: -
--

COPY statements (id, created_at, period_id, seller_id, author_profit, processing_fee, payout_amount, carry_over_amount, currency_id, author_profit_usd, processing_fee_usd, payout_amount_usd, carry_over_amount_usd, status, downloads, was_inquire, prior_carry_amount, prior_carry_amount_usd, payee_address_id, payee_name_id, reviewed_by, reviewed_at, confirmed_by, confirmed_at, processed_by, processed_at, payment_type, paypal_email_id, pay_problem_id, result_code) FROM stdin;
\.


--
-- Data for Name: distribution_channel_product_sales; Type: TABLE DATA; Schema: blurby; Owner: -
--

COPY distribution_channel_product_sales (id, created_at, settled_at, line_item_id, author_profit, author_profit_usd, statement_id, settled_currency_id, settled_exchange_rate_id, settled_author_profit, settled_author_profit_usd, settleable_at, type) FROM stdin;
\.


--
-- Data for Name: distribution_channels; Type: TABLE DATA; Schema: blurby; Owner: -
--

COPY distribution_channels (id, name, key, created_at, updated_at) FROM stdin;
1	Amazon Distribution	amazon	2014-02-20 11:33:30.454085	2014-02-20 11:33:30.454085
2	Ingram Distribution	ingram	2014-05-14 12:02:43.914379	2014-05-14 12:02:43.914379
3	No Distribution	none	2014-05-14 12:02:55.906438	2014-05-14 12:02:55.906438
4	Blurb Distribution	blurb	2014-05-14 12:02:55.907834	2014-05-14 12:02:55.907834
\.


--
-- Name: distribution_channels_id_seq; Type: SEQUENCE SET; Schema: blurby; Owner: -
--

SELECT pg_catalog.setval('distribution_channels_id_seq', 5, true);


--
-- Data for Name: distribution_list_prices; Type: TABLE DATA; Schema: blurby; Owner: -
--

COPY distribution_list_prices (id, list_price, seller_book_specification_id, created_at, updated_at, deleted_at, currency_id, list_price_usd) FROM stdin;
\.


--
-- Data for Name: distribution_wholesale_discount_tiers; Type: TABLE DATA; Schema: blurby; Owner: -
--

COPY distribution_wholesale_discount_tiers (id, distribution_channel_id, discount_percentage, created_at, updated_at, rank) FROM stdin;
1	4	0	2014-07-11 13:20:33.231341	2014-10-10 10:00:39.199962	1
2	1	0	2014-07-11 13:20:33.235326	2014-10-10 10:00:39.201131	1
3	3	0	2014-07-11 13:20:33.237283	2014-10-10 10:00:39.202055	1
4	2	0.25	2014-07-11 13:20:33.239072	2014-10-10 10:00:39.203437	1
5	2	0.359999999999999987	2014-07-11 13:20:33.240364	2014-10-10 10:00:39.204665	2
6	2	0.550000000000000044	2014-07-11 13:20:33.241671	2014-10-10 10:00:39.205814	3
\.


--
-- Data for Name: isbns; Type: TABLE DATA; Schema: blurby; Owner: -
--

COPY isbns (id, number_text, guts_id, cover_type_id, provider_has_latest, created_at, updated_at, ebook_id, assigned_at, cover_design_id, paper_type_id, user_id, custom_isbn) FROM stdin;
\.


--
-- Data for Name: project_format_types; Type: TABLE DATA; Schema: blurby; Owner: -
--

COPY project_format_types (id, name, display_rank) FROM stdin;
6	self_uncoated	4
1	pdf	11
7	plus_uv_gloss	5
2	ebook	10
8	plus_uv_satin	6
9	premium_plus_gloss_laminate	7
4	hardcover	2
5	imagewrap	3
3	softcover	1
10	acrylic_print	12
11	canvas_print	13
12	metal_print	14
13	mounted_block_print	15
14	poster_print	16
\.


--
-- Data for Name: project_formats; Type: TABLE DATA; Schema: blurby; Owner: -
--

COPY project_formats (id, project_id, project_format_type_id, isbn_id, created_at, updated_at, deleted_at) FROM stdin;
\.


--
-- Data for Name: seller_book_specifications; Type: TABLE DATA; Schema: blurby; Owner: -
--

COPY seller_book_specifications (id, cover_design_id, cover_type_id, paper_type_id, custom_logo_type_id, endsheet_type_id, book_covering_type_id, enabled, cover_paper_type_id, coating_type_id) FROM stdin;
\.


--
-- Data for Name: distribution_entries; Type: TABLE DATA; Schema: blurby; Owner: -
--

COPY distribution_entries (id, distribution_channel_id, isbn_id, state, created_at, updated_at, deleted_at, distribution_price_id, project_format_id, seller_book_specification_id, distribution_wholesale_discount_tier_id) FROM stdin;
\.


--
-- Name: distribution_entries_id_seq; Type: SEQUENCE SET; Schema: blurby; Owner: -
--

SELECT pg_catalog.setval('distribution_entries_id_seq', 1, false);


--
-- Data for Name: distribution_list_price_histories; Type: TABLE DATA; Schema: blurby; Owner: -
--

COPY distribution_list_price_histories (id, list_price, seller_book_specification_id, list_price_usd, currency_id, created_at, updated_at, distribution_list_price_id, base_price, base_price_usd) FROM stdin;
\.


--
-- Data for Name: distribution_entry_histories; Type: TABLE DATA; Schema: blurby; Owner: -
--

COPY distribution_entry_histories (id, distribution_channel_id, isbn_id, seller_book_specification_id, project_format_id, distribution_price_id, state, created_at, updated_at, distribution_wholesale_discount_tier_id, distribution_entry_id) FROM stdin;
\.


--
-- Name: distribution_entry_histories_id_seq; Type: SEQUENCE SET; Schema: blurby; Owner: -
--

SELECT pg_catalog.setval('distribution_entry_histories_id_seq', 1, false);


--
-- Data for Name: distribution_feed_submissions; Type: TABLE DATA; Schema: blurby; Owner: -
--

COPY distribution_feed_submissions (id, submission_id, feed_type, submitted_date, status, created_at, updated_at, isbn, feed_type_id) FROM stdin;
\.


--
-- Name: distribution_feed_submissions_id_seq; Type: SEQUENCE SET; Schema: blurby; Owner: -
--

SELECT pg_catalog.setval('distribution_feed_submissions_id_seq', 1, false);


--
-- Data for Name: distribution_ingram_sales_data; Type: TABLE DATA; Schema: blurby; Owner: -
--

COPY distribution_ingram_sales_data (id, isbn, sku, parent_isbn, list_price, wholesale_discount_percentage, mtd_quantity, mtd_avg_list_price, mtd_extended_list, mtd_avg_discount_percentage, mtd_extended_discount, mtd_avg_wholesale_price, mtd_extended_wholesale, mtd_avg_print_charge, mtd_extended_print_charge, mtd_gross_pub_comp, mtd_extended_adjustments, mtd_extended_recovery, mtd_pub_comp, deferral_balance, reporting_currency_code, period_name, original_deferral_amount, mtd_return_quantity, mtd_return_wholesale, mtd_return_charge, mtd_return_total, mtd_net_quantity, mtd_net_wholesale, mtd_net_pub_comp, returns_flag, nonreturnable_date, market) FROM stdin;
\.


--
-- Name: distribution_ingram_sales_data_id_seq; Type: SEQUENCE SET; Schema: blurby; Owner: -
--

SELECT pg_catalog.setval('distribution_ingram_sales_data_id_seq', 1, false);


--
-- Data for Name: distribution_ingram_sales_data_line_items; Type: TABLE DATA; Schema: blurby; Owner: -
--

COPY distribution_ingram_sales_data_line_items (distribution_ingram_sales_data_id, line_item_id) FROM stdin;
\.


--
-- Name: distribution_list_price_histories_id_seq; Type: SEQUENCE SET; Schema: blurby; Owner: -
--

SELECT pg_catalog.setval('distribution_list_price_histories_id_seq', 1, false);


--
-- Name: distribution_prices_id_seq; Type: SEQUENCE SET; Schema: blurby; Owner: -
--

SELECT pg_catalog.setval('distribution_prices_id_seq', 1, false);


--
-- Data for Name: distribution_pricing_models; Type: TABLE DATA; Schema: blurby; Owner: -
--

COPY distribution_pricing_models (id, distribution_channel_id, distributor_rake, distributor_fee, blurb_rake, blurb_fee, created_at, updated_at, currency_id, deleted_at) FROM stdin;
6	1	0.149999999999999994	135	0	200	2014-03-27 10:43:09.306078	2014-05-14 12:03:00.952835	USD	\N
11	2	0	0	0	0	2014-07-11 13:19:59.358795	2014-07-11 13:19:59.358795	USD	\N
16	4	0	0	0	0	2014-07-11 13:19:59.377697	2014-07-11 13:19:59.377697	USD	\N
21	3	0	0	0	0	2014-07-11 13:19:59.391357	2014-07-11 13:19:59.391357	USD	\N
7	1	0.149999999999999994	135	0	200	2014-03-27 10:43:09.311594	2014-05-14 12:03:00.955009	GBP	2014-07-11 13:20:19.864817
26	1	0.149999999999999994	80	0	119	2014-07-11 13:20:19.866315	2014-07-11 13:20:19.866315	GBP	\N
8	1	0.149999999999999994	135	0	200	2014-03-27 10:43:09.313918	2014-05-14 12:03:00.957842	EUR	2014-07-11 13:20:19.868246
27	1	0.149999999999999994	99	0	146	2014-07-11 13:20:19.86946	2014-07-11 13:20:19.86946	EUR	\N
9	1	0.149999999999999994	135	0	200	2014-03-27 10:43:09.316256	2014-05-14 12:03:00.960719	CAD	2014-07-11 13:20:19.871184
28	1	0.149999999999999994	146	0	216	2014-07-11 13:20:19.872366	2014-07-11 13:20:19.872366	CAD	\N
10	1	0.149999999999999994	135	0	200	2014-03-27 10:43:09.318581	2014-05-14 12:03:00.963028	AUD	2014-07-11 13:20:19.874103
29	1	0.149999999999999994	145	0	214	2014-07-11 13:20:19.875321	2014-07-11 13:20:19.875321	AUD	\N
12	2	0	0	0	0	2014-07-11 13:19:59.365911	2014-07-11 13:19:59.365911	GBP	2014-07-11 13:20:19.879143
30	2	0	0	0	0	2014-07-11 13:20:19.880343	2014-07-11 13:20:19.880343	GBP	\N
13	2	0	0	0	0	2014-07-11 13:19:59.368774	2014-07-11 13:19:59.368774	EUR	2014-07-11 13:20:19.881943
31	2	0	0	0	0	2014-07-11 13:20:19.88308	2014-07-11 13:20:19.88308	EUR	\N
14	2	0	0	0	0	2014-07-11 13:19:59.371529	2014-07-11 13:19:59.371529	CAD	2014-07-11 13:20:19.884659
32	2	0	0	0	0	2014-07-11 13:20:19.885776	2014-07-11 13:20:19.885776	CAD	\N
15	2	0	0	0	0	2014-07-11 13:19:59.374358	2014-07-11 13:19:59.374358	AUD	2014-07-11 13:20:19.887368
33	2	0	0	0	0	2014-07-11 13:20:19.88849	2014-07-11 13:20:19.88849	AUD	\N
22	3	0	0	0	0	2014-07-11 13:19:59.393871	2014-07-11 13:19:59.393871	GBP	2014-07-11 13:20:19.892017
34	3	0	0	0	0	2014-07-11 13:20:19.893213	2014-07-11 13:20:19.893213	GBP	\N
23	3	0	0	0	0	2014-07-11 13:19:59.396418	2014-07-11 13:19:59.396418	EUR	2014-07-11 13:20:19.894897
35	3	0	0	0	0	2014-07-11 13:20:19.896124	2014-07-11 13:20:19.896124	EUR	\N
24	3	0	0	0	0	2014-07-11 13:19:59.39883	2014-07-11 13:19:59.39883	CAD	2014-07-11 13:20:19.897761
36	3	0	0	0	0	2014-07-11 13:20:19.89891	2014-07-11 13:20:19.89891	CAD	\N
25	3	0	0	0	0	2014-07-11 13:19:59.401257	2014-07-11 13:19:59.401257	AUD	2014-07-11 13:20:19.900569
37	3	0	0	0	0	2014-07-11 13:20:19.901743	2014-07-11 13:20:19.901743	AUD	\N
17	4	0	0	0	0	2014-07-11 13:19:59.380368	2014-07-11 13:19:59.380368	GBP	2014-07-11 13:20:19.90564
38	4	0	0	0	0	2014-07-11 13:20:19.907018	2014-07-11 13:20:19.907018	GBP	\N
18	4	0	0	0	0	2014-07-11 13:19:59.382967	2014-07-11 13:19:59.382967	EUR	2014-07-11 13:20:19.90879
39	4	0	0	0	0	2014-07-11 13:20:19.909906	2014-07-11 13:20:19.909906	EUR	\N
19	4	0	0	0	0	2014-07-11 13:19:59.385526	2014-07-11 13:19:59.385526	CAD	2014-07-11 13:20:19.911511
40	4	0	0	0	0	2014-07-11 13:20:19.912606	2014-07-11 13:20:19.912606	CAD	\N
20	4	0	0	0	0	2014-07-11 13:19:59.388305	2014-07-11 13:19:59.388305	AUD	2014-07-11 13:20:19.914208
41	4	0	0	0	0	2014-07-11 13:20:20.087879	2014-07-11 13:20:20.087879	AUD	\N
\.


--
-- Name: distribution_pricing_models_id_seq; Type: SEQUENCE SET; Schema: blurby; Owner: -
--

SELECT pg_catalog.setval('distribution_pricing_models_id_seq', 41, true);


--
-- Name: distribution_states_id_seq; Type: SEQUENCE SET; Schema: blurby; Owner: -
--

SELECT pg_catalog.setval('distribution_states_id_seq', 4, true);


--
-- Name: distribution_wholesale_discount_tiers_id_seq; Type: SEQUENCE SET; Schema: blurby; Owner: -
--

SELECT pg_catalog.setval('distribution_wholesale_discount_tiers_id_seq', 6, true);


--
-- Data for Name: download_tokens; Type: TABLE DATA; Schema: blurby; Owner: -
--

COPY download_tokens (id, user_id, download_tokenable_id, token, uses, created_at, updated_at, bitly_url, download_tokenable_type) FROM stdin;
\.


--
-- Data for Name: downloads; Type: TABLE DATA; Schema: blurby; Owner: -
--

COPY downloads (id, download_url, referral_url, completed, created_at, downloadable_id, downloadable_type, clientos, ua_hash) FROM stdin;
\.


--
-- Name: downloads_id_seq; Type: SEQUENCE SET; Schema: blurby; Owner: -
--

SELECT pg_catalog.setval('downloads_id_seq', 1, false);


--
-- Data for Name: ebook_apple_epub_jobs; Type: TABLE DATA; Schema: blurby; Owner: -
--

COPY ebook_apple_epub_jobs (id, progress, status, created_at, updated_at, ebook_id, wf_id) FROM stdin;
\.


--
-- Name: ebook_apple_epub_jobs_id_seq; Type: SEQUENCE SET; Schema: blurby; Owner: -
--

SELECT pg_catalog.setval('ebook_apple_epub_jobs_id_seq', 1, false);


--
-- Data for Name: ebook_apple_ibookstore_removals; Type: TABLE DATA; Schema: blurby; Owner: -
--

COPY ebook_apple_ibookstore_removals (id, ebook_id, created_at, updated_at) FROM stdin;
\.


--
-- Name: ebook_apple_ibookstore_removals_id_seq; Type: SEQUENCE SET; Schema: blurby; Owner: -
--

SELECT pg_catalog.setval('ebook_apple_ibookstore_removals_id_seq', 1, false);


--
-- Data for Name: ebook_apple_ibookstore_reports; Type: TABLE DATA; Schema: blurby; Owner: -
--

COPY ebook_apple_ibookstore_reports (id, filename, sales_csv, created_at, updated_at) FROM stdin;
\.


--
-- Name: ebook_apple_ibookstore_reports_id_seq; Type: SEQUENCE SET; Schema: blurby; Owner: -
--

SELECT pg_catalog.setval('ebook_apple_ibookstore_reports_id_seq', 1, false);


--
-- Data for Name: ebook_apple_ibookstore_submissions; Type: TABLE DATA; Schema: blurby; Owner: -
--

COPY ebook_apple_ibookstore_submissions (id, ebook_id, bisac_category_id, price_tier, created_at, updated_at) FROM stdin;
\.


--
-- Name: ebook_apple_ibookstore_submissions_id_seq; Type: SEQUENCE SET; Schema: blurby; Owner: -
--

SELECT pg_catalog.setval('ebook_apple_ibookstore_submissions_id_seq', 1, false);


--
-- Data for Name: ebook_categories; Type: TABLE DATA; Schema: blurby; Owner: -
--

COPY ebook_categories (id, ebook_id, category_id, category_type, created_at, updated_at) FROM stdin;
\.


--
-- Name: ebook_categories_id_seq; Type: SEQUENCE SET; Schema: blurby; Owner: -
--

SELECT pg_catalog.setval('ebook_categories_id_seq', 1, false);


--
-- Name: ebook_download_tokens_id_seq; Type: SEQUENCE SET; Schema: blurby; Owner: -
--

SELECT pg_catalog.setval('ebook_download_tokens_id_seq', 1, false);


--
-- Data for Name: ebook_epubs; Type: TABLE DATA; Schema: blurby; Owner: -
--

COPY ebook_epubs (id, user_id, cover_file_size, title, cover_file_name, cover_content_type, filename, cover_updated_at, created_at, updated_at, epub_file_name, epub_content_type, epub_file_size, epub_updated_at, author, project_id, cover_image_url) FROM stdin;
\.


--
-- Name: ebook_epubs_id_seq; Type: SEQUENCE SET; Schema: blurby; Owner: -
--

SELECT pg_catalog.setval('ebook_epubs_id_seq', 1, false);


--
-- Data for Name: ebook_page_visits; Type: TABLE DATA; Schema: blurby; Owner: -
--

COPY ebook_page_visits (id, ebook_id, sales, views, created_on, created_at, updated_at) FROM stdin;
\.


--
-- Name: ebook_page_visits_id_seq; Type: SEQUENCE SET; Schema: blurby; Owner: -
--

SELECT pg_catalog.setval('ebook_page_visits_id_seq', 1, false);


--
-- Data for Name: ebook_price_tiers; Type: TABLE DATA; Schema: blurby; Owner: -
--

COPY ebook_price_tiers (id, tier_index, price_cents, currency_id, active, created_at, updated_at) FROM stdin;
\.


--
-- Name: ebook_price_tiers_id_seq; Type: SEQUENCE SET; Schema: blurby; Owner: -
--

SELECT pg_catalog.setval('ebook_price_tiers_id_seq', 1, false);


--
-- Data for Name: ebook_sales; Type: TABLE DATA; Schema: blurby; Owner: -
--

COPY ebook_sales (id, created_at, updated_at, apple_created_at, settled_at, line_item_id, currency_id, ebook_id, quantity, author_profit, author_profit_usd, markupable_history_id, statement_id, settled_currency_id, settled_exchange_rate_id, settled_author_profit, settled_author_profit_usd, markupable_history_type, source) FROM stdin;
\.


--
-- Name: ebook_sales_id_seq; Type: SEQUENCE SET; Schema: blurby; Owner: -
--

SELECT pg_catalog.setval('ebook_sales_id_seq', 1, false);


--
-- Data for Name: ebook_sources; Type: TABLE DATA; Schema: blurby; Owner: -
--

COPY ebook_sources (id, name) FROM stdin;
1	bookify
2	booksmart
3	pdf
4	indesign
5	import
\.


--
-- Name: ebook_sources_id_seq; Type: SEQUENCE SET; Schema: blurby; Owner: -
--

SELECT pg_catalog.setval('ebook_sources_id_seq', 5, true);


--
-- Name: ebooks_id_seq; Type: SEQUENCE SET; Schema: blurby; Owner: -
--

SELECT pg_catalog.setval('ebooks_id_seq', 1, false);


--
-- Data for Name: emails; Type: TABLE DATA; Schema: blurby; Owner: -
--

COPY emails (id, user_id, address, confirmed, confirm_ip, confirmed_on, created_at, deleted_at, confirmed_by_id, email_signup_source, verified) FROM stdin;
1	1	asinharoy@blurb.com	f	\N	\N	2014-02-20 11:32:37.51558	\N	\N	\N	\N
2	2	platform@blurb.com	f	\N	\N	2014-02-20 11:33:40.992111	\N	\N	\N	\N
3	3	amazon_order_placer@blurb.com	f	\N	\N	2014-02-26 17:12:41.689745	\N	\N	\N	\N
4	4	personal_storefront_dev@blurb.com	f	\N	\N	2015-01-05 16:03:55.035319	\N	\N	\N	\N
5	5	ship_viz_dev@blurb.com	f	\N	\N	2015-01-05 16:04:10.343872	\N	\N	\N	\N
6	6	template@blurb.com	f	\N	\N	2015-01-05 16:04:10.690504	\N	\N	\N	\N
7	7	website@blurb.com	f	\N	\N	2015-01-05 16:04:11.518553	\N	\N	\N	\N
8	8	web_pdf_uploader@blurb.com	f	\N	\N	2015-01-05 16:04:11.853897	\N	\N	\N	\N
9	9	bookshare@blurb.com	f	\N	\N	2015-01-05 16:04:15.338667	\N	\N	\N	\N
10	10	ingram_order_placer@blurb.com	f	\N	\N	2018-06-28 16:00:13.421812	\N	\N	\N	\N
11	11	internal_ps_proxy@blurb.com	f	\N	\N	2018-06-28 16:00:15.668321	\N	\N	\N	\N
12	12	web-team@blurb.com	f	\N	\N	2018-07-12 14:09:33.214592	\N	\N	\N	\N
\.


--
-- Name: emails_id_seq; Type: SEQUENCE SET; Schema: blurby; Owner: -
--

SELECT pg_catalog.setval('emails_id_seq', 12, true);


--
-- Data for Name: embed_widget_users; Type: TABLE DATA; Schema: blurby; Owner: -
--

COPY embed_widget_users (id, user_id, session_id, is_author) FROM stdin;
\.


--
-- Name: embed_widget_users_id_seq; Type: SEQUENCE SET; Schema: blurby; Owner: -
--

SELECT pg_catalog.setval('embed_widget_users_id_seq', 1, false);


--
-- Data for Name: exchange_rates; Type: TABLE DATA; Schema: blurby; Owner: -
--

COPY exchange_rates (id, to_currency_id, rate, active_at) FROM stdin;
1	GBP	0.609999999999999987	2006-01-01 00:00:00
2	EUR	0.800000000000000044	2006-01-01 00:00:00
3	AUD	1.1399999999999999	2006-01-01 00:00:00
4	CAD	1.05000000000000004	2006-01-01 00:00:00
5	JPY	84.4300000000000068	2006-01-01 00:00:00
6	KRW	1074.59999999999991	2006-01-01 00:00:00
7	AUD	1.11729999999999996	2014-03-27 10:43:09.328564
8	EUR	0.733099999999999974	2014-03-27 10:43:09.334003
9	GBP	0.608999999999999986	2014-03-27 10:43:09.337075
10	GBP	0.597300000000000053	2014-07-11 13:20:19.847947
11	AUD	1.07440000000000002	2014-07-11 13:20:19.851824
12	CAD	1.08410000000000006	2014-07-11 13:20:19.853819
13	EUR	0.734500000000000042	2014-07-11 13:20:19.855916
\.


--
-- Name: exchange_rates_id_seq; Type: SEQUENCE SET; Schema: blurby; Owner: -
--

SELECT pg_catalog.setval('exchange_rates_id_seq', 13, true);


--
-- Data for Name: excluded_cover_options; Type: TABLE DATA; Schema: blurby; Owner: -
--

COPY excluded_cover_options (id, cover_design_id, product_option_id, scope, created_at, updated_at) FROM stdin;
\.


--
-- Name: excluded_cover_options_id_seq; Type: SEQUENCE SET; Schema: blurby; Owner: -
--

SELECT pg_catalog.setval('excluded_cover_options_id_seq', 1, false);


--
-- Data for Name: excluded_product_options; Type: TABLE DATA; Schema: blurby; Owner: -
--

COPY excluded_product_options (id, product_option_id, product_id, scope) FROM stdin;
\.


--
-- Name: excluded_product_options_id_seq; Type: SEQUENCE SET; Schema: blurby; Owner: -
--

SELECT pg_catalog.setval('excluded_product_options_id_seq', 1, false);


--
-- Data for Name: failed_login_attempts; Type: TABLE DATA; Schema: blurby; Owner: -
--

COPY failed_login_attempts (id, ipaddress, context, attempts, attempt_date, created_at, updated_at) FROM stdin;
\.


--
-- Name: failed_login_attempts_id_seq; Type: SEQUENCE SET; Schema: blurby; Owner: -
--

SELECT pg_catalog.setval('failed_login_attempts_id_seq', 1, false);


--
-- Data for Name: fixed_currency_prices; Type: TABLE DATA; Schema: blurby; Owner: -
--

COPY fixed_currency_prices (id, product_id, cover_type_id, currency_id, created_by_user_id, price, price_usd, created_at, updated_at, deleted_at, guts_id, paper_type_id) FROM stdin;
\.


--
-- Name: fixed_currency_prices_id_seq; Type: SEQUENCE SET; Schema: blurby; Owner: -
--

SELECT pg_catalog.setval('fixed_currency_prices_id_seq', 1, false);


--
-- Data for Name: fixed_line_item_currency_prices; Type: TABLE DATA; Schema: blurby; Owner: -
--

COPY fixed_line_item_currency_prices (id, price, price_usd, currency_id, line_item_type, created_at, updated_at) FROM stdin;
1	795	795	USD	SwatchLineItem	2014-02-20 11:34:58.962744	2014-02-20 11:34:58.962744
2	0	0	USD	EbookLineItem	2014-02-20 11:34:58.967416	2014-02-20 11:34:58.967416
3	795	795	USD	PdfLineItem	2014-02-20 11:34:58.969357	2014-02-20 11:34:58.969357
4	495	811	GBP	SwatchLineItem	2014-02-20 11:34:58.971146	2014-02-20 11:34:58.971146
5	0	0	GBP	EbookLineItem	2014-02-20 11:34:58.973007	2014-02-20 11:34:58.973007
6	495	811	GBP	PdfLineItem	2014-02-20 11:34:58.97565	2014-02-20 11:34:58.97565
7	595	743	EUR	SwatchLineItem	2014-02-20 11:34:58.978444	2014-02-20 11:34:58.978444
8	0	0	EUR	EbookLineItem	2014-02-20 11:34:58.98106	2014-02-20 11:34:58.98106
9	595	743	EUR	PdfLineItem	2014-02-20 11:34:58.982959	2014-02-20 11:34:58.982959
10	795	757	CAD	SwatchLineItem	2014-02-20 11:34:58.984869	2014-02-20 11:34:58.984869
11	0	0	CAD	EbookLineItem	2014-02-20 11:34:58.986653	2014-02-20 11:34:58.986653
12	795	757	CAD	PdfLineItem	2014-02-20 11:34:58.988363	2014-02-20 11:34:58.988363
13	795	697	AUD	SwatchLineItem	2014-02-20 11:34:58.990046	2014-02-20 11:34:58.990046
14	0	0	AUD	EbookLineItem	2014-02-20 11:34:58.991716	2014-02-20 11:34:58.991716
15	795	697	AUD	PdfLineItem	2014-02-20 11:34:58.99336	2014-02-20 11:34:58.99336
16	67100	794	JPY	SwatchLineItem	2014-02-20 11:34:58.995049	2014-02-20 11:34:58.995049
17	0	0	JPY	EbookLineItem	2014-02-20 11:34:58.996771	2014-02-20 11:34:58.996771
18	67100	794	JPY	PdfLineItem	2014-02-20 11:34:58.998439	2014-02-20 11:34:58.998439
19	854300	794	KRW	SwatchLineItem	2014-02-20 11:34:59.00019	2014-02-20 11:34:59.00019
20	0	0	KRW	EbookLineItem	2014-02-20 11:34:59.001893	2014-02-20 11:34:59.001893
21	854300	794	KRW	PdfLineItem	2014-02-20 11:34:59.003598	2014-02-20 11:34:59.003598
\.


--
-- Name: fixed_line_item_currency_prices_id_seq; Type: SEQUENCE SET; Schema: blurby; Owner: -
--

SELECT pg_catalog.setval('fixed_line_item_currency_prices_id_seq', 21, true);


--
-- Data for Name: fixed_price_currency_markups; Type: TABLE DATA; Schema: blurby; Owner: -
--

COPY fixed_price_currency_markups (id, markup_type_id, currency_id, markup_value, api_key_id) FROM stdin;
\.


--
-- Name: fixed_price_currency_markups_id_seq; Type: SEQUENCE SET; Schema: blurby; Owner: -
--

SELECT pg_catalog.setval('fixed_price_currency_markups_id_seq', 1, false);


--
-- Data for Name: flags; Type: TABLE DATA; Schema: blurby; Owner: -
--

COPY flags (id, message, user_id, flaggable_id, flaggable_type, created_on) FROM stdin;
\.


--
-- Name: flags_id_seq; Type: SEQUENCE SET; Schema: blurby; Owner: -
--

SELECT pg_catalog.setval('flags_id_seq', 1, false);


--
-- Data for Name: geo_ips; Type: TABLE DATA; Schema: blurby; Owner: -
--

COPY geo_ips (id, begin_ip, end_ip, country_iso_id, country_name, begin_num, end_num) FROM stdin;
1	62.3.32.0	62.3.32.255	GB	United Kingdom	1040392192	1040392447
2	58.6.0.0	58.7.255.255	AU	Australia	973471744	973602815
3	32.60.108.128	32.60.108.175	CA	Canada	540830848	540830895
\.


--
-- Name: geo_ips_id_seq; Type: SEQUENCE SET; Schema: blurby; Owner: -
--

SELECT pg_catalog.setval('geo_ips_id_seq', 3, true);


--
-- Data for Name: gift_card_combo_orders; Type: TABLE DATA; Schema: blurby; Owner: -
--

COPY gift_card_combo_orders (id, order_id, gift_card_order_id) FROM stdin;
\.


--
-- Name: gift_card_combo_orders_id_seq; Type: SEQUENCE SET; Schema: blurby; Owner: -
--

SELECT pg_catalog.setval('gift_card_combo_orders_id_seq', 1, false);


--
-- Data for Name: gift_card_line_items; Type: TABLE DATA; Schema: blurby; Owner: -
--

COPY gift_card_line_items (id, gift_card_order_id, template_id, quantity, price, price_usd) FROM stdin;
\.


--
-- Name: gift_card_line_items_id_seq; Type: SEQUENCE SET; Schema: blurby; Owner: -
--

SELECT pg_catalog.setval('gift_card_line_items_id_seq', 1, false);


--
-- Data for Name: gift_card_options; Type: TABLE DATA; Schema: blurby; Owner: -
--

COPY gift_card_options (id, message, theme, gift_card_order_id, language_id) FROM stdin;
\.


--
-- Name: gift_card_options_id_seq; Type: SEQUENCE SET; Schema: blurby; Owner: -
--

SELECT pg_catalog.setval('gift_card_options_id_seq', 1, false);


--
-- Data for Name: gift_card_orders; Type: TABLE DATA; Schema: blurby; Owner: -
--

COPY gift_card_orders (id, currency_id, total_usd, total, user_id, created_at, state, payment_type, payment_cc_first_name, payment_cc_last_name, payment_cc_last4digits, payment_cc_expiry, internal_type, exchange_rate_id) FROM stdin;
\.


--
-- Name: gift_card_orders_id_seq; Type: SEQUENCE SET; Schema: blurby; Owner: -
--

SELECT pg_catalog.setval('gift_card_orders_id_seq', 1, false);


--
-- Data for Name: groups; Type: TABLE DATA; Schema: blurby; Owner: -
--

COPY groups (id, name, admin, deleted_at) FROM stdin;
1	pdf_beta	\N	\N
2	bookify_beta	\N	\N
3	Ebook Beta	\N	\N
4	Instagram Beta	\N	\N
5	IbookstoreSupport	t	\N
6	IbookstoreRelaunchBeta	\N	\N
7	Order Address Translators	t	\N
8	Blurb For Good Member	\N	\N
11	Employees	\N	\N
12	Engineering	\N	\N
\.


--
-- Name: groups_id_seq; Type: SEQUENCE SET; Schema: blurby; Owner: -
--

SELECT pg_catalog.setval('groups_id_seq', 12, true);


--
-- Data for Name: groups_roles; Type: TABLE DATA; Schema: blurby; Owner: -
--

COPY groups_roles (id, group_id, role_id, deleted_at) FROM stdin;
1	5	11	\N
2	7	16	\N
3	11	18	\N
\.


--
-- Name: groups_roles_id_seq; Type: SEQUENCE SET; Schema: blurby; Owner: -
--

SELECT pg_catalog.setval('groups_roles_id_seq', 3, true);


--
-- Name: guts_id_seq; Type: SEQUENCE SET; Schema: blurby; Owner: -
--

SELECT pg_catalog.setval('guts_id_seq', 1, false);


--
-- Data for Name: holding_bin_rules; Type: TABLE DATA; Schema: blurby; Owner: -
--

COPY holding_bin_rules (id, type, condition, enabled, created_at, updated_at) FROM stdin;
1	HoldingBin::ShipperRule	NO_SHIPPER	t	2014-02-20 11:32:36.356047	2014-02-20 11:32:36.356047
\.


--
-- Name: holding_bin_rules_id_seq; Type: SEQUENCE SET; Schema: blurby; Owner: -
--

SELECT pg_catalog.setval('holding_bin_rules_id_seq', 1, true);


--
-- Data for Name: holding_bin_rules_multi_rules; Type: TABLE DATA; Schema: blurby; Owner: -
--

COPY holding_bin_rules_multi_rules (multi_rule_id, holding_bin_rule_id) FROM stdin;
\.


--
-- Data for Name: holidays; Type: TABLE DATA; Schema: blurby; Owner: -
--

COPY holidays (id, date, country_id) FROM stdin;
1	2011-07-04	us
2	2011-09-05	us
3	2011-11-24	us
4	2011-12-23	us
5	2011-12-26	us
6	2011-12-30	us
7	2012-01-02	us
8	2012-02-20	us
9	2012-05-28	us
10	2011-09-05	ca
11	2011-10-10	ca
12	2011-12-26	nl
13	2011-08-29	gb
14	2011-10-24	de
15	2011-11-01	fr
\.


--
-- Name: holidays_id_seq; Type: SEQUENCE SET; Schema: blurby; Owner: -
--

SELECT pg_catalog.setval('holidays_id_seq', 15, true);


--
-- Data for Name: i18n_faqs; Type: TABLE DATA; Schema: blurby; Owner: -
--

COPY i18n_faqs (id, en_id, fr_id, created_at, updated_at) FROM stdin;
1	1	639	2014-02-20 11:33:30.618174	2014-02-20 11:33:30.618174
2	2	640	2014-02-20 11:33:30.623631	2014-02-20 11:33:30.623631
3	5	641	2014-02-20 11:33:30.626082	2014-02-20 11:33:30.626082
4	6	642	2014-02-20 11:33:30.628894	2014-02-20 11:33:30.628894
5	7	643	2014-02-20 11:33:30.632516	2014-02-20 11:33:30.632516
6	8	645	2014-02-20 11:33:30.788136	2014-02-20 11:33:30.788136
7	9	644	2014-02-20 11:33:30.791048	2014-02-20 11:33:30.791048
8	10	646	2014-02-20 11:33:30.793727	2014-02-20 11:33:30.793727
9	11	522	2014-02-20 11:33:30.796232	2014-02-20 11:33:30.796232
10	12	647	2014-02-20 11:33:30.798649	2014-02-20 11:33:30.798649
11	13	648	2014-02-20 11:33:30.801014	2014-02-20 11:33:30.801014
12	14	649	2014-02-20 11:33:30.803506	2014-02-20 11:33:30.803506
13	15	523	2014-02-20 11:33:30.806472	2014-02-20 11:33:30.806472
14	16	650	2014-02-20 11:33:30.809065	2014-02-20 11:33:30.809065
15	17	652	2014-02-20 11:33:30.812476	2014-02-20 11:33:30.812476
16	18	653	2014-02-20 11:33:30.815232	2014-02-20 11:33:30.815232
17	19	524	2014-02-20 11:33:30.817987	2014-02-20 11:33:30.817987
18	20	654	2014-02-20 11:33:30.820795	2014-02-20 11:33:30.820795
19	21	655	2014-02-20 11:33:30.82326	2014-02-20 11:33:30.82326
20	22	525	2014-02-20 11:33:30.825672	2014-02-20 11:33:30.825672
21	23	656	2014-02-20 11:33:30.828041	2014-02-20 11:33:30.828041
22	24	526	2014-02-20 11:33:30.83044	2014-02-20 11:33:30.83044
23	25	527	2014-02-20 11:33:30.832876	2014-02-20 11:33:30.832876
24	26	528	2014-02-20 11:33:30.835658	2014-02-20 11:33:30.835658
25	28	657	2014-02-20 11:33:30.838701	2014-02-20 11:33:30.838701
26	29	658	2014-02-20 11:33:30.841927	2014-02-20 11:33:30.841927
27	31	659	2014-02-20 11:33:30.844852	2014-02-20 11:33:30.844852
28	33	529	2014-02-20 11:33:30.8474	2014-02-20 11:33:30.8474
29	34	660	2014-02-20 11:33:30.849841	2014-02-20 11:33:30.849841
30	36	530	2014-02-20 11:33:30.852367	2014-02-20 11:33:30.852367
31	37	661	2014-02-20 11:33:30.855735	2014-02-20 11:33:30.855735
32	38	662	2014-02-20 11:33:30.858523	2014-02-20 11:33:30.858523
33	39	663	2014-02-20 11:33:30.861017	2014-02-20 11:33:30.861017
34	40	664	2014-02-20 11:33:30.863568	2014-02-20 11:33:30.863568
35	41	531	2014-02-20 11:33:30.86608	2014-02-20 11:33:30.86608
36	42	665	2014-02-20 11:33:30.868572	2014-02-20 11:33:30.868572
37	43	532	2014-02-20 11:33:30.870994	2014-02-20 11:33:30.870994
38	44	666	2014-02-20 11:33:30.873333	2014-02-20 11:33:30.873333
39	45	668	2014-02-20 11:33:30.87576	2014-02-20 11:33:30.87576
40	46	533	2014-02-20 11:33:30.87813	2014-02-20 11:33:30.87813
41	47	669	2014-02-20 11:33:30.880467	2014-02-20 11:33:30.880467
42	48	670	2014-02-20 11:33:30.882785	2014-02-20 11:33:30.882785
43	49	584	2014-02-20 11:33:30.885152	2014-02-20 11:33:30.885152
44	50	671	2014-02-20 11:33:30.888619	2014-02-20 11:33:30.888619
45	51	672	2014-02-20 11:33:30.892009	2014-02-20 11:33:30.892009
46	52	585	2014-02-20 11:33:30.89536	2014-02-20 11:33:30.89536
47	53	673	2014-02-20 11:33:30.89794	2014-02-20 11:33:30.89794
48	54	674	2014-02-20 11:33:30.900357	2014-02-20 11:33:30.900357
49	55	675	2014-02-20 11:33:30.902724	2014-02-20 11:33:30.902724
50	56	676	2014-02-20 11:33:30.905025	2014-02-20 11:33:30.905025
51	57	586	2014-02-20 11:33:30.907315	2014-02-20 11:33:30.907315
52	58	677	2014-02-20 11:33:30.909611	2014-02-20 11:33:30.909611
53	59	678	2014-02-20 11:33:30.911959	2014-02-20 11:33:30.911959
54	60	679	2014-02-20 11:33:30.914391	2014-02-20 11:33:30.914391
55	61	680	2014-02-20 11:33:30.916746	2014-02-20 11:33:30.916746
56	62	681	2014-02-20 11:33:30.919187	2014-02-20 11:33:30.919187
57	63	682	2014-02-20 11:33:30.921709	2014-02-20 11:33:30.921709
58	65	683	2014-02-20 11:33:30.924248	2014-02-20 11:33:30.924248
59	66	684	2014-02-20 11:33:30.926813	2014-02-20 11:33:30.926813
60	67	587	2014-02-20 11:33:30.929251	2014-02-20 11:33:30.929251
61	69	685	2014-02-20 11:33:30.931664	2014-02-20 11:33:30.931664
62	70	686	2014-02-20 11:33:30.934283	2014-02-20 11:33:30.934283
63	71	687	2014-02-20 11:33:31.091955	2014-02-20 11:33:31.091955
64	72	688	2014-02-20 11:33:31.094882	2014-02-20 11:33:31.094882
65	73	689	2014-02-20 11:33:31.097735	2014-02-20 11:33:31.097735
66	74	690	2014-02-20 11:33:31.100272	2014-02-20 11:33:31.100272
67	75	534	2014-02-20 11:33:31.10276	2014-02-20 11:33:31.10276
68	76	691	2014-02-20 11:33:31.105186	2014-02-20 11:33:31.105186
69	77	535	2014-02-20 11:33:31.10762	2014-02-20 11:33:31.10762
70	78	536	2014-02-20 11:33:31.110038	2014-02-20 11:33:31.110038
71	79	692	2014-02-20 11:33:31.112589	2014-02-20 11:33:31.112589
72	81	588	2014-02-20 11:33:31.115149	2014-02-20 11:33:31.115149
73	82	537	2014-02-20 11:33:31.117632	2014-02-20 11:33:31.117632
74	83	589	2014-02-20 11:33:31.120137	2014-02-20 11:33:31.120137
75	84	590	2014-02-20 11:33:31.122554	2014-02-20 11:33:31.122554
76	85	538	2014-02-20 11:33:31.124989	2014-02-20 11:33:31.124989
77	86	693	2014-02-20 11:33:31.127448	2014-02-20 11:33:31.127448
78	87	694	2014-02-20 11:33:31.129899	2014-02-20 11:33:31.129899
79	88	695	2014-02-20 11:33:31.13231	2014-02-20 11:33:31.13231
80	89	696	2014-02-20 11:33:31.135948	2014-02-20 11:33:31.135948
81	90	697	2014-02-20 11:33:31.139552	2014-02-20 11:33:31.139552
82	91	591	2014-02-20 11:33:31.143764	2014-02-20 11:33:31.143764
83	92	592	2014-02-20 11:33:31.148167	2014-02-20 11:33:31.148167
84	93	699	2014-02-20 11:33:31.152437	2014-02-20 11:33:31.152437
85	95	700	2014-02-20 11:33:31.155723	2014-02-20 11:33:31.155723
86	96	701	2014-02-20 11:33:31.158659	2014-02-20 11:33:31.158659
87	97	593	2014-02-20 11:33:31.161299	2014-02-20 11:33:31.161299
88	98	702	2014-02-20 11:33:31.163851	2014-02-20 11:33:31.163851
89	99	703	2014-02-20 11:33:31.166547	2014-02-20 11:33:31.166547
90	100	704	2014-02-20 11:33:31.169	2014-02-20 11:33:31.169
91	101	705	2014-02-20 11:33:31.171518	2014-02-20 11:33:31.171518
92	102	594	2014-02-20 11:33:31.174029	2014-02-20 11:33:31.174029
93	103	706	2014-02-20 11:33:31.176498	2014-02-20 11:33:31.176498
94	104	707	2014-02-20 11:33:31.180344	2014-02-20 11:33:31.180344
95	105	708	2014-02-20 11:33:31.182722	2014-02-20 11:33:31.182722
96	106	709	2014-02-20 11:33:31.186067	2014-02-20 11:33:31.186067
97	107	710	2014-02-20 11:33:31.188755	2014-02-20 11:33:31.188755
98	108	711	2014-02-20 11:33:31.191219	2014-02-20 11:33:31.191219
99	109	712	2014-02-20 11:33:31.193599	2014-02-20 11:33:31.193599
100	110	713	2014-02-20 11:33:31.196487	2014-02-20 11:33:31.196487
101	111	539	2014-02-20 11:33:31.1991	2014-02-20 11:33:31.1991
102	112	540	2014-02-20 11:33:31.20164	2014-02-20 11:33:31.20164
103	113	714	2014-02-20 11:33:31.204141	2014-02-20 11:33:31.204141
104	114	715	2014-02-20 11:33:31.206838	2014-02-20 11:33:31.206838
105	116	716	2014-02-20 11:33:31.209682	2014-02-20 11:33:31.209682
106	117	541	2014-02-20 11:33:31.212271	2014-02-20 11:33:31.212271
107	119	717	2014-02-20 11:33:31.214674	2014-02-20 11:33:31.214674
108	120	718	2014-02-20 11:33:31.217294	2014-02-20 11:33:31.217294
109	121	719	2014-02-20 11:33:31.219761	2014-02-20 11:33:31.219761
110	122	720	2014-02-20 11:33:31.222187	2014-02-20 11:33:31.222187
111	123	721	2014-02-20 11:33:31.224695	2014-02-20 11:33:31.224695
112	124	542	2014-02-20 11:33:31.22708	2014-02-20 11:33:31.22708
113	125	722	2014-02-20 11:33:31.229459	2014-02-20 11:33:31.229459
114	126	723	2014-02-20 11:33:31.232029	2014-02-20 11:33:31.232029
115	127	724	2014-02-20 11:33:31.23583	2014-02-20 11:33:31.23583
116	128	543	2014-02-20 11:33:31.238784	2014-02-20 11:33:31.238784
117	129	725	2014-02-20 11:33:31.241331	2014-02-20 11:33:31.241331
118	132	726	2014-02-20 11:33:31.243733	2014-02-20 11:33:31.243733
119	133	727	2014-02-20 11:33:31.246487	2014-02-20 11:33:31.246487
120	134	728	2014-02-20 11:33:31.40693	2014-02-20 11:33:31.40693
121	135	730	2014-02-20 11:33:31.410001	2014-02-20 11:33:31.410001
122	136	731	2014-02-20 11:33:31.413568	2014-02-20 11:33:31.413568
123	137	732	2014-02-20 11:33:31.416751	2014-02-20 11:33:31.416751
124	138	733	2014-02-20 11:33:31.419887	2014-02-20 11:33:31.419887
125	139	734	2014-02-20 11:33:31.423004	2014-02-20 11:33:31.423004
126	141	544	2014-02-20 11:33:31.425828	2014-02-20 11:33:31.425828
127	142	735	2014-02-20 11:33:31.428326	2014-02-20 11:33:31.428326
128	143	736	2014-02-20 11:33:31.430804	2014-02-20 11:33:31.430804
129	144	737	2014-02-20 11:33:31.433465	2014-02-20 11:33:31.433465
130	146	738	2014-02-20 11:33:31.436093	2014-02-20 11:33:31.436093
131	147	739	2014-02-20 11:33:31.438989	2014-02-20 11:33:31.438989
132	148	740	2014-02-20 11:33:31.442568	2014-02-20 11:33:31.442568
133	150	741	2014-02-20 11:33:31.446147	2014-02-20 11:33:31.446147
134	151	742	2014-02-20 11:33:31.449955	2014-02-20 11:33:31.449955
135	153	743	2014-02-20 11:33:31.452992	2014-02-20 11:33:31.452992
136	154	545	2014-02-20 11:33:31.455728	2014-02-20 11:33:31.455728
137	155	546	2014-02-20 11:33:31.45833	2014-02-20 11:33:31.45833
138	156	744	2014-02-20 11:33:31.461558	2014-02-20 11:33:31.461558
139	157	745	2014-02-20 11:33:31.464967	2014-02-20 11:33:31.464967
140	158	746	2014-02-20 11:33:31.468281	2014-02-20 11:33:31.468281
141	160	747	2014-02-20 11:33:31.47099	2014-02-20 11:33:31.47099
142	161	547	2014-02-20 11:33:31.473564	2014-02-20 11:33:31.473564
143	162	548	2014-02-20 11:33:31.476093	2014-02-20 11:33:31.476093
144	163	748	2014-02-20 11:33:31.478631	2014-02-20 11:33:31.478631
145	165	749	2014-02-20 11:33:31.48117	2014-02-20 11:33:31.48117
146	166	750	2014-02-20 11:33:31.483645	2014-02-20 11:33:31.483645
147	168	751	2014-02-20 11:33:31.48609	2014-02-20 11:33:31.48609
148	169	752	2014-02-20 11:33:31.489067	2014-02-20 11:33:31.489067
149	171	753	2014-02-20 11:33:31.492406	2014-02-20 11:33:31.492406
150	172	754	2014-02-20 11:33:31.494886	2014-02-20 11:33:31.494886
151	175	595	2014-02-20 11:33:31.49733	2014-02-20 11:33:31.49733
152	176	755	2014-02-20 11:33:31.499747	2014-02-20 11:33:31.499747
153	177	756	2014-02-20 11:33:31.502283	2014-02-20 11:33:31.502283
154	180	757	2014-02-20 11:33:31.504984	2014-02-20 11:33:31.504984
155	182	758	2014-02-20 11:33:31.507547	2014-02-20 11:33:31.507547
156	184	759	2014-02-20 11:33:31.510067	2014-02-20 11:33:31.510067
157	185	549	2014-02-20 11:33:31.512706	2014-02-20 11:33:31.512706
158	186	760	2014-02-20 11:33:31.515332	2014-02-20 11:33:31.515332
159	187	761	2014-02-20 11:33:31.517957	2014-02-20 11:33:31.517957
160	188	762	2014-02-20 11:33:31.520576	2014-02-20 11:33:31.520576
161	189	550	2014-02-20 11:33:31.523498	2014-02-20 11:33:31.523498
162	190	628	2014-02-20 11:33:31.52607	2014-02-20 11:33:31.52607
163	191	629	2014-02-20 11:33:31.528489	2014-02-20 11:33:31.528489
164	192	630	2014-02-20 11:33:31.530865	2014-02-20 11:33:31.530865
165	193	631	2014-02-20 11:33:31.533225	2014-02-20 11:33:31.533225
166	194	632	2014-02-20 11:33:31.535674	2014-02-20 11:33:31.535674
167	195	633	2014-02-20 11:33:31.538117	2014-02-20 11:33:31.538117
168	196	634	2014-02-20 11:33:31.542019	2014-02-20 11:33:31.542019
169	197	635	2014-02-20 11:33:31.54495	2014-02-20 11:33:31.54495
170	198	636	2014-02-20 11:33:31.547502	2014-02-20 11:33:31.547502
171	199	551	2014-02-20 11:33:31.549946	2014-02-20 11:33:31.549946
172	200	552	2014-02-20 11:33:31.552328	2014-02-20 11:33:31.552328
173	201	763	2014-02-20 11:33:31.555176	2014-02-20 11:33:31.555176
174	202	764	2014-02-20 11:33:31.557797	2014-02-20 11:33:31.557797
175	203	765	2014-02-20 11:33:31.560358	2014-02-20 11:33:31.560358
176	204	766	2014-02-20 11:33:31.715653	2014-02-20 11:33:31.715653
177	205	767	2014-02-20 11:33:31.720666	2014-02-20 11:33:31.720666
178	207	768	2014-02-20 11:33:31.723839	2014-02-20 11:33:31.723839
179	208	769	2014-02-20 11:33:31.726544	2014-02-20 11:33:31.726544
180	209	770	2014-02-20 11:33:31.729155	2014-02-20 11:33:31.729155
181	210	771	2014-02-20 11:33:31.731675	2014-02-20 11:33:31.731675
182	211	772	2014-02-20 11:33:31.734188	2014-02-20 11:33:31.734188
183	212	773	2014-02-20 11:33:31.736687	2014-02-20 11:33:31.736687
184	213	774	2014-02-20 11:33:31.739271	2014-02-20 11:33:31.739271
185	214	775	2014-02-20 11:33:31.742659	2014-02-20 11:33:31.742659
186	215	553	2014-02-20 11:33:31.745691	2014-02-20 11:33:31.745691
187	216	776	2014-02-20 11:33:31.748368	2014-02-20 11:33:31.748368
188	218	554	2014-02-20 11:33:31.75097	2014-02-20 11:33:31.75097
189	220	777	2014-02-20 11:33:31.753574	2014-02-20 11:33:31.753574
190	221	596	2014-02-20 11:33:31.756621	2014-02-20 11:33:31.756621
191	223	778	2014-02-20 11:33:31.759465	2014-02-20 11:33:31.759465
192	224	779	2014-02-20 11:33:31.762065	2014-02-20 11:33:31.762065
193	226	780	2014-02-20 11:33:31.764882	2014-02-20 11:33:31.764882
194	229	781	2014-02-20 11:33:31.767768	2014-02-20 11:33:31.767768
195	230	597	2014-02-20 11:33:31.770413	2014-02-20 11:33:31.770413
196	231	782	2014-02-20 11:33:31.772965	2014-02-20 11:33:31.772965
197	233	598	2014-02-20 11:33:31.775965	2014-02-20 11:33:31.775965
198	236	783	2014-02-20 11:33:31.778528	2014-02-20 11:33:31.778528
199	237	784	2014-02-20 11:33:31.781116	2014-02-20 11:33:31.781116
200	238	785	2014-02-20 11:33:31.783637	2014-02-20 11:33:31.783637
201	239	786	2014-02-20 11:33:31.786254	2014-02-20 11:33:31.786254
202	240	787	2014-02-20 11:33:31.78883	2014-02-20 11:33:31.78883
203	241	788	2014-02-20 11:33:31.791511	2014-02-20 11:33:31.791511
204	242	555	2014-02-20 11:33:31.794003	2014-02-20 11:33:31.794003
205	243	789	2014-02-20 11:33:31.796436	2014-02-20 11:33:31.796436
206	244	790	2014-02-20 11:33:31.798849	2014-02-20 11:33:31.798849
207	245	791	2014-02-20 11:33:31.801255	2014-02-20 11:33:31.801255
208	246	792	2014-02-20 11:33:31.803667	2014-02-20 11:33:31.803667
209	247	793	2014-02-20 11:33:31.806042	2014-02-20 11:33:31.806042
210	248	794	2014-02-20 11:33:31.808417	2014-02-20 11:33:31.808417
211	249	795	2014-02-20 11:33:31.810822	2014-02-20 11:33:31.810822
212	250	556	2014-02-20 11:33:31.813279	2014-02-20 11:33:31.813279
213	251	796	2014-02-20 11:33:31.815705	2014-02-20 11:33:31.815705
214	252	797	2014-02-20 11:33:31.818098	2014-02-20 11:33:31.818098
215	254	638	2014-02-20 11:33:31.820554	2014-02-20 11:33:31.820554
216	259	557	2014-02-20 11:33:31.822957	2014-02-20 11:33:31.822957
217	260	599	2014-02-20 11:33:31.825347	2014-02-20 11:33:31.825347
218	261	558	2014-02-20 11:33:31.827821	2014-02-20 11:33:31.827821
219	262	799	2014-02-20 11:33:31.830248	2014-02-20 11:33:31.830248
220	263	800	2014-02-20 11:33:31.832643	2014-02-20 11:33:31.832643
221	264	801	2014-02-20 11:33:31.835046	2014-02-20 11:33:31.835046
222	265	802	2014-02-20 11:33:31.83749	2014-02-20 11:33:31.83749
223	266	803	2014-02-20 11:33:31.839941	2014-02-20 11:33:31.839941
224	267	600	2014-02-20 11:33:31.842398	2014-02-20 11:33:31.842398
225	268	804	2014-02-20 11:33:31.844819	2014-02-20 11:33:31.844819
226	269	805	2014-02-20 11:33:31.848331	2014-02-20 11:33:31.848331
227	270	806	2014-02-20 11:33:31.851239	2014-02-20 11:33:31.851239
228	271	807	2014-02-20 11:33:31.854081	2014-02-20 11:33:31.854081
229	272	808	2014-02-20 11:33:31.856833	2014-02-20 11:33:31.856833
230	273	809	2014-02-20 11:33:31.859316	2014-02-20 11:33:31.859316
231	274	810	2014-02-20 11:33:31.861918	2014-02-20 11:33:31.861918
232	275	811	2014-02-20 11:33:31.864524	2014-02-20 11:33:31.864524
233	276	812	2014-02-20 11:33:32.017059	2014-02-20 11:33:32.017059
234	277	813	2014-02-20 11:33:32.022003	2014-02-20 11:33:32.022003
235	287	814	2014-02-20 11:33:32.024975	2014-02-20 11:33:32.024975
236	289	815	2014-02-20 11:33:32.027664	2014-02-20 11:33:32.027664
237	291	816	2014-02-20 11:33:32.03037	2014-02-20 11:33:32.03037
238	292	817	2014-02-20 11:33:32.032955	2014-02-20 11:33:32.032955
239	293	818	2014-02-20 11:33:32.035563	2014-02-20 11:33:32.035563
240	294	819	2014-02-20 11:33:32.038132	2014-02-20 11:33:32.038132
241	295	637	2014-02-20 11:33:32.040779	2014-02-20 11:33:32.040779
242	296	820	2014-02-20 11:33:32.043386	2014-02-20 11:33:32.043386
243	297	559	2014-02-20 11:33:32.046188	2014-02-20 11:33:32.046188
244	298	821	2014-02-20 11:33:32.049629	2014-02-20 11:33:32.049629
245	299	822	2014-02-20 11:33:32.052536	2014-02-20 11:33:32.052536
246	300	560	2014-02-20 11:33:32.055587	2014-02-20 11:33:32.055587
247	301	823	2014-02-20 11:33:32.058516	2014-02-20 11:33:32.058516
248	303	601	2014-02-20 11:33:32.061217	2014-02-20 11:33:32.061217
249	304	824	2014-02-20 11:33:32.063943	2014-02-20 11:33:32.063943
250	305	825	2014-02-20 11:33:32.066638	2014-02-20 11:33:32.066638
251	306	602	2014-02-20 11:33:32.069346	2014-02-20 11:33:32.069346
252	307	826	2014-02-20 11:33:32.072209	2014-02-20 11:33:32.072209
253	308	827	2014-02-20 11:33:32.074809	2014-02-20 11:33:32.074809
254	318	828	2014-02-20 11:33:32.077421	2014-02-20 11:33:32.077421
255	319	829	2014-02-20 11:33:32.080013	2014-02-20 11:33:32.080013
256	320	830	2014-02-20 11:33:32.08261	2014-02-20 11:33:32.08261
257	324	561	2014-02-20 11:33:32.085327	2014-02-20 11:33:32.085327
258	325	831	2014-02-20 11:33:32.088127	2014-02-20 11:33:32.088127
259	326	832	2014-02-20 11:33:32.090778	2014-02-20 11:33:32.090778
260	327	603	2014-02-20 11:33:32.09338	2014-02-20 11:33:32.09338
261	328	833	2014-02-20 11:33:32.095912	2014-02-20 11:33:32.095912
262	329	834	2014-02-20 11:33:32.098419	2014-02-20 11:33:32.098419
263	330	618	2014-02-20 11:33:32.100882	2014-02-20 11:33:32.100882
264	331	835	2014-02-20 11:33:32.103343	2014-02-20 11:33:32.103343
265	333	836	2014-02-20 11:33:32.105958	2014-02-20 11:33:32.105958
266	336	837	2014-02-20 11:33:32.108532	2014-02-20 11:33:32.108532
267	337	838	2014-02-20 11:33:32.111067	2014-02-20 11:33:32.111067
268	338	562	2014-02-20 11:33:32.113586	2014-02-20 11:33:32.113586
269	340	563	2014-02-20 11:33:32.11611	2014-02-20 11:33:32.11611
270	341	839	2014-02-20 11:33:32.11877	2014-02-20 11:33:32.11877
271	342	564	2014-02-20 11:33:32.121326	2014-02-20 11:33:32.121326
272	343	840	2014-02-20 11:33:32.123809	2014-02-20 11:33:32.123809
273	344	841	2014-02-20 11:33:32.126282	2014-02-20 11:33:32.126282
274	345	842	2014-02-20 11:33:32.128907	2014-02-20 11:33:32.128907
275	346	565	2014-02-20 11:33:32.131426	2014-02-20 11:33:32.131426
276	347	843	2014-02-20 11:33:32.133936	2014-02-20 11:33:32.133936
277	348	844	2014-02-20 11:33:32.136381	2014-02-20 11:33:32.136381
278	349	845	2014-02-20 11:33:32.138824	2014-02-20 11:33:32.138824
279	350	846	2014-02-20 11:33:32.141533	2014-02-20 11:33:32.141533
280	351	847	2014-02-20 11:33:32.144038	2014-02-20 11:33:32.144038
281	352	848	2014-02-20 11:33:32.147154	2014-02-20 11:33:32.147154
282	353	849	2014-02-20 11:33:32.150518	2014-02-20 11:33:32.150518
283	354	850	2014-02-20 11:33:32.154029	2014-02-20 11:33:32.154029
284	355	851	2014-02-20 11:33:32.157658	2014-02-20 11:33:32.157658
285	356	852	2014-02-20 11:33:32.160453	2014-02-20 11:33:32.160453
286	357	853	2014-02-20 11:33:32.163155	2014-02-20 11:33:32.163155
287	358	604	2014-02-20 11:33:32.165687	2014-02-20 11:33:32.165687
288	359	619	2014-02-20 11:33:32.168182	2014-02-20 11:33:32.168182
289	361	620	2014-02-20 11:33:32.170674	2014-02-20 11:33:32.170674
290	362	621	2014-02-20 11:33:32.325554	2014-02-20 11:33:32.325554
291	363	622	2014-02-20 11:33:32.33047	2014-02-20 11:33:32.33047
292	364	623	2014-02-20 11:33:32.333482	2014-02-20 11:33:32.333482
293	366	624	2014-02-20 11:33:32.336319	2014-02-20 11:33:32.336319
294	367	625	2014-02-20 11:33:32.339062	2014-02-20 11:33:32.339062
295	368	626	2014-02-20 11:33:32.341764	2014-02-20 11:33:32.341764
296	369	627	2014-02-20 11:33:32.344341	2014-02-20 11:33:32.344341
297	370	854	2014-02-20 11:33:32.347944	2014-02-20 11:33:32.347944
298	371	855	2014-02-20 11:33:32.351125	2014-02-20 11:33:32.351125
299	372	856	2014-02-20 11:33:32.354228	2014-02-20 11:33:32.354228
300	373	857	2014-02-20 11:33:32.357379	2014-02-20 11:33:32.357379
301	374	858	2014-02-20 11:33:32.360189	2014-02-20 11:33:32.360189
302	375	859	2014-02-20 11:33:32.363021	2014-02-20 11:33:32.363021
303	376	860	2014-02-20 11:33:32.36572	2014-02-20 11:33:32.36572
304	377	861	2014-02-20 11:33:32.368481	2014-02-20 11:33:32.368481
305	378	862	2014-02-20 11:33:32.371235	2014-02-20 11:33:32.371235
306	379	566	2014-02-20 11:33:32.374007	2014-02-20 11:33:32.374007
307	380	863	2014-02-20 11:33:32.376608	2014-02-20 11:33:32.376608
308	381	864	2014-02-20 11:33:32.379319	2014-02-20 11:33:32.379319
309	382	865	2014-02-20 11:33:32.382126	2014-02-20 11:33:32.382126
310	383	866	2014-02-20 11:33:32.385055	2014-02-20 11:33:32.385055
311	385	867	2014-02-20 11:33:32.387722	2014-02-20 11:33:32.387722
312	386	868	2014-02-20 11:33:32.390422	2014-02-20 11:33:32.390422
313	387	605	2014-02-20 11:33:32.393254	2014-02-20 11:33:32.393254
314	388	869	2014-02-20 11:33:32.396296	2014-02-20 11:33:32.396296
315	389	870	2014-02-20 11:33:32.399413	2014-02-20 11:33:32.399413
316	390	871	2014-02-20 11:33:32.402361	2014-02-20 11:33:32.402361
317	391	872	2014-02-20 11:33:32.405175	2014-02-20 11:33:32.405175
318	392	567	2014-02-20 11:33:32.408247	2014-02-20 11:33:32.408247
319	393	606	2014-02-20 11:33:32.410883	2014-02-20 11:33:32.410883
320	394	873	2014-02-20 11:33:32.413392	2014-02-20 11:33:32.413392
321	395	874	2014-02-20 11:33:32.41587	2014-02-20 11:33:32.41587
322	396	875	2014-02-20 11:33:32.418753	2014-02-20 11:33:32.418753
323	397	876	2014-02-20 11:33:32.422072	2014-02-20 11:33:32.422072
324	398	877	2014-02-20 11:33:32.425176	2014-02-20 11:33:32.425176
325	399	878	2014-02-20 11:33:32.427792	2014-02-20 11:33:32.427792
326	400	568	2014-02-20 11:33:32.430486	2014-02-20 11:33:32.430486
327	401	569	2014-02-20 11:33:32.433064	2014-02-20 11:33:32.433064
328	402	570	2014-02-20 11:33:32.435585	2014-02-20 11:33:32.435585
329	403	571	2014-02-20 11:33:32.438235	2014-02-20 11:33:32.438235
330	404	572	2014-02-20 11:33:32.440916	2014-02-20 11:33:32.440916
331	405	573	2014-02-20 11:33:32.443504	2014-02-20 11:33:32.443504
332	406	879	2014-02-20 11:33:32.446725	2014-02-20 11:33:32.446725
333	407	880	2014-02-20 11:33:32.450467	2014-02-20 11:33:32.450467
334	408	574	2014-02-20 11:33:32.453212	2014-02-20 11:33:32.453212
335	409	575	2014-02-20 11:33:32.455748	2014-02-20 11:33:32.455748
336	411	576	2014-02-20 11:33:32.458251	2014-02-20 11:33:32.458251
337	412	881	2014-02-20 11:33:32.461106	2014-02-20 11:33:32.461106
338	413	882	2014-02-20 11:33:32.463676	2014-02-20 11:33:32.463676
339	414	883	2014-02-20 11:33:32.466381	2014-02-20 11:33:32.466381
340	415	884	2014-02-20 11:33:32.470044	2014-02-20 11:33:32.470044
341	416	885	2014-02-20 11:33:32.473344	2014-02-20 11:33:32.473344
342	417	886	2014-02-20 11:33:32.476231	2014-02-20 11:33:32.476231
343	418	577	2014-02-20 11:33:32.478896	2014-02-20 11:33:32.478896
344	419	578	2014-02-20 11:33:32.481493	2014-02-20 11:33:32.481493
345	420	887	2014-02-20 11:33:32.484213	2014-02-20 11:33:32.484213
346	421	888	2014-02-20 11:33:32.486856	2014-02-20 11:33:32.486856
347	422	579	2014-02-20 11:33:32.648379	2014-02-20 11:33:32.648379
348	423	889	2014-02-20 11:33:32.654017	2014-02-20 11:33:32.654017
349	424	890	2014-02-20 11:33:32.658093	2014-02-20 11:33:32.658093
350	425	891	2014-02-20 11:33:32.661037	2014-02-20 11:33:32.661037
351	426	892	2014-02-20 11:33:32.664016	2014-02-20 11:33:32.664016
352	428	607	2014-02-20 11:33:32.66705	2014-02-20 11:33:32.66705
353	429	608	2014-02-20 11:33:32.669809	2014-02-20 11:33:32.669809
354	430	609	2014-02-20 11:33:32.672462	2014-02-20 11:33:32.672462
355	431	893	2014-02-20 11:33:32.675208	2014-02-20 11:33:32.675208
356	432	894	2014-02-20 11:33:32.677973	2014-02-20 11:33:32.677973
357	434	895	2014-02-20 11:33:32.680739	2014-02-20 11:33:32.680739
358	435	896	2014-02-20 11:33:32.683398	2014-02-20 11:33:32.683398
359	436	897	2014-02-20 11:33:32.686951	2014-02-20 11:33:32.686951
360	437	898	2014-02-20 11:33:32.689825	2014-02-20 11:33:32.689825
361	438	899	2014-02-20 11:33:32.692777	2014-02-20 11:33:32.692777
362	439	900	2014-02-20 11:33:32.695948	2014-02-20 11:33:32.695948
363	440	901	2014-02-20 11:33:32.699221	2014-02-20 11:33:32.699221
364	441	902	2014-02-20 11:33:32.702191	2014-02-20 11:33:32.702191
365	442	903	2014-02-20 11:33:32.705903	2014-02-20 11:33:32.705903
366	443	904	2014-02-20 11:33:32.708769	2014-02-20 11:33:32.708769
367	444	905	2014-02-20 11:33:32.711496	2014-02-20 11:33:32.711496
368	445	906	2014-02-20 11:33:32.71429	2014-02-20 11:33:32.71429
369	446	907	2014-02-20 11:33:32.717296	2014-02-20 11:33:32.717296
370	447	908	2014-02-20 11:33:32.720382	2014-02-20 11:33:32.720382
371	448	909	2014-02-20 11:33:32.723283	2014-02-20 11:33:32.723283
372	450	910	2014-02-20 11:33:32.725944	2014-02-20 11:33:32.725944
373	451	911	2014-02-20 11:33:32.729088	2014-02-20 11:33:32.729088
374	452	912	2014-02-20 11:33:32.732585	2014-02-20 11:33:32.732585
375	453	913	2014-02-20 11:33:32.73583	2014-02-20 11:33:32.73583
376	456	915	2014-02-20 11:33:32.738487	2014-02-20 11:33:32.738487
377	457	916	2014-02-20 11:33:32.741183	2014-02-20 11:33:32.741183
378	459	917	2014-02-20 11:33:32.743908	2014-02-20 11:33:32.743908
379	460	580	2014-02-20 11:33:32.747272	2014-02-20 11:33:32.747272
380	461	581	2014-02-20 11:33:32.750852	2014-02-20 11:33:32.750852
381	462	918	2014-02-20 11:33:32.754145	2014-02-20 11:33:32.754145
382	463	582	2014-02-20 11:33:32.75722	2014-02-20 11:33:32.75722
383	464	919	2014-02-20 11:33:32.759991	2014-02-20 11:33:32.759991
384	465	920	2014-02-20 11:33:32.762649	2014-02-20 11:33:32.762649
385	468	921	2014-02-20 11:33:32.765282	2014-02-20 11:33:32.765282
386	470	922	2014-02-20 11:33:32.768132	2014-02-20 11:33:32.768132
387	471	610	2014-02-20 11:33:32.770776	2014-02-20 11:33:32.770776
388	472	923	2014-02-20 11:33:32.77336	2014-02-20 11:33:32.77336
389	473	924	2014-02-20 11:33:32.775932	2014-02-20 11:33:32.775932
390	474	925	2014-02-20 11:33:32.778662	2014-02-20 11:33:32.778662
391	475	729	2014-02-20 11:33:32.781299	2014-02-20 11:33:32.781299
392	476	926	2014-02-20 11:33:32.783854	2014-02-20 11:33:32.783854
393	477	927	2014-02-20 11:33:32.786821	2014-02-20 11:33:32.786821
394	478	928	2014-02-20 11:33:32.789783	2014-02-20 11:33:32.789783
395	480	929	2014-02-20 11:33:32.793552	2014-02-20 11:33:32.793552
396	481	930	2014-02-20 11:33:32.797171	2014-02-20 11:33:32.797171
397	483	931	2014-02-20 11:33:32.800494	2014-02-20 11:33:32.800494
398	485	932	2014-02-20 11:33:32.803283	2014-02-20 11:33:32.803283
399	486	933	2014-02-20 11:33:32.806082	2014-02-20 11:33:32.806082
400	487	611	2014-02-20 11:33:32.80862	2014-02-20 11:33:32.80862
401	488	612	2014-02-20 11:33:32.811445	2014-02-20 11:33:32.811445
402	489	934	2014-02-20 11:33:32.81478	2014-02-20 11:33:32.81478
403	490	935	2014-02-20 11:33:32.817838	2014-02-20 11:33:32.817838
404	491	936	2014-02-20 11:33:32.989846	2014-02-20 11:33:32.989846
405	494	937	2014-02-20 11:33:32.995228	2014-02-20 11:33:32.995228
406	495	938	2014-02-20 11:33:32.998781	2014-02-20 11:33:32.998781
407	496	939	2014-02-20 11:33:33.00332	2014-02-20 11:33:33.00332
408	497	940	2014-02-20 11:33:33.007706	2014-02-20 11:33:33.007706
409	498	941	2014-02-20 11:33:33.012154	2014-02-20 11:33:33.012154
410	500	942	2014-02-20 11:33:33.016193	2014-02-20 11:33:33.016193
411	501	943	2014-02-20 11:33:33.02486	2014-02-20 11:33:33.02486
412	502	945	2014-02-20 11:33:33.031748	2014-02-20 11:33:33.031748
413	503	946	2014-02-20 11:33:33.038677	2014-02-20 11:33:33.038677
414	504	947	2014-02-20 11:33:33.046331	2014-02-20 11:33:33.046331
415	505	948	2014-02-20 11:33:33.053264	2014-02-20 11:33:33.053264
416	508	949	2014-02-20 11:33:33.061586	2014-02-20 11:33:33.061586
417	510	950	2014-02-20 11:33:33.066201	2014-02-20 11:33:33.066201
418	511	951	2014-02-20 11:33:33.071242	2014-02-20 11:33:33.071242
419	513	952	2014-02-20 11:33:33.075761	2014-02-20 11:33:33.075761
420	514	953	2014-02-20 11:33:33.080654	2014-02-20 11:33:33.080654
421	515	954	2014-02-20 11:33:33.085075	2014-02-20 11:33:33.085075
422	519	955	2014-02-20 11:33:33.089477	2014-02-20 11:33:33.089477
423	520	956	2014-02-20 11:33:33.092974	2014-02-20 11:33:33.092974
424	965	984	2014-02-20 11:33:33.096209	2014-02-20 11:33:33.096209
425	966	985	2014-02-20 11:33:33.099497	2014-02-20 11:33:33.099497
426	967	986	2014-02-20 11:33:33.103825	2014-02-20 11:33:33.103825
427	968	987	2014-02-20 11:33:33.108046	2014-02-20 11:33:33.108046
428	969	988	2014-02-20 11:33:33.112198	2014-02-20 11:33:33.112198
429	970	989	2014-02-20 11:33:33.115701	2014-02-20 11:33:33.115701
430	971	990	2014-02-20 11:33:33.118869	2014-02-20 11:33:33.118869
431	972	991	2014-02-20 11:33:33.125975	2014-02-20 11:33:33.125975
432	973	992	2014-02-20 11:33:33.132223	2014-02-20 11:33:33.132223
433	974	993	2014-02-20 11:33:33.137122	2014-02-20 11:33:33.137122
434	975	994	2014-02-20 11:33:33.146049	2014-02-20 11:33:33.146049
435	976	995	2014-02-20 11:33:33.154876	2014-02-20 11:33:33.154876
436	977	996	2014-02-20 11:33:33.161171	2014-02-20 11:33:33.161171
437	978	997	2014-02-20 11:33:33.167985	2014-02-20 11:33:33.167985
438	979	998	2014-02-20 11:33:33.173496	2014-02-20 11:33:33.173496
439	980	999	2014-02-20 11:33:33.178814	2014-02-20 11:33:33.178814
440	981	1000	2014-02-20 11:33:33.183794	2014-02-20 11:33:33.183794
441	982	1001	2014-02-20 11:33:33.18997	2014-02-20 11:33:33.18997
442	983	1002	2014-02-20 11:33:33.19709	2014-02-20 11:33:33.19709
\.


--
-- Name: i18n_faqs_id_seq; Type: SEQUENCE SET; Schema: blurby; Owner: -
--

SELECT pg_catalog.setval('i18n_faqs_id_seq', 442, true);


--
-- Data for Name: ibookstore_events; Type: TABLE DATA; Schema: blurby; Owner: -
--

COPY ibookstore_events (id, event_type, event_subtype, ebook_id, price_tier, bisac_category_id, user_id, currency_code, duration, created_at) FROM stdin;
\.


--
-- Name: ibookstore_events_id_seq; Type: SEQUENCE SET; Schema: blurby; Owner: -
--

SELECT pg_catalog.setval('ibookstore_events_id_seq', 1, false);


--
-- Name: ibookstore_languages_id_seq; Type: SEQUENCE SET; Schema: blurby; Owner: -
--

SELECT pg_catalog.setval('ibookstore_languages_id_seq', 75, true);


--
-- Name: ibookstore_territory_sets_id_seq; Type: SEQUENCE SET; Schema: blurby; Owner: -
--

SELECT pg_catalog.setval('ibookstore_territory_sets_id_seq', 1, true);


--
-- Data for Name: id2user; Type: TABLE DATA; Schema: blurby; Owner: -
--

COPY id2user (storage_id, user_token, storagelib, type, forks, created_at, updated_at, date_taken, size, filename, width, height, duration, iptc_keywords, flags, title, description, caption, latitude, longitude, metadata, application_version_id, device_id, content_type_id, api_key_id) FROM stdin;
\.


--
-- Data for Name: invites; Type: TABLE DATA; Schema: blurby; Owner: -
--

COPY invites (id, email, inviteable_id, inviteable_type, created_on, deleted_at, sn_uid, sn_type) FROM stdin;
\.


--
-- Name: invites_id_seq; Type: SEQUENCE SET; Schema: blurby; Owner: -
--

SELECT pg_catalog.setval('invites_id_seq', 1, false);


--
-- Name: isbns_id_seq; Type: SEQUENCE SET; Schema: blurby; Owner: -
--

SELECT pg_catalog.setval('isbns_id_seq', 1, false);


--
-- Data for Name: job_retry_policies; Type: TABLE DATA; Schema: blurby; Owner: -
--

COPY job_retry_policies (id, policy_name, retry_count, delay_duration, created_at, updated_at) FROM stdin;
1	apple_distribution_job	3	900	2014-02-20 11:32:36.638835	2014-02-20 11:32:36.638835
\.


--
-- Name: job_retry_policies_id_seq; Type: SEQUENCE SET; Schema: blurby; Owner: -
--

SELECT pg_catalog.setval('job_retry_policies_id_seq', 1, true);


--
-- Data for Name: job_statuses; Type: TABLE DATA; Schema: blurby; Owner: -
--

COPY job_statuses (id, created_at, updated_at, started_at, finished_at, status, error, job_id, job_type) FROM stdin;
\.


--
-- Name: job_statuses_id_seq; Type: SEQUENCE SET; Schema: blurby; Owner: -
--

SELECT pg_catalog.setval('job_statuses_id_seq', 1, false);


--
-- Data for Name: labelings; Type: TABLE DATA; Schema: blurby; Owner: -
--

COPY labelings (id, label_id, labelable_id, labelable_type, context, created_at) FROM stdin;
\.


--
-- Name: labelings_id_seq; Type: SEQUENCE SET; Schema: blurby; Owner: -
--

SELECT pg_catalog.setval('labelings_id_seq', 1, false);


--
-- Data for Name: labels; Type: TABLE DATA; Schema: blurby; Owner: -
--

COPY labels (id, name) FROM stdin;
\.


--
-- Name: labels_id_seq; Type: SEQUENCE SET; Schema: blurby; Owner: -
--

SELECT pg_catalog.setval('labels_id_seq', 1, false);


--
-- Name: languages_id_seq; Type: SEQUENCE SET; Schema: blurby; Owner: -
--

SELECT pg_catalog.setval('languages_id_seq', 12, true);


--
-- Data for Name: large_order_attributes; Type: TABLE DATA; Schema: blurby; Owner: -
--

COPY large_order_attributes (id, order_id, large_order_type, release_date, payment_type, payment_received_at, created_at, updated_at, po_number, released_for_pnp, received_inventory) FROM stdin;
\.


--
-- Name: large_order_attributes_id_seq; Type: SEQUENCE SET; Schema: blurby; Owner: -
--

SELECT pg_catalog.setval('large_order_attributes_id_seq', 1, false);


--
-- Name: line_items_id_seq; Type: SEQUENCE SET; Schema: blurby; Owner: -
--

SELECT pg_catalog.setval('line_items_id_seq', 1, false);


--
-- Data for Name: markup_histories; Type: TABLE DATA; Schema: blurby; Owner: -
--

COPY markup_histories (id, markup_before, markup_after, markup_before_usd, markup_after_usd, markup_before_currency_id, markup_after_currency_id, markup_id, created_at, updated_at) FROM stdin;
\.


--
-- Name: markup_histories_id_seq; Type: SEQUENCE SET; Schema: blurby; Owner: -
--

SELECT pg_catalog.setval('markup_histories_id_seq', 1, false);


--
-- Data for Name: markup_types; Type: TABLE DATA; Schema: blurby; Owner: -
--

COPY markup_types (id, name, parent_markup, method) FROM stdin;
1	No Markup	\N	1
2	Premium Paper	\N	1
4	ProBookMediumGlossPaper	\N	1
5	ProBookUncoatedPaper	\N	1
6	ProBookEndsheet	\N	2
7	ProBookBookCovering	\N	2
8	UVSatin	\N	2
9	UVGloss	\N	2
3	Custom Logo	\N	1
\.


--
-- Name: markup_types_id_seq; Type: SEQUENCE SET; Schema: blurby; Owner: -
--

SELECT pg_catalog.setval('markup_types_id_seq', 9, true);


--
-- Data for Name: markups; Type: TABLE DATA; Schema: blurby; Owner: -
--

COPY markups (id, author_markup, author_markup_usd, fixed_price, currency_id, markupable_type, markupable_id, created_at, updated_at) FROM stdin;
\.


--
-- Name: markups_id_seq; Type: SEQUENCE SET; Schema: blurby; Owner: -
--

SELECT pg_catalog.setval('markups_id_seq', 1, false);


--
-- Data for Name: matched_holding_bin_rules; Type: TABLE DATA; Schema: blurby; Owner: -
--

COPY matched_holding_bin_rules (id, sub_order_id, holding_bin_rule_id) FROM stdin;
\.


--
-- Name: matched_holding_bin_rules_id_seq; Type: SEQUENCE SET; Schema: blurby; Owner: -
--

SELECT pg_catalog.setval('matched_holding_bin_rules_id_seq', 1, false);


--
-- Data for Name: memberships; Type: TABLE DATA; Schema: blurby; Owner: -
--

COPY memberships (id, group_id, user_id, grant_privileges, deleted_at, created_at) FROM stdin;
\.


--
-- Name: memberships_id_seq; Type: SEQUENCE SET; Schema: blurby; Owner: -
--

-- SELECT pg_catalog.setval('memberships_id_seq', 1, false);


--
-- Data for Name: multi_coupons; Type: TABLE DATA; Schema: blurby; Owner: -
--

COPY multi_coupons (id, code, description, created_at, updated_at) FROM stdin;
\.


--
-- Name: multi_coupons_id_seq; Type: SEQUENCE SET; Schema: blurby; Owner: -
--

SELECT pg_catalog.setval('multi_coupons_id_seq', 1, false);


--
-- Data for Name: notes; Type: TABLE DATA; Schema: blurby; Owner: -
--

COPY notes (id, body, notable_id, notable_type, created_at, updated_at) FROM stdin;
\.


--
-- Name: notes_id_seq; Type: SEQUENCE SET; Schema: blurby; Owner: -
--

SELECT pg_catalog.setval('notes_id_seq', 1, false);


--
-- Name: order_internal_types_id_seq; Type: SEQUENCE SET; Schema: blurby; Owner: -
--

SELECT pg_catalog.setval('order_internal_types_id_seq', 15, true);


--
-- Data for Name: order_methods; Type: TABLE DATA; Schema: blurby; Owner: -
--

COPY order_methods (id, name) FROM stdin;
1	Print Talk
2	EDI
\.


--
-- Name: order_methods_id_seq; Type: SEQUENCE SET; Schema: blurby; Owner: -
--

SELECT pg_catalog.setval('order_methods_id_seq', 2, true);


--
-- Data for Name: order_return_reasons; Type: TABLE DATA; Schema: blurby; Owner: -
--

COPY order_return_reasons (id, parent_id, value, enabled, "position", deleted_at) FROM stdin;
109	106	Order Lost at Facility	t	1	\N
103	101	Broken Spine	t	1	\N
49	15	Incorrect Quantity	f	1	\N
41	12	Broken Spine	f	1	\N
118	61	BP-6	t	1	\N
9	2	Print Quality	f	1	\N
1	\N	Software issues	f	1	\N
72	63	Lamination	t	3	\N
115	61	BP-3	t	1	\N
130	61	BP-18	t	1	\N
14	3	Lamination	f	1	\N
88	86	Voids/Lines	f	1	\N
23	7	Incorrect Stock	f	1	\N
79	63	Wrong Cover	t	6	\N
127	61	BP-15	t	1	\N
135	134	Lost	t	1	\N
101	62	Binding	t	1	\N
91	82	Wrong Trim Dimensions	t	3	\N
63	62	Cover	t	1	\N
81	63	Other (include description)	t	8	\N
53	19	Incorrect Embellishment Packed	f	1	\N
124	61	BP-12	t	1	\N
73	72	Bubbles	t	1	\N
139	82	Physical Damage/Marked-Up	t	10	\N
93	82	Pages Stuck Together	t	5	\N
44	13	Incorrect Dimensions	f	1	\N
4	\N	Packing/Shipping	f	1	\N
25	8	Variance from Color Profile	f	1	\N
102	101	Loose Pages	t	1	\N
55	20	Holes	f	1	\N
144	86	Ghosting	t	4	\N
68	67	Spots	t	1	\N
20	4	Physical Damage	f	1	\N
33	10	Bad Dust Cover Fold	f	1	\N
16	4	Wrong Item(s) Shipped	f	1	\N
138	82	Wrong Stock	t	9	\N
35	10	End Sheets	f	1	\N
70	67	Banding	t	4	\N
50	15	Short Shipment	f	1	\N
27	9	Smears	f	1	\N
46	14	Bad Lamination	f	1	\N
6	\N	Discretionary	f	1	\N
57	20	Scratches/Dents due to improper packing or shipping	f	1	\N
104	101	Faulty End Sheets	t	1	\N
22	5	Damaged	f	1	\N
11	3	Guts	f	1	\N
110	106	Physical Damage/Marked-Up	f	1	\N
18	4	Lost Package	f	1	\N
52	16	Partner A shipped to Partner B	f	1	\N
119	61	BP-7	t	1	\N
140	67	Voids	t	2	\N
99	98	Wrong Trim/Dimensions	t	1	\N
97	82	Other (include description)	t	11	\N
131	61	BP-19	t	1	\N
30	9	Voids	f	1	\N
82	62	Guts/Book Block	t	1	\N
116	61	BP-4	t	1	\N
89	86	Banding	t	5	\N
37	11	Missing Pages	f	1	\N
137	63	Wrong Trim/Dimensions	t	5	\N
113	61	BP-1	t	1	\N
29	9	Lines	f	1	\N
128	61	BP-16	t	1	\N
107	106	Wrong Quantity	t	1	\N
96	82	Wrinkled Pages	t	8	\N
90	86	Other (include description)	t	6	\N
21	5	Lost	f	1	\N
48	14	Dust/Fiber under Laminate	f	1	\N
8	2	Color Quality	f	1	\N
125	61	BP-13	t	1	\N
51	16	Customer A received Customer B's order	f	1	\N
67	63	Print Quality	t	2	\N
122	61	BP-10	t	1	\N
66	64	Color Pictures	t	1	\N
64	63	Color Quality	t	1	\N
32	10	Incorrect Color/Material/Case Size	f	1	\N
69	67	Voids/Lines	f	1	\N
13	3	Trim Size	f	1	\N
105	101	Other (include description)	t	1	\N
95	82	Wrong Page Order	t	7	\N
146	63	Glue	t	10	\N
77	76	Bad Dust Jacket Fold	t	1	\N
24	7	Wrinkled Pages	f	1	\N
108	106	Wrong Item Shipped	t	1	\N
143	86	Lines	t	3	\N
39	11	Duplicate Guts in Same Cover	f	1	\N
136	134	Stuck in Customs	t	1	\N
80	63	Wrong Stock	t	7	\N
31	9	Banding	f	1	\N
54	19	Missing Embellishments/Collateral	f	1	\N
15	4	Quantity	f	1	\N
85	83	Color Pictures	t	1	\N
92	82	Missing Pages	t	4	\N
120	61	BP-8	t	1	\N
3	\N	Bindery	f	1	\N
34	10	Wrong Dust Cover	f	1	\N
75	72	Delamination	t	1	\N
134	60	Delivery	t	1	\N
43	12	Bad Perfect Bind	f	1	\N
141	67	Lines	t	3	\N
94	82	Wrong Guts	t	6	\N
117	61	BP-5	t	1	\N
84	83	B&W Pictures	t	1	\N
83	82	Color Quality	t	1	\N
26	8	Saturation	f	1	\N
45	13	Bad Cut	f	1	\N
129	61	BP-17	t	1	\N
5	\N	Delivery Issues	f	1	\N
56	20	Tears	f	1	\N
114	61	BP-2	t	1	\N
145	63	Physical Damage/Marked-Up	t	9	\N
126	61	BP-14	t	1	\N
71	67	Other (include description)	t	5	\N
132	61	BP-20	t	1	\N
10	3	Cover	f	1	\N
123	61	BP-11	t	1	\N
17	4	Wrong Address	f	1	\N
65	64	B&W Pictures	t	1	\N
147	82	Duplicate Pages	t	12	\N
36	11	Glue on Pages	f	1	\N
76	63	Cover Misalignment	t	4	\N
58	\N	Book Creation	t	1	\N
28	9	Spots	f	1	\N
40	12	Loose Pages	f	1	\N
87	86	Spots	t	1	\N
47	14	Incorrect Laminate	f	1	\N
7	2	Stock	f	1	\N
86	82	Print Quality	t	2	\N
149	148	Chapters Indigo	t	1	\N
98	62	Case/Book Frame	t	1	\N
142	86	Voids	t	2	\N
19	4	Embellishments	f	1	\N
74	72	Articles under laminate	t	1	\N
2	\N	Press	f	1	\N
133	60	Packaging - Damaged	t	1	\N
12	3	Spine	f	1	\N
42	12	Bad Stitching	f	1	\N
100	98	Wrong Spine Size	t	1	\N
38	11	Different Order in Same Cover	f	1	\N
78	76	IW/SC Not Centered to Spine	t	1	\N
121	61	BP-9	t	1	\N
150	58	Blurb Mobile	t	5	\N
151	58	Samsung Story Album	t	6	\N
152	58	BookWright	t	7	\N
153	82	Ink Cracking in Gutter	t	1	\N
154	82	Glue on book block	t	1	\N
155	86	Rasterized Text/Images	t	1	\N
156	82	Misaligned Fold	t	1	\N
157	101	Pages not glued correctly	t	1	\N
158	61	Layflat Gutter Bleed	t	1	\N
159	\N	Wallart Creation	t	1	\N
161	62	Canvas	t	1	\N
162	62	Acrylic	t	1	\N
163	62	Metal	t	1	\N
164	161	Color Quality	t	1	\N
165	161	Print Quality	t	1	\N
166	161	Finishing	t	1	\N
167	161	Physical Damage/Marked-Up	t	1	\N
168	162	Color Quality	t	1	\N
169	162	Print Quality	t	1	\N
170	162	Finishing	t	1	\N
171	162	Physical Damage/Marked-Up	t	1	\N
172	163	Color Quality	t	1	\N
173	163	Print Quality	t	1	\N
174	163	Finishing	t	1	\N
175	163	Physical Damage/Marked-Up	t	1	\N
176	159	InDesign Plugin	t	1	\N
177	159	Web Builder	t	1	\N
178	159	BookWright	t	1	\N
179	60	Missing Hang Instructions	t	1	\N
180	160	Marketing Discretionary	t	1	\N
181	160	Dark Images	t	1	\N
182	160	Image Resolution	t	1	\N
183	164	B&W Pictures	t	1	\N
184	164	Color Pictures	t	1	\N
185	165	Ink Spots	t	1	\N
186	165	Banding	t	1	\N
187	165	Print Image Void	t	1	\N
188	165	Other (include description)	t	1	\N
189	166	Cracking at Folds	t	1	\N
190	166	Mis-alignment	t	1	\N
191	166	Stretch - Wrinkles on Surface	t	1	\N
192	166	Staple End Exposed	t	1	\N
193	166	Missing Staple, Loose Print	t	1	\N
194	166	Non-Flush Staple	t	1	\N
195	166	Loose/Damaged Frame	t	1	\N
196	166	Missing Bumpers	t	1	\N
197	166	Incorrect Hanger Orientation	t	1	\N
198	166	Missing Hanger	t	1	\N
199	166	Mis-aligned Hanger	t	1	\N
200	167	Rub Marks	t	1	\N
201	167	Debris	t	1	\N
202	167	Scratches	t	1	\N
203	167	Bent/Torn/Dirty	t	1	\N
204	167	Damaged Hanger	t	1	\N
205	168	B&W Pictures	t	1	\N
206	168	Color Pictures	t	1	\N
207	169	Ink Spots	t	1	\N
208	169	Banding	t	1	\N
209	169	Print Image Void	t	1	\N
210	169	Other (include description)	t	1	\N
211	170	Mis-alignment	t	1	\N
212	170	Unpolished Edge	t	1	\N
213	170	Hanger Mis-alignment	t	1	\N
214	170	Missing/Incorrect Screws or Anchors	t	1	\N
215	170	Missing/Incorrect Wall Cleat	t	1	\N
216	171	Dents	t	1	\N
217	171	Debris	t	1	\N
218	171	Scratches	t	1	\N
219	171	Bent/Torn/Dirty	t	1	\N
220	171	Damaged Hanger/Wall Cleat	t	1	\N
221	172	B&W Pictures	t	1	\N
222	172	Color Pictures	t	1	\N
223	173	Ink Spots	t	1	\N
224	173	Banding	t	1	\N
225	173	Print Image Void	t	1	\N
226	173	Other (include description)	t	1	\N
227	174	Mis-alignment	t	1	\N
228	174	Edge Desublimation	t	1	\N
229	174	Missing/Incorrect Screws or Anchors	t	1	\N
230	174	Missing/Incorrect Wall Cleat	t	1	\N
231	175	Chips/Chipping	t	1	\N
232	175	Debris	t	1	\N
233	175	Scratches	t	1	\N
234	175	Bent/Torn/Dirty	t	1	\N
235	175	Damaged Hanger/Wall Cleat	t	1	\N
236	106	Wrong Product Shipped	t	1	\N
237	106	Wrong Product Backer Frame Shipped	t	1	\N
238	106	Wrong Order Received	t	1	\N
239	106	Partial Order Recieved	t	1	\N
61	\N	Book Product	t	2	\N
59	\N	Web	t	2	\N
60	\N	Order & Fulfillment	t	2	\N
160	\N	Wallart Product	t	2	\N
148	\N	Partner	t	3	\N
62	\N	Printer	t	3	\N
112	\N	CSR Discretionary	t	3	\N
106	62	Packing	t	2	\N
111	106	Other (include description)	t	2	\N
\.


--
-- Name: order_return_reasons_id_seq; Type: SEQUENCE SET; Schema: blurby; Owner: -
--

SELECT pg_catalog.setval('order_return_reasons_id_seq', 239, true);


--
-- Data for Name: order_returns; Type: TABLE DATA; Schema: blurby; Owner: -
--

COPY order_returns (id, order_id, root_order_id, reason_id, sub_reason_id, sub_sub_reason_id, created_by_user_id, resolution_id, resolution_type, right_now_incident_id, photo_required, book_required, created_at, resolved_at, sub_sub_sub_reason_id) FROM stdin;
\.


--
-- Name: order_returns_id_seq; Type: SEQUENCE SET; Schema: blurby; Owner: -
--

SELECT pg_catalog.setval('order_returns_id_seq', 1, false);


--
-- Name: orders_id_seq; Type: SEQUENCE SET; Schema: blurby; Owner: -
--

SELECT pg_catalog.setval('orders_id_seq', 1, false);


--
-- Data for Name: page_prices; Type: TABLE DATA; Schema: blurby; Owner: -
--

COPY page_prices (id, paper_type_id, product_type, currency_id, low_page_count, high_page_count, product_dimension_id, api_key_id, created_at, updated_at, fractional_cents) FROM stdin;
4685	30	Products::LegacyPocketTradeBook	AUD	0	20	7	\N	2015-01-05 16:04:03.603581	2015-01-05 16:04:03.603581	0.00000
4686	30	Products::LegacyPocketTradeBook	CAD	0	20	7	\N	2015-01-05 16:04:03.609012	2015-01-05 16:04:03.609012	0.00000
4687	30	Products::LegacyPocketTradeBook	EUR	0	20	7	\N	2015-01-05 16:04:03.612415	2015-01-05 16:04:03.612415	0.00000
4688	30	Products::LegacyPocketTradeBook	GBP	0	20	7	\N	2015-01-05 16:04:03.615837	2015-01-05 16:04:03.615837	0.00000
4689	30	Products::LegacyPocketTradeBook	USD	0	20	7	\N	2015-01-05 16:04:03.618987	2015-01-05 16:04:03.618987	0.00000
4690	30	Products::LegacyPocketTradeBook	AUD	0	20	5	\N	2015-01-05 16:04:03.622127	2015-01-05 16:04:03.622127	0.00000
4691	30	Products::LegacyPocketTradeBook	CAD	0	20	5	\N	2015-01-05 16:04:03.625242	2015-01-05 16:04:03.625242	0.00000
4692	30	Products::LegacyPocketTradeBook	EUR	0	20	5	\N	2015-01-05 16:04:03.62826	2015-01-05 16:04:03.62826	0.00000
4693	30	Products::LegacyPocketTradeBook	GBP	0	20	5	\N	2015-01-05 16:04:03.631259	2015-01-05 16:04:03.631259	0.00000
4694	30	Products::LegacyPocketTradeBook	USD	0	20	5	\N	2015-01-05 16:04:03.634203	2015-01-05 16:04:03.634203	0.00000
4695	30	Products::LegacyPocketTradeBook	AUD	21	440	7	\N	2015-01-05 16:04:03.637314	2015-01-05 16:04:03.637314	3.00000
4696	30	Products::LegacyPocketTradeBook	CAD	21	440	7	\N	2015-01-05 16:04:03.640316	2015-01-05 16:04:03.640316	3.00000
4697	30	Products::LegacyPocketTradeBook	EUR	21	440	7	\N	2015-01-05 16:04:03.725524	2015-01-05 16:04:03.725524	2.00000
4698	30	Products::LegacyPocketTradeBook	GBP	21	440	7	\N	2015-01-05 16:04:03.729223	2015-01-05 16:04:03.729223	3.00000
4699	30	Products::LegacyPocketTradeBook	USD	21	440	7	\N	2015-01-05 16:04:03.732325	2015-01-05 16:04:03.732325	3.00000
4700	30	Products::LegacyPocketTradeBook	AUD	21	440	5	\N	2015-01-05 16:04:03.735346	2015-01-05 16:04:03.735346	3.00000
4701	30	Products::LegacyPocketTradeBook	CAD	21	440	5	\N	2015-01-05 16:04:03.738449	2015-01-05 16:04:03.738449	3.00000
4702	30	Products::LegacyPocketTradeBook	EUR	21	440	5	\N	2015-01-05 16:04:03.741469	2015-01-05 16:04:03.741469	2.00000
4703	30	Products::LegacyPocketTradeBook	GBP	21	440	5	\N	2015-01-05 16:04:03.744485	2015-01-05 16:04:03.744485	3.00000
4704	30	Products::LegacyPocketTradeBook	USD	21	440	5	\N	2015-01-05 16:04:03.747646	2015-01-05 16:04:03.747646	3.00000
4705	31	Products::LegacyPocketTradeBook	AUD	0	20	7	\N	2015-01-05 16:04:03.750675	2015-01-05 16:04:03.750675	0.00000
4706	31	Products::LegacyPocketTradeBook	CAD	0	20	7	\N	2015-01-05 16:04:03.753646	2015-01-05 16:04:03.753646	0.00000
4707	31	Products::LegacyPocketTradeBook	EUR	0	20	7	\N	2015-01-05 16:04:03.756589	2015-01-05 16:04:03.756589	0.00000
4708	31	Products::LegacyPocketTradeBook	GBP	0	20	7	\N	2015-01-05 16:04:03.759589	2015-01-05 16:04:03.759589	0.00000
4709	31	Products::LegacyPocketTradeBook	USD	0	20	7	\N	2015-01-05 16:04:03.762563	2015-01-05 16:04:03.762563	0.00000
4710	31	Products::LegacyPocketTradeBook	AUD	0	20	5	\N	2015-01-05 16:04:03.765559	2015-01-05 16:04:03.765559	0.00000
4711	31	Products::LegacyPocketTradeBook	CAD	0	20	5	\N	2015-01-05 16:04:03.768499	2015-01-05 16:04:03.768499	0.00000
4712	31	Products::LegacyPocketTradeBook	EUR	0	20	5	\N	2015-01-05 16:04:03.771432	2015-01-05 16:04:03.771432	0.00000
4713	31	Products::LegacyPocketTradeBook	GBP	0	20	5	\N	2015-01-05 16:04:03.858284	2015-01-05 16:04:03.858284	0.00000
4714	31	Products::LegacyPocketTradeBook	USD	0	20	5	\N	2015-01-05 16:04:03.861828	2015-01-05 16:04:03.861828	0.00000
4715	31	Products::LegacyPocketTradeBook	AUD	21	440	7	\N	2015-01-05 16:04:03.864908	2015-01-05 16:04:03.864908	14.00000
4716	31	Products::LegacyPocketTradeBook	CAD	21	440	7	\N	2015-01-05 16:04:03.868202	2015-01-05 16:04:03.868202	12.00000
4717	31	Products::LegacyPocketTradeBook	EUR	21	440	7	\N	2015-01-05 16:04:03.87123	2015-01-05 16:04:03.87123	9.00000
4718	31	Products::LegacyPocketTradeBook	GBP	21	440	7	\N	2015-01-05 16:04:03.87424	2015-01-05 16:04:03.87424	8.00000
4719	31	Products::LegacyPocketTradeBook	USD	21	440	7	\N	2015-01-05 16:04:03.877206	2015-01-05 16:04:03.877206	12.00000
4720	31	Products::LegacyPocketTradeBook	AUD	21	440	5	\N	2015-01-05 16:04:03.880483	2015-01-05 16:04:03.880483	14.00000
4721	31	Products::LegacyPocketTradeBook	CAD	21	440	5	\N	2015-01-05 16:04:03.88343	2015-01-05 16:04:03.88343	12.00000
4722	31	Products::LegacyPocketTradeBook	EUR	21	440	5	\N	2015-01-05 16:04:03.886372	2015-01-05 16:04:03.886372	9.00000
4723	31	Products::LegacyPocketTradeBook	GBP	21	440	5	\N	2015-01-05 16:04:03.889239	2015-01-05 16:04:03.889239	8.00000
4724	31	Products::LegacyPocketTradeBook	USD	21	440	5	\N	2015-01-05 16:04:03.89217	2015-01-05 16:04:03.89217	12.00000
4725	11	Products::StandardBook	AUD	0	20	4	\N	2015-01-05 16:04:03.895167	2015-01-05 16:04:03.895167	0.00000
4726	11	Products::StandardBook	CAD	0	20	4	\N	2015-01-05 16:04:03.898167	2015-01-05 16:04:03.898167	0.00000
4727	11	Products::StandardBook	EUR	0	20	4	\N	2015-01-05 16:04:03.901027	2015-01-05 16:04:03.901027	0.00000
4728	11	Products::StandardBook	GBP	0	20	4	\N	2015-01-05 16:04:03.90388	2015-01-05 16:04:03.90388	0.00000
4729	11	Products::StandardBook	USD	0	20	4	\N	2015-01-05 16:04:03.993891	2015-01-05 16:04:03.993891	0.00000
4730	11	Products::StandardBook	AUD	0	20	6	\N	2015-01-05 16:04:03.997564	2015-01-05 16:04:03.997564	0.00000
4731	11	Products::StandardBook	CAD	0	20	6	\N	2015-01-05 16:04:04.00088	2015-01-05 16:04:04.00088	0.00000
4732	11	Products::StandardBook	EUR	0	20	6	\N	2015-01-05 16:04:04.004154	2015-01-05 16:04:04.004154	0.00000
4733	11	Products::StandardBook	GBP	0	20	6	\N	2015-01-05 16:04:04.007784	2015-01-05 16:04:04.007784	0.00000
4734	11	Products::StandardBook	USD	0	20	6	\N	2015-01-05 16:04:04.010863	2015-01-05 16:04:04.010863	0.00000
4735	11	Products::SamsungBook	AUD	0	20	9	\N	2015-01-05 16:04:04.014304	2015-01-05 16:04:04.014304	0.00000
4736	11	Products::SamsungBook	CAD	0	20	9	\N	2015-01-05 16:04:04.017412	2015-01-05 16:04:04.017412	0.00000
4737	11	Products::SamsungBook	EUR	0	20	9	\N	2015-01-05 16:04:04.020426	2015-01-05 16:04:04.020426	0.00000
4738	11	Products::SamsungBook	GBP	0	20	9	\N	2015-01-05 16:04:04.023518	2015-01-05 16:04:04.023518	0.00000
4739	11	Products::SamsungBook	JPY	0	20	9	\N	2015-01-05 16:04:04.026516	2015-01-05 16:04:04.026516	0.00000
4740	11	Products::SamsungBook	KRW	0	20	9	\N	2015-01-05 16:04:04.029609	2015-01-05 16:04:04.029609	0.00000
4741	11	Products::SamsungBook	USD	0	20	9	\N	2015-01-05 16:04:04.032675	2015-01-05 16:04:04.032675	0.00000
4742	11	Products::SamsungBook	AUD	0	20	3	\N	2015-01-05 16:04:04.035773	2015-01-05 16:04:04.035773	0.00000
4743	11	Products::SamsungBook	CAD	0	20	3	\N	2015-01-05 16:04:04.038796	2015-01-05 16:04:04.038796	0.00000
4744	11	Products::SamsungBook	EUR	0	20	3	\N	2015-01-05 16:04:04.041745	2015-01-05 16:04:04.041745	0.00000
4745	11	Products::SamsungBook	GBP	0	20	3	\N	2015-01-05 16:04:04.125354	2015-01-05 16:04:04.125354	0.00000
4746	11	Products::SamsungBook	JPY	0	20	3	\N	2015-01-05 16:04:04.128702	2015-01-05 16:04:04.128702	0.00000
4747	11	Products::SamsungBook	KRW	0	20	3	\N	2015-01-05 16:04:04.131576	2015-01-05 16:04:04.131576	0.00000
4748	11	Products::SamsungBook	USD	0	20	3	\N	2015-01-05 16:04:04.134571	2015-01-05 16:04:04.134571	0.00000
4749	11	Products::StandardBook	AUD	0	20	3	\N	2015-01-05 16:04:04.137755	2015-01-05 16:04:04.137755	0.00000
4750	11	Products::StandardBook	CAD	0	20	3	\N	2015-01-05 16:04:04.140728	2015-01-05 16:04:04.140728	0.00000
4751	11	Products::StandardBook	EUR	0	20	3	\N	2015-01-05 16:04:04.143924	2015-01-05 16:04:04.143924	0.00000
4752	11	Products::StandardBook	GBP	0	20	3	\N	2015-01-05 16:04:04.147025	2015-01-05 16:04:04.147025	0.00000
4753	11	Products::StandardBook	USD	0	20	3	\N	2015-01-05 16:04:04.150115	2015-01-05 16:04:04.150115	0.00000
4754	11	Products::StandardBook	AUD	0	20	1	\N	2015-01-05 16:04:04.153177	2015-01-05 16:04:04.153177	0.00000
4755	11	Products::StandardBook	CAD	0	20	1	\N	2015-01-05 16:04:04.156042	2015-01-05 16:04:04.156042	0.00000
4756	11	Products::StandardBook	EUR	0	20	1	\N	2015-01-05 16:04:04.15888	2015-01-05 16:04:04.15888	0.00000
4757	11	Products::StandardBook	GBP	0	20	1	\N	2015-01-05 16:04:04.161985	2015-01-05 16:04:04.161985	0.00000
4758	11	Products::StandardBook	USD	0	20	1	\N	2015-01-05 16:04:04.164923	2015-01-05 16:04:04.164923	0.00000
4759	11	Products::StandardBook	AUD	0	20	2	\N	2015-01-05 16:04:04.167902	2015-01-05 16:04:04.167902	0.00000
4760	11	Products::StandardBook	CAD	0	20	2	\N	2015-01-05 16:04:04.170877	2015-01-05 16:04:04.170877	0.00000
4761	11	Products::StandardBook	EUR	0	20	2	\N	2015-01-05 16:04:04.266414	2015-01-05 16:04:04.266414	0.00000
4762	11	Products::StandardBook	GBP	0	20	2	\N	2015-01-05 16:04:04.26995	2015-01-05 16:04:04.26995	0.00000
4763	11	Products::StandardBook	USD	0	20	2	\N	2015-01-05 16:04:04.272942	2015-01-05 16:04:04.272942	0.00000
4764	11	Products::StandardBook	AUD	0	20	10	\N	2015-01-05 16:04:04.276027	2015-01-05 16:04:04.276027	0.00000
4765	11	Products::StandardBook	CAD	0	20	10	\N	2015-01-05 16:04:04.279204	2015-01-05 16:04:04.279204	0.00000
4766	11	Products::StandardBook	EUR	0	20	10	\N	2015-01-05 16:04:04.282237	2015-01-05 16:04:04.282237	0.00000
4767	11	Products::StandardBook	GBP	0	20	10	\N	2015-01-05 16:04:04.285326	2015-01-05 16:04:04.285326	0.00000
4768	11	Products::StandardBook	USD	0	20	10	\N	2015-01-05 16:04:04.288371	2015-01-05 16:04:04.288371	0.00000
4783	11	Products::StandardBook	AUD	21	440	4	\N	2015-01-05 16:04:04.417699	2015-01-05 16:04:04.417699	45.00000
4784	11	Products::StandardBook	CAD	21	440	4	\N	2015-01-05 16:04:04.420647	2015-01-05 16:04:04.420647	50.00000
4785	11	Products::StandardBook	EUR	21	440	4	\N	2015-01-05 16:04:04.423663	2015-01-05 16:04:04.423663	33.00000
4786	11	Products::StandardBook	GBP	21	440	4	\N	2015-01-05 16:04:04.426625	2015-01-05 16:04:04.426625	30.00000
4787	11	Products::StandardBook	USD	21	440	4	\N	2015-01-05 16:04:04.429803	2015-01-05 16:04:04.429803	50.00000
4788	11	Products::StandardBook	AUD	21	440	6	\N	2015-01-05 16:04:04.43274	2015-01-05 16:04:04.43274	50.00000
4789	11	Products::StandardBook	CAD	21	440	6	\N	2015-01-05 16:04:04.435689	2015-01-05 16:04:04.435689	55.00000
4790	11	Products::StandardBook	EUR	21	440	6	\N	2015-01-05 16:04:04.438647	2015-01-05 16:04:04.438647	37.00000
4792	11	Products::StandardBook	USD	21	440	6	\N	2015-01-05 16:04:04.444514	2015-01-05 16:04:04.444514	55.00000
4793	11	Products::StandardBook	AUD	21	440	3	\N	2015-01-05 16:04:04.527051	2015-01-05 16:04:04.527051	27.00000
4794	11	Products::StandardBook	CAD	21	440	3	\N	2015-01-05 16:04:04.53036	2015-01-05 16:04:04.53036	25.00000
4795	11	Products::StandardBook	EUR	21	440	3	\N	2015-01-05 16:04:04.533277	2015-01-05 16:04:04.533277	19.00000
4796	11	Products::StandardBook	GBP	21	440	3	\N	2015-01-05 16:04:04.536433	2015-01-05 16:04:04.536433	15.00000
4797	11	Products::StandardBook	USD	21	440	3	\N	2015-01-05 16:04:04.541253	2015-01-05 16:04:04.541253	25.00000
4798	11	Products::StandardBook	AUD	21	440	1	\N	2015-01-05 16:04:04.544543	2015-01-05 16:04:04.544543	32.00000
4799	11	Products::StandardBook	CAD	21	440	1	\N	2015-01-05 16:04:04.547718	2015-01-05 16:04:04.547718	30.00000
4800	11	Products::StandardBook	EUR	21	440	1	\N	2015-01-05 16:04:04.550856	2015-01-05 16:04:04.550856	19.00000
4801	11	Products::StandardBook	GBP	21	440	1	\N	2015-01-05 16:04:04.553943	2015-01-05 16:04:04.553943	18.00000
4802	11	Products::StandardBook	USD	21	440	1	\N	2015-01-05 16:04:04.557	2015-01-05 16:04:04.557	30.00000
4803	11	Products::StandardBook	AUD	21	440	2	\N	2015-01-05 16:04:04.560019	2015-01-05 16:04:04.560019	32.00000
4804	11	Products::StandardBook	CAD	21	440	2	\N	2015-01-05 16:04:04.563099	2015-01-05 16:04:04.563099	30.00000
4805	11	Products::StandardBook	EUR	21	440	2	\N	2015-01-05 16:04:04.566176	2015-01-05 16:04:04.566176	19.00000
4806	11	Products::StandardBook	GBP	21	440	2	\N	2015-01-05 16:04:04.569215	2015-01-05 16:04:04.569215	18.00000
4807	11	Products::StandardBook	USD	21	440	2	\N	2015-01-05 16:04:04.572295	2015-01-05 16:04:04.572295	30.00000
4808	11	Products::StandardBook	AUD	21	440	10	\N	2015-01-05 16:04:04.575292	2015-01-05 16:04:04.575292	32.00000
4809	11	Products::StandardBook	CAD	21	440	10	\N	2015-01-05 16:04:04.659709	2015-01-05 16:04:04.659709	30.00000
4810	11	Products::StandardBook	EUR	21	440	10	\N	2015-01-05 16:04:04.663964	2015-01-05 16:04:04.663964	19.00000
4811	11	Products::StandardBook	GBP	21	440	10	\N	2015-01-05 16:04:04.668358	2015-01-05 16:04:04.668358	18.00000
4812	11	Products::StandardBook	USD	21	440	10	\N	2015-01-05 16:04:04.671877	2015-01-05 16:04:04.671877	30.00000
4813	7	Products::StandardBook	AUD	0	20	4	\N	2015-01-05 16:04:04.676565	2015-01-05 16:04:04.676565	0.00000
4814	7	Products::StandardBook	CAD	0	20	4	\N	2015-01-05 16:04:04.681013	2015-01-05 16:04:04.681013	0.00000
4815	7	Products::StandardBook	EUR	0	20	4	\N	2015-01-05 16:04:04.684722	2015-01-05 16:04:04.684722	0.00000
4816	7	Products::StandardBook	GBP	0	20	4	\N	2015-01-05 16:04:04.687827	2015-01-05 16:04:04.687827	0.00000
4817	7	Products::StandardBook	USD	0	20	4	\N	2015-01-05 16:04:04.69076	2015-01-05 16:04:04.69076	0.00000
4818	7	Products::StandardBook	AUD	0	20	6	\N	2015-01-05 16:04:04.693672	2015-01-05 16:04:04.693672	0.00000
4819	7	Products::StandardBook	CAD	0	20	6	\N	2015-01-05 16:04:04.696731	2015-01-05 16:04:04.696731	0.00000
4820	7	Products::StandardBook	EUR	0	20	6	\N	2015-01-05 16:04:04.699611	2015-01-05 16:04:04.699611	0.00000
4821	7	Products::StandardBook	GBP	0	20	6	\N	2015-01-05 16:04:04.702675	2015-01-05 16:04:04.702675	0.00000
4822	7	Products::StandardBook	USD	0	20	6	\N	2015-01-05 16:04:04.705537	2015-01-05 16:04:04.705537	0.00000
4823	7	Products::StandardBook	AUD	0	20	3	\N	2015-01-05 16:04:04.708564	2015-01-05 16:04:04.708564	0.00000
4824	7	Products::StandardBook	CAD	0	20	3	\N	2015-01-05 16:04:04.711781	2015-01-05 16:04:04.711781	0.00000
4825	7	Products::StandardBook	EUR	0	20	3	\N	2015-01-05 16:04:04.79696	2015-01-05 16:04:04.79696	0.00000
4826	7	Products::StandardBook	GBP	0	20	3	\N	2015-01-05 16:04:04.801785	2015-01-05 16:04:04.801785	0.00000
4827	7	Products::StandardBook	USD	0	20	3	\N	2015-01-05 16:04:04.805106	2015-01-05 16:04:04.805106	0.00000
4828	7	Products::StandardBook	AUD	0	20	1	\N	2015-01-05 16:04:04.808217	2015-01-05 16:04:04.808217	0.00000
4829	7	Products::StandardBook	CAD	0	20	1	\N	2015-01-05 16:04:04.81148	2015-01-05 16:04:04.81148	0.00000
4830	7	Products::StandardBook	EUR	0	20	1	\N	2015-01-05 16:04:04.814906	2015-01-05 16:04:04.814906	0.00000
4831	7	Products::StandardBook	GBP	0	20	1	\N	2015-01-05 16:04:04.818138	2015-01-05 16:04:04.818138	0.00000
4832	7	Products::StandardBook	USD	0	20	1	\N	2015-01-05 16:04:04.821182	2015-01-05 16:04:04.821182	0.00000
4833	7	Products::StandardBook	AUD	0	20	2	\N	2015-01-05 16:04:04.824194	2015-01-05 16:04:04.824194	0.00000
4834	7	Products::StandardBook	CAD	0	20	2	\N	2015-01-05 16:04:04.827382	2015-01-05 16:04:04.827382	0.00000
4835	7	Products::StandardBook	EUR	0	20	2	\N	2015-01-05 16:04:04.830551	2015-01-05 16:04:04.830551	0.00000
4836	7	Products::StandardBook	GBP	0	20	2	\N	2015-01-05 16:04:04.833597	2015-01-05 16:04:04.833597	0.00000
4837	7	Products::StandardBook	USD	0	20	2	\N	2015-01-05 16:04:04.836602	2015-01-05 16:04:04.836602	0.00000
4838	7	Products::StandardBook	AUD	0	20	10	\N	2015-01-05 16:04:04.839608	2015-01-05 16:04:04.839608	0.00000
4839	7	Products::StandardBook	CAD	0	20	10	\N	2015-01-05 16:04:04.842616	2015-01-05 16:04:04.842616	0.00000
4840	7	Products::StandardBook	EUR	0	20	10	\N	2015-01-05 16:04:04.845637	2015-01-05 16:04:04.845637	0.00000
4841	7	Products::StandardBook	GBP	0	20	10	\N	2015-01-05 16:04:04.940551	2015-01-05 16:04:04.940551	0.00000
4842	7	Products::StandardBook	USD	0	20	10	\N	2015-01-05 16:04:04.94393	2015-01-05 16:04:04.94393	0.00000
4843	7	Products::StandardBook	AUD	21	440	4	\N	2015-01-05 16:04:04.946827	2015-01-05 16:04:04.946827	45.00000
4844	7	Products::StandardBook	CAD	21	440	4	\N	2015-01-05 16:04:04.950192	2015-01-05 16:04:04.950192	50.00000
4845	7	Products::StandardBook	EUR	21	440	4	\N	2015-01-05 16:04:04.953288	2015-01-05 16:04:04.953288	32.00000
4846	7	Products::StandardBook	GBP	21	440	4	\N	2015-01-05 16:04:04.956217	2015-01-05 16:04:04.956217	30.00000
4847	7	Products::StandardBook	USD	21	440	4	\N	2015-01-05 16:04:04.959623	2015-01-05 16:04:04.959623	50.00000
4848	7	Products::StandardBook	AUD	21	440	6	\N	2015-01-05 16:04:04.963315	2015-01-05 16:04:04.963315	50.00000
4849	7	Products::StandardBook	CAD	21	440	6	\N	2015-01-05 16:04:04.966478	2015-01-05 16:04:04.966478	55.00000
4850	7	Products::StandardBook	EUR	21	440	6	\N	2015-01-05 16:04:04.969998	2015-01-05 16:04:04.969998	37.00000
4852	7	Products::StandardBook	USD	21	440	6	\N	2015-01-05 16:04:04.977321	2015-01-05 16:04:04.977321	55.00000
4853	7	Products::StandardBook	AUD	21	440	3	\N	2015-01-05 16:04:04.980361	2015-01-05 16:04:04.980361	27.00000
4854	7	Products::StandardBook	CAD	21	440	3	\N	2015-01-05 16:04:04.983364	2015-01-05 16:04:04.983364	25.00000
4855	7	Products::StandardBook	EUR	21	440	3	\N	2015-01-05 16:04:04.986357	2015-01-05 16:04:04.986357	19.00000
4856	7	Products::StandardBook	GBP	21	440	3	\N	2015-01-05 16:04:04.98932	2015-01-05 16:04:04.98932	15.00000
4857	7	Products::StandardBook	USD	21	440	3	\N	2015-01-05 16:04:05.078663	2015-01-05 16:04:05.078663	25.00000
4858	7	Products::StandardBook	AUD	21	440	1	\N	2015-01-05 16:04:05.081969	2015-01-05 16:04:05.081969	32.00000
4859	7	Products::StandardBook	CAD	21	440	1	\N	2015-01-05 16:04:05.085195	2015-01-05 16:04:05.085195	30.00000
4860	7	Products::StandardBook	EUR	21	440	1	\N	2015-01-05 16:04:05.088288	2015-01-05 16:04:05.088288	19.00000
4861	7	Products::StandardBook	GBP	21	440	1	\N	2015-01-05 16:04:05.091354	2015-01-05 16:04:05.091354	18.00000
4862	7	Products::StandardBook	USD	21	440	1	\N	2015-01-05 16:04:05.094368	2015-01-05 16:04:05.094368	30.00000
4863	7	Products::StandardBook	AUD	21	440	2	\N	2015-01-05 16:04:05.097435	2015-01-05 16:04:05.097435	32.00000
4864	7	Products::StandardBook	CAD	21	440	2	\N	2015-01-05 16:04:05.100678	2015-01-05 16:04:05.100678	30.00000
4865	7	Products::StandardBook	EUR	21	440	2	\N	2015-01-05 16:04:05.10376	2015-01-05 16:04:05.10376	19.00000
4866	7	Products::StandardBook	GBP	21	440	2	\N	2015-01-05 16:04:05.106835	2015-01-05 16:04:05.106835	18.00000
4867	7	Products::StandardBook	USD	21	440	2	\N	2015-01-05 16:04:05.110105	2015-01-05 16:04:05.110105	30.00000
4868	7	Products::StandardBook	AUD	21	440	10	\N	2015-01-05 16:04:05.11407	2015-01-05 16:04:05.11407	32.00000
4869	7	Products::StandardBook	CAD	21	440	10	\N	2015-01-05 16:04:05.117762	2015-01-05 16:04:05.117762	30.00000
4870	7	Products::StandardBook	EUR	21	440	10	\N	2015-01-05 16:04:05.120907	2015-01-05 16:04:05.120907	19.00000
4871	7	Products::StandardBook	GBP	21	440	10	\N	2015-01-05 16:04:05.124033	2015-01-05 16:04:05.124033	18.00000
4872	7	Products::StandardBook	USD	21	440	10	\N	2015-01-05 16:04:05.127157	2015-01-05 16:04:05.127157	30.00000
4873	16	Products::StandardBook	AUD	0	20	4	\N	2015-01-05 16:04:05.222326	2015-01-05 16:04:05.222326	0.00000
4874	16	Products::StandardBook	CAD	0	20	4	\N	2015-01-05 16:04:05.225544	2015-01-05 16:04:05.225544	0.00000
4875	16	Products::StandardBook	EUR	0	20	4	\N	2015-01-05 16:04:05.228557	2015-01-05 16:04:05.228557	0.00000
4876	16	Products::StandardBook	GBP	0	20	4	\N	2015-01-05 16:04:05.231554	2015-01-05 16:04:05.231554	0.00000
4877	16	Products::StandardBook	USD	0	20	4	\N	2015-01-05 16:04:05.234527	2015-01-05 16:04:05.234527	0.00000
4878	16	Products::StandardBook	AUD	0	20	6	\N	2015-01-05 16:04:05.237408	2015-01-05 16:04:05.237408	0.00000
4879	16	Products::StandardBook	CAD	0	20	6	\N	2015-01-05 16:04:05.24051	2015-01-05 16:04:05.24051	0.00000
4880	16	Products::StandardBook	EUR	0	20	6	\N	2015-01-05 16:04:05.243621	2015-01-05 16:04:05.243621	0.00000
4881	16	Products::StandardBook	GBP	0	20	6	\N	2015-01-05 16:04:05.246653	2015-01-05 16:04:05.246653	0.00000
4882	16	Products::StandardBook	USD	0	20	6	\N	2015-01-05 16:04:05.249745	2015-01-05 16:04:05.249745	0.00000
4883	16	Products::StandardBook	AUD	0	20	3	\N	2015-01-05 16:04:05.252773	2015-01-05 16:04:05.252773	0.00000
4884	16	Products::StandardBook	CAD	0	20	3	\N	2015-01-05 16:04:05.255675	2015-01-05 16:04:05.255675	0.00000
4885	16	Products::StandardBook	EUR	0	20	3	\N	2015-01-05 16:04:05.258673	2015-01-05 16:04:05.258673	0.00000
4886	16	Products::StandardBook	GBP	0	20	3	\N	2015-01-05 16:04:05.261838	2015-01-05 16:04:05.261838	0.00000
4887	16	Products::StandardBook	USD	0	20	3	\N	2015-01-05 16:04:05.264928	2015-01-05 16:04:05.264928	0.00000
4888	16	Products::StandardBook	AUD	0	20	1	\N	2015-01-05 16:04:05.267791	2015-01-05 16:04:05.267791	0.00000
4889	16	Products::StandardBook	CAD	0	20	1	\N	2015-01-05 16:04:05.357613	2015-01-05 16:04:05.357613	0.00000
4890	16	Products::StandardBook	EUR	0	20	1	\N	2015-01-05 16:04:05.360648	2015-01-05 16:04:05.360648	0.00000
4891	16	Products::StandardBook	GBP	0	20	1	\N	2015-01-05 16:04:05.363729	2015-01-05 16:04:05.363729	0.00000
4892	16	Products::StandardBook	USD	0	20	1	\N	2015-01-05 16:04:05.366751	2015-01-05 16:04:05.366751	0.00000
4893	16	Products::StandardBook	AUD	0	20	2	\N	2015-01-05 16:04:05.369721	2015-01-05 16:04:05.369721	0.00000
4894	16	Products::StandardBook	CAD	0	20	2	\N	2015-01-05 16:04:05.37276	2015-01-05 16:04:05.37276	0.00000
4895	16	Products::StandardBook	EUR	0	20	2	\N	2015-01-05 16:04:05.375739	2015-01-05 16:04:05.375739	0.00000
4896	16	Products::StandardBook	GBP	0	20	2	\N	2015-01-05 16:04:05.378775	2015-01-05 16:04:05.378775	0.00000
4897	16	Products::StandardBook	USD	0	20	2	\N	2015-01-05 16:04:05.382223	2015-01-05 16:04:05.382223	0.00000
4898	16	Products::StandardBook	AUD	0	20	10	\N	2015-01-05 16:04:05.386755	2015-01-05 16:04:05.386755	0.00000
4899	16	Products::StandardBook	CAD	0	20	10	\N	2015-01-05 16:04:05.390538	2015-01-05 16:04:05.390538	0.00000
4900	16	Products::StandardBook	EUR	0	20	10	\N	2015-01-05 16:04:05.394485	2015-01-05 16:04:05.394485	0.00000
4901	16	Products::StandardBook	GBP	0	20	10	\N	2015-01-05 16:04:05.398642	2015-01-05 16:04:05.398642	0.00000
4902	16	Products::StandardBook	USD	0	20	10	\N	2015-01-05 16:04:05.402319	2015-01-05 16:04:05.402319	0.00000
4903	16	Products::StandardBook	AUD	21	440	4	\N	2015-01-05 16:04:05.406062	2015-01-05 16:04:05.406062	54.50000
4904	16	Products::StandardBook	CAD	21	440	4	\N	2015-01-05 16:04:05.409187	2015-01-05 16:04:05.409187	65.00000
4905	16	Products::StandardBook	EUR	21	440	4	\N	2015-01-05 16:04:05.506335	2015-01-05 16:04:05.506335	42.00000
4906	16	Products::StandardBook	GBP	21	440	4	\N	2015-01-05 16:04:05.509358	2015-01-05 16:04:05.509358	45.00000
4907	16	Products::StandardBook	USD	21	440	4	\N	2015-01-05 16:04:05.512487	2015-01-05 16:04:05.512487	65.00000
4908	16	Products::StandardBook	AUD	21	440	6	\N	2015-01-05 16:04:05.515629	2015-01-05 16:04:05.515629	59.00000
4909	16	Products::StandardBook	CAD	21	440	6	\N	2015-01-05 16:04:05.518799	2015-01-05 16:04:05.518799	75.00000
4912	16	Products::StandardBook	USD	21	440	6	\N	2015-01-05 16:04:05.52788	2015-01-05 16:04:05.52788	75.00000
4913	16	Products::StandardBook	AUD	21	440	3	\N	2015-01-05 16:04:05.531013	2015-01-05 16:04:05.531013	32.00000
4914	16	Products::StandardBook	CAD	21	440	3	\N	2015-01-05 16:04:05.533925	2015-01-05 16:04:05.533925	35.00000
4915	16	Products::StandardBook	EUR	21	440	3	\N	2015-01-05 16:04:05.536893	2015-01-05 16:04:05.536893	22.00000
4916	16	Products::StandardBook	GBP	21	440	3	\N	2015-01-05 16:04:05.539806	2015-01-05 16:04:05.539806	20.00000
4917	16	Products::StandardBook	USD	21	440	3	\N	2015-01-05 16:04:05.542968	2015-01-05 16:04:05.542968	35.00000
4918	16	Products::StandardBook	AUD	21	440	1	\N	2015-01-05 16:04:05.546152	2015-01-05 16:04:05.546152	36.00000
4919	16	Products::StandardBook	CAD	21	440	1	\N	2015-01-05 16:04:05.550077	2015-01-05 16:04:05.550077	40.00000
4920	16	Products::StandardBook	EUR	21	440	1	\N	2015-01-05 16:04:05.554742	2015-01-05 16:04:05.554742	22.00000
4921	16	Products::StandardBook	GBP	21	440	1	\N	2015-01-05 16:04:05.643688	2015-01-05 16:04:05.643688	25.00000
4922	16	Products::StandardBook	USD	21	440	1	\N	2015-01-05 16:04:05.647715	2015-01-05 16:04:05.647715	40.00000
4923	16	Products::StandardBook	AUD	21	440	2	\N	2015-01-05 16:04:05.652013	2015-01-05 16:04:05.652013	36.00000
4924	16	Products::StandardBook	CAD	21	440	2	\N	2015-01-05 16:04:05.655748	2015-01-05 16:04:05.655748	40.00000
4925	16	Products::StandardBook	EUR	21	440	2	\N	2015-01-05 16:04:05.659055	2015-01-05 16:04:05.659055	22.00000
4926	16	Products::StandardBook	GBP	21	440	2	\N	2015-01-05 16:04:05.662176	2015-01-05 16:04:05.662176	25.00000
4927	16	Products::StandardBook	USD	21	440	2	\N	2015-01-05 16:04:05.665831	2015-01-05 16:04:05.665831	40.00000
4928	16	Products::StandardBook	AUD	21	440	10	\N	2015-01-05 16:04:05.668927	2015-01-05 16:04:05.668927	36.00000
4929	16	Products::StandardBook	CAD	21	440	10	\N	2015-01-05 16:04:05.672064	2015-01-05 16:04:05.672064	40.00000
4930	16	Products::StandardBook	EUR	21	440	10	\N	2015-01-05 16:04:05.675018	2015-01-05 16:04:05.675018	22.00000
4931	16	Products::StandardBook	GBP	21	440	10	\N	2015-01-05 16:04:05.678088	2015-01-05 16:04:05.678088	25.00000
4932	16	Products::StandardBook	USD	21	440	10	\N	2015-01-05 16:04:05.681276	2015-01-05 16:04:05.681276	40.00000
4933	17	Products::StandardBook	AUD	0	20	4	\N	2015-01-05 16:04:05.684304	2015-01-05 16:04:05.684304	0.00000
4934	17	Products::StandardBook	CAD	0	20	4	\N	2015-01-05 16:04:05.687387	2015-01-05 16:04:05.687387	0.00000
4935	17	Products::StandardBook	EUR	0	20	4	\N	2015-01-05 16:04:05.690496	2015-01-05 16:04:05.690496	0.00000
4936	17	Products::StandardBook	GBP	0	20	4	\N	2015-01-05 16:04:05.693615	2015-01-05 16:04:05.693615	0.00000
4937	17	Products::StandardBook	USD	0	20	4	\N	2015-01-05 16:04:05.789717	2015-01-05 16:04:05.789717	0.00000
4938	17	Products::StandardBook	AUD	0	20	6	\N	2015-01-05 16:04:05.792975	2015-01-05 16:04:05.792975	0.00000
4939	17	Products::StandardBook	CAD	0	20	6	\N	2015-01-05 16:04:05.796125	2015-01-05 16:04:05.796125	0.00000
4940	17	Products::StandardBook	EUR	0	20	6	\N	2015-01-05 16:04:05.799944	2015-01-05 16:04:05.799944	0.00000
4941	17	Products::StandardBook	GBP	0	20	6	\N	2015-01-05 16:04:05.80395	2015-01-05 16:04:05.80395	0.00000
4942	17	Products::StandardBook	USD	0	20	6	\N	2015-01-05 16:04:05.807554	2015-01-05 16:04:05.807554	0.00000
4943	17	Products::StandardBook	AUD	0	20	3	\N	2015-01-05 16:04:05.810652	2015-01-05 16:04:05.810652	0.00000
4944	17	Products::StandardBook	CAD	0	20	3	\N	2015-01-05 16:04:05.814194	2015-01-05 16:04:05.814194	0.00000
4945	17	Products::StandardBook	EUR	0	20	3	\N	2015-01-05 16:04:05.817468	2015-01-05 16:04:05.817468	0.00000
4946	17	Products::StandardBook	GBP	0	20	3	\N	2015-01-05 16:04:05.820442	2015-01-05 16:04:05.820442	0.00000
4947	17	Products::StandardBook	USD	0	20	3	\N	2015-01-05 16:04:05.823466	2015-01-05 16:04:05.823466	0.00000
4948	17	Products::StandardBook	AUD	0	20	1	\N	2015-01-05 16:04:05.82642	2015-01-05 16:04:05.82642	0.00000
4949	17	Products::StandardBook	CAD	0	20	1	\N	2015-01-05 16:04:05.829428	2015-01-05 16:04:05.829428	0.00000
4950	17	Products::StandardBook	EUR	0	20	1	\N	2015-01-05 16:04:05.832536	2015-01-05 16:04:05.832536	0.00000
4951	17	Products::StandardBook	GBP	0	20	1	\N	2015-01-05 16:04:05.835672	2015-01-05 16:04:05.835672	0.00000
4952	17	Products::StandardBook	USD	0	20	1	\N	2015-01-05 16:04:05.838571	2015-01-05 16:04:05.838571	0.00000
4953	17	Products::StandardBook	AUD	0	20	2	\N	2015-01-05 16:04:05.934932	2015-01-05 16:04:05.934932	0.00000
4954	17	Products::StandardBook	CAD	0	20	2	\N	2015-01-05 16:04:05.937939	2015-01-05 16:04:05.937939	0.00000
4955	17	Products::StandardBook	EUR	0	20	2	\N	2015-01-05 16:04:05.941048	2015-01-05 16:04:05.941048	0.00000
4956	17	Products::StandardBook	GBP	0	20	2	\N	2015-01-05 16:04:05.944135	2015-01-05 16:04:05.944135	0.00000
4957	17	Products::StandardBook	USD	0	20	2	\N	2015-01-05 16:04:05.947167	2015-01-05 16:04:05.947167	0.00000
4958	17	Products::StandardBook	AUD	0	20	10	\N	2015-01-05 16:04:05.950092	2015-01-05 16:04:05.950092	0.00000
4959	17	Products::StandardBook	CAD	0	20	10	\N	2015-01-05 16:04:05.953709	2015-01-05 16:04:05.953709	0.00000
4960	17	Products::StandardBook	EUR	0	20	10	\N	2015-01-05 16:04:05.958157	2015-01-05 16:04:05.958157	0.00000
4961	17	Products::StandardBook	GBP	0	20	10	\N	2015-01-05 16:04:05.96183	2015-01-05 16:04:05.96183	0.00000
4962	17	Products::StandardBook	USD	0	20	10	\N	2015-01-05 16:04:05.965839	2015-01-05 16:04:05.965839	0.00000
4963	17	Products::StandardBook	AUD	21	440	4	\N	2015-01-05 16:04:05.968921	2015-01-05 16:04:05.968921	50.00000
4964	17	Products::StandardBook	CAD	21	440	4	\N	2015-01-05 16:04:05.97189	2015-01-05 16:04:05.97189	60.00000
4965	17	Products::StandardBook	EUR	21	440	4	\N	2015-01-05 16:04:05.974886	2015-01-05 16:04:05.974886	37.00000
4966	17	Products::StandardBook	GBP	21	440	4	\N	2015-01-05 16:04:05.977789	2015-01-05 16:04:05.977789	35.00000
4967	17	Products::StandardBook	USD	21	440	4	\N	2015-01-05 16:04:05.980713	2015-01-05 16:04:05.980713	60.00000
4968	17	Products::StandardBook	AUD	21	440	6	\N	2015-01-05 16:04:05.983637	2015-01-05 16:04:05.983637	54.50000
4970	17	Products::StandardBook	EUR	21	440	6	\N	2015-01-05 16:04:06.073993	2015-01-05 16:04:06.073993	42.00000
4973	17	Products::StandardBook	AUD	21	440	3	\N	2015-01-05 16:04:06.0832	2015-01-05 16:04:06.0832	32.00000
4974	17	Products::StandardBook	CAD	21	440	3	\N	2015-01-05 16:04:06.086145	2015-01-05 16:04:06.086145	30.00000
4975	17	Products::StandardBook	EUR	21	440	3	\N	2015-01-05 16:04:06.089105	2015-01-05 16:04:06.089105	21.00000
4976	17	Products::StandardBook	GBP	21	440	3	\N	2015-01-05 16:04:06.092119	2015-01-05 16:04:06.092119	18.00000
4977	17	Products::StandardBook	USD	21	440	3	\N	2015-01-05 16:04:06.095063	2015-01-05 16:04:06.095063	30.00000
4978	17	Products::StandardBook	AUD	21	440	1	\N	2015-01-05 16:04:06.09802	2015-01-05 16:04:06.09802	36.00000
4979	17	Products::StandardBook	CAD	21	440	1	\N	2015-01-05 16:04:06.101799	2015-01-05 16:04:06.101799	35.00000
4980	17	Products::StandardBook	EUR	21	440	1	\N	2015-01-05 16:04:06.105546	2015-01-05 16:04:06.105546	21.00000
4981	17	Products::StandardBook	GBP	21	440	1	\N	2015-01-05 16:04:06.108968	2015-01-05 16:04:06.108968	20.00000
4982	17	Products::StandardBook	USD	21	440	1	\N	2015-01-05 16:04:06.112122	2015-01-05 16:04:06.112122	35.00000
4983	17	Products::StandardBook	AUD	21	440	2	\N	2015-01-05 16:04:06.115063	2015-01-05 16:04:06.115063	36.00000
4984	17	Products::StandardBook	CAD	21	440	2	\N	2015-01-05 16:04:06.118081	2015-01-05 16:04:06.118081	35.00000
4985	17	Products::StandardBook	EUR	21	440	2	\N	2015-01-05 16:04:06.212708	2015-01-05 16:04:06.212708	21.00000
4986	17	Products::StandardBook	GBP	21	440	2	\N	2015-01-05 16:04:06.215859	2015-01-05 16:04:06.215859	20.00000
4987	17	Products::StandardBook	USD	21	440	2	\N	2015-01-05 16:04:06.218948	2015-01-05 16:04:06.218948	35.00000
4988	17	Products::StandardBook	AUD	21	440	10	\N	2015-01-05 16:04:06.221963	2015-01-05 16:04:06.221963	36.00000
4989	17	Products::StandardBook	CAD	21	440	10	\N	2015-01-05 16:04:06.224943	2015-01-05 16:04:06.224943	35.00000
4990	17	Products::StandardBook	EUR	21	440	10	\N	2015-01-05 16:04:06.227844	2015-01-05 16:04:06.227844	21.00000
4991	17	Products::StandardBook	GBP	21	440	10	\N	2015-01-05 16:04:06.230795	2015-01-05 16:04:06.230795	20.00000
4992	17	Products::StandardBook	USD	21	440	10	\N	2015-01-05 16:04:06.23376	2015-01-05 16:04:06.23376	35.00000
4993	10	Products::Brochure	AUD	0	4	8	1	2015-01-05 16:04:06.236853	2015-01-05 16:04:06.236853	0.00000
4994	10	Products::Brochure	CAD	0	4	8	1	2015-01-05 16:04:06.239993	2015-01-05 16:04:06.239993	0.00000
4995	10	Products::Brochure	EUR	0	4	8	1	2015-01-05 16:04:06.244579	2015-01-05 16:04:06.244579	0.00000
4996	10	Products::Brochure	GBP	0	4	8	1	2015-01-05 16:04:06.249283	2015-01-05 16:04:06.249283	0.00000
4997	10	Products::Brochure	USD	0	4	8	1	2015-01-05 16:04:06.253058	2015-01-05 16:04:06.253058	0.00000
4998	10	Products::Brochure	AUD	0	4	8	\N	2015-01-05 16:04:06.256302	2015-01-05 16:04:06.256302	0.00000
4999	10	Products::Brochure	CAD	0	4	8	\N	2015-01-05 16:04:06.259264	2015-01-05 16:04:06.259264	0.00000
5000	10	Products::Brochure	EUR	0	4	8	\N	2015-01-05 16:04:06.262231	2015-01-05 16:04:06.262231	0.00000
5001	10	Products::Brochure	GBP	0	4	8	\N	2015-01-05 16:04:06.350091	2015-01-05 16:04:06.350091	0.00000
5002	10	Products::Brochure	USD	0	4	8	\N	2015-01-05 16:04:06.352974	2015-01-05 16:04:06.352974	0.00000
5003	10	Products::Brochure	AUD	5	48	8	1	2015-01-05 16:04:06.355962	2015-01-05 16:04:06.355962	14.00000
5004	10	Products::Brochure	CAD	5	48	8	1	2015-01-05 16:04:06.359332	2015-01-05 16:04:06.359332	15.00000
5005	10	Products::Brochure	EUR	5	48	8	1	2015-01-05 16:04:06.362398	2015-01-05 16:04:06.362398	9.00000
5006	10	Products::Brochure	GBP	5	48	8	1	2015-01-05 16:04:06.365464	2015-01-05 16:04:06.365464	10.00000
5007	10	Products::Brochure	USD	5	48	8	1	2015-01-05 16:04:06.368516	2015-01-05 16:04:06.368516	15.00000
5008	10	Products::Brochure	AUD	5	48	8	\N	2015-01-05 16:04:06.371497	2015-01-05 16:04:06.371497	14.00000
5009	10	Products::Brochure	CAD	5	48	8	\N	2015-01-05 16:04:06.374462	2015-01-05 16:04:06.374462	15.00000
5010	10	Products::Brochure	EUR	5	48	8	\N	2015-01-05 16:04:06.377558	2015-01-05 16:04:06.377558	9.00000
5011	10	Products::Brochure	GBP	5	48	8	\N	2015-01-05 16:04:06.380509	2015-01-05 16:04:06.380509	10.00000
5012	10	Products::Brochure	USD	5	48	8	\N	2015-01-05 16:04:06.383507	2015-01-05 16:04:06.383507	15.00000
5013	10	Products::LegacyLetterBook	AUD	0	4	8	1	2015-01-05 16:04:06.386472	2015-01-05 16:04:06.386472	0.00000
5014	10	Products::LegacyLetterBook	CAD	0	4	8	1	2015-01-05 16:04:06.389457	2015-01-05 16:04:06.389457	0.00000
5015	10	Products::LegacyLetterBook	EUR	0	4	8	1	2015-01-05 16:04:06.392472	2015-01-05 16:04:06.392472	0.00000
5016	10	Products::LegacyLetterBook	GBP	0	4	8	1	2015-01-05 16:04:06.477044	2015-01-05 16:04:06.477044	0.00000
5017	10	Products::LegacyLetterBook	USD	0	4	8	1	2015-01-05 16:04:06.48055	2015-01-05 16:04:06.48055	0.00000
5018	10	Products::LegacyLetterBook	AUD	0	4	8	\N	2015-01-05 16:04:06.483477	2015-01-05 16:04:06.483477	0.00000
5019	10	Products::LegacyLetterBook	CAD	0	4	8	\N	2015-01-05 16:04:06.486474	2015-01-05 16:04:06.486474	0.00000
5020	10	Products::LegacyLetterBook	EUR	0	4	8	\N	2015-01-05 16:04:06.489566	2015-01-05 16:04:06.489566	0.00000
5021	10	Products::LegacyLetterBook	GBP	0	4	8	\N	2015-01-05 16:04:06.492556	2015-01-05 16:04:06.492556	0.00000
5022	10	Products::LegacyLetterBook	USD	0	4	8	\N	2015-01-05 16:04:06.495518	2015-01-05 16:04:06.495518	0.00000
5023	10	Products::LegacyLetterBook	AUD	5	440	8	1	2015-01-05 16:04:06.498543	2015-01-05 16:04:06.498543	14.00000
5024	10	Products::LegacyLetterBook	CAD	5	440	8	1	2015-01-05 16:04:06.50155	2015-01-05 16:04:06.50155	15.00000
5025	10	Products::LegacyLetterBook	EUR	5	440	8	1	2015-01-05 16:04:06.504581	2015-01-05 16:04:06.504581	9.00000
5026	10	Products::LegacyLetterBook	GBP	5	440	8	1	2015-01-05 16:04:06.507606	2015-01-05 16:04:06.507606	10.00000
5027	10	Products::LegacyLetterBook	USD	5	440	8	1	2015-01-05 16:04:06.510663	2015-01-05 16:04:06.510663	15.00000
5028	10	Products::LegacyLetterBook	AUD	5	440	8	\N	2015-01-05 16:04:06.513599	2015-01-05 16:04:06.513599	14.00000
5029	10	Products::LegacyLetterBook	CAD	5	440	8	\N	2015-01-05 16:04:06.516528	2015-01-05 16:04:06.516528	15.00000
5030	10	Products::LegacyLetterBook	EUR	5	440	8	\N	2015-01-05 16:04:06.519474	2015-01-05 16:04:06.519474	9.00000
5031	10	Products::LegacyLetterBook	GBP	5	440	8	\N	2015-01-05 16:04:06.523218	2015-01-05 16:04:06.523218	10.00000
5032	10	Products::LegacyLetterBook	USD	5	440	8	\N	2015-01-05 16:04:06.619474	2015-01-05 16:04:06.619474	15.00000
5033	10	Products::StandardBook	AUD	0	20	4	\N	2015-01-05 16:04:06.623073	2015-01-05 16:04:06.623073	0.00000
5034	10	Products::StandardBook	CAD	0	20	4	\N	2015-01-05 16:04:06.626061	2015-01-05 16:04:06.626061	0.00000
5035	10	Products::StandardBook	EUR	0	20	4	\N	2015-01-05 16:04:06.629033	2015-01-05 16:04:06.629033	0.00000
5036	10	Products::StandardBook	GBP	0	20	4	\N	2015-01-05 16:04:06.632048	2015-01-05 16:04:06.632048	0.00000
5037	10	Products::StandardBook	USD	0	20	4	\N	2015-01-05 16:04:06.634934	2015-01-05 16:04:06.634934	0.00000
5038	10	Products::StandardBook	AUD	0	20	6	\N	2015-01-05 16:04:06.637879	2015-01-05 16:04:06.637879	0.00000
5039	10	Products::StandardBook	CAD	0	20	6	\N	2015-01-05 16:04:06.64094	2015-01-05 16:04:06.64094	0.00000
5040	10	Products::StandardBook	EUR	0	20	6	\N	2015-01-05 16:04:06.643946	2015-01-05 16:04:06.643946	0.00000
5041	10	Products::StandardBook	GBP	0	20	6	\N	2015-01-05 16:04:06.64693	2015-01-05 16:04:06.64693	0.00000
5042	10	Products::StandardBook	USD	0	20	6	\N	2015-01-05 16:04:06.649964	2015-01-05 16:04:06.649964	0.00000
5043	10	Products::StandardBook	AUD	0	20	3	\N	2015-01-05 16:04:06.652889	2015-01-05 16:04:06.652889	0.00000
5044	10	Products::StandardBook	CAD	0	20	3	\N	2015-01-05 16:04:06.655821	2015-01-05 16:04:06.655821	0.00000
5045	10	Products::StandardBook	EUR	0	20	3	\N	2015-01-05 16:04:06.658786	2015-01-05 16:04:06.658786	0.00000
5046	10	Products::StandardBook	GBP	0	20	3	\N	2015-01-05 16:04:06.661691	2015-01-05 16:04:06.661691	0.00000
5047	10	Products::StandardBook	USD	0	20	3	\N	2015-01-05 16:04:06.664653	2015-01-05 16:04:06.664653	0.00000
5048	10	Products::StandardBook	AUD	0	20	1	\N	2015-01-05 16:04:06.751878	2015-01-05 16:04:06.751878	0.00000
5049	10	Products::StandardBook	CAD	0	20	1	\N	2015-01-05 16:04:06.755146	2015-01-05 16:04:06.755146	0.00000
5050	10	Products::StandardBook	EUR	0	20	1	\N	2015-01-05 16:04:06.757981	2015-01-05 16:04:06.757981	0.00000
5051	10	Products::StandardBook	GBP	0	20	1	\N	2015-01-05 16:04:06.760828	2015-01-05 16:04:06.760828	0.00000
5052	10	Products::StandardBook	USD	0	20	1	\N	2015-01-05 16:04:06.763828	2015-01-05 16:04:06.763828	0.00000
5053	10	Products::StandardBook	AUD	0	20	2	\N	2015-01-05 16:04:06.766887	2015-01-05 16:04:06.766887	0.00000
5054	10	Products::StandardBook	CAD	0	20	2	\N	2015-01-05 16:04:06.770253	2015-01-05 16:04:06.770253	0.00000
5055	10	Products::StandardBook	EUR	0	20	2	\N	2015-01-05 16:04:06.774994	2015-01-05 16:04:06.774994	0.00000
5056	10	Products::StandardBook	GBP	0	20	2	\N	2015-01-05 16:04:06.778821	2015-01-05 16:04:06.778821	0.00000
5057	10	Products::StandardBook	USD	0	20	2	\N	2015-01-05 16:04:06.782141	2015-01-05 16:04:06.782141	0.00000
5058	10	Products::StandardBook	AUD	0	20	10	\N	2015-01-05 16:04:06.785304	2015-01-05 16:04:06.785304	0.00000
5059	10	Products::StandardBook	CAD	0	20	10	\N	2015-01-05 16:04:06.7884	2015-01-05 16:04:06.7884	0.00000
5060	10	Products::StandardBook	EUR	0	20	10	\N	2015-01-05 16:04:06.791473	2015-01-05 16:04:06.791473	0.00000
5061	10	Products::StandardBook	GBP	0	20	10	\N	2015-01-05 16:04:06.794495	2015-01-05 16:04:06.794495	0.00000
5062	10	Products::StandardBook	USD	0	20	10	\N	2015-01-05 16:04:06.799152	2015-01-05 16:04:06.799152	0.00000
5063	10	Products::StandardBook	AUD	21	440	4	\N	2015-01-05 16:04:06.802447	2015-01-05 16:04:06.802447	41.00000
5064	10	Products::StandardBook	CAD	21	440	4	\N	2015-01-05 16:04:06.884954	2015-01-05 16:04:06.884954	40.00000
5065	10	Products::StandardBook	EUR	21	440	4	\N	2015-01-05 16:04:06.888271	2015-01-05 16:04:06.888271	28.00000
5066	10	Products::StandardBook	GBP	21	440	4	\N	2015-01-05 16:04:06.891134	2015-01-05 16:04:06.891134	25.00000
5067	10	Products::StandardBook	USD	21	440	4	\N	2015-01-05 16:04:06.894139	2015-01-05 16:04:06.894139	40.00000
5068	10	Products::StandardBook	AUD	21	440	6	\N	2015-01-05 16:04:06.898939	2015-01-05 16:04:06.898939	45.00000
5069	10	Products::StandardBook	CAD	21	440	6	\N	2015-01-05 16:04:06.903174	2015-01-05 16:04:06.903174	45.00000
5072	10	Products::StandardBook	USD	21	440	6	\N	2015-01-05 16:04:06.913074	2015-01-05 16:04:06.913074	45.00000
5073	10	Products::StandardBook	AUD	21	440	3	\N	2015-01-05 16:04:06.916067	2015-01-05 16:04:06.916067	23.00000
5074	10	Products::StandardBook	CAD	21	440	3	\N	2015-01-05 16:04:06.919004	2015-01-05 16:04:06.919004	20.00000
5075	10	Products::StandardBook	EUR	21	440	3	\N	2015-01-05 16:04:06.921961	2015-01-05 16:04:06.921961	17.00000
5076	10	Products::StandardBook	GBP	21	440	3	\N	2015-01-05 16:04:06.92491	2015-01-05 16:04:06.92491	12.00000
5078	10	Products::StandardBook	AUD	21	440	1	\N	2015-01-05 16:04:06.930762	2015-01-05 16:04:06.930762	27.00000
5079	10	Products::StandardBook	CAD	21	440	1	\N	2015-01-05 16:04:06.933687	2015-01-05 16:04:06.933687	25.00000
5080	10	Products::StandardBook	EUR	21	440	1	\N	2015-01-05 16:04:07.017538	2015-01-05 16:04:07.017538	17.00000
5081	10	Products::StandardBook	GBP	21	440	1	\N	2015-01-05 16:04:07.020861	2015-01-05 16:04:07.020861	15.00000
5083	10	Products::StandardBook	AUD	21	440	2	\N	2015-01-05 16:04:07.026896	2015-01-05 16:04:07.026896	27.00000
5084	10	Products::StandardBook	CAD	21	440	2	\N	2015-01-05 16:04:07.030022	2015-01-05 16:04:07.030022	25.00000
5085	10	Products::StandardBook	EUR	21	440	2	\N	2015-01-05 16:04:07.033221	2015-01-05 16:04:07.033221	17.00000
5086	10	Products::StandardBook	GBP	21	440	2	\N	2015-01-05 16:04:07.036255	2015-01-05 16:04:07.036255	15.00000
5088	10	Products::StandardBook	AUD	21	440	10	\N	2015-01-05 16:04:07.042209	2015-01-05 16:04:07.042209	27.00000
5089	10	Products::StandardBook	CAD	21	440	10	\N	2015-01-05 16:04:07.045169	2015-01-05 16:04:07.045169	25.00000
5090	10	Products::StandardBook	EUR	21	440	10	\N	2015-01-05 16:04:07.048123	2015-01-05 16:04:07.048123	17.00000
5091	10	Products::StandardBook	GBP	21	440	10	\N	2015-01-05 16:04:07.051155	2015-01-05 16:04:07.051155	15.00000
5093	45	Products::Magazine	AUD	0	20	8	1	2015-01-05 16:04:07.057732	2015-01-05 16:04:07.057732	0.00000
5094	45	Products::Magazine	CAD	0	20	8	1	2015-01-05 16:04:07.061805	2015-01-05 16:04:07.061805	0.00000
5095	45	Products::Magazine	EUR	0	20	8	1	2015-01-05 16:04:07.065298	2015-01-05 16:04:07.065298	0.00000
5096	45	Products::Magazine	GBP	0	20	8	1	2015-01-05 16:04:07.160015	2015-01-05 16:04:07.160015	0.00000
5097	45	Products::Magazine	USD	0	20	8	1	2015-01-05 16:04:07.16367	2015-01-05 16:04:07.16367	0.00000
5098	45	Products::Magazine	AUD	0	20	8	\N	2015-01-05 16:04:07.166657	2015-01-05 16:04:07.166657	0.00000
5099	45	Products::Magazine	CAD	0	20	8	\N	2015-01-05 16:04:07.16976	2015-01-05 16:04:07.16976	0.00000
5100	45	Products::Magazine	EUR	0	20	8	\N	2015-01-05 16:04:07.172802	2015-01-05 16:04:07.172802	0.00000
5101	45	Products::Magazine	GBP	0	20	8	\N	2015-01-05 16:04:07.175829	2015-01-05 16:04:07.175829	0.00000
5102	45	Products::Magazine	USD	0	20	8	\N	2015-01-05 16:04:07.178846	2015-01-05 16:04:07.178846	0.00000
5103	45	Products::Magazine	AUD	21	440	8	1	2015-01-05 16:04:07.18198	2015-01-05 16:04:07.18198	14.00000
5104	45	Products::Magazine	CAD	21	440	8	1	2015-01-05 16:04:07.185035	2015-01-05 16:04:07.185035	15.00000
5105	45	Products::Magazine	EUR	21	440	8	1	2015-01-05 16:04:07.188193	2015-01-05 16:04:07.188193	8.00000
5106	45	Products::Magazine	GBP	21	440	8	1	2015-01-05 16:04:07.191343	2015-01-05 16:04:07.191343	10.00000
5107	45	Products::Magazine	USD	21	440	8	1	2015-01-05 16:04:07.194466	2015-01-05 16:04:07.194466	15.00000
5108	45	Products::Magazine	AUD	21	440	8	\N	2015-01-05 16:04:07.198073	2015-01-05 16:04:07.198073	14.00000
5109	45	Products::Magazine	CAD	21	440	8	\N	2015-01-05 16:04:07.201531	2015-01-05 16:04:07.201531	15.00000
5110	45	Products::Magazine	EUR	21	440	8	\N	2015-01-05 16:04:07.204804	2015-01-05 16:04:07.204804	8.00000
5111	45	Products::Magazine	GBP	21	440	8	\N	2015-01-05 16:04:07.207868	2015-01-05 16:04:07.207868	10.00000
5112	45	Products::Magazine	USD	21	440	8	\N	2015-01-05 16:04:07.290727	2015-01-05 16:04:07.290727	15.00000
5113	46	Products::SamsungMagazine	AUD	0	20	8	\N	2015-01-05 16:04:07.294189	2015-01-05 16:04:07.294189	0.00000
5114	46	Products::SamsungMagazine	CAD	0	20	8	\N	2015-01-05 16:04:07.297127	2015-01-05 16:04:07.297127	0.00000
5115	46	Products::SamsungMagazine	EUR	0	20	8	\N	2015-01-05 16:04:07.30067	2015-01-05 16:04:07.30067	0.00000
5116	46	Products::SamsungMagazine	GBP	0	20	8	\N	2015-01-05 16:04:07.303907	2015-01-05 16:04:07.303907	0.00000
5117	46	Products::SamsungMagazine	JPY	0	20	8	\N	2015-01-05 16:04:07.306934	2015-01-05 16:04:07.306934	0.00000
5118	46	Products::SamsungMagazine	KRW	0	20	8	\N	2015-01-05 16:04:07.309968	2015-01-05 16:04:07.309968	0.00000
5119	46	Products::SamsungMagazine	USD	0	20	8	\N	2015-01-05 16:04:07.313016	2015-01-05 16:04:07.313016	0.00000
5120	46	Products::SamsungMagazine	AUD	21	150	8	\N	2015-01-05 16:04:07.316055	2015-01-05 16:04:07.316055	25.00000
5121	46	Products::SamsungMagazine	CAD	21	150	8	\N	2015-01-05 16:04:07.319081	2015-01-05 16:04:07.319081	20.00000
5122	46	Products::SamsungMagazine	EUR	21	150	8	\N	2015-01-05 16:04:07.322063	2015-01-05 16:04:07.322063	20.00000
5123	46	Products::SamsungMagazine	GBP	21	150	8	\N	2015-01-05 16:04:07.325054	2015-01-05 16:04:07.325054	16.00000
5124	46	Products::SamsungMagazine	JPY	21	150	8	\N	2015-01-05 16:04:07.328032	2015-01-05 16:04:07.328032	2280.00000
5125	46	Products::SamsungMagazine	KRW	21	150	8	\N	2015-01-05 16:04:07.331019	2015-01-05 16:04:07.331019	29015.00000
5126	46	Products::SamsungMagazine	USD	21	150	8	\N	2015-01-05 16:04:07.333988	2015-01-05 16:04:07.333988	20.00000
5127	10	Products::ChickenSoupBook	USD	0	60	3	\N	2015-01-05 16:04:07.336936	2015-01-05 16:04:07.336936	0.00000
5128	7	Products::ChickenSoupBook	USD	0	60	3	\N	2015-01-05 16:04:07.43923	2015-01-05 16:04:07.43923	0.00000
5129	11	Products::ChickenSoupBook	USD	0	60	3	\N	2015-01-05 16:04:07.442962	2015-01-05 16:04:07.442962	0.00000
5130	17	Products::ChickenSoupBook	USD	0	60	3	\N	2015-01-05 16:04:07.445955	2015-01-05 16:04:07.445955	0.00000
5131	16	Products::ChickenSoupBook	USD	0	60	3	\N	2015-01-05 16:04:07.448815	2015-01-05 16:04:07.448815	0.00000
5132	10	Products::ChickenSoupBook	EUR	0	60	3	\N	2015-01-05 16:04:07.451858	2015-01-05 16:04:07.451858	0.00000
5133	7	Products::ChickenSoupBook	EUR	0	60	3	\N	2015-01-05 16:04:07.454834	2015-01-05 16:04:07.454834	0.00000
5134	11	Products::ChickenSoupBook	EUR	0	60	3	\N	2015-01-05 16:04:07.457863	2015-01-05 16:04:07.457863	0.00000
5135	17	Products::ChickenSoupBook	EUR	0	60	3	\N	2015-01-05 16:04:07.46087	2015-01-05 16:04:07.46087	0.00000
5136	16	Products::ChickenSoupBook	EUR	0	60	3	\N	2015-01-05 16:04:07.463891	2015-01-05 16:04:07.463891	0.00000
5137	10	Products::ChickenSoupBook	AUD	0	60	3	\N	2015-01-05 16:04:07.466914	2015-01-05 16:04:07.466914	0.00000
5138	7	Products::ChickenSoupBook	AUD	0	60	3	\N	2015-01-05 16:04:07.469871	2015-01-05 16:04:07.469871	0.00000
5139	11	Products::ChickenSoupBook	AUD	0	60	3	\N	2015-01-05 16:04:07.472896	2015-01-05 16:04:07.472896	0.00000
5140	17	Products::ChickenSoupBook	AUD	0	60	3	\N	2015-01-05 16:04:07.475892	2015-01-05 16:04:07.475892	0.00000
5141	16	Products::ChickenSoupBook	AUD	0	60	3	\N	2015-01-05 16:04:07.478946	2015-01-05 16:04:07.478946	0.00000
5142	10	Products::ChickenSoupBook	GBP	0	60	3	\N	2015-01-05 16:04:07.481888	2015-01-05 16:04:07.481888	0.00000
5143	7	Products::ChickenSoupBook	GBP	0	60	3	\N	2015-01-05 16:04:07.484874	2015-01-05 16:04:07.484874	0.00000
5144	11	Products::ChickenSoupBook	GBP	0	60	3	\N	2015-01-05 16:04:07.575904	2015-01-05 16:04:07.575904	0.00000
5145	17	Products::ChickenSoupBook	GBP	0	60	3	\N	2015-01-05 16:04:07.579281	2015-01-05 16:04:07.579281	0.00000
5146	16	Products::ChickenSoupBook	GBP	0	60	3	\N	2015-01-05 16:04:07.582158	2015-01-05 16:04:07.582158	0.00000
5147	10	Products::ChickenSoupBook	CAD	0	60	3	\N	2015-01-05 16:04:07.585109	2015-01-05 16:04:07.585109	0.00000
5148	7	Products::ChickenSoupBook	CAD	0	60	3	\N	2015-01-05 16:04:07.588174	2015-01-05 16:04:07.588174	0.00000
5149	11	Products::ChickenSoupBook	CAD	0	60	3	\N	2015-01-05 16:04:07.59117	2015-01-05 16:04:07.59117	0.00000
5150	17	Products::ChickenSoupBook	CAD	0	60	3	\N	2015-01-05 16:04:07.594159	2015-01-05 16:04:07.594159	0.00000
5151	16	Products::ChickenSoupBook	CAD	0	60	3	\N	2015-01-05 16:04:07.598592	2015-01-05 16:04:07.598592	0.00000
5177	10	Products::Magazine	AUD	0	20	8	1	2015-01-05 16:04:07.853756	2015-01-05 16:04:07.853756	0.00000
5178	10	Products::Magazine	CAD	0	20	8	1	2015-01-05 16:04:07.856787	2015-01-05 16:04:07.856787	0.00000
5179	10	Products::Magazine	EUR	0	20	8	1	2015-01-05 16:04:07.8599	2015-01-05 16:04:07.8599	0.00000
5180	10	Products::Magazine	GBP	0	20	8	1	2015-01-05 16:04:07.86306	2015-01-05 16:04:07.86306	0.00000
5181	10	Products::Magazine	USD	0	20	8	1	2015-01-05 16:04:07.866087	2015-01-05 16:04:07.866087	0.00000
5182	10	Products::Magazine	AUD	0	20	8	\N	2015-01-05 16:04:07.869823	2015-01-05 16:04:07.869823	0.00000
5183	10	Products::Magazine	CAD	0	20	8	\N	2015-01-05 16:04:07.873182	2015-01-05 16:04:07.873182	0.00000
5184	10	Products::Magazine	EUR	0	20	8	\N	2015-01-05 16:04:07.876164	2015-01-05 16:04:07.876164	0.00000
5185	10	Products::Magazine	GBP	0	20	8	\N	2015-01-05 16:04:07.879103	2015-01-05 16:04:07.879103	0.00000
5186	10	Products::Magazine	USD	0	20	8	\N	2015-01-05 16:04:07.882407	2015-01-05 16:04:07.882407	0.00000
5187	10	Products::Magazine	AUD	21	440	8	1	2015-01-05 16:04:07.885431	2015-01-05 16:04:07.885431	14.00000
5188	10	Products::Magazine	CAD	21	440	8	1	2015-01-05 16:04:07.8885	2015-01-05 16:04:07.8885	15.00000
5189	10	Products::Magazine	EUR	21	440	8	1	2015-01-05 16:04:07.891484	2015-01-05 16:04:07.891484	9.00000
5190	10	Products::Magazine	GBP	21	440	8	1	2015-01-05 16:04:07.894472	2015-01-05 16:04:07.894472	10.00000
5191	10	Products::Magazine	USD	21	440	8	1	2015-01-05 16:04:07.897566	2015-01-05 16:04:07.897566	15.00000
5192	10	Products::Magazine	AUD	21	440	8	\N	2015-01-05 16:04:07.992786	2015-01-05 16:04:07.992786	14.00000
5193	10	Products::Magazine	CAD	21	440	8	\N	2015-01-05 16:04:07.996525	2015-01-05 16:04:07.996525	15.00000
5194	10	Products::Magazine	EUR	21	440	8	\N	2015-01-05 16:04:07.999906	2015-01-05 16:04:07.999906	9.00000
5195	10	Products::Magazine	GBP	21	440	8	\N	2015-01-05 16:04:08.00308	2015-01-05 16:04:08.00308	10.00000
5196	10	Products::Magazine	USD	21	440	8	\N	2015-01-05 16:04:08.006198	2015-01-05 16:04:08.006198	15.00000
5197	57	Products::PremiumMagazine	USD	0	20	8	\N	2015-01-05 16:04:08.009234	2015-01-05 16:04:08.009234	0.00000
5198	57	Products::PremiumMagazine	USD	21	240	8	\N	2015-01-05 16:04:08.012938	2015-01-05 16:04:08.012938	20.00000
5199	57	Products::PremiumMagazine	CAD	0	20	8	\N	2015-01-05 16:04:08.017488	2015-01-05 16:04:08.017488	0.00000
5200	57	Products::PremiumMagazine	CAD	21	240	8	\N	2015-01-05 16:04:08.021083	2015-01-05 16:04:08.021083	20.00000
5201	57	Products::PremiumMagazine	AUD	0	20	8	\N	2015-01-05 16:04:08.024093	2015-01-05 16:04:08.024093	0.00000
5202	57	Products::PremiumMagazine	AUD	21	240	8	\N	2015-01-05 16:04:08.027556	2015-01-05 16:04:08.027556	18.00000
5203	57	Products::PremiumMagazine	GBP	0	20	8	\N	2015-01-05 16:04:08.031268	2015-01-05 16:04:08.031268	0.00000
5204	57	Products::PremiumMagazine	GBP	21	240	8	\N	2015-01-05 16:04:08.034528	2015-01-05 16:04:08.034528	20.00000
5205	57	Products::PremiumMagazine	EUR	0	20	8	\N	2015-01-05 16:04:08.037429	2015-01-05 16:04:08.037429	0.00000
5206	57	Products::PremiumMagazine	EUR	21	240	8	\N	2015-01-05 16:04:08.040671	2015-01-05 16:04:08.040671	17.00000
5207	49	Products::TradeBook	AUD	0	24	7	\N	2015-01-05 16:04:08.043674	2015-01-05 16:04:08.043674	0.00000
5208	49	Products::TradeBook	AUD	0	24	5	\N	2015-01-05 16:04:08.1385	2015-01-05 16:04:08.1385	0.00000
5209	49	Products::TradeBook	AUD	0	24	10	\N	2015-01-05 16:04:08.14322	2015-01-05 16:04:08.14322	0.00000
5210	51	Products::TradeBook	AUD	0	24	7	\N	2015-01-05 16:04:08.147721	2015-01-05 16:04:08.147721	0.00000
5211	51	Products::TradeBook	AUD	0	24	5	\N	2015-01-05 16:04:08.151393	2015-01-05 16:04:08.151393	0.00000
5212	51	Products::TradeBook	AUD	0	24	10	\N	2015-01-05 16:04:08.155035	2015-01-05 16:04:08.155035	0.00000
5213	48	Products::TradeBook	AUD	0	24	7	\N	2015-01-05 16:04:08.158266	2015-01-05 16:04:08.158266	0.00000
5214	48	Products::TradeBook	AUD	0	24	5	\N	2015-01-05 16:04:08.161494	2015-01-05 16:04:08.161494	0.00000
5215	48	Products::TradeBook	AUD	0	24	10	\N	2015-01-05 16:04:08.164578	2015-01-05 16:04:08.164578	0.00000
5216	52	Products::TradeBook	AUD	0	24	7	\N	2015-01-05 16:04:08.167653	2015-01-05 16:04:08.167653	0.00000
5217	52	Products::TradeBook	AUD	0	24	5	\N	2015-01-05 16:04:08.170674	2015-01-05 16:04:08.170674	0.00000
5218	52	Products::TradeBook	AUD	0	24	10	\N	2015-01-05 16:04:08.173635	2015-01-05 16:04:08.173635	0.00000
5219	50	Products::TradeBook	AUD	0	24	7	\N	2015-01-05 16:04:08.176622	2015-01-05 16:04:08.176622	0.00000
5220	50	Products::TradeBook	AUD	0	24	5	\N	2015-01-05 16:04:08.179572	2015-01-05 16:04:08.179572	0.00000
5221	50	Products::TradeBook	AUD	0	24	10	\N	2015-01-05 16:04:08.182652	2015-01-05 16:04:08.182652	0.00000
5222	49	Products::TradeBook	CAD	0	24	7	\N	2015-01-05 16:04:08.185573	2015-01-05 16:04:08.185573	0.00000
5223	49	Products::TradeBook	CAD	0	24	5	\N	2015-01-05 16:04:08.188533	2015-01-05 16:04:08.188533	0.00000
5224	49	Products::TradeBook	CAD	0	24	10	\N	2015-01-05 16:04:08.271973	2015-01-05 16:04:08.271973	0.00000
5225	51	Products::TradeBook	CAD	0	24	7	\N	2015-01-05 16:04:08.275185	2015-01-05 16:04:08.275185	0.00000
5226	51	Products::TradeBook	CAD	0	24	5	\N	2015-01-05 16:04:08.278019	2015-01-05 16:04:08.278019	0.00000
5227	51	Products::TradeBook	CAD	0	24	10	\N	2015-01-05 16:04:08.281038	2015-01-05 16:04:08.281038	0.00000
5228	48	Products::TradeBook	CAD	0	24	7	\N	2015-01-05 16:04:08.284003	2015-01-05 16:04:08.284003	0.00000
5229	48	Products::TradeBook	CAD	0	24	5	\N	2015-01-05 16:04:08.286878	2015-01-05 16:04:08.286878	0.00000
5230	48	Products::TradeBook	CAD	0	24	10	\N	2015-01-05 16:04:08.289791	2015-01-05 16:04:08.289791	0.00000
5231	52	Products::TradeBook	CAD	0	24	7	\N	2015-01-05 16:04:08.292817	2015-01-05 16:04:08.292817	0.00000
5232	52	Products::TradeBook	CAD	0	24	5	\N	2015-01-05 16:04:08.295756	2015-01-05 16:04:08.295756	0.00000
5233	52	Products::TradeBook	CAD	0	24	10	\N	2015-01-05 16:04:08.300543	2015-01-05 16:04:08.300543	0.00000
5234	50	Products::TradeBook	CAD	0	24	7	\N	2015-01-05 16:04:08.305622	2015-01-05 16:04:08.305622	0.00000
5235	50	Products::TradeBook	CAD	0	24	5	\N	2015-01-05 16:04:08.309482	2015-01-05 16:04:08.309482	0.00000
5236	50	Products::TradeBook	CAD	0	24	10	\N	2015-01-05 16:04:08.313103	2015-01-05 16:04:08.313103	0.00000
5237	49	Products::TradeBook	EUR	0	24	7	\N	2015-01-05 16:04:08.316249	2015-01-05 16:04:08.316249	0.00000
5238	49	Products::TradeBook	EUR	0	24	5	\N	2015-01-05 16:04:08.319328	2015-01-05 16:04:08.319328	0.00000
5239	49	Products::TradeBook	EUR	0	24	10	\N	2015-01-05 16:04:08.322486	2015-01-05 16:04:08.322486	0.00000
5240	51	Products::TradeBook	EUR	0	24	7	\N	2015-01-05 16:04:08.415371	2015-01-05 16:04:08.415371	0.00000
5241	51	Products::TradeBook	EUR	0	24	5	\N	2015-01-05 16:04:08.418938	2015-01-05 16:04:08.418938	0.00000
5242	51	Products::TradeBook	EUR	0	24	10	\N	2015-01-05 16:04:08.422135	2015-01-05 16:04:08.422135	0.00000
5243	48	Products::TradeBook	EUR	0	24	7	\N	2015-01-05 16:04:08.425142	2015-01-05 16:04:08.425142	0.00000
5244	48	Products::TradeBook	EUR	0	24	5	\N	2015-01-05 16:04:08.428006	2015-01-05 16:04:08.428006	0.00000
5245	48	Products::TradeBook	EUR	0	24	10	\N	2015-01-05 16:04:08.431106	2015-01-05 16:04:08.431106	0.00000
5246	52	Products::TradeBook	EUR	0	24	7	\N	2015-01-05 16:04:08.434237	2015-01-05 16:04:08.434237	0.00000
5247	52	Products::TradeBook	EUR	0	24	5	\N	2015-01-05 16:04:08.437385	2015-01-05 16:04:08.437385	0.00000
5248	52	Products::TradeBook	EUR	0	24	10	\N	2015-01-05 16:04:08.440437	2015-01-05 16:04:08.440437	0.00000
5249	50	Products::TradeBook	EUR	0	24	7	\N	2015-01-05 16:04:08.443537	2015-01-05 16:04:08.443537	0.00000
5250	50	Products::TradeBook	EUR	0	24	5	\N	2015-01-05 16:04:08.446586	2015-01-05 16:04:08.446586	0.00000
5251	50	Products::TradeBook	EUR	0	24	10	\N	2015-01-05 16:04:08.449569	2015-01-05 16:04:08.449569	0.00000
5252	49	Products::TradeBook	GBP	0	24	7	\N	2015-01-05 16:04:08.452743	2015-01-05 16:04:08.452743	0.00000
5253	49	Products::TradeBook	GBP	0	24	5	\N	2015-01-05 16:04:08.455785	2015-01-05 16:04:08.455785	0.00000
5254	49	Products::TradeBook	GBP	0	24	10	\N	2015-01-05 16:04:08.458749	2015-01-05 16:04:08.458749	0.00000
5255	51	Products::TradeBook	GBP	0	24	7	\N	2015-01-05 16:04:08.461873	2015-01-05 16:04:08.461873	0.00000
5256	51	Products::TradeBook	GBP	0	24	5	\N	2015-01-05 16:04:08.555232	2015-01-05 16:04:08.555232	0.00000
5257	51	Products::TradeBook	GBP	0	24	10	\N	2015-01-05 16:04:08.558501	2015-01-05 16:04:08.558501	0.00000
5258	48	Products::TradeBook	GBP	0	24	7	\N	2015-01-05 16:04:08.56146	2015-01-05 16:04:08.56146	0.00000
5259	48	Products::TradeBook	GBP	0	24	5	\N	2015-01-05 16:04:08.564613	2015-01-05 16:04:08.564613	0.00000
5260	48	Products::TradeBook	GBP	0	24	10	\N	2015-01-05 16:04:08.567683	2015-01-05 16:04:08.567683	0.00000
5261	52	Products::TradeBook	GBP	0	24	7	\N	2015-01-05 16:04:08.570856	2015-01-05 16:04:08.570856	0.00000
5262	52	Products::TradeBook	GBP	0	24	5	\N	2015-01-05 16:04:08.573886	2015-01-05 16:04:08.573886	0.00000
5263	52	Products::TradeBook	GBP	0	24	10	\N	2015-01-05 16:04:08.576902	2015-01-05 16:04:08.576902	0.00000
5264	50	Products::TradeBook	GBP	0	24	7	\N	2015-01-05 16:04:08.582157	2015-01-05 16:04:08.582157	0.00000
5265	50	Products::TradeBook	GBP	0	24	5	\N	2015-01-05 16:04:08.58613	2015-01-05 16:04:08.58613	0.00000
5266	50	Products::TradeBook	GBP	0	24	10	\N	2015-01-05 16:04:08.589622	2015-01-05 16:04:08.589622	0.00000
5267	49	Products::TradeBook	USD	0	24	7	\N	2015-01-05 16:04:08.592705	2015-01-05 16:04:08.592705	0.00000
5268	49	Products::TradeBook	USD	0	24	5	\N	2015-01-05 16:04:08.595947	2015-01-05 16:04:08.595947	0.00000
5269	49	Products::TradeBook	USD	0	24	10	\N	2015-01-05 16:04:08.599618	2015-01-05 16:04:08.599618	0.00000
5270	51	Products::TradeBook	USD	0	24	7	\N	2015-01-05 16:04:08.602975	2015-01-05 16:04:08.602975	0.00000
5271	51	Products::TradeBook	USD	0	24	5	\N	2015-01-05 16:04:08.606162	2015-01-05 16:04:08.606162	0.00000
5272	51	Products::TradeBook	USD	0	24	10	\N	2015-01-05 16:04:08.692184	2015-01-05 16:04:08.692184	0.00000
5273	48	Products::TradeBook	USD	0	24	7	\N	2015-01-05 16:04:08.695461	2015-01-05 16:04:08.695461	0.00000
5274	48	Products::TradeBook	USD	0	24	5	\N	2015-01-05 16:04:08.69833	2015-01-05 16:04:08.69833	0.00000
5275	48	Products::TradeBook	USD	0	24	10	\N	2015-01-05 16:04:08.701726	2015-01-05 16:04:08.701726	0.00000
5276	52	Products::TradeBook	USD	0	24	7	\N	2015-01-05 16:04:08.706026	2015-01-05 16:04:08.706026	0.00000
5277	52	Products::TradeBook	USD	0	24	5	\N	2015-01-05 16:04:08.709846	2015-01-05 16:04:08.709846	0.00000
5278	52	Products::TradeBook	USD	0	24	10	\N	2015-01-05 16:04:08.71319	2015-01-05 16:04:08.71319	0.00000
5279	50	Products::TradeBook	USD	0	24	7	\N	2015-01-05 16:04:08.716163	2015-01-05 16:04:08.716163	0.00000
5280	50	Products::TradeBook	USD	0	24	5	\N	2015-01-05 16:04:08.719039	2015-01-05 16:04:08.719039	0.00000
5281	50	Products::TradeBook	USD	0	24	10	\N	2015-01-05 16:04:08.721965	2015-01-05 16:04:08.721965	0.00000
5282	49	Products::TradeBook	AUD	25	480	7	\N	2015-01-05 16:04:08.725024	2015-01-05 16:04:08.725024	1.00000
5283	49	Products::TradeBook	AUD	25	480	5	\N	2015-01-05 16:04:08.727961	2015-01-05 16:04:08.727961	1.00000
5284	49	Products::TradeBook	AUD	25	480	10	\N	2015-01-05 16:04:08.731032	2015-01-05 16:04:08.731032	3.00000
5285	51	Products::TradeBook	AUD	25	480	7	\N	2015-01-05 16:04:08.733977	2015-01-05 16:04:08.733977	1.00000
5286	51	Products::TradeBook	AUD	25	480	5	\N	2015-01-05 16:04:08.736888	2015-01-05 16:04:08.736888	1.00000
5287	51	Products::TradeBook	AUD	25	480	10	\N	2015-01-05 16:04:08.739942	2015-01-05 16:04:08.739942	3.00000
5288	48	Products::TradeBook	AUD	25	480	7	\N	2015-01-05 16:04:08.829511	2015-01-05 16:04:08.829511	7.00000
5289	48	Products::TradeBook	AUD	25	480	5	\N	2015-01-05 16:04:08.832746	2015-01-05 16:04:08.832746	7.00000
5290	48	Products::TradeBook	AUD	25	480	10	\N	2015-01-05 16:04:08.835714	2015-01-05 16:04:08.835714	8.00000
5291	52	Products::TradeBook	AUD	25	480	7	\N	2015-01-05 16:04:08.838975	2015-01-05 16:04:08.838975	3.00000
5292	52	Products::TradeBook	AUD	25	480	5	\N	2015-01-05 16:04:08.842099	2015-01-05 16:04:08.842099	3.00000
5293	52	Products::TradeBook	AUD	25	480	10	\N	2015-01-05 16:04:08.845035	2015-01-05 16:04:08.845035	4.00000
5294	50	Products::TradeBook	AUD	25	480	7	\N	2015-01-05 16:04:08.847996	2015-01-05 16:04:08.847996	14.00000
5295	50	Products::TradeBook	AUD	25	480	5	\N	2015-01-05 16:04:08.850999	2015-01-05 16:04:08.850999	14.00000
5296	50	Products::TradeBook	AUD	25	480	10	\N	2015-01-05 16:04:08.854009	2015-01-05 16:04:08.854009	22.00000
5297	49	Products::TradeBook	CAD	25	480	7	\N	2015-01-05 16:04:08.856991	2015-01-05 16:04:08.856991	1.00000
5298	49	Products::TradeBook	CAD	25	480	5	\N	2015-01-05 16:04:08.859978	2015-01-05 16:04:08.859978	1.00000
5299	49	Products::TradeBook	CAD	25	480	10	\N	2015-01-05 16:04:08.863338	2015-01-05 16:04:08.863338	3.00000
5300	51	Products::TradeBook	CAD	25	480	7	\N	2015-01-05 16:04:08.86638	2015-01-05 16:04:08.86638	1.00000
5301	51	Products::TradeBook	CAD	25	480	5	\N	2015-01-05 16:04:08.869349	2015-01-05 16:04:08.869349	1.00000
5302	51	Products::TradeBook	CAD	25	480	10	\N	2015-01-05 16:04:08.874063	2015-01-05 16:04:08.874063	3.00000
5303	48	Products::TradeBook	CAD	25	480	7	\N	2015-01-05 16:04:08.87827	2015-01-05 16:04:08.87827	6.00000
5304	48	Products::TradeBook	CAD	25	480	5	\N	2015-01-05 16:04:08.961607	2015-01-05 16:04:08.961607	6.00000
5305	48	Products::TradeBook	CAD	25	480	10	\N	2015-01-05 16:04:08.966082	2015-01-05 16:04:08.966082	6.00000
5306	52	Products::TradeBook	CAD	25	480	7	\N	2015-01-05 16:04:08.970033	2015-01-05 16:04:08.970033	3.00000
5307	52	Products::TradeBook	CAD	25	480	5	\N	2015-01-05 16:04:08.973599	2015-01-05 16:04:08.973599	3.00000
5308	52	Products::TradeBook	CAD	25	480	10	\N	2015-01-05 16:04:08.977563	2015-01-05 16:04:08.977563	5.00000
5309	50	Products::TradeBook	CAD	25	480	7	\N	2015-01-05 16:04:08.980659	2015-01-05 16:04:08.980659	12.00000
5310	50	Products::TradeBook	CAD	25	480	5	\N	2015-01-05 16:04:08.985338	2015-01-05 16:04:08.985338	12.00000
5311	50	Products::TradeBook	CAD	25	480	10	\N	2015-01-05 16:04:08.990199	2015-01-05 16:04:08.990199	14.00000
5312	49	Products::TradeBook	EUR	25	480	7	\N	2015-01-05 16:04:08.993463	2015-01-05 16:04:08.993463	1.00000
5313	49	Products::TradeBook	EUR	25	480	5	\N	2015-01-05 16:04:08.996573	2015-01-05 16:04:08.996573	1.00000
5314	49	Products::TradeBook	EUR	25	480	10	\N	2015-01-05 16:04:08.999866	2015-01-05 16:04:08.999866	3.00000
5315	51	Products::TradeBook	EUR	25	480	7	\N	2015-01-05 16:04:09.004317	2015-01-05 16:04:09.004317	1.00000
5316	51	Products::TradeBook	EUR	25	480	5	\N	2015-01-05 16:04:09.008316	2015-01-05 16:04:09.008316	1.00000
5317	51	Products::TradeBook	EUR	25	480	10	\N	2015-01-05 16:04:09.011752	2015-01-05 16:04:09.011752	3.00000
5318	48	Products::TradeBook	EUR	25	480	7	\N	2015-01-05 16:04:09.015164	2015-01-05 16:04:09.015164	4.00000
5319	48	Products::TradeBook	EUR	25	480	5	\N	2015-01-05 16:04:09.018131	2015-01-05 16:04:09.018131	4.00000
5320	48	Products::TradeBook	EUR	25	480	10	\N	2015-01-05 16:04:09.107599	2015-01-05 16:04:09.107599	5.00000
5321	52	Products::TradeBook	EUR	25	480	7	\N	2015-01-05 16:04:09.110714	2015-01-05 16:04:09.110714	2.00000
5322	52	Products::TradeBook	EUR	25	480	5	\N	2015-01-05 16:04:09.113776	2015-01-05 16:04:09.113776	2.00000
5323	52	Products::TradeBook	EUR	25	480	10	\N	2015-01-05 16:04:09.116846	2015-01-05 16:04:09.116846	4.00000
5324	50	Products::TradeBook	EUR	25	480	7	\N	2015-01-05 16:04:09.119832	2015-01-05 16:04:09.119832	9.00000
5325	50	Products::TradeBook	EUR	25	480	5	\N	2015-01-05 16:04:09.122793	2015-01-05 16:04:09.122793	9.00000
5326	50	Products::TradeBook	EUR	25	480	10	\N	2015-01-05 16:04:09.125746	2015-01-05 16:04:09.125746	12.00000
5327	49	Products::TradeBook	GBP	25	480	7	\N	2015-01-05 16:04:09.128718	2015-01-05 16:04:09.128718	1.00000
5328	49	Products::TradeBook	GBP	25	480	5	\N	2015-01-05 16:04:09.131683	2015-01-05 16:04:09.131683	1.00000
5329	49	Products::TradeBook	GBP	25	480	10	\N	2015-01-05 16:04:09.134655	2015-01-05 16:04:09.134655	2.00000
5330	51	Products::TradeBook	GBP	25	480	7	\N	2015-01-05 16:04:09.137609	2015-01-05 16:04:09.137609	1.00000
5331	51	Products::TradeBook	GBP	25	480	5	\N	2015-01-05 16:04:09.140543	2015-01-05 16:04:09.140543	1.00000
5332	51	Products::TradeBook	GBP	25	480	10	\N	2015-01-05 16:04:09.143479	2015-01-05 16:04:09.143479	2.00000
5333	48	Products::TradeBook	GBP	25	480	7	\N	2015-01-05 16:04:09.146394	2015-01-05 16:04:09.146394	3.00000
5334	48	Products::TradeBook	GBP	25	480	5	\N	2015-01-05 16:04:09.149414	2015-01-05 16:04:09.149414	3.00000
5335	48	Products::TradeBook	GBP	25	480	10	\N	2015-01-05 16:04:09.15233	2015-01-05 16:04:09.15233	4.00000
5336	52	Products::TradeBook	GBP	25	480	7	\N	2015-01-05 16:04:09.234724	2015-01-05 16:04:09.234724	2.00000
5337	52	Products::TradeBook	GBP	25	480	5	\N	2015-01-05 16:04:09.237697	2015-01-05 16:04:09.237697	2.00000
5338	52	Products::TradeBook	GBP	25	480	10	\N	2015-01-05 16:04:09.240597	2015-01-05 16:04:09.240597	3.00000
5339	50	Products::TradeBook	GBP	25	480	7	\N	2015-01-05 16:04:09.243464	2015-01-05 16:04:09.243464	8.00000
5340	50	Products::TradeBook	GBP	25	480	5	\N	2015-01-05 16:04:09.246577	2015-01-05 16:04:09.246577	8.00000
5341	50	Products::TradeBook	GBP	25	480	10	\N	2015-01-05 16:04:09.249569	2015-01-05 16:04:09.249569	10.00000
5342	49	Products::TradeBook	USD	25	480	7	\N	2015-01-05 16:04:09.252514	2015-01-05 16:04:09.252514	1.00000
5343	49	Products::TradeBook	USD	25	480	5	\N	2015-01-05 16:04:09.255427	2015-01-05 16:04:09.255427	1.00000
5344	49	Products::TradeBook	USD	25	480	10	\N	2015-01-05 16:04:09.258319	2015-01-05 16:04:09.258319	3.00000
5345	51	Products::TradeBook	USD	25	480	7	\N	2015-01-05 16:04:09.261206	2015-01-05 16:04:09.261206	1.00000
5346	51	Products::TradeBook	USD	25	480	5	\N	2015-01-05 16:04:09.264221	2015-01-05 16:04:09.264221	1.00000
5347	51	Products::TradeBook	USD	25	480	10	\N	2015-01-05 16:04:09.267112	2015-01-05 16:04:09.267112	3.00000
5348	48	Products::TradeBook	USD	25	480	7	\N	2015-01-05 16:04:09.270061	2015-01-05 16:04:09.270061	6.00000
5349	48	Products::TradeBook	USD	25	480	5	\N	2015-01-05 16:04:09.273122	2015-01-05 16:04:09.273122	6.00000
5350	48	Products::TradeBook	USD	25	480	10	\N	2015-01-05 16:04:09.276003	2015-01-05 16:04:09.276003	6.00000
5351	52	Products::TradeBook	USD	25	480	7	\N	2015-01-05 16:04:09.278958	2015-01-05 16:04:09.278958	3.00000
5352	52	Products::TradeBook	USD	25	480	5	\N	2015-01-05 16:04:09.36886	2015-01-05 16:04:09.36886	3.00000
5353	52	Products::TradeBook	USD	25	480	10	\N	2015-01-05 16:04:09.372077	2015-01-05 16:04:09.372077	5.00000
5354	50	Products::TradeBook	USD	25	480	7	\N	2015-01-05 16:04:09.375295	2015-01-05 16:04:09.375295	12.00000
5355	50	Products::TradeBook	USD	25	480	5	\N	2015-01-05 16:04:09.378395	2015-01-05 16:04:09.378395	12.00000
5356	50	Products::TradeBook	USD	25	480	10	\N	2015-01-05 16:04:09.381435	2015-01-05 16:04:09.381435	14.00000
5359	11	Products::BlurbIosAppBook	USD	0	20	3	\N	2018-06-28 16:00:15.139032	2018-06-28 16:00:15.139032	0.00000
5360	11	Products::BlurbIosAppBook	USD	0	20	9	\N	2018-06-28 16:00:15.139032	2018-06-28 16:00:15.139032	0.00000
5361	11	Products::BlurbIosAppBook	AUD	0	20	3	\N	2018-06-28 16:00:15.155045	2018-06-28 16:00:15.155045	0.00000
5362	11	Products::BlurbIosAppBook	CAD	0	20	3	\N	2018-06-28 16:00:15.155045	2018-06-28 16:00:15.155045	0.00000
5363	11	Products::BlurbIosAppBook	EUR	0	20	3	\N	2018-06-28 16:00:15.155045	2018-06-28 16:00:15.155045	0.00000
5364	11	Products::BlurbIosAppBook	GBP	0	20	3	\N	2018-06-28 16:00:15.155045	2018-06-28 16:00:15.155045	0.00000
5365	11	Products::BlurbIosAppBook	AUD	0	20	9	\N	2018-06-28 16:00:15.155045	2018-06-28 16:00:15.155045	0.00000
5366	11	Products::BlurbIosAppBook	CAD	0	20	9	\N	2018-06-28 16:00:15.155045	2018-06-28 16:00:15.155045	0.00000
5367	11	Products::BlurbIosAppBook	EUR	0	20	9	\N	2018-06-28 16:00:15.155045	2018-06-28 16:00:15.155045	0.00000
5368	11	Products::BlurbIosAppBook	GBP	0	20	9	\N	2018-06-28 16:00:15.155045	2018-06-28 16:00:15.155045	0.00000
5377	60	Products::StandardBook	USD	0	20	3	\N	2018-06-28 16:00:15.398903	2018-06-28 16:00:15.398903	0.00000
5379	60	Products::StandardBook	CAD	0	20	3	\N	2018-06-28 16:00:15.398903	2018-06-28 16:00:15.398903	0.00000
5381	60	Products::StandardBook	AUD	0	20	3	\N	2018-06-28 16:00:15.398903	2018-06-28 16:00:15.398903	0.00000
5383	60	Products::StandardBook	GBP	0	20	3	\N	2018-06-28 16:00:15.398903	2018-06-28 16:00:15.398903	0.00000
5385	60	Products::StandardBook	EUR	0	20	3	\N	2018-06-28 16:00:15.398903	2018-06-28 16:00:15.398903	0.00000
5387	60	Products::StandardBook	USD	0	20	2	\N	2018-06-28 16:00:15.398903	2018-06-28 16:00:15.398903	0.00000
5389	60	Products::StandardBook	CAD	0	20	2	\N	2018-06-28 16:00:15.398903	2018-06-28 16:00:15.398903	0.00000
5391	60	Products::StandardBook	AUD	0	20	2	\N	2018-06-28 16:00:15.398903	2018-06-28 16:00:15.398903	0.00000
5393	60	Products::StandardBook	GBP	0	20	2	\N	2018-06-28 16:00:15.398903	2018-06-28 16:00:15.398903	0.00000
5395	60	Products::StandardBook	EUR	0	20	2	\N	2018-06-28 16:00:15.398903	2018-06-28 16:00:15.398903	0.00000
5397	60	Products::StandardBook	USD	0	20	10	\N	2018-06-28 16:00:15.398903	2018-06-28 16:00:15.398903	0.00000
5399	60	Products::StandardBook	CAD	0	20	10	\N	2018-06-28 16:00:15.398903	2018-06-28 16:00:15.398903	0.00000
5401	60	Products::StandardBook	AUD	0	20	10	\N	2018-06-28 16:00:15.398903	2018-06-28 16:00:15.398903	0.00000
5403	60	Products::StandardBook	GBP	0	20	10	\N	2018-06-28 16:00:15.398903	2018-06-28 16:00:15.398903	0.00000
5405	60	Products::StandardBook	EUR	0	20	10	\N	2018-06-28 16:00:15.398903	2018-06-28 16:00:15.398903	0.00000
5407	60	Products::StandardBook	USD	0	20	1	\N	2018-06-28 16:00:15.398903	2018-06-28 16:00:15.398903	0.00000
5409	60	Products::StandardBook	CAD	0	20	1	\N	2018-06-28 16:00:15.398903	2018-06-28 16:00:15.398903	0.00000
5411	60	Products::StandardBook	AUD	0	20	1	\N	2018-06-28 16:00:15.398903	2018-06-28 16:00:15.398903	0.00000
5413	60	Products::StandardBook	GBP	0	20	1	\N	2018-06-28 16:00:15.398903	2018-06-28 16:00:15.398903	0.00000
5415	60	Products::StandardBook	EUR	0	20	1	\N	2018-06-28 16:00:15.398903	2018-06-28 16:00:15.398903	0.00000
5417	60	Products::StandardBook	USD	0	20	6	\N	2018-06-28 16:00:15.398903	2018-06-28 16:00:15.398903	0.00000
5419	60	Products::StandardBook	CAD	0	20	6	\N	2018-06-28 16:00:15.398903	2018-06-28 16:00:15.398903	0.00000
5421	60	Products::StandardBook	AUD	0	20	6	\N	2018-06-28 16:00:15.398903	2018-06-28 16:00:15.398903	0.00000
5423	60	Products::StandardBook	GBP	0	20	6	\N	2018-06-28 16:00:15.398903	2018-06-28 16:00:15.398903	0.00000
5425	60	Products::StandardBook	EUR	0	20	6	\N	2018-06-28 16:00:15.398903	2018-06-28 16:00:15.398903	0.00000
5427	60	Products::StandardBook	USD	0	20	4	\N	2018-06-28 16:00:15.398903	2018-06-28 16:00:15.398903	0.00000
5429	60	Products::StandardBook	CAD	0	20	4	\N	2018-06-28 16:00:15.398903	2018-06-28 16:00:15.398903	0.00000
5431	60	Products::StandardBook	AUD	0	20	4	\N	2018-06-28 16:00:15.398903	2018-06-28 16:00:15.398903	0.00000
5433	60	Products::StandardBook	GBP	0	20	4	\N	2018-06-28 16:00:15.398903	2018-06-28 16:00:15.398903	0.00000
5435	60	Products::StandardBook	EUR	0	20	4	\N	2018-06-28 16:00:15.398903	2018-06-28 16:00:15.398903	0.00000
5437	80	Products::StandardBook	USD	0	20	3	\N	2020-11-30 18:46:27.446253	2020-11-30 18:46:27.446253	0.00000
5439	80	Products::StandardBook	CAD	0	20	3	\N	2020-11-30 18:46:27.446253	2020-11-30 18:46:27.446253	0.00000
5441	80	Products::StandardBook	AUD	0	20	3	\N	2020-11-30 18:46:27.446253	2020-11-30 18:46:27.446253	0.00000
5443	80	Products::StandardBook	GBP	0	20	3	\N	2020-11-30 18:46:27.446253	2020-11-30 18:46:27.446253	0.00000
5445	80	Products::StandardBook	EUR	0	20	3	\N	2020-11-30 18:46:27.446253	2020-11-30 18:46:27.446253	0.00000
5447	80	Products::StandardBook	USD	0	20	2	\N	2020-11-30 18:46:27.446253	2020-11-30 18:46:27.446253	0.00000
5448	80	Products::StandardBook	USD	21	110	2	\N	2020-11-30 18:46:27.446253	2020-11-30 18:46:27.446253	110.00000
5449	80	Products::StandardBook	CAD	0	20	2	\N	2020-11-30 18:46:27.446253	2020-11-30 18:46:27.446253	0.00000
5450	80	Products::StandardBook	CAD	21	110	2	\N	2020-11-30 18:46:27.446253	2020-11-30 18:46:27.446253	150.00000
5451	80	Products::StandardBook	AUD	0	20	2	\N	2020-11-30 18:46:27.446253	2020-11-30 18:46:27.446253	0.00000
5452	80	Products::StandardBook	AUD	21	110	2	\N	2020-11-30 18:46:27.446253	2020-11-30 18:46:27.446253	150.00000
5453	80	Products::StandardBook	GBP	0	20	2	\N	2020-11-30 18:46:27.446253	2020-11-30 18:46:27.446253	0.00000
5455	80	Products::StandardBook	EUR	0	20	2	\N	2020-11-30 18:46:27.446253	2020-11-30 18:46:27.446253	0.00000
5457	80	Products::StandardBook	USD	0	20	10	\N	2020-11-30 18:46:27.446253	2020-11-30 18:46:27.446253	0.00000
5458	80	Products::StandardBook	USD	21	110	10	\N	2020-11-30 18:46:27.446253	2020-11-30 18:46:27.446253	110.00000
5459	80	Products::StandardBook	CAD	0	20	10	\N	2020-11-30 18:46:27.446253	2020-11-30 18:46:27.446253	0.00000
5460	80	Products::StandardBook	CAD	21	110	10	\N	2020-11-30 18:46:27.446253	2020-11-30 18:46:27.446253	150.00000
5461	80	Products::StandardBook	AUD	0	20	10	\N	2020-11-30 18:46:27.446253	2020-11-30 18:46:27.446253	0.00000
5462	80	Products::StandardBook	AUD	21	110	10	\N	2020-11-30 18:46:27.446253	2020-11-30 18:46:27.446253	150.00000
5463	80	Products::StandardBook	GBP	0	20	10	\N	2020-11-30 18:46:27.446253	2020-11-30 18:46:27.446253	0.00000
5465	80	Products::StandardBook	EUR	0	20	10	\N	2020-11-30 18:46:27.446253	2020-11-30 18:46:27.446253	0.00000
5467	80	Products::StandardBook	USD	0	20	1	\N	2020-11-30 18:46:27.446253	2020-11-30 18:46:27.446253	0.00000
5468	80	Products::StandardBook	USD	21	110	1	\N	2020-11-30 18:46:27.446253	2020-11-30 18:46:27.446253	110.00000
5469	80	Products::StandardBook	CAD	0	20	1	\N	2020-11-30 18:46:27.446253	2020-11-30 18:46:27.446253	0.00000
5470	80	Products::StandardBook	CAD	21	110	1	\N	2020-11-30 18:46:27.446253	2020-11-30 18:46:27.446253	150.00000
5471	80	Products::StandardBook	AUD	0	20	1	\N	2020-11-30 18:46:27.446253	2020-11-30 18:46:27.446253	0.00000
5472	80	Products::StandardBook	AUD	21	110	1	\N	2020-11-30 18:46:27.446253	2020-11-30 18:46:27.446253	150.00000
5473	80	Products::StandardBook	GBP	0	20	1	\N	2020-11-30 18:46:27.446253	2020-11-30 18:46:27.446253	0.00000
5475	80	Products::StandardBook	EUR	0	20	1	\N	2020-11-30 18:46:27.446253	2020-11-30 18:46:27.446253	0.00000
5477	80	Products::StandardBook	USD	0	20	6	\N	2020-11-30 18:46:27.446253	2020-11-30 18:46:27.446253	0.00000
5478	80	Products::StandardBook	USD	21	110	6	\N	2020-11-30 18:46:27.446253	2020-11-30 18:46:27.446253	150.00000
5479	80	Products::StandardBook	CAD	0	20	6	\N	2020-11-30 18:46:27.446253	2020-11-30 18:46:27.446253	0.00000
5481	80	Products::StandardBook	AUD	0	20	6	\N	2020-11-30 18:46:27.446253	2020-11-30 18:46:27.446253	0.00000
5483	80	Products::StandardBook	GBP	0	20	6	\N	2020-11-30 18:46:27.446253	2020-11-30 18:46:27.446253	0.00000
5485	80	Products::StandardBook	EUR	0	20	6	\N	2020-11-30 18:46:27.446253	2020-11-30 18:46:27.446253	0.00000
5487	80	Products::StandardBook	USD	0	20	4	\N	2020-11-30 18:46:27.446253	2020-11-30 18:46:27.446253	0.00000
5488	80	Products::StandardBook	USD	21	110	4	\N	2020-11-30 18:46:27.446253	2020-11-30 18:46:27.446253	150.00000
5489	80	Products::StandardBook	CAD	0	20	4	\N	2020-11-30 18:46:27.446253	2020-11-30 18:46:27.446253	0.00000
5491	80	Products::StandardBook	AUD	0	20	4	\N	2020-11-30 18:46:27.446253	2020-11-30 18:46:27.446253	0.00000
5493	80	Products::StandardBook	GBP	0	20	4	\N	2020-11-30 18:46:27.446253	2020-11-30 18:46:27.446253	0.00000
5495	80	Products::StandardBook	EUR	0	20	4	\N	2020-11-30 18:46:27.446253	2020-11-30 18:46:27.446253	0.00000
5497	81	Products::StandardBook	USD	0	20	3	\N	2020-11-30 18:46:27.446253	2020-11-30 18:46:27.446253	0.00000
5499	81	Products::StandardBook	CAD	0	20	3	\N	2020-11-30 18:46:27.446253	2020-11-30 18:46:27.446253	0.00000
5501	81	Products::StandardBook	AUD	0	20	3	\N	2020-11-30 18:46:27.446253	2020-11-30 18:46:27.446253	0.00000
5503	81	Products::StandardBook	GBP	0	20	3	\N	2020-11-30 18:46:27.446253	2020-11-30 18:46:27.446253	0.00000
5505	81	Products::StandardBook	EUR	0	20	3	\N	2020-11-30 18:46:27.446253	2020-11-30 18:46:27.446253	0.00000
5507	81	Products::StandardBook	USD	0	20	2	\N	2020-11-30 18:46:27.446253	2020-11-30 18:46:27.446253	0.00000
5509	81	Products::StandardBook	CAD	0	20	2	\N	2020-11-30 18:46:27.446253	2020-11-30 18:46:27.446253	0.00000
5511	81	Products::StandardBook	AUD	0	20	2	\N	2020-11-30 18:46:27.446253	2020-11-30 18:46:27.446253	0.00000
5513	81	Products::StandardBook	GBP	0	20	2	\N	2020-11-30 18:46:27.446253	2020-11-30 18:46:27.446253	0.00000
5515	81	Products::StandardBook	EUR	0	20	2	\N	2020-11-30 18:46:27.446253	2020-11-30 18:46:27.446253	0.00000
5517	81	Products::StandardBook	USD	0	20	10	\N	2020-11-30 18:46:27.446253	2020-11-30 18:46:27.446253	0.00000
5519	81	Products::StandardBook	CAD	0	20	10	\N	2020-11-30 18:46:27.446253	2020-11-30 18:46:27.446253	0.00000
5521	81	Products::StandardBook	AUD	0	20	10	\N	2020-11-30 18:46:27.446253	2020-11-30 18:46:27.446253	0.00000
5523	81	Products::StandardBook	GBP	0	20	10	\N	2020-11-30 18:46:27.446253	2020-11-30 18:46:27.446253	0.00000
5525	81	Products::StandardBook	EUR	0	20	10	\N	2020-11-30 18:46:27.446253	2020-11-30 18:46:27.446253	0.00000
5527	81	Products::StandardBook	USD	0	20	1	\N	2020-11-30 18:46:27.446253	2020-11-30 18:46:27.446253	0.00000
5529	81	Products::StandardBook	CAD	0	20	1	\N	2020-11-30 18:46:27.446253	2020-11-30 18:46:27.446253	0.00000
5531	81	Products::StandardBook	AUD	0	20	1	\N	2020-11-30 18:46:27.446253	2020-11-30 18:46:27.446253	0.00000
5533	81	Products::StandardBook	GBP	0	20	1	\N	2020-11-30 18:46:27.446253	2020-11-30 18:46:27.446253	0.00000
5535	81	Products::StandardBook	EUR	0	20	1	\N	2020-11-30 18:46:27.446253	2020-11-30 18:46:27.446253	0.00000
5537	81	Products::StandardBook	USD	0	20	6	\N	2020-11-30 18:46:27.446253	2020-11-30 18:46:27.446253	0.00000
5539	81	Products::StandardBook	CAD	0	20	6	\N	2020-11-30 18:46:27.446253	2020-11-30 18:46:27.446253	0.00000
5541	81	Products::StandardBook	AUD	0	20	6	\N	2020-11-30 18:46:27.446253	2020-11-30 18:46:27.446253	0.00000
5543	81	Products::StandardBook	GBP	0	20	6	\N	2020-11-30 18:46:27.446253	2020-11-30 18:46:27.446253	0.00000
5545	81	Products::StandardBook	EUR	0	20	6	\N	2020-11-30 18:46:27.446253	2020-11-30 18:46:27.446253	0.00000
5547	81	Products::StandardBook	USD	0	20	4	\N	2020-11-30 18:46:27.446253	2020-11-30 18:46:27.446253	0.00000
5549	81	Products::StandardBook	CAD	0	20	4	\N	2020-11-30 18:46:27.446253	2020-11-30 18:46:27.446253	0.00000
5551	81	Products::StandardBook	AUD	0	20	4	\N	2020-11-30 18:46:27.446253	2020-11-30 18:46:27.446253	0.00000
5553	81	Products::StandardBook	GBP	0	20	4	\N	2020-11-30 18:46:27.446253	2020-11-30 18:46:27.446253	0.00000
5555	81	Products::StandardBook	EUR	0	20	4	\N	2020-11-30 18:46:27.446253	2020-11-30 18:46:27.446253	0.00000
5557	82	Products::StandardBook	USD	0	20	3	\N	2020-11-30 18:46:27.446253	2020-11-30 18:46:27.446253	0.00000
5559	82	Products::StandardBook	CAD	0	20	3	\N	2020-11-30 18:46:27.446253	2020-11-30 18:46:27.446253	0.00000
5561	82	Products::StandardBook	AUD	0	20	3	\N	2020-11-30 18:46:27.446253	2020-11-30 18:46:27.446253	0.00000
5563	82	Products::StandardBook	GBP	0	20	3	\N	2020-11-30 18:46:27.446253	2020-11-30 18:46:27.446253	0.00000
5565	82	Products::StandardBook	EUR	0	20	3	\N	2020-11-30 18:46:27.446253	2020-11-30 18:46:27.446253	0.00000
5567	82	Products::StandardBook	USD	0	20	2	\N	2020-11-30 18:46:27.446253	2020-11-30 18:46:27.446253	0.00000
5569	82	Products::StandardBook	CAD	0	20	2	\N	2020-11-30 18:46:27.446253	2020-11-30 18:46:27.446253	0.00000
5571	82	Products::StandardBook	AUD	0	20	2	\N	2020-11-30 18:46:27.446253	2020-11-30 18:46:27.446253	0.00000
5573	82	Products::StandardBook	GBP	0	20	2	\N	2020-11-30 18:46:27.446253	2020-11-30 18:46:27.446253	0.00000
5575	82	Products::StandardBook	EUR	0	20	2	\N	2020-11-30 18:46:27.446253	2020-11-30 18:46:27.446253	0.00000
5577	82	Products::StandardBook	USD	0	20	10	\N	2020-11-30 18:46:27.446253	2020-11-30 18:46:27.446253	0.00000
5579	82	Products::StandardBook	CAD	0	20	10	\N	2020-11-30 18:46:27.446253	2020-11-30 18:46:27.446253	0.00000
5581	82	Products::StandardBook	AUD	0	20	10	\N	2020-11-30 18:46:27.446253	2020-11-30 18:46:27.446253	0.00000
5583	82	Products::StandardBook	GBP	0	20	10	\N	2020-11-30 18:46:27.446253	2020-11-30 18:46:27.446253	0.00000
5585	82	Products::StandardBook	EUR	0	20	10	\N	2020-11-30 18:46:27.446253	2020-11-30 18:46:27.446253	0.00000
5587	82	Products::StandardBook	USD	0	20	1	\N	2020-11-30 18:46:27.446253	2020-11-30 18:46:27.446253	0.00000
5589	82	Products::StandardBook	CAD	0	20	1	\N	2020-11-30 18:46:27.446253	2020-11-30 18:46:27.446253	0.00000
5591	82	Products::StandardBook	AUD	0	20	1	\N	2020-11-30 18:46:27.446253	2020-11-30 18:46:27.446253	0.00000
5593	82	Products::StandardBook	GBP	0	20	1	\N	2020-11-30 18:46:27.446253	2020-11-30 18:46:27.446253	0.00000
5595	82	Products::StandardBook	EUR	0	20	1	\N	2020-11-30 18:46:27.446253	2020-11-30 18:46:27.446253	0.00000
5597	82	Products::StandardBook	USD	0	20	6	\N	2020-11-30 18:46:27.446253	2020-11-30 18:46:27.446253	0.00000
5599	82	Products::StandardBook	CAD	0	20	6	\N	2020-11-30 18:46:27.446253	2020-11-30 18:46:27.446253	0.00000
5601	82	Products::StandardBook	AUD	0	20	6	\N	2020-11-30 18:46:27.446253	2020-11-30 18:46:27.446253	0.00000
5603	82	Products::StandardBook	GBP	0	20	6	\N	2020-11-30 18:46:27.446253	2020-11-30 18:46:27.446253	0.00000
5605	82	Products::StandardBook	EUR	0	20	6	\N	2020-11-30 18:46:27.446253	2020-11-30 18:46:27.446253	0.00000
5607	82	Products::StandardBook	USD	0	20	4	\N	2020-11-30 18:46:27.446253	2020-11-30 18:46:27.446253	0.00000
5609	82	Products::StandardBook	CAD	0	20	4	\N	2020-11-30 18:46:27.446253	2020-11-30 18:46:27.446253	0.00000
5611	82	Products::StandardBook	AUD	0	20	4	\N	2020-11-30 18:46:27.446253	2020-11-30 18:46:27.446253	0.00000
5613	82	Products::StandardBook	GBP	0	20	4	\N	2020-11-30 18:46:27.446253	2020-11-30 18:46:27.446253	0.00000
5615	82	Products::StandardBook	EUR	0	20	4	\N	2020-11-30 18:46:27.446253	2020-11-30 18:46:27.446253	0.00000
5438	80	Products::StandardBook	USD	21	110	3	\N	2020-11-30 18:46:27.446253	2020-11-30 18:46:27.808086	110.00000
5442	80	Products::StandardBook	AUD	21	110	3	\N	2020-11-30 18:46:27.446253	2020-11-30 18:46:27.808086	131.81818
5482	80	Products::StandardBook	AUD	21	110	6	\N	2020-11-30 18:46:27.446253	2020-11-30 18:46:27.808086	222.72727
5492	80	Products::StandardBook	AUD	21	110	4	\N	2020-11-30 18:46:27.446253	2020-11-30 18:46:27.808086	231.81818
5440	80	Products::StandardBook	CAD	21	110	3	\N	2020-11-30 18:46:27.446253	2020-11-30 18:46:27.808086	140.00000
5480	80	Products::StandardBook	CAD	21	110	6	\N	2020-11-30 18:46:27.446253	2020-11-30 18:46:27.808086	200.00000
5490	80	Products::StandardBook	CAD	21	110	4	\N	2020-11-30 18:46:27.446253	2020-11-30 18:46:27.808086	200.00000
5446	80	Products::StandardBook	EUR	21	110	3	\N	2020-11-30 18:46:27.446253	2020-11-30 18:46:27.808086	95.00000
5456	80	Products::StandardBook	EUR	21	110	2	\N	2020-11-30 18:46:27.446253	2020-11-30 18:46:27.808086	100.00000
5466	80	Products::StandardBook	EUR	21	110	10	\N	2020-11-30 18:46:27.446253	2020-11-30 18:46:27.808086	100.00000
5476	80	Products::StandardBook	EUR	21	110	1	\N	2020-11-30 18:46:27.446253	2020-11-30 18:46:27.808086	100.00000
5486	80	Products::StandardBook	EUR	21	110	6	\N	2020-11-30 18:46:27.446253	2020-11-30 18:46:27.808086	142.00000
5496	80	Products::StandardBook	EUR	21	110	4	\N	2020-11-30 18:46:27.446253	2020-11-30 18:46:27.808086	142.00000
5444	80	Products::StandardBook	GBP	21	110	3	\N	2020-11-30 18:46:27.446253	2020-11-30 18:46:27.808086	85.00000
5454	80	Products::StandardBook	GBP	21	110	2	\N	2020-11-30 18:46:27.446253	2020-11-30 18:46:27.808086	95.00000
5464	80	Products::StandardBook	GBP	21	110	10	\N	2020-11-30 18:46:27.446253	2020-11-30 18:46:27.808086	95.00000
5474	80	Products::StandardBook	GBP	21	110	1	\N	2020-11-30 18:46:27.446253	2020-11-30 18:46:27.808086	95.00000
5484	80	Products::StandardBook	GBP	21	110	6	\N	2020-11-30 18:46:27.446253	2020-11-30 18:46:27.808086	125.00000
5494	80	Products::StandardBook	GBP	21	110	4	\N	2020-11-30 18:46:27.446253	2020-11-30 18:46:27.808086	145.00000
5498	81	Products::StandardBook	USD	21	110	3	\N	2020-11-30 18:46:27.446253	2020-11-30 18:46:27.808086	265.00000
5508	81	Products::StandardBook	USD	21	110	2	\N	2020-11-30 18:46:27.446253	2020-11-30 18:46:27.808086	265.00000
5518	81	Products::StandardBook	USD	21	110	10	\N	2020-11-30 18:46:27.446253	2020-11-30 18:46:27.808086	265.00000
5528	81	Products::StandardBook	USD	21	110	1	\N	2020-11-30 18:46:27.446253	2020-11-30 18:46:27.808086	265.00000
5538	81	Products::StandardBook	USD	21	110	6	\N	2020-11-30 18:46:27.446253	2020-11-30 18:46:27.808086	365.00000
5548	81	Products::StandardBook	USD	21	110	4	\N	2020-11-30 18:46:27.446253	2020-11-30 18:46:27.808086	365.00000
5502	81	Products::StandardBook	AUD	21	110	3	\N	2020-11-30 18:46:27.446253	2020-11-30 18:46:27.808086	227.27273
5512	81	Products::StandardBook	AUD	21	110	2	\N	2020-11-30 18:46:27.446253	2020-11-30 18:46:27.808086	268.18182
5522	81	Products::StandardBook	AUD	21	110	10	\N	2020-11-30 18:46:27.446253	2020-11-30 18:46:27.808086	268.18182
5532	81	Products::StandardBook	AUD	21	110	1	\N	2020-11-30 18:46:27.446253	2020-11-30 18:46:27.808086	268.18182
5542	81	Products::StandardBook	AUD	21	110	6	\N	2020-11-30 18:46:27.446253	2020-11-30 18:46:27.808086	418.18182
5552	81	Products::StandardBook	AUD	21	110	4	\N	2020-11-30 18:46:27.446253	2020-11-30 18:46:27.808086	445.45455
5500	81	Products::StandardBook	CAD	21	110	3	\N	2020-11-30 18:46:27.446253	2020-11-30 18:46:27.808086	360.40000
5510	81	Products::StandardBook	CAD	21	110	2	\N	2020-11-30 18:46:27.446253	2020-11-30 18:46:27.808086	360.40000
5520	81	Products::StandardBook	CAD	21	110	10	\N	2020-11-30 18:46:27.446253	2020-11-30 18:46:27.808086	360.40000
5530	81	Products::StandardBook	CAD	21	110	1	\N	2020-11-30 18:46:27.446253	2020-11-30 18:46:27.808086	360.40000
5540	81	Products::StandardBook	CAD	21	110	6	\N	2020-11-30 18:46:27.446253	2020-11-30 18:46:27.808086	495.00000
5550	81	Products::StandardBook	CAD	21	110	4	\N	2020-11-30 18:46:27.446253	2020-11-30 18:46:27.808086	495.00000
5506	81	Products::StandardBook	EUR	21	110	3	\N	2020-11-30 18:46:27.446253	2020-11-30 18:46:27.808086	227.48815
5516	81	Products::StandardBook	EUR	21	110	2	\N	2020-11-30 18:46:27.446253	2020-11-30 18:46:27.808086	246.44550
5526	81	Products::StandardBook	EUR	21	110	10	\N	2020-11-30 18:46:27.446253	2020-11-30 18:46:27.808086	246.44550
5536	81	Products::StandardBook	EUR	21	110	1	\N	2020-11-30 18:46:27.446253	2020-11-30 18:46:27.808086	246.44550
5546	81	Products::StandardBook	EUR	21	110	6	\N	2020-11-30 18:46:27.446253	2020-11-30 18:46:27.808086	331.75355
5556	81	Products::StandardBook	EUR	21	110	4	\N	2020-11-30 18:46:27.446253	2020-11-30 18:46:27.808086	331.75355
5504	81	Products::StandardBook	GBP	21	110	3	\N	2020-11-30 18:46:27.446253	2020-11-30 18:46:27.808086	150.00000
5514	81	Products::StandardBook	GBP	21	110	2	\N	2020-11-30 18:46:27.446253	2020-11-30 18:46:27.808086	200.00000
5524	81	Products::StandardBook	GBP	21	110	10	\N	2020-11-30 18:46:27.446253	2020-11-30 18:46:27.808086	200.00000
5534	81	Products::StandardBook	GBP	21	110	1	\N	2020-11-30 18:46:27.446253	2020-11-30 18:46:27.808086	200.00000
5544	81	Products::StandardBook	GBP	21	110	6	\N	2020-11-30 18:46:27.446253	2020-11-30 18:46:27.808086	300.00000
5554	81	Products::StandardBook	GBP	21	110	4	\N	2020-11-30 18:46:27.446253	2020-11-30 18:46:27.808086	350.00000
5558	82	Products::StandardBook	USD	21	110	3	\N	2020-11-30 18:46:27.446253	2020-11-30 18:46:27.808086	295.00000
5568	82	Products::StandardBook	USD	21	110	2	\N	2020-11-30 18:46:27.446253	2020-11-30 18:46:27.808086	295.00000
5578	82	Products::StandardBook	USD	21	110	10	\N	2020-11-30 18:46:27.446253	2020-11-30 18:46:27.808086	295.00000
5588	82	Products::StandardBook	USD	21	110	1	\N	2020-11-30 18:46:27.446253	2020-11-30 18:46:27.808086	295.00000
5598	82	Products::StandardBook	USD	21	110	6	\N	2020-11-30 18:46:27.446253	2020-11-30 18:46:27.808086	395.00000
5608	82	Products::StandardBook	USD	21	110	4	\N	2020-11-30 18:46:27.446253	2020-11-30 18:46:27.808086	395.00000
5562	82	Products::StandardBook	AUD	21	110	3	\N	2020-11-30 18:46:27.446253	2020-11-30 18:46:27.808086	245.45455
5572	82	Products::StandardBook	AUD	21	110	2	\N	2020-11-30 18:46:27.446253	2020-11-30 18:46:27.808086	309.09091
5582	82	Products::StandardBook	AUD	21	110	10	\N	2020-11-30 18:46:27.446253	2020-11-30 18:46:27.808086	309.09091
5592	82	Products::StandardBook	AUD	21	110	1	\N	2020-11-30 18:46:27.446253	2020-11-30 18:46:27.808086	309.09091
5602	82	Products::StandardBook	AUD	21	110	6	\N	2020-11-30 18:46:27.446253	2020-11-30 18:46:27.808086	445.45455
5612	82	Products::StandardBook	AUD	21	110	4	\N	2020-11-30 18:46:27.446253	2020-11-30 18:46:27.808086	472.72727
5560	82	Products::StandardBook	CAD	21	110	3	\N	2020-11-30 18:46:27.446253	2020-11-30 18:46:27.808086	400.00000
5570	82	Products::StandardBook	CAD	21	110	2	\N	2020-11-30 18:46:27.446253	2020-11-30 18:46:27.808086	400.00000
5580	82	Products::StandardBook	CAD	21	110	10	\N	2020-11-30 18:46:27.446253	2020-11-30 18:46:27.808086	400.00000
5590	82	Products::StandardBook	CAD	21	110	1	\N	2020-11-30 18:46:27.446253	2020-11-30 18:46:27.808086	400.00000
5600	82	Products::StandardBook	CAD	21	110	6	\N	2020-11-30 18:46:27.446253	2020-11-30 18:46:27.808086	540.00000
5610	82	Products::StandardBook	CAD	21	110	4	\N	2020-11-30 18:46:27.446253	2020-11-30 18:46:27.808086	540.00000
5566	82	Products::StandardBook	EUR	21	110	3	\N	2020-11-30 18:46:27.446253	2020-11-30 18:46:27.808086	255.92417
5576	82	Products::StandardBook	EUR	21	110	2	\N	2020-11-30 18:46:27.446253	2020-11-30 18:46:27.808086	274.88152
5586	82	Products::StandardBook	EUR	21	110	10	\N	2020-11-30 18:46:27.446253	2020-11-30 18:46:27.808086	274.88152
5596	82	Products::StandardBook	EUR	21	110	1	\N	2020-11-30 18:46:27.446253	2020-11-30 18:46:27.808086	274.88152
5606	82	Products::StandardBook	EUR	21	110	6	\N	2020-11-30 18:46:27.446253	2020-11-30 18:46:27.808086	369.66825
5616	82	Products::StandardBook	EUR	21	110	4	\N	2020-11-30 18:46:27.446253	2020-11-30 18:46:27.808086	369.66825
5564	82	Products::StandardBook	GBP	21	110	3	\N	2020-11-30 18:46:27.446253	2020-11-30 18:46:27.808086	175.00000
5574	82	Products::StandardBook	GBP	21	110	2	\N	2020-11-30 18:46:27.446253	2020-11-30 18:46:27.808086	225.00000
5584	82	Products::StandardBook	GBP	21	110	10	\N	2020-11-30 18:46:27.446253	2020-11-30 18:46:27.808086	225.00000
5594	82	Products::StandardBook	GBP	21	110	1	\N	2020-11-30 18:46:27.446253	2020-11-30 18:46:27.808086	225.00000
5604	82	Products::StandardBook	GBP	21	110	6	\N	2020-11-30 18:46:27.446253	2020-11-30 18:46:27.808086	325.00000
5614	82	Products::StandardBook	GBP	21	110	4	\N	2020-11-30 18:46:27.446253	2020-11-30 18:46:27.808086	375.00000
5617	11	Products::BlurbIosAppBook	AUD	21	150	9	\N	2020-11-30 18:46:30.760976	2020-11-30 18:46:30.760976	31.00000
5618	11	Products::BlurbIosAppBook	CAD	21	150	9	\N	2020-11-30 18:46:30.760976	2020-11-30 18:46:30.760976	36.00000
5619	11	Products::BlurbIosAppBook	EUR	21	150	9	\N	2020-11-30 18:46:30.760976	2020-11-30 18:46:30.760976	25.00000
5620	11	Products::BlurbIosAppBook	GBP	21	150	9	\N	2020-11-30 18:46:30.760976	2020-11-30 18:46:30.760976	20.00000
5621	11	Products::BlurbIosAppBook	USD	21	150	9	\N	2020-11-30 18:46:30.760976	2020-11-30 18:46:30.760976	30.00000
5622	11	Products::BlurbIosAppBook	AUD	21	150	3	\N	2020-11-30 18:46:30.760976	2020-11-30 18:46:30.760976	38.00000
5623	11	Products::BlurbIosAppBook	CAD	21	150	3	\N	2020-11-30 18:46:30.760976	2020-11-30 18:46:30.760976	42.00000
5624	11	Products::BlurbIosAppBook	EUR	21	150	3	\N	2020-11-30 18:46:30.760976	2020-11-30 18:46:30.760976	29.00000
5625	11	Products::BlurbIosAppBook	GBP	21	150	3	\N	2020-11-30 18:46:30.760976	2020-11-30 18:46:30.760976	24.00000
5626	11	Products::BlurbIosAppBook	USD	21	150	3	\N	2020-11-30 18:46:30.760976	2020-11-30 18:46:30.760976	36.00000
5627	11	Products::ChickenSoupBook	AUD	61	120	3	\N	2020-11-30 18:46:30.760976	2020-11-30 18:46:30.760976	24.00000
5628	11	Products::ChickenSoupBook	CAD	61	120	3	\N	2020-11-30 18:46:30.760976	2020-11-30 18:46:30.760976	24.00000
5629	11	Products::ChickenSoupBook	EUR	61	120	3	\N	2020-11-30 18:46:30.760976	2020-11-30 18:46:30.760976	16.00000
5630	11	Products::ChickenSoupBook	GBP	61	120	3	\N	2020-11-30 18:46:30.760976	2020-11-30 18:46:30.760976	16.00000
5631	11	Products::ChickenSoupBook	USD	61	120	3	\N	2020-11-30 18:46:30.760976	2020-11-30 18:46:30.760976	24.00000
5632	11	Products::SamsungBook	AUD	21	150	9	\N	2020-11-30 18:46:30.760976	2020-11-30 18:46:30.760976	26.00000
5633	11	Products::SamsungBook	CAD	21	150	9	\N	2020-11-30 18:46:30.760976	2020-11-30 18:46:30.760976	24.00000
5634	11	Products::SamsungBook	EUR	21	150	9	\N	2020-11-30 18:46:30.760976	2020-11-30 18:46:30.760976	20.00000
5635	11	Products::SamsungBook	GBP	21	150	9	\N	2020-11-30 18:46:30.760976	2020-11-30 18:46:30.760976	17.00000
5636	11	Products::SamsungBook	JPY	21	150	9	\N	2020-11-30 18:46:30.760976	2020-11-30 18:46:30.760976	2230.00000
5637	11	Products::SamsungBook	KRW	21	150	9	\N	2020-11-30 18:46:30.760976	2020-11-30 18:46:30.760976	28370.00000
5638	11	Products::SamsungBook	USD	21	150	9	\N	2020-11-30 18:46:30.760976	2020-11-30 18:46:30.760976	24.00000
5639	11	Products::SamsungBook	AUD	21	150	3	\N	2020-11-30 18:46:30.760976	2020-11-30 18:46:30.760976	30.00000
5640	11	Products::SamsungBook	CAD	21	150	3	\N	2020-11-30 18:46:30.760976	2020-11-30 18:46:30.760976	24.00000
5641	11	Products::SamsungBook	EUR	21	150	3	\N	2020-11-30 18:46:30.760976	2020-11-30 18:46:30.760976	24.00000
5642	11	Products::SamsungBook	GBP	21	150	3	\N	2020-11-30 18:46:30.760976	2020-11-30 18:46:30.760976	19.00000
5643	11	Products::SamsungBook	JPY	21	150	3	\N	2020-11-30 18:46:30.760976	2020-11-30 18:46:30.760976	2736.00000
5644	11	Products::SamsungBook	KRW	21	150	3	\N	2020-11-30 18:46:30.760976	2020-11-30 18:46:30.760976	34818.00000
5645	11	Products::SamsungBook	USD	21	150	3	\N	2020-11-30 18:46:30.760976	2020-11-30 18:46:30.760976	24.00000
5646	11	Products::StandardBook	AUD	21	440	4	\N	2020-11-30 18:46:30.760976	2020-11-30 18:46:30.760976	66.00000
5647	11	Products::StandardBook	CAD	21	440	4	\N	2020-11-30 18:46:30.760976	2020-11-30 18:46:30.760976	72.00000
5648	11	Products::StandardBook	EUR	21	440	4	\N	2020-11-30 18:46:30.760976	2020-11-30 18:46:30.760976	46.00000
5649	11	Products::StandardBook	GBP	21	440	4	\N	2020-11-30 18:46:30.760976	2020-11-30 18:46:30.760976	42.00000
5650	11	Products::StandardBook	USD	21	440	4	\N	2020-11-30 18:46:30.760976	2020-11-30 18:46:30.760976	72.00000
5651	11	Products::StandardBook	AUD	21	440	6	\N	2020-11-30 18:46:30.760976	2020-11-30 18:46:30.760976	66.00000
5652	11	Products::StandardBook	CAD	21	440	6	\N	2020-11-30 18:46:30.760976	2020-11-30 18:46:30.760976	72.00000
5653	11	Products::StandardBook	EUR	21	440	6	\N	2020-11-30 18:46:30.760976	2020-11-30 18:46:30.760976	46.00000
5654	11	Products::StandardBook	GBP	21	440	6	\N	2020-11-30 18:46:30.760976	2020-11-30 18:46:30.760976	42.00000
5655	11	Products::StandardBook	USD	21	440	6	\N	2020-11-30 18:46:30.760976	2020-11-30 18:46:30.760976	72.00000
5656	11	Products::StandardBook	AUD	21	440	3	\N	2020-11-30 18:46:30.760976	2020-11-30 18:46:30.760976	38.00000
5657	11	Products::StandardBook	CAD	21	440	3	\N	2020-11-30 18:46:30.760976	2020-11-30 18:46:30.760976	42.00000
5658	11	Products::StandardBook	EUR	21	440	3	\N	2020-11-30 18:46:30.760976	2020-11-30 18:46:30.760976	29.00000
5659	11	Products::StandardBook	GBP	21	440	3	\N	2020-11-30 18:46:30.760976	2020-11-30 18:46:30.760976	24.00000
5660	11	Products::StandardBook	USD	21	440	3	\N	2020-11-30 18:46:30.760976	2020-11-30 18:46:30.760976	36.00000
5661	11	Products::StandardBook	AUD	21	440	1	\N	2020-11-30 18:46:30.760976	2020-11-30 18:46:30.760976	43.00000
5662	11	Products::StandardBook	CAD	21	440	1	\N	2020-11-30 18:46:30.760976	2020-11-30 18:46:30.760976	48.00000
5663	11	Products::StandardBook	EUR	21	440	1	\N	2020-11-30 18:46:30.760976	2020-11-30 18:46:30.760976	34.00000
5664	11	Products::StandardBook	GBP	21	440	1	\N	2020-11-30 18:46:30.760976	2020-11-30 18:46:30.760976	30.00000
5665	11	Products::StandardBook	USD	21	440	1	\N	2020-11-30 18:46:30.760976	2020-11-30 18:46:30.760976	42.00000
5666	11	Products::StandardBook	AUD	21	440	2	\N	2020-11-30 18:46:30.760976	2020-11-30 18:46:30.760976	43.00000
5667	11	Products::StandardBook	CAD	21	440	2	\N	2020-11-30 18:46:30.760976	2020-11-30 18:46:30.760976	48.00000
5668	11	Products::StandardBook	EUR	21	440	2	\N	2020-11-30 18:46:30.760976	2020-11-30 18:46:30.760976	34.00000
5669	11	Products::StandardBook	GBP	21	440	2	\N	2020-11-30 18:46:30.760976	2020-11-30 18:46:30.760976	30.00000
5670	11	Products::StandardBook	USD	21	440	2	\N	2020-11-30 18:46:30.760976	2020-11-30 18:46:30.760976	42.00000
5671	11	Products::StandardBook	AUD	21	440	10	\N	2020-11-30 18:46:30.760976	2020-11-30 18:46:30.760976	43.00000
5672	11	Products::StandardBook	CAD	21	440	10	\N	2020-11-30 18:46:30.760976	2020-11-30 18:46:30.760976	48.00000
5673	11	Products::StandardBook	EUR	21	440	10	\N	2020-11-30 18:46:30.760976	2020-11-30 18:46:30.760976	34.00000
5674	11	Products::StandardBook	GBP	21	440	10	\N	2020-11-30 18:46:30.760976	2020-11-30 18:46:30.760976	30.00000
5675	11	Products::StandardBook	USD	21	440	10	\N	2020-11-30 18:46:30.760976	2020-11-30 18:46:30.760976	42.00000
5676	7	Products::ChickenSoupBook	AUD	61	120	3	\N	2020-11-30 18:46:30.760976	2020-11-30 18:46:30.760976	24.00000
5677	7	Products::ChickenSoupBook	CAD	61	120	3	\N	2020-11-30 18:46:30.760976	2020-11-30 18:46:30.760976	24.00000
5678	7	Products::ChickenSoupBook	EUR	61	120	3	\N	2020-11-30 18:46:30.760976	2020-11-30 18:46:30.760976	16.00000
5679	7	Products::ChickenSoupBook	GBP	61	120	3	\N	2020-11-30 18:46:30.760976	2020-11-30 18:46:30.760976	16.00000
5680	7	Products::ChickenSoupBook	USD	61	120	3	\N	2020-11-30 18:46:30.760976	2020-11-30 18:46:30.760976	24.00000
5681	7	Products::StandardBook	AUD	21	440	4	\N	2020-11-30 18:46:30.760976	2020-11-30 18:46:30.760976	66.00000
5682	7	Products::StandardBook	CAD	21	440	4	\N	2020-11-30 18:46:30.760976	2020-11-30 18:46:30.760976	72.00000
5683	7	Products::StandardBook	EUR	21	440	4	\N	2020-11-30 18:46:30.760976	2020-11-30 18:46:30.760976	46.00000
5684	7	Products::StandardBook	GBP	21	440	4	\N	2020-11-30 18:46:30.760976	2020-11-30 18:46:30.760976	42.00000
5685	7	Products::StandardBook	USD	21	440	4	\N	2020-11-30 18:46:30.760976	2020-11-30 18:46:30.760976	72.00000
5686	7	Products::StandardBook	AUD	21	440	6	\N	2020-11-30 18:46:30.760976	2020-11-30 18:46:30.760976	66.00000
5687	7	Products::StandardBook	CAD	21	440	6	\N	2020-11-30 18:46:30.760976	2020-11-30 18:46:30.760976	72.00000
5688	7	Products::StandardBook	EUR	21	440	6	\N	2020-11-30 18:46:30.760976	2020-11-30 18:46:30.760976	46.00000
5689	7	Products::StandardBook	GBP	21	440	6	\N	2020-11-30 18:46:30.760976	2020-11-30 18:46:30.760976	42.00000
5690	7	Products::StandardBook	USD	21	440	6	\N	2020-11-30 18:46:30.760976	2020-11-30 18:46:30.760976	72.00000
5691	7	Products::StandardBook	AUD	21	440	3	\N	2020-11-30 18:46:30.760976	2020-11-30 18:46:30.760976	38.00000
5692	7	Products::StandardBook	CAD	21	440	3	\N	2020-11-30 18:46:30.760976	2020-11-30 18:46:30.760976	42.00000
5693	7	Products::StandardBook	EUR	21	440	3	\N	2020-11-30 18:46:30.760976	2020-11-30 18:46:30.760976	29.00000
5694	7	Products::StandardBook	GBP	21	440	3	\N	2020-11-30 18:46:30.760976	2020-11-30 18:46:30.760976	24.00000
5695	7	Products::StandardBook	USD	21	440	3	\N	2020-11-30 18:46:30.760976	2020-11-30 18:46:30.760976	36.00000
5696	7	Products::StandardBook	AUD	21	440	1	\N	2020-11-30 18:46:30.760976	2020-11-30 18:46:30.760976	43.00000
5697	7	Products::StandardBook	CAD	21	440	1	\N	2020-11-30 18:46:30.760976	2020-11-30 18:46:30.760976	48.00000
5698	7	Products::StandardBook	EUR	21	440	1	\N	2020-11-30 18:46:30.760976	2020-11-30 18:46:30.760976	34.00000
5699	7	Products::StandardBook	GBP	21	440	1	\N	2020-11-30 18:46:30.760976	2020-11-30 18:46:30.760976	30.00000
5700	7	Products::StandardBook	USD	21	440	1	\N	2020-11-30 18:46:30.760976	2020-11-30 18:46:30.760976	42.00000
5701	7	Products::StandardBook	AUD	21	440	2	\N	2020-11-30 18:46:30.760976	2020-11-30 18:46:30.760976	43.00000
5702	7	Products::StandardBook	CAD	21	440	2	\N	2020-11-30 18:46:30.760976	2020-11-30 18:46:30.760976	48.00000
5703	7	Products::StandardBook	EUR	21	440	2	\N	2020-11-30 18:46:30.760976	2020-11-30 18:46:30.760976	34.00000
5704	7	Products::StandardBook	GBP	21	440	2	\N	2020-11-30 18:46:30.760976	2020-11-30 18:46:30.760976	30.00000
5705	7	Products::StandardBook	USD	21	440	2	\N	2020-11-30 18:46:30.760976	2020-11-30 18:46:30.760976	42.00000
5706	7	Products::StandardBook	AUD	21	440	10	\N	2020-11-30 18:46:30.760976	2020-11-30 18:46:30.760976	43.00000
5707	7	Products::StandardBook	CAD	21	440	10	\N	2020-11-30 18:46:30.760976	2020-11-30 18:46:30.760976	48.00000
5708	7	Products::StandardBook	EUR	21	440	10	\N	2020-11-30 18:46:30.760976	2020-11-30 18:46:30.760976	34.00000
5709	7	Products::StandardBook	GBP	21	440	10	\N	2020-11-30 18:46:30.760976	2020-11-30 18:46:30.760976	30.00000
5710	7	Products::StandardBook	USD	21	440	10	\N	2020-11-30 18:46:30.760976	2020-11-30 18:46:30.760976	42.00000
5711	16	Products::ChickenSoupBook	AUD	61	120	3	\N	2020-11-30 18:46:30.760976	2020-11-30 18:46:30.760976	30.00000
5712	16	Products::ChickenSoupBook	CAD	61	120	3	\N	2020-11-30 18:46:30.760976	2020-11-30 18:46:30.760976	30.00000
5713	16	Products::ChickenSoupBook	EUR	61	120	3	\N	2020-11-30 18:46:30.760976	2020-11-30 18:46:30.760976	22.00000
5714	16	Products::ChickenSoupBook	GBP	61	120	3	\N	2020-11-30 18:46:30.760976	2020-11-30 18:46:30.760976	20.00000
5715	16	Products::ChickenSoupBook	USD	61	120	3	\N	2020-11-30 18:46:30.760976	2020-11-30 18:46:30.760976	30.00000
5716	16	Products::StandardBook	AUD	21	440	4	\N	2020-11-30 18:46:30.760976	2020-11-30 18:46:30.760976	77.00000
5717	16	Products::StandardBook	CAD	21	440	4	\N	2020-11-30 18:46:30.760976	2020-11-30 18:46:30.760976	84.00000
5718	16	Products::StandardBook	EUR	21	440	4	\N	2020-11-30 18:46:30.760976	2020-11-30 18:46:30.760976	56.00000
5719	16	Products::StandardBook	GBP	21	440	4	\N	2020-11-30 18:46:30.760976	2020-11-30 18:46:30.760976	60.00000
5720	16	Products::StandardBook	USD	21	440	4	\N	2020-11-30 18:46:30.760976	2020-11-30 18:46:30.760976	84.00000
5721	16	Products::StandardBook	AUD	21	440	6	\N	2020-11-30 18:46:30.760976	2020-11-30 18:46:30.760976	77.00000
5722	16	Products::StandardBook	CAD	21	440	6	\N	2020-11-30 18:46:30.760976	2020-11-30 18:46:30.760976	84.00000
5723	16	Products::StandardBook	EUR	21	440	6	\N	2020-11-30 18:46:30.760976	2020-11-30 18:46:30.760976	56.00000
5724	16	Products::StandardBook	GBP	21	440	6	\N	2020-11-30 18:46:30.760976	2020-11-30 18:46:30.760976	60.00000
5725	16	Products::StandardBook	USD	21	440	6	\N	2020-11-30 18:46:30.760976	2020-11-30 18:46:30.760976	84.00000
5726	16	Products::StandardBook	AUD	21	440	3	\N	2020-11-30 18:46:30.760976	2020-11-30 18:46:30.760976	49.00000
5727	16	Products::StandardBook	CAD	21	440	3	\N	2020-11-30 18:46:30.760976	2020-11-30 18:46:30.760976	54.00000
5728	16	Products::StandardBook	EUR	21	440	3	\N	2020-11-30 18:46:30.760976	2020-11-30 18:46:30.760976	40.00000
5729	16	Products::StandardBook	GBP	21	440	3	\N	2020-11-30 18:46:30.760976	2020-11-30 18:46:30.760976	36.00000
5730	16	Products::StandardBook	USD	21	440	3	\N	2020-11-30 18:46:30.760976	2020-11-30 18:46:30.760976	48.00000
5731	16	Products::StandardBook	AUD	21	440	1	\N	2020-11-30 18:46:30.760976	2020-11-30 18:46:30.760976	54.00000
5732	16	Products::StandardBook	CAD	21	440	1	\N	2020-11-30 18:46:30.760976	2020-11-30 18:46:30.760976	60.00000
5733	16	Products::StandardBook	EUR	21	440	1	\N	2020-11-30 18:46:30.760976	2020-11-30 18:46:30.760976	46.00000
5734	16	Products::StandardBook	GBP	21	440	1	\N	2020-11-30 18:46:30.760976	2020-11-30 18:46:30.760976	42.00000
5735	16	Products::StandardBook	USD	21	440	1	\N	2020-11-30 18:46:30.760976	2020-11-30 18:46:30.760976	54.00000
5736	16	Products::StandardBook	AUD	21	440	2	\N	2020-11-30 18:46:30.760976	2020-11-30 18:46:30.760976	54.00000
5737	16	Products::StandardBook	CAD	21	440	2	\N	2020-11-30 18:46:30.760976	2020-11-30 18:46:30.760976	60.00000
5738	16	Products::StandardBook	EUR	21	440	2	\N	2020-11-30 18:46:30.760976	2020-11-30 18:46:30.760976	46.00000
5739	16	Products::StandardBook	GBP	21	440	2	\N	2020-11-30 18:46:30.760976	2020-11-30 18:46:30.760976	42.00000
5740	16	Products::StandardBook	USD	21	440	2	\N	2020-11-30 18:46:30.760976	2020-11-30 18:46:30.760976	54.00000
5741	16	Products::StandardBook	AUD	21	440	10	\N	2020-11-30 18:46:30.760976	2020-11-30 18:46:30.760976	54.00000
5742	16	Products::StandardBook	CAD	21	440	10	\N	2020-11-30 18:46:30.760976	2020-11-30 18:46:30.760976	60.00000
5743	16	Products::StandardBook	EUR	21	440	10	\N	2020-11-30 18:46:30.760976	2020-11-30 18:46:30.760976	46.00000
5744	16	Products::StandardBook	GBP	21	440	10	\N	2020-11-30 18:46:30.760976	2020-11-30 18:46:30.760976	42.00000
5745	16	Products::StandardBook	USD	21	440	10	\N	2020-11-30 18:46:30.760976	2020-11-30 18:46:30.760976	54.00000
5746	17	Products::ChickenSoupBook	AUD	61	120	3	\N	2020-11-30 18:46:30.760976	2020-11-30 18:46:30.760976	28.00000
5747	17	Products::ChickenSoupBook	CAD	61	120	3	\N	2020-11-30 18:46:30.760976	2020-11-30 18:46:30.760976	28.00000
5748	17	Products::ChickenSoupBook	EUR	61	120	3	\N	2020-11-30 18:46:30.760976	2020-11-30 18:46:30.760976	18.00000
5749	17	Products::ChickenSoupBook	GBP	61	120	3	\N	2020-11-30 18:46:30.760976	2020-11-30 18:46:30.760976	16.00000
5750	17	Products::ChickenSoupBook	USD	61	120	3	\N	2020-11-30 18:46:30.760976	2020-11-30 18:46:30.760976	28.00000
5751	17	Products::StandardBook	AUD	21	440	4	\N	2020-11-30 18:46:30.760976	2020-11-30 18:46:30.760976	71.00000
5752	17	Products::StandardBook	CAD	21	440	4	\N	2020-11-30 18:46:30.760976	2020-11-30 18:46:30.760976	78.00000
5753	17	Products::StandardBook	EUR	21	440	4	\N	2020-11-30 18:46:30.760976	2020-11-30 18:46:30.760976	52.00000
5754	17	Products::StandardBook	GBP	21	440	4	\N	2020-11-30 18:46:30.760976	2020-11-30 18:46:30.760976	54.00000
5755	17	Products::StandardBook	USD	21	440	4	\N	2020-11-30 18:46:30.760976	2020-11-30 18:46:30.760976	78.00000
5756	17	Products::StandardBook	AUD	21	440	6	\N	2020-11-30 18:46:30.760976	2020-11-30 18:46:30.760976	71.00000
5757	17	Products::StandardBook	CAD	21	440	6	\N	2020-11-30 18:46:30.760976	2020-11-30 18:46:30.760976	78.00000
5758	17	Products::StandardBook	EUR	21	440	6	\N	2020-11-30 18:46:30.760976	2020-11-30 18:46:30.760976	52.00000
5759	17	Products::StandardBook	GBP	21	440	6	\N	2020-11-30 18:46:30.760976	2020-11-30 18:46:30.760976	54.00000
5760	17	Products::StandardBook	USD	21	440	6	\N	2020-11-30 18:46:30.760976	2020-11-30 18:46:30.760976	78.00000
5761	17	Products::StandardBook	AUD	21	440	3	\N	2020-11-30 18:46:30.760976	2020-11-30 18:46:30.760976	43.00000
5762	17	Products::StandardBook	CAD	21	440	3	\N	2020-11-30 18:46:30.760976	2020-11-30 18:46:30.760976	48.00000
5763	17	Products::StandardBook	EUR	21	440	3	\N	2020-11-30 18:46:30.760976	2020-11-30 18:46:30.760976	34.00000
5764	17	Products::StandardBook	GBP	21	440	3	\N	2020-11-30 18:46:30.760976	2020-11-30 18:46:30.760976	30.00000
5765	17	Products::StandardBook	USD	21	440	3	\N	2020-11-30 18:46:30.760976	2020-11-30 18:46:30.760976	42.00000
5766	17	Products::StandardBook	AUD	21	440	1	\N	2020-11-30 18:46:30.760976	2020-11-30 18:46:30.760976	49.00000
5767	17	Products::StandardBook	CAD	21	440	1	\N	2020-11-30 18:46:30.760976	2020-11-30 18:46:30.760976	54.00000
5768	17	Products::StandardBook	EUR	21	440	1	\N	2020-11-30 18:46:30.760976	2020-11-30 18:46:30.760976	40.00000
5769	17	Products::StandardBook	GBP	21	440	1	\N	2020-11-30 18:46:30.760976	2020-11-30 18:46:30.760976	36.00000
5770	17	Products::StandardBook	USD	21	440	1	\N	2020-11-30 18:46:30.760976	2020-11-30 18:46:30.760976	48.00000
5771	17	Products::StandardBook	AUD	21	440	2	\N	2020-11-30 18:46:30.760976	2020-11-30 18:46:30.760976	49.00000
5772	17	Products::StandardBook	CAD	21	440	2	\N	2020-11-30 18:46:30.760976	2020-11-30 18:46:30.760976	54.00000
5773	17	Products::StandardBook	EUR	21	440	2	\N	2020-11-30 18:46:30.760976	2020-11-30 18:46:30.760976	40.00000
5774	17	Products::StandardBook	GBP	21	440	2	\N	2020-11-30 18:46:30.760976	2020-11-30 18:46:30.760976	36.00000
5775	17	Products::StandardBook	USD	21	440	2	\N	2020-11-30 18:46:30.760976	2020-11-30 18:46:30.760976	48.00000
5776	17	Products::StandardBook	AUD	21	440	10	\N	2020-11-30 18:46:30.760976	2020-11-30 18:46:30.760976	49.00000
5777	17	Products::StandardBook	CAD	21	440	10	\N	2020-11-30 18:46:30.760976	2020-11-30 18:46:30.760976	54.00000
5778	17	Products::StandardBook	EUR	21	440	10	\N	2020-11-30 18:46:30.760976	2020-11-30 18:46:30.760976	40.00000
5779	17	Products::StandardBook	GBP	21	440	10	\N	2020-11-30 18:46:30.760976	2020-11-30 18:46:30.760976	36.00000
5780	17	Products::StandardBook	USD	21	440	10	\N	2020-11-30 18:46:30.760976	2020-11-30 18:46:30.760976	48.00000
5781	10	Products::ChickenSoupBook	AUD	61	120	3	\N	2020-11-30 18:46:30.760976	2020-11-30 18:46:30.760976	20.00000
5782	10	Products::ChickenSoupBook	CAD	61	120	3	\N	2020-11-30 18:46:30.760976	2020-11-30 18:46:30.760976	20.00000
5783	10	Products::ChickenSoupBook	EUR	61	120	3	\N	2020-11-30 18:46:30.760976	2020-11-30 18:46:30.760976	14.00000
5784	10	Products::ChickenSoupBook	GBP	61	120	3	\N	2020-11-30 18:46:30.760976	2020-11-30 18:46:30.760976	14.00000
5785	10	Products::ChickenSoupBook	USD	61	120	3	\N	2020-11-30 18:46:30.760976	2020-11-30 18:46:30.760976	20.00000
5786	10	Products::StandardBook	AUD	21	440	4	\N	2020-11-30 18:46:30.760976	2020-11-30 18:46:30.760976	60.00000
5787	10	Products::StandardBook	CAD	21	440	4	\N	2020-11-30 18:46:30.760976	2020-11-30 18:46:30.760976	66.00000
5788	10	Products::StandardBook	EUR	21	440	4	\N	2020-11-30 18:46:30.760976	2020-11-30 18:46:30.760976	40.00000
5789	10	Products::StandardBook	GBP	21	440	4	\N	2020-11-30 18:46:30.760976	2020-11-30 18:46:30.760976	36.00000
5790	10	Products::StandardBook	USD	21	440	4	\N	2020-11-30 18:46:30.760976	2020-11-30 18:46:30.760976	60.00000
5791	10	Products::StandardBook	AUD	21	440	6	\N	2020-11-30 18:46:30.760976	2020-11-30 18:46:30.760976	60.00000
5792	10	Products::StandardBook	CAD	21	440	6	\N	2020-11-30 18:46:30.760976	2020-11-30 18:46:30.760976	66.00000
5793	10	Products::StandardBook	EUR	21	440	6	\N	2020-11-30 18:46:30.760976	2020-11-30 18:46:30.760976	40.00000
5794	10	Products::StandardBook	GBP	21	440	6	\N	2020-11-30 18:46:30.760976	2020-11-30 18:46:30.760976	36.00000
5795	10	Products::StandardBook	USD	21	440	6	\N	2020-11-30 18:46:30.760976	2020-11-30 18:46:30.760976	60.00000
5796	10	Products::StandardBook	AUD	21	440	3	\N	2020-11-30 18:46:30.760976	2020-11-30 18:46:30.760976	32.00000
5797	10	Products::StandardBook	CAD	21	440	3	\N	2020-11-30 18:46:30.760976	2020-11-30 18:46:30.760976	36.00000
5798	10	Products::StandardBook	EUR	21	440	3	\N	2020-11-30 18:46:30.760976	2020-11-30 18:46:30.760976	23.00000
5799	10	Products::StandardBook	GBP	21	440	3	\N	2020-11-30 18:46:30.760976	2020-11-30 18:46:30.760976	18.00000
5800	10	Products::StandardBook	USD	21	440	3	\N	2020-11-30 18:46:30.760976	2020-11-30 18:46:30.760976	24.00000
5801	10	Products::StandardBook	AUD	21	440	1	\N	2020-11-30 18:46:30.760976	2020-11-30 18:46:30.760976	38.00000
5802	10	Products::StandardBook	CAD	21	440	1	\N	2020-11-30 18:46:30.760976	2020-11-30 18:46:30.760976	42.00000
5803	10	Products::StandardBook	EUR	21	440	1	\N	2020-11-30 18:46:30.760976	2020-11-30 18:46:30.760976	29.00000
5804	10	Products::StandardBook	GBP	21	440	1	\N	2020-11-30 18:46:30.760976	2020-11-30 18:46:30.760976	24.00000
5805	10	Products::StandardBook	USD	21	440	1	\N	2020-11-30 18:46:30.760976	2020-11-30 18:46:30.760976	30.00000
5806	10	Products::StandardBook	AUD	21	440	2	\N	2020-11-30 18:46:30.760976	2020-11-30 18:46:30.760976	38.00000
5807	10	Products::StandardBook	CAD	21	440	2	\N	2020-11-30 18:46:30.760976	2020-11-30 18:46:30.760976	42.00000
5808	10	Products::StandardBook	EUR	21	440	2	\N	2020-11-30 18:46:30.760976	2020-11-30 18:46:30.760976	29.00000
5809	10	Products::StandardBook	GBP	21	440	2	\N	2020-11-30 18:46:30.760976	2020-11-30 18:46:30.760976	24.00000
5810	10	Products::StandardBook	USD	21	440	2	\N	2020-11-30 18:46:30.760976	2020-11-30 18:46:30.760976	30.00000
5811	10	Products::StandardBook	AUD	21	440	10	\N	2020-11-30 18:46:30.760976	2020-11-30 18:46:30.760976	38.00000
5812	10	Products::StandardBook	CAD	21	440	10	\N	2020-11-30 18:46:30.760976	2020-11-30 18:46:30.760976	42.00000
5813	10	Products::StandardBook	EUR	21	440	10	\N	2020-11-30 18:46:30.760976	2020-11-30 18:46:30.760976	29.00000
5814	10	Products::StandardBook	GBP	21	440	10	\N	2020-11-30 18:46:30.760976	2020-11-30 18:46:30.760976	24.00000
5815	10	Products::StandardBook	USD	21	440	10	\N	2020-11-30 18:46:30.760976	2020-11-30 18:46:30.760976	30.00000
5816	60	Products::StandardBook	USD	21	110	3	\N	2020-11-30 18:46:30.760976	2020-11-30 18:46:30.760976	120.00000
5817	60	Products::StandardBook	CAD	21	110	3	\N	2020-11-30 18:46:30.760976	2020-11-30 18:46:30.760976	156.00000
5818	60	Products::StandardBook	AUD	21	110	3	\N	2020-11-30 18:46:30.760976	2020-11-30 18:46:30.760976	158.00000
5819	60	Products::StandardBook	GBP	21	110	3	\N	2020-11-30 18:46:30.760976	2020-11-30 18:46:30.760976	96.00000
5820	60	Products::StandardBook	EUR	21	110	3	\N	2020-11-30 18:46:30.760976	2020-11-30 18:46:30.760976	108.00000
5821	60	Products::StandardBook	USD	21	110	2	\N	2020-11-30 18:46:30.760976	2020-11-30 18:46:30.760976	132.00000
5822	60	Products::StandardBook	CAD	21	110	2	\N	2020-11-30 18:46:30.760976	2020-11-30 18:46:30.760976	180.00000
5823	60	Products::StandardBook	AUD	21	110	2	\N	2020-11-30 18:46:30.760976	2020-11-30 18:46:30.760976	180.00000
5824	60	Products::StandardBook	GBP	21	110	2	\N	2020-11-30 18:46:30.760976	2020-11-30 18:46:30.760976	102.00000
5825	60	Products::StandardBook	EUR	21	110	2	\N	2020-11-30 18:46:30.760976	2020-11-30 18:46:30.760976	119.00000
5826	60	Products::StandardBook	USD	21	110	10	\N	2020-11-30 18:46:30.760976	2020-11-30 18:46:30.760976	132.00000
5827	60	Products::StandardBook	CAD	21	110	10	\N	2020-11-30 18:46:30.760976	2020-11-30 18:46:30.760976	180.00000
5828	60	Products::StandardBook	AUD	21	110	10	\N	2020-11-30 18:46:30.760976	2020-11-30 18:46:30.760976	180.00000
5829	60	Products::StandardBook	GBP	21	110	10	\N	2020-11-30 18:46:30.760976	2020-11-30 18:46:30.760976	102.00000
5830	60	Products::StandardBook	EUR	21	110	10	\N	2020-11-30 18:46:30.760976	2020-11-30 18:46:30.760976	119.00000
5831	60	Products::StandardBook	USD	21	110	1	\N	2020-11-30 18:46:30.760976	2020-11-30 18:46:30.760976	132.00000
5832	60	Products::StandardBook	CAD	21	110	1	\N	2020-11-30 18:46:30.760976	2020-11-30 18:46:30.760976	180.00000
5833	60	Products::StandardBook	AUD	21	110	1	\N	2020-11-30 18:46:30.760976	2020-11-30 18:46:30.760976	180.00000
5834	60	Products::StandardBook	GBP	21	110	1	\N	2020-11-30 18:46:30.760976	2020-11-30 18:46:30.760976	102.00000
5835	60	Products::StandardBook	EUR	21	110	1	\N	2020-11-30 18:46:30.760976	2020-11-30 18:46:30.760976	119.00000
5836	60	Products::StandardBook	USD	21	110	6	\N	2020-11-30 18:46:30.760976	2020-11-30 18:46:30.760976	180.00000
5837	60	Products::StandardBook	CAD	21	110	6	\N	2020-11-30 18:46:30.760976	2020-11-30 18:46:30.760976	234.00000
5838	60	Products::StandardBook	AUD	21	110	6	\N	2020-11-30 18:46:30.760976	2020-11-30 18:46:30.760976	234.00000
5839	60	Products::StandardBook	GBP	21	110	6	\N	2020-11-30 18:46:30.760976	2020-11-30 18:46:30.760976	138.00000
5840	60	Products::StandardBook	EUR	21	110	6	\N	2020-11-30 18:46:30.760976	2020-11-30 18:46:30.760976	164.00000
5841	60	Products::StandardBook	USD	21	110	4	\N	2020-11-30 18:46:30.760976	2020-11-30 18:46:30.760976	180.00000
5842	60	Products::StandardBook	CAD	21	110	4	\N	2020-11-30 18:46:30.760976	2020-11-30 18:46:30.760976	234.00000
5843	60	Products::StandardBook	AUD	21	110	4	\N	2020-11-30 18:46:30.760976	2020-11-30 18:46:30.760976	234.00000
5844	60	Products::StandardBook	GBP	21	110	4	\N	2020-11-30 18:46:30.760976	2020-11-30 18:46:30.760976	138.00000
5845	60	Products::StandardBook	EUR	21	110	4	\N	2020-11-30 18:46:30.760976	2020-11-30 18:46:30.760976	164.00000
\.


--
-- Name: page_prices_id_seq; Type: SEQUENCE SET; Schema: blurby; Owner: -
--

SELECT pg_catalog.setval('page_prices_id_seq', 5845, true);


--
-- Data for Name: partners; Type: TABLE DATA; Schema: blurby; Owner: -
--

COPY partners (id, name, code, revenue_share_pct, created_at, deleted_at, contact_email, url, has_page, bookstore_feed, description, cookie_lifetime, partner_type) FROM stdin;
1	20x200	\N	15	2007-04-03 14:47:00	\N	jen@jenbekman.com	\N	\N	f	Jen Bekman Gallery	365	Rev Share
2	5 Blogs Before Lunch	\N	1	2007-03-13 11:18:00	\N	daveibsen@aol.com	\N	\N	f	5 Blogs Before Lunch	365	Rev Share
3	500px	\N	1	2011-12-12 11:29:00	\N	andrey@500px.com	\N	\N	f	500px	365	Rev Share
4	826 Valencia	\N	1	2009-05-13 12:45:00	\N	lzander@blurb.com	\N	\N	f	826 Valencia	365	Rev Share
5	Adfusion	\N	1	2010-07-14 10:15:00	\N	lpattison@blurb.com	\N	\N	f	Adfusion	365	Rev Share
6	ADOBE	\N	18	2011-09-19 09:56:00	\N	lpattison@blurb.com	\N	\N	f	Adobe_Lightroom_App	365	Rev Share
7	Adventure Travel Association	\N	15	2007-07-18 15:09:00	\N	lzander@blurb.com	\N	\N	f	Adventure Travel Association	365	Rev Share
8	Adventure Travel Collection	\N	15	2007-10-11 11:50:00	\N	lzander@blurb.com	\N	\N	f	Adventure Travel Collection	365	Rev Share
9	Advertising.com	\N	1	2010-07-08 15:08:00	\N	lpattison@blurb.com	\N	\N	f	Advertising.com	365	Rev Share
10	Affiliate Window	\N	1	2011-06-27 09:05:00	\N	rsulonen@blurb.com	\N	\N	f	Aff UK Text	365	Rev Share
11	Agency Access	\N	15	2008-08-19 13:46:00	\N	lzander@blurb.com	\N	\N	f	Agency Access	365	Rev Share
12	aiga conference	\N	1	2009-08-07 11:49:00	\N	nshahmiri@blurb.com	\N	\N	f	aiga conference	365	Rev Share
13	Air New Zealand	\N	1	2010-06-01 04:03:00	\N	claire.byrom@airnz.co.nz	\N	\N	f	Air New Zealand	365	Rev Share
14	Air Treks	\N	1	2009-07-23 13:47:00	\N	toby.tupper@airtreks.com	\N	\N	f	Air Treks	365	Rev Share
15	AJi Email	\N	1	2011-12-07 02:46:00	\N	fdiels@blurb.com	\N	\N	f	AJi Email	365	Rev Share
16	Akamai	\N	1	2011-07-06 17:02:00	\N	sbeaumonte@blurb.com	\N	\N	f	Akamai	365	Rev Share
17	Alibris	\N	15	2006-08-31 20:30:00	\N	lzander@blurb.com	\N	\N	f	Alibris Inc.	365	Rev Share
18	Alpine Photography Inc.	\N	15	2007-01-22 14:21:00	\N	alpinephotogz@gmail.com	\N	\N	f	Alpine Photography Inc.	365	Rev Share
19	American Express	\N	15	2009-11-16 15:47:00	\N	showe@blurb.com	\N	\N	f	American Express	365	Rev Share
20	American Photo Online	\N	1	2008-03-11 13:51:00	\N	lzander@blurb.com	\N	\N	f	American Photo Online	365	Rev Share
21	ancestry	\N	1	2011-11-14 10:47:00	\N	jlilien@blurb.com	\N	\N	f	ancestry_ca	365	Rev Share
22	Aperture Forum	\N	15	2007-04-13 13:48:00	\N	david@apertureprofessional.com	\N	\N	f	Aperture Users Professional Network	365	Rev Share
23	Art Whats On	\N	15	2010-04-13 14:21:00	\N	paul@10group.com.au	\N	\N	f	Artwhaton	365	Rev Share
24	Arts Colorado	\N	15	2007-03-07 15:20:00	\N	rob-foster@artscolorado.com	\N	\N	f	Arts Colorado	365	Rev Share
25	Arts Council of the Blue Ridge	\N	15	2007-02-14 10:37:00	\N	it@theartscouncil.org	\N	\N	f	Arts Council of the Blue Ridge	365	Rev Share
26	ASN	\N	1	2010-08-17 13:01:00	\N	lpattison@blurb.com	\N	\N	f	ASN	365	Rev Share
27	Assets	\N	15	2007-07-09 18:57:00	\N	lzander@blurb.com	\N	\N	f	Assets	365	Rev Share
28	Association of Independent Architetural Photographers	\N	1	2009-02-23 09:02:00	\N	lzander@blurb.com	\N	\N	f	Association of Independent Architetural Photographers	365	Rev Share
29	AU_Adconion	\N	1	2011-04-13 13:19:00	\N	lpattison@blurb.com	\N	\N	f	AU_Adconion_Display	365	Rev Share
30	Aurora Photos	\N	15	2012-02-27 11:50:00	\N	jazel@auroraphotos.com	\N	\N	f	Aurora Photos	365	Rev Share
31	Australia	\N	1	2009-08-27 14:41:00	\N	support@blurb.com	\N	\N	f	Australia	365	Rev Share
32	Authonomy (Harper Collins)	\N	15	2009-01-29 15:26:00	\N	lzander@blurb.com	\N	\N	t	Authonomy (Harper Collins)	365	Rev Share
33	Babble	\N	1	2008-11-20 14:09:00	\N	lzander@blurb.com	\N	\N	f	Babble (PR/blog)	365	Rev Share
34	Baby Loves Disco	\N	1	2008-11-10 13:33:00	\N	lzander@blurb.com	\N	\N	f	Baby Loves Disco (PR blog)	365	Rev Share
35	Babyology	\N	1	2008-12-08 08:51:00	\N	lzander@blurb.com	\N	\N	f	Babyology (PR blog)	365	Rev Share
36	Beckett Media	\N	15	2007-02-22 15:24:00	\N	mobert@beckett.com	\N	\N	f	Beckett Media	365	Rev Share
37	Behance	\N	1	2009-07-16 17:08:00	\N	nshahmiri@blurb.com	\N	\N	f	Behance	365	Rev Share
38	Bestweddingsites.com 	\N	1	2007-10-10 14:38:00	\N	ghancock@blurb.com	\N	\N	f	Bestweddingsites.com 	365	Rev Share
39	Better Photo (Free Ads in Exchange for Books)	\N	1	2008-01-25 09:40:00	\N	lzander@blurb.com	\N	\N	f	Better Photo (Free Ads in Exchange for Books)	365	Rev Share
40	BJP Photography	\N	1	2008-07-01 08:56:00	\N	ghancock@blurb.com	\N	\N	f	BJP Photography in UK	365	Rev Share
41	Blog Backup Online	\N	1	2007-08-07 08:37:00	\N	lzander@blurb.com	\N	\N	f	Blog Backup Online	365	Rev Share
42	blogworld	\N	1	2007-11-13 11:22:00	\N	lzander@blurb.com	\N	\N	f	blogworld	365	Rev Share
43	Blurb	\N	1	2012-08-13 11:20:00	\N	akulberg@blurb.com	\N	\N	f	Tracking for Blurb Emails	365	Rev Share
44	Blurb Community Book	\N	1	2007-10-09 15:12:00	\N	jlyon@blurb.com	\N	\N	f	Blurb Community Book	365	Rev Share
45	Blurb Embedable Widget	\N	1	2010-03-03 14:08:00	\N	pthormahlen@blurb.com	\N	\N	f	Blurb Embedable Widget	365	Rev Share
46	Blurb GroupBook	\N	1	2008-04-02 15:12:00	\N	mwhittaker@blurb.com	\N	\N	f	Blurb GroupBook	365	Rev Share
47	BlurbTest	\N	15	2007-05-31 16:42:00	\N	jack@blurb.com	\N	\N	f	BlurbTest	365	Rev Share
48	British Journal of Photography	\N	1	2009-03-13 10:27:00	\N	lzander@blurb.com	\N	\N	f	British Journal of Photography	365	Rev Share
49	Brooklyn Brides	\N	1	2008-08-07 09:17:00	\N	lzander@blurb.com	\N	\N	f	Brooklyn Brides	365	Rev Share
50	CA_Display_MI	\N	1	2011-09-27 14:02:00	\N	lpattison@blurb.com	\N	\N	f	CA_Display_MI	365	Rev Share
51	Canada	\N	1	2010-03-22 20:08:00	\N	support@blurb.com	\N	\N	f	Canada	365	Rev Share
52	Canadian Association of Photographic Art	\N	1	2011-03-07 10:15:00	\N	rgoldberg@blurb.com	\N	\N	f	Canadian Association of Photographic Art	365	Rev Share
53	Candid Photo Creations	\N	15	2007-02-26 14:29:00	\N	betsy@candidphotocreations.com	\N	\N	f	Candid Photo Creations	365	Rev Share
54	Canvaspop	\N	1	2012-02-16 12:18:00	\N	showe@blurb.com	\N	\N	f	Canvaspop	365	Rev Share
55	Carolyn Potts & Associates	\N	15	2007-03-16 12:48:00	\N	carolyn@cpotts.com	\N	\N	f	Carolyn Potts & Associates	365	Rev Share
56	Celebrations.com	\N	15	2010-04-01 10:11:00	\N	support@blurb.com	\N	\N	f	Celebrations.com	365	Rev Share
57	CGX	\N	15	2012-04-10 20:24:00	\N	cgxtest@blurb.com	\N	\N	f	emerge 2012	365	Rev Share
58	Chapters Indigo	\N	15	2010-08-27 09:45:00	\N	CSuchy@indigo.ca	\N	\N	f	Chapters Indigo	365	Rev Share
59	Chronicle Books	\N	1	2007-09-26 14:56:00	\N	sarah_williams@chroniclebooks.com	\N	\N	f	Chronicle Books	365	Rev Share
60	Classic Bride	\N	15	2009-01-21 09:08:00	\N	lzander@blurb.com	\N	\N	f	Classic Bride (PR/Blog)	365	Rev Share
61	Coochicoos | Curious Ventures	\N	15	2007-06-05 15:06:00	\N	ryang@curiousventures.com	\N	\N	f	Coochicoos | Curious Ventures	365	Rev Share
62	Cooking.com	\N	15	2006-08-31 20:30:00	\N	lzander@blurb.com	\N	\N	f	Cooking.com	365	Rev Share
63	Creating Keepsakes	\N	1	2008-07-21 14:43:00	\N	lzander@blurb.com	\N	\N	f	Creating Keepsakes	365	Rev Share
64	Creative Leadership Adventures	\N	15	2007-02-07 17:12:00	\N	teresa@cladventures.com	\N	\N	f	Creative Leadership Adventures	365	Rev Share
65	Creative Pro Displa	\N	1	2010-11-11 10:57:00	\N	lpattison@blurb.com	\N	\N	f	Creative Pro Display UK	365	Rev Share
66	Creative Pro.com	\N	1	2010-09-08 12:27:00	\N	lpattison@blurb.com	\N	\N	f	creative pro.com	365	Rev Share
67	Creative Review	\N	1	2011-07-06 14:06:00	\N	sbeaumonte@blurb.com	\N	\N	f	Creative Review	365	Rev Share
68	CreativeSydney	\N	1	2011-05-30 01:50:00	\N	robin@blurb.com	\N	\N	f	CreativeSydney	365	Rev Share
69	Cultiris	\N	1	2009-03-09 12:47:00	\N	lzander@blurb.com	\N	\N	f	Cultiris	365	Rev Share
70	Daily Candy (Seattle)	\N	1	2007-06-15 08:48:00	\N	lzander@blurb.com	\N	\N	f	Daily Candy (Seattle)	365	Rev Share
71	Daily Olive | Curious Ventures	\N	15	2007-06-05 15:07:00	\N	ryang@curiousventures.com	\N	\N	f	Daily Olive | Curious Ventures	365	Rev Share
72	Datacolor 	\N	1	2008-10-15 11:11:00	\N	lzander@blurb.com	\N	\N	f	Datacolor 	365	Rev Share
73	DEATCH default partnercode	\N	1	2011-10-05 10:36:00	\N	rsulonen@blurb.com	\N	\N	f	DEATCH default partnercode	365	Rev Share
74	Design Her Momma	\N	1	2009-02-11 09:56:00	\N	lzander@blurb.com	\N	\N	f	Design Her Momma (PR/blog)	365	Rev Share
75	Design2Share	\N	15	2008-08-20 08:45:00	\N	lzander@blurb.com	\N	\N	f	Design2Share	365	Rev Share
76	Digital Pickle	\N	15	2007-06-18 16:07:00	\N	arik@digitalpickle.com	\N	\N	f	Digital Pickle	365	Rev Share
77	Display holiday campaign	\N	1	2011-11-11 07:32:00	\N	rsulonen@blurb.com	\N	\N	f	Display holiday campaign UK	365	Rev Share
78	Display_CA	\N	1	2011-06-03 09:22:00	\N	lpattison@blurb.com	\N	\N	f	Display_CA	365	Rev Share
79	Dogster Inc	\N	15	2006-08-31 20:30:00	\N	lzander@blurb.com	\N	\N	f	Dogster Inc.	365	Rev Share
80	Doubletruck (Advertising)	\N	1	2008-01-09 09:10:00	\N	lzander@blurb.com	\N	\N	f	Doubletruck (Advertising)	365	Rev Share
81	Dr. Greene	\N	15	2007-08-27 17:03:00	\N	cgreene@drgreene.com	\N	\N	f	Dr. Greene	365	Rev Share
82	DR_Bridge_April 	\N	1	2011-03-28 11:45:00	\N	lpattison@blurb.com	\N	\N	f	DR_Bridge_April 	365	Rev Share
83	dreambinders	\N	15	2009-07-08 13:11:00	\N	alexahdavis@gmail.com	\N	\N	f	dreambinders	365	Rev Share
84	Duct Tape Marketing	\N	15	2007-05-03 13:49:00	\N	john@ducttapemarketing.com	\N	\N	f	Duct Tape Marketing	365	Rev Share
85	E7 sports	\N	1	2008-09-24 02:22:00	\N	lzander@blurb.com	\N	\N	f	E7 sports	365	Rev Share
86	Eagle Creek	\N	1	2007-10-17 13:12:00	\N	lzander@blurb.com	\N	\N	f	Eagle Creek	365	Rev Share
87	EEN Productions	\N	15	2007-02-20 10:36:00	\N	enitka1@comcast.net	\N	\N	f	EEN Productions	365	Rev Share
88	Efotolab	\N	15	2007-01-18 15:50:00	\N	joel@efotolab.com	\N	\N	f	Efotolab	365	Rev Share
89	eHow	\N	15	2007-07-20 13:52:00	\N	GregBoudewijn@demandmedia.com	\N	\N	f	Demand Media (eHow)	365	Rev Share
90	elink	\N	1	2010-09-23 11:56:00	\N	lpattison@blurb.com	\N	\N	f	elink	365	Rev Share
91	email_be	\N	1	2012-05-11 09:32:00	\N	fdiels@blurb.com	\N	\N	f	email_be	365	Rev Share
92	Equinomics	\N	15	2007-02-22 15:39:00	\N	duaneaman@sbcglobal.net	\N	\N	f	Equinomics	365	Rev Share
93	ES default parnter code	\N	1	2011-10-19 04:18:00	\N	rsulonen@blurb.com	\N	\N	f	ES default parnter code	365	Rev Share
94	Etsy	\N	1	2011-08-31 07:31:00	\N	rsulonen@blurb.com	\N	\N	f	Etsy	365	Rev Share
95	Eu Rail	\N	15	2009-12-07 16:47:00	\N	ahardie@blurb.com	\N	\N	f	Eu Rail	365	Rev Share
96	Everywhere Travel magazine (JPG)	\N	1	2008-01-14 14:05:00	\N	lzander@blurb.com	\N	\N	f	Everywhere Travel magazine (JPG)	365	Rev Share
97	Facebook	\N	1	2007-11-30 10:00:00	\N	lzander@blurb.com	\N	\N	f	Facebook Advertising	365	Rev Share
98	Facebook-Rev	\N	15	2008-04-21 11:34:00	\N	lzander@blurb.com	\N	\N	f	Facebook Application - Wedding CA	365	Rev Share
99	Federated Media	\N	1	2010-11-16 12:29:00	\N	lpattison@blurb.com	\N	\N	f	Federated Media	365	Rev Share
100	Fedex	\N	15	2010-09-28 16:54:00	\N	azweerink@blurb.com	\N	\N	f	Fedex	365	Rev Share
101	Flickr	\N	15	2007-05-16 13:21:00	\N	lzander@blurb.com	\N	\N	t	Flickr	365	Rev Share
102	FlickrAG	\N	15	2009-10-29 18:40:00	\N	Dalex@yahoo.com	\N	\N	f	FlickrAG	365	Rev Share
103	Fotocommunity	\N	1	2011-09-02 09:25:00	\N	rsulonen@blurb.com	\N	\N	f	Fotocommunity	365	Rev Share
104	Four Thirds Photo	\N	15	2007-05-09 16:27:00	\N	tony@fourthirdsphoto.com	\N	\N	f	Four Thirds Photo	365	Rev Share
105	FRBE default partnercode	\N	1	2011-10-05 10:35:00	\N	rsulonen@blurb.com	\N	\N	f	FRBE default partnercode	365	Rev Share
106	Friends of LIve the Band	\N	1	2008-11-26 10:42:00	\N	lzander@blurb.com	\N	\N	f	Friends of LIve the Band	365	Rev Share
107	Fuel My Blog	\N	15	2008-10-07 09:29:00	\N	lzander@blurb.com	\N	\N	f	Fuel My Blog	365	Rev Share
108	Futurenet	\N	1	2009-02-12 09:18:00	\N	lzander@blurb.com	\N	\N	f	Futurenet	365	Rev Share
109	Gannett - Democrat and Chronicle	\N	15	2008-04-23 11:57:00	\N	lzander@blurb.com	\N	\N	f	Gannett - Democrat and Chronicle	365	Rev Share
110	Geo NL	\N	1	2011-10-27 06:47:00	\N	rsulonen@blurb.com	\N	\N	f	Geo NL	365	Rev Share
111	Geo Reise	\N	1	2011-10-27 06:48:00	\N	rsulonen@blurb.com	\N	\N	f	Geo Reise	365	Rev Share
112	Gina Geigley Photography	\N	15	2007-02-12 08:59:00	\N	ginageigley@gmail.com	\N	\N	f	Gina Geigley Photography	365	Rev Share
113	GM: Partner Production Test	\N	15	2007-09-27 16:58:00	\N	gmagidin@blurb.com	\N	\N	f	GM: Partner Production Test	365	Rev Share
114	Goody Blog Parents Magazine	\N	1	2008-08-20 08:44:00	\N	lzander@blurb.com	\N	\N	f	Goody Blog Parents Magazine (PR)	365	Rev Share
115	Google	\N	1	2007-03-12 16:52:00	\N	lzander@blurb.com	\N	\N	f	Paid Search - Google	365	Rev Share
116	Goole	\N	1	2012-07-31 09:25:00	\N	fdiels@blurb.com	\N	\N	f	google_fr_christening	365	Rev Share
117	Guardian News & Media Limited	\N	1	2011-05-03 13:37:00	\N	daniel.spears@guardian.co.uk	\N	\N	t	Guardian News & Media Limited	365	Rev Share
118	Guardian_Test	\N	1	2011-05-08 10:59:00	\N	lpattison@blurb.com	\N	\N	f	Guardian_Test	365	Rev Share
119	Harper Collins	\N	15	2009-01-08 14:39:00	\N	lzander@blurb.com	\N	\N	f	Harper Collins	365	Rev Share
120	heartfaces	\N	1	2009-04-22 11:19:00	\N	lzander@blurb.com	\N	\N	f	heartfaces	365	Rev Share
121	Heel Press	\N	1	2007-11-21 10:06:00	\N	lzander@blurb.com	\N	\N	f	Heel Press	365	Rev Share
122	Hewlett- Packard	\N	15	2008-06-25 11:25:00	\N	lzander@blurb.com	\N	\N	t	Hewlett- Packard	365	Rev Share
123	Highlands Art Union	\N	15	2007-02-26 15:00:00	\N	theresa@quirkworks.com	\N	\N	f	Highlands Art Union	365	Rev Share
124	Honeymoon Wishes	\N	15	2007-05-29 09:01:00	\N	kstark@honeymoonwishes.com	\N	\N	f	Honeymoon Wishes	365	Rev Share
125	Hotwire	\N	1	2008-01-15 12:17:00	\N	lzander@blurb.com	\N	\N	f	Hotwire	365	Rev Share
126	Iceland Air	\N	15	2007-06-11 15:42:00	\N	melissa@icelandair.com	\N	\N	f	Iceland Air	365	Rev Share
127	iCreate	\N	1	2007-10-10 10:07:00	\N	mbarash@blurb.com	\N	\N	f	iCreate	365	Rev Share
128	imagination_publishing	\N	1	2012-06-13 09:07:00	\N	fdiels@blurb.com	\N	\N	f	imagination_publishing	365	Rev Share
129	Imaging Resource (free ad test)	\N	1	2007-10-25 09:28:00	\N	lzander@blurb.com	\N	\N	f	Imaging Resource (free ad test)	365	Rev Share
130	INfront	\N	1	2011-04-15 11:46:00	\N	rgoldberg@blurb.com	\N	\N	f	Australian INfront	365	Rev Share
131	International Data Group (IDG)	\N	15	2008-06-19 09:32:00	\N	lzander@blurb.com	\N	\N	f	International Data Group (IDG)	365	Rev Share
200	Photofusion	\N	1	2009-01-08 14:31:00	\N	lzander@blurb.com	\N	\N	f	Photofusion	365	Rev Share
132	International Society of Typographic Designers	\N	1	2009-03-02 08:42:00	\N	lzander@blurb.com	\N	\N	f	International Society of Typographic Designers	365	Rev Share
133	iStockphoto	\N	15	2008-04-11 09:44:00	\N	lzander@blurb.com	\N	\N	t	iStockphoto	365	Rev Share
134	IT default partner code	\N	1	2011-10-19 04:19:00	\N	rsulonen@blurb.com	\N	\N	f	IT default partner code	365	Rev Share
135	JackTest	\N	15	2007-10-22 17:43:00	\N	jack@blurb.com	\N	\N	f	JackTest	365	Rev Share
136	JAlbum	\N	15	2007-10-18 09:29:00	\N	carl@jalbum.net	\N	\N	t	JAlbum	365	Rev Share
137	java.com	\N	15	2007-04-18 10:14:00	\N	lzander@blurb.com	\N	\N	t	java.com	365	Rev Share
138	Jeera	\N	1	2012-09-05 07:11:00	\N	fdiels@blurb.com	\N	\N	f	jeera	365	Rev Share
139	Jen Beckman Gallery	\N	15	2010-08-16 14:55:00	\N	youngna@jenbekman.com	\N	\N	f	Jen Beckman Gallery	365	Rev Share
140	jessicasprague.com	\N	1	2008-11-03 10:17:00	\N	ghancock@blurb.com	\N	\N	f	jessicasprague.com (free class)	365	Rev Share
141	KCCPics	\N	15	2007-02-28 10:34:00	\N	jbmc98@hotmail.com	\N	\N	f	KCCPics	365	Rev Share
142	KGO	\N	1	2007-10-25 12:08:00	\N	mbarash@blurb.com	\N	\N	f	KGO	365	Rev Share
143	Killed Ideas	\N	1	2009-02-23 15:49:00	\N	lzander@blurb.com	\N	\N	f	Killed Ideas	365	Rev Share
144	Kimberly Clark	\N	1	2011-08-15 11:18:00	\N	blurboz@gmail.com	\N	\N	f	Kimberly Clark Australia	365	Rev Share
145	Leave Out Violence	\N	15	2007-02-05 11:11:00	\N	LThibodeau@optonline.net	\N	\N	f	Leave Out Violence	365	Rev Share
146	Lens Culture	\N	15	2008-07-23 09:01:00	\N	jim@lensculture.com	\N	\N	f	Lens Culture	365	Rev Share
147	Liberation	\N	1	2011-11-07 07:47:00	\N	rsulonen@blurb.com	\N	\N	f	Liberation	365	Rev Share
148	Library of Life (USA) Inc.	\N	15	2007-07-09 15:51:00	\N	lana.migliore@lifestagemedia.com	\N	\N	f	Library of Life (USA) Inc.	365	Rev Share
149	Live Journal	\N	15	2008-11-10 16:27:00	\N	lzander@blurb.com	\N	\N	t	Live Journal	365	Rev Share
150	LiveBooks	\N	15	2007-02-05 12:00:00	\N	wes@livebooks.com	\N	\N	t	liveBooks	365	Rev Share
151	Lonely Planet	\N	15	2006-09-25 09:11:00	\N		\N	\N	f	Lonely Planet	365	Rev Share
152	Loud Latin	\N	15	2007-01-22 12:28:00	\N	lauraz@gmail.com	\N	\N	f	Loud Latin	365	Rev Share
153	Luceo	\N	1	2012-06-05 16:10:00	\N	dmilnor@blurb.com	\N	\N	f	Luceo	365	Rev Share
154	Lucie Awards	\N	1	2008-07-09 16:26:00	\N	ghancock@blurb.com	\N	\N	f	Lucie Awards	365	Rev Share
155	Lucky Oliver	\N	15	2007-05-17 15:21:00	\N	hunter@luckyoliver.com	\N	\N	f	Lucky Oliver	365	Rev Share
156	MAC Group	\N	15	2008-11-19 13:29:00	\N	lzander@blurb.com	\N	\N	f	MAC Group - Educators	365	Rev Share
157	Mac on Campus	\N	15	2009-01-09 14:32:00	\N	lzander@blurb.com	\N	\N	t	Mac on Campus - Educators	365	Rev Share
158	Maclimburg.de	\N	15	2008-11-12 13:12:00	\N	lzander@blurb.com	\N	\N	f	Maclimburg.de	365	Rev Share
159	Macworld Trade Show	\N	1	2008-01-23 10:45:00	\N	lzander@blurb.com	\N	\N	f	Macworld Trade Show	365	Rev Share
160	Mark Steines - Entertainment Tonight host	\N	1	2009-05-05 12:03:00	\N	lzander@blurb.com	\N	\N	f	Mark Steines - Entertainment Tonight host	365	Rev Share
161	Martha Stewart Wedding	\N	1	2011-06-22 16:58:00	\N	sbeaumonte@blurb.com	\N	\N	f	Martha Stewart Wedding	365	Rev Share
162	Media Smith	\N	1	2011-03-24 15:47:00	\N	lpattison@blurb.com	\N	\N	f	Display_US_DR	365	Rev Share
163	medicalert	\N	1	2012-06-28 09:14:00	\N	jlilien@blurb.com	\N	\N	f	medicalert	365	Rev Share
164	Metropoloitan Momma	\N	15	2009-03-18 10:21:00	\N	lzander@blurb.com	\N	\N	f	Metropoloitan Momma (PR/blog)	365	Rev Share
165	Microsoft	\N	1	2007-07-05 16:38:00	\N	lzander@blurb.com	\N	\N	f	Paid Search - MSN (photo)	365	Rev Share
166	Microsoft (2009 Give Campaign)	\N	1	2009-09-22 11:18:00	\N	fbryant@blurb.com	\N	\N	f	Microsoft (2009 Give Campaign)	365	Rev Share
167	Mom Advice	\N	1	2009-02-10 08:59:00	\N	lzander@blurb.com	\N	\N	f	Mom Advice (Blog/PR)	365	Rev Share
168	Mom Buzz	\N	1	2009-03-12 09:01:00	\N	lzander@blurb.com	\N	\N	f	Mom Buzz (PR blog)	365	Rev Share
169	Mommy Poppins	\N	1	2008-11-03 08:41:00	\N	lzander@blurb.com	\N	\N	f	Mommy Poppins (blog outreach)	365	Rev Share
170	MonsterChildren	\N	1	2011-04-15 11:43:00	\N	rgoldberg@blurb.com	\N	\N	f	MonsterChildren	365	Rev Share
171	Moo	\N	15	2008-02-01 11:11:00	\N	lzander@blurb.com	\N	\N	f	Moo	365	Rev Share
172	More Photos	\N	15	2007-03-23 09:12:00	\N	linda@morephotos.com	\N	\N	f	More Photos	365	Rev Share
173	Mugshots School Photography	\N	15	2007-06-27 10:44:00	\N	linda@russellphoto.com	\N	\N	f	Mugshots School Photography	365	Rev Share
174	mywedding.com	\N	15	2007-09-12 14:35:00	\N	eric@mywedding.com	\N	\N	f	mywedding.com	365	Rev Share
175	Netming	\N	1	2010-07-08 15:15:00	\N	lpattison@blurb.com	\N	\N	f	Netming_Display	365	Rev Share
176	Next Big Writer	\N	1	2009-02-24 10:52:00	\N	lzander@blurb.com	\N	\N	f	Next Big Writer	365	Rev Share
177	Night of Dreams	\N	15	2007-02-07 17:10:00	\N	teresa@nightofdreams.org	\N	\N	f	Night of Dreams	365	Rev Share
178	Nik Software	\N	10	2010-05-20 11:04:00	\N	showe@blurb.com	\N	\N	f	Nik Software	365	Rev Share
179	Nikonians	\N	15	2009-04-27 15:43:00	\N	lzander@blurb.com	\N	\N	f	Nikonians	365	Rev Share
180	NL default partner code	\N	1	2011-10-19 04:20:00	\N	rsulonen@blurb.com	\N	\N	f	NL default partner code	365	Rev Share
181	Nonna	\N	1	2012-09-05 09:41:00	\N	rverdellen@blurb.com	\N	\N	f	nonna_uk	365	Rev Share
182	Offbeat Bride	\N	1	2007-09-20 16:13:00	\N	ghancock@blurb.com	\N	\N	f	Offbeat Bride	365	Rev Share
183	OMG	\N	1	2012-06-18 03:55:00	\N	fdiels@blurb.com	\N	\N	f	referafriend_uk	365	Rev Share
184	Once Upon a School	\N	1	2008-10-31 11:31:00	\N	lzander@blurb.com	\N	\N	f	Once Upon a School	365	Rev Share
185	Our Story	\N	15	2006-12-06 16:26:00	\N		\N	\N	f	ourstory	365	Rev Share
186	Outback Photo	\N	1	2007-10-04 10:13:00	\N	ghancock@blurb.com	\N	\N	f	Outback Photo	365	Rev Share
187	Panasonic	\N	15	2008-12-04 15:37:00	\N	lzander@blurb.com	\N	\N	f	Panasonic	365	Rev Share
188	Parent Bloggers Network	\N	1	2008-10-07 09:00:00	\N	lzander@blurb.com	\N	\N	f	Parent Bloggers Network	365	Rev Share
189	Party Details	\N	15	2007-03-23 09:46:00	\N	linda@wdweb.com	\N	\N	f	Party Details	365	Rev Share
190	Partypop.com	\N	1	2007-06-07 10:47:00	\N	ghancock@blurb.com	\N	\N	f	Partypop.com	365	Rev Share
191	Pat Gleason Photography	\N	15	2007-01-30 15:29:00	\N	email@patgleason.com	\N	\N	f	Pat Gleason Photography	365	Rev Share
192	Pet Place	\N	15	2007-04-17 09:48:00	\N	diego_s@mac.com	\N	\N	f	Pet Place	365	Rev Share
193	Peterson Collection	\N	15	2007-01-18 13:51:00	\N	gregory.j.peterson@gmail.com	\N	\N	f	Peterson Collection	365	Rev Share
194	Photo Alliance	\N	1	2007-09-28 16:17:00	\N	swert@blurb.com	\N	\N	f	Photo Alliance	365	Rev Share
195	Photo_Bookify_Post	\N	1	2010-10-20 09:14:00	\N	lpattison@blurb.com	\N	\N	f	Photo_Bookify_Post	365	Rev Share
196	Photo_Bookify_Pre	\N	1	2010-10-20 09:16:00	\N	lpattison@blurb.com	\N	\N	f	Photo_Bookify_Pre	365	Rev Share
197	Photo_Booksmart	\N	1	2010-10-20 09:18:00	\N	lpattison@blurb.com	\N	\N	f	Photo_Booksmart	365	Rev Share
198	Photobucket	\N	15	2008-04-11 09:57:00	\N	lzander@blurb.com	\N	\N	f	Photobucket	365	Rev Share
199	Photoeye	\N	15	2009-09-03 14:25:00	\N	Melanie@photoeye.com	\N	\N	t	Photoeye	365	Rev Share
201	Photography Book Now	\N	1	2009-02-24 15:54:00	\N	lzander@blurb.com	\N	\N	f	Photography Book Now	365	Rev Share
202	PhotoIcon	\N	1	2008-07-01 08:52:00	\N	ghancock@blurb.com	\N	\N	t	PhotoIcon	365	Rev Share
203	Photoinduced (free book giveaway)	\N	1	2007-10-30 15:54:00	\N	lzander@blurb.com	\N	\N	f	Photoinduced (free book giveaway)	365	Rev Share
204	Photonews	\N	1	2011-12-01 07:55:00	\N	rsulonen@blurb.com	\N	\N	f	Photonews	365	Rev Share
205	Photopipe	\N	15	2006-08-31 20:30:00	\N	fbryant@blurb.com	\N	\N	f	Photopipe	365	Rev Share
206	PhotoPlus	\N	1	2007-10-23 10:26:00	\N	lzander@blurb.com	\N	\N	f	PhotoPlus	365	Rev Share
207	PhotoPlus Expo 2009	\N	1	2009-08-10 14:47:00	\N	nshahmiri@blurb.com	\N	\N	f	PhotoPlus Expo 2009	365	Rev Share
208	PhotoShelter	\N	10	2012-02-16 12:33:00	\N	allen3@photoshelter.com	\N	\N	f	PhotoShelter	365	Rev Share
209	PhotoSource International	\N	15	2007-01-10 09:33:00	\N	psi2@photosource.com	\N	\N	f	PhotoSource International	365	Rev Share
210	Picto	\N	1	2011-11-07 07:46:00	\N	rsulonen@blurb.com	\N	\N	f	Picto	365	Rev Share
211	Plasq	\N	15	2007-08-15 13:12:00	\N	brian@plasq.com	\N	\N	f	Plasq	365	Rev Share
212	Poladroid	\N	1	2008-11-10 16:26:00	\N	lzander@blurb.com	\N	\N	f	Poladroid	365	Rev Share
213	PopPhoto_ipad	\N	1	2011-05-18 16:35:00	\N	lpattison@blurb.com	\N	\N	f	PopPhoto_ipad	365	Rev Share
214	PR (bloggers-newspapers-etc.)	\N	1	2007-08-29 15:54:00	\N	lzander@blurb.com	\N	\N	f	PR (bloggers-newspapers-etc.)	365	Rev Share
215	Priceline Inc.	\N	15	2006-08-31 20:30:00	\N	lzander@blurb.com	\N	\N	f	Priceline Inc.	365	Rev Share
216	Print File	\N	15	2008-04-07 08:48:00	\N	gene@printfile.com	\N	\N	f	Print File	365	Rev Share
217	profifoto	\N	1	2011-09-05 02:26:00	\N	rsulonen@blurb.com	\N	\N	f	Profifoto	365	Rev Share
218	PWP Forums	\N	1	2007-09-20 16:31:00	\N	ghancock@blurb.com	\N	\N	f	PWP Forums	365	Rev Share
219	Qlubb	\N	1	2009-03-20 11:07:00	\N	lzander@blurb.com	\N	\N	f	Qlubb	365	Rev Share
220	Qlubb Ad	\N	1	2010-05-20 12:14:00	\N	lpattison@blurb.com	\N	\N	f	Qlubb Ad	365	Rev Share
221	Radio traffic from PR/radio push	\N	1	2007-10-23 14:27:00	\N	lzander@blurb.com	\N	\N	f	Radio traffic from PR/radio push	365	Rev Share
222	Razorfish	\N	1	2011-03-24 15:50:00	\N	lpattison@blurb.com	\N	\N	f	Display_UK_DR	365	Rev Share
223	RedBubble	\N	15	2009-10-13 14:44:00	\N	pstyles@redbubble.com	\N	\N	f	RedBubble	365	Rev Share
224	Respectance	\N	15	2008-01-24 14:04:00	\N	Richard@respectance.com	\N	\N	f	Respectance	365	Rev Share
225	Roxio	\N	15	2007-09-21 09:15:00	\N	lzander@blurb.com	\N	\N	f	Roxio	365	Rev Share
226	Royal Photographic Society	\N	15	2009-02-20 14:35:00	\N	lzander@blurb.com	\N	\N	f	Royal Photographic Society	365	Rev Share
227	Scan Cafe	\N	15	2007-10-15 12:05:00	\N	lzander@blurb.com	\N	\N	f	Scan Cafe	365	Rev Share
228	Seamobile	\N	1	2008-05-07 16:05:00	\N	lzander@blurb.com	\N	\N	f	Seamobile	365	Rev Share
229	Seamobile - Holland America	\N	15	2008-05-08 15:15:00	\N	lzander@blurb.com	\N	\N	f	Seamobile - Holland America	365	Rev Share
230	Seamobile - Norwegian Cruise Lines	\N	15	2008-05-08 15:15:00	\N	lzander@blurb.com	\N	\N	f	Seamobile - Norwegian Cruise Lines	365	Rev Share
231	SF Fun Cheap	\N	1	2008-01-14 14:06:00	\N	lzander@blurb.com	\N	\N	f	SF Fun Cheap	365	Rev Share
232	ShareASale	\N	15	2011-03-22 16:17:00	\N	lpattison@blurb.com	\N	\N	f	Affiliate_Network	365	Rev Share
233	Shortstop	\N	1	2009-01-07 08:52:00	\N	lzander@blurb.com	\N	\N	f	Shortstop (Blog/PR)	365	Rev Share
234	ShutterWorks Studios	\N	15	2007-02-27 11:03:00	\N	rachel@customphotobookcreations.com	\N	\N	f	ShutterWorks Studios	365	Rev Share
235	Smart Images	\N	15	2009-01-06 10:26:00	\N	sarah@smartimages.com	\N	\N	f	Smart Images	365	Rev Share
236	Smash Words	\N	15	2009-01-26 12:04:00	\N	lzander@blurb.com	\N	\N	f	Smash Words	365	Rev Share
237	SmugMug	\N	15	2007-10-19 11:30:00	\N	lzander@blurb.com	\N	\N	f	SmugMug	365	Rev Share
238	Snappy Snaps	\N	1	2008-10-13 10:20:00	\N	lzander@blurb.com	\N	\N	f	Snappy Snaps	365	Rev Share
239	Sony	\N	15	2012-01-09 16:46:00	\N	showe@blurb.com	\N	\N	f	Sony USA	365	Rev Share
240	Sony Canada	\N	15	2012-06-08 17:15:00	\N	jlilien@blurb.com	\N	\N	f	sonyca	365	Rev Share
241	SPAA division of PMA	\N	1	2007-10-03 12:52:00	\N	ghancock@blurb.com	\N	\N	f	SPAA division of PMA	365	Rev Share
242	STA Travel	\N	1	2007-12-13 14:22:00	\N	lzander@blurb.com	\N	\N	f	STA Travel	365	Rev Share
243	Step Into Alaska	\N	15	2007-02-20 17:21:00	\N	Bob@gguiding.com	\N	\N	f	Step Into Alaska	365	Rev Share
244	Stern Fotografie	\N	1	2011-10-27 06:49:00	\N	rsulonen@blurb.com	\N	\N	f	Stern Fotografie	365	Rev Share
245	StorterChilds Printing	\N	15	2012-04-10 20:24:00	\N	jkruszka@nies.com	\N	\N	f	StorterChilds Printing	365	Rev Share
246	STUMBLEUPON	\N	1	2011-04-01 09:39:00	\N	lpattison@blurb.com	\N	\N	f	STUMBLEUPON	365	Rev Share
247	Stylepark DE	\N	1	2011-10-17 06:50:00	\N	rsulonen@blurb.com	\N	\N	f	Stylepark DE	365	Rev Share
248	styleparkuk	\N	1	2011-10-17 06:50:00	\N	rsulonen@blurb.com	\N	\N	f	Stylepark UK	365	Rev Share
249	Sweetney	\N	1	2009-04-08 09:55:00	\N	lzander@blurb.com	\N	\N	f	Sweetney Blog/PR	365	Rev Share
250	SXSW 2010 	\N	1	2009-08-10 14:48:00	\N	nshahmiri@blurb.com	\N	\N	f	SXSW 2010 	365	Rev Share
251	Talk Photography	\N	15	2008-10-31 14:14:00	\N	lzander@blurb.com	\N	\N	f	Talk Photography (UK)	365	Rev Share
252	Tara's View	\N	1	2008-10-27 12:59:00	\N	lzander@blurb.com	\N	\N	f	Tara's View (blog/PR)	365	Rev Share
253	Textbook	\N	15	2009-01-29 15:28:00	\N	lzander@blurb.com	\N	\N	f	Textbook	365	Rev Share
254	The Grateful Dead (The Dead)	\N	1	2009-04-07 15:07:00	\N	lzander@blurb.com	\N	\N	f	The Grateful Dead (The Dead)	365	Rev Share
255	The International Ecotourism Society	\N	15	2007-03-16 12:51:00	\N	katie@ecotourism.org	\N	\N	f	The International Ecotourism Society	365	Rev Share
256	The Knot	\N	1	2008-05-27 16:35:00	\N	lzander@blurb.com	\N	\N	f	The Knot	365	Rev Share
257	The Knot - Home Page Badge	\N	1	2007-06-08 12:53:00	\N	ghancock@blurb.com	\N	\N	f	The Knot - Home Page Badge	365	Rev Share
258	The Story Cat	\N	15	2007-01-05 15:51:00	\N	ruth@thestorycat.com	\N	\N	f	The Story Cat	365	Rev Share
259	TheKnot - Email	\N	1	2007-06-20 09:36:00	\N	ghancock@blurb.com	\N	\N	f	TheKnot - Email	365	Rev Share
260	Threadless	\N	1	2008-06-20 10:54:00	\N	lzander@blurb.com	\N	\N	f	Threadless	365	Rev Share
261	TIES Ecotourism	\N	15	2007-05-02 12:46:00	\N	katie@ecotourism.org	\N	\N	f	TIES Ecotourism	365	Rev Share
262	Tiny Prints	\N	15	2008-09-09 10:52:00	\N	lzander@blurb.com	\N	\N	f	Tiny Prints	365	Rev Share
263	Tiscali	\N	1	2008-06-04 09:24:00	\N	lzander@blurb.com	\N	\N	f	Tiscali	365	Rev Share
264	Travelocity	\N	15	2006-10-23 11:55:00	\N	fbryant@blurb.com	\N	\N	f	Travelocity	365	Rev Share
265	Triporama	\N	1	2008-05-29 14:39:00	\N	lzander@blurb.com	\N	\N	f	Triporama	365	Rev Share
266	Typepad	\N	15	2006-11-22 14:31:00	\N	fbryant@blurb.com	\N	\N	f	Typepad (SixApart Inc.)	365	Rev Share
267	typo	\N	1	2012-05-09 04:13:00	\N	fdiels@blurb.com	\N	\N	f	typo	365	Rev Share
268	United Kingdom	\N	1	2009-08-27 14:41:00	\N	support@blurb.com	\N	\N	f	United Kingdom	365	Rev Share
269	US_Display_MI	\N	1	2011-09-27 13:58:00	\N	lpattison@blurb.com	\N	\N	f	US_Display_MI	365	Rev Share
270	Valueclick	\N	1	2010-07-08 15:16:00	\N	lpattison@blurb.com	\N	\N	f	Valueclick_Display	365	Rev Share
271	Viator	\N	15	2007-08-01 10:48:00	\N	lzander@blurb.com	\N	\N	f	Viator	365	Rev Share
272	View	\N	1	2011-10-27 06:46:00	\N	rsulonen@blurb.com	\N	\N	f	View	365	Rev Share
273	viewbug	\N	1	2012-05-21 16:34:00	\N	jimmy@viewbug.com	\N	\N	f	viewbug	365	Rev Share
274	VOID_IGNORE	\N	1	2007-06-07 09:53:00	\N	ghancock@blurb.com	\N	\N	f	VOID_IGNORE	365	Rev Share
275	Wallpaper	\N	1	2011-07-26 09:57:00	\N	sbeaumonte@blurb.com	\N	\N	f	Wallpaper	365	Rev Share
276	WAYN	\N	15	2010-04-12 08:30:00	\N	lidia@wayn.com	\N	\N	f	WAYN	365	Rev Share
277	Webshots	\N	15	2006-08-31 20:30:00	\N	fbryant@blurb.com	\N	\N	f	Webshots	365	Rev Share
278	Wedding Bee	\N	1	2008-07-16 08:54:00	\N	lzander@blurb.com	\N	\N	f	Wedding Bee	365	Rev Share
279	Wedding Details	\N	15	2007-03-23 09:32:00	\N	linda@wdweb.com	\N	\N	f	Wedding Details	365	Rev Share
280	Wedding Manor	\N	15	2007-05-14 15:17:00	\N	staff@weddingmanor.com	\N	\N	f	Wedding Manor	365	Rev Share
281	Wedding Photography Directory	\N	1	2007-11-15 10:28:00	\N	ghancock@blurb.com	\N	\N	f	Wedding Photography Directory	365	Rev Share
282	Wedding Photojournalist Association (Artistic Guild)	\N	1	2008-01-30 13:24:00	\N	lzander@blurb.com	\N	\N	f	Wedding Photojournalist Association (Artistic Guild)	365	Rev Share
283	Wedding Simple	\N	15	2007-03-29 13:33:00	\N	russcat@weddingsimple.com	\N	\N	f	Wedding Simple	365	Rev Share
284	WeddingBureau.com	\N	15	2007-02-13 16:03:00	\N	alan@weddingbureau.com	\N	\N	f	WeddingBureau.com	365	Rev Share
285	Western Canadian	\N	1	2010-06-17 17:25:00	\N	lpattison@blurb.com	\N	\N	f	Western Canadian	365	Rev Share
286	What Digital Camera	\N	1	2008-07-01 09:00:00	\N	ghancock@blurb.com	\N	\N	f	What Digital Camera	365	Rev Share
287	Whole Travel	\N	1	2008-05-27 11:45:00	\N	lzander@blurb.com	\N	\N	f	Whole Travel	365	Rev Share
288	Women In Photography International	\N	1	2008-09-16 11:49:00	\N	lzander@blurb.com	\N	\N	f	Women In Photography International	365	Rev Share
289	World Nomads	\N	15	2007-09-27 08:45:00	\N	chris@worldnomads.com.au	\N	\N	f	World Nomads	365	Rev Share
290	World Photography Organization	\N	15	2010-12-03 12:17:00	\N	Astrid@worldphoto.org	\N	\N	f	World Photography Organization	365	Rev Share
291	www.jamesburns.co.uk/	\N	1	2009-04-21 09:02:00	\N	lzander@blurb.com	\N	\N	f	www.jamesburns.co.uk/	365	Rev Share
292	www.jmcolberg.com	\N	1	2008-08-26 14:27:00	\N	ghancock@blurb.com	\N	\N	f	www.jmcolberg.com	365	Rev Share
293	Yahoo	\N	1	2007-03-12 16:52:00	\N	lzander@blurb.com	\N	\N	f	Paid Search - Yahoo	365	Rev Share
294	Zanox	\N	1	2012-05-02 07:29:00	\N	fdiels@blurb.com	\N	\N	f	zanox_de	365	Rev Share
295	Zenfolio	\N	1	2011-04-15 16:02:00	\N	showe@blurb.com	\N	\N	f	Zenfolio	365	Rev Share
296	Zuberance	\N	1	2011-02-18 09:11:00	\N	azweerink@blurb.com	\N	\N	f	Zuberance Email 10	365	Rev Share
297	Popbictch	\N	1	2012-09-18 03:42:00	\N	hello@popbitch.com	\N	\N	f	Popbitch	365	Rev Share
298	TTH	\N	1	2012-09-18 03:44:00	\N	rverdellen@blurb.com	\N	\N	f	TTH	365	Rev Share
299	Vouchercodes.com	\N	1	2012-09-18 03:45:00	\N	rsulonen@blurb.com	\N	\N	f	Vouchercodes.com	365	Rev Share
300	Samsung	\N	18	2014-02-20 11:33:02.258663	\N	support@blurb.com	\N	\N	f	\N	\N	Rev Share
301	American Express Digital Media	\N	0	2018-06-28 16:00:16.092714	\N	ben.v.preziosi@aexp.com	\N	\N	f	American Express Digital Media	\N	Rev Share
302	B&H	\N	0	2018-06-28 16:00:16.092714	\N	deborahg@bhphoto.com	\N	\N	f	B&H	\N	Rev Share
303	Bibliocrunch	\N	15	2018-06-28 16:00:16.092714	\N	miral@bibliocrunch.com	\N	\N	f	Bibliocrunch	\N	Rev Share
304	Buzzfeed	\N	0	2018-06-28 16:00:16.092714	\N	david.parners@buzzfeed.com	\N	\N	f	Buzzfeed	\N	Rev Share
305	DxO	\N	0	2018-06-28 16:00:16.092714	\N	fdeitos@dxo.com	\N	\N	f	DxO	\N	Rev Share
306	Hover	\N	0	2018-06-28 16:00:16.092714	\N	barbara@gethover.com	\N	\N	f	Hover	\N	Rev Share
307	Hurtigruten	\N	0	2018-06-28 16:00:16.092714	\N	Sigrid.Mogard@hurtigruten.com	\N	\N	f	Hurtigruten	\N	Rev Share
308	Lifestory	\N	0	2018-06-28 16:00:16.092714	\N	plh@h-fs.com	\N	\N	f	Lifestory	\N	Rev Share
309	LumaPix	\N	0	2018-06-28 16:00:16.092714	\N	afriedland@blurb.com	\N	\N	f	LumaPix	\N	Rev Share
310	NanoWriMo	\N	18	2018-06-28 16:00:16.092714	\N	grant@nanowrimo.org	\N	\N	f	NanoWriMo	\N	Rev Share
311	Pluralsight	\N	0	2018-06-28 16:00:16.092714	\N	kassidi-coleman@pluralsight.com	\N	\N	f	Pluralsight	\N	Rev Share
312	Scribd	\N	0	2018-06-28 16:00:16.092714	\N	afriedland@blurb.com	\N	\N	f	Scribd	\N	Rev Share
313	Thinkific	\N	0	2018-06-28 16:00:16.092714	\N	afriedland@blurb.com	\N	\N	f	Thinkific	\N	Rev Share
314	Shoot My Travel, Inc.	\N	15	2020-11-30 18:46:26.295923	\N	agarcia@blurb.com	https://www.blurb.com/partner/shoot-my-travel	\N	f	global travel photographer marketplace	365	Rev Share
315	Hostfully, inc.	\N	15	2020-11-30 18:46:26.419705	\N	agarcia@blurb.com	https://www.blurb.com/partner/hostfully	\N	f	Blurb will create a co-branded landing page that will allow Hostfully to market to their customers the ability to upload and purchase custom print books or magazines through Blurb.	365	Rev Share
316	Picter	\N	15	2020-11-30 18:46:26.987913	\N	rgantan@blurb.com	https://www.blurb.com/partner/picter	\N	f	Online visual collaboration workspace	365	Rev Share
\.


--
-- Data for Name: partner_codes; Type: TABLE DATA; Schema: blurby; Owner: -
--

COPY partner_codes (id, partner_code, description, created_by_email, partner_id, channel_id, campaign_id, active, created_at, updated_at) FROM stdin;
1	webshots	Webshots	fbryant@blurb.com	277	4	146	f	2006-08-31 20:30:00	2014-02-20 11:32:45.451633
2	dogster	Dogster Inc.	lzander@blurb.com	79	4	146	f	2006-08-31 20:30:00	2014-02-20 11:32:45.459247
20001	loneplanet	Lonely Planet		151	4	146	t	2006-09-25 09:11:00	2014-02-20 11:32:45.463079
20002	trvlcty	Travelocity	fbryant@blurb.com	264	4	146	f	2006-10-23 11:55:00	2014-02-20 11:32:45.466752
20003	typepad	Typepad (SixApart Inc.)	fbryant@blurb.com	266	4	146	f	2006-11-22 14:31:00	2014-02-20 11:32:45.470766
20004	ourstory	ourstory		185	4	146	t	2006-12-06 16:26:00	2014-02-20 11:32:45.474419
20005	storycat	The Story Cat	ruth@thestorycat.com	258	4	146	f	2007-01-05 15:51:00	2014-02-20 11:32:45.478025
20006	photosource	PhotoSource International	psi2@photosource.com	209	4	146	f	2007-01-10 09:33:00	2014-02-20 11:32:45.482196
20007	peterson	Peterson Collection	gregory.j.peterson@gmail.com	193	4	146	t	2007-01-18 13:51:00	2014-02-20 11:32:45.486867
20008	efotolab	Efotolab	joel@efotolab.com	88	4	146	f	2007-01-18 15:50:00	2014-02-20 11:32:45.647146
20009	loudlatin	Loud Latin	lauraz@gmail.com	152	4	146	t	2007-01-22 12:28:00	2014-02-20 11:32:45.652611
20010	alpinephoto	Alpine Photography Inc.	alpinephotogz@gmail.com	18	4	146	f	2007-01-22 14:21:00	2014-02-20 11:32:45.656413
20011	patgleason	Pat Gleason Photography	email@patgleason.com	191	4	146	f	2007-01-30 15:29:00	2014-02-20 11:32:45.660108
20012	leaveoutviolence	Leave Out Violence	LThibodeau@optonline.net	145	4	146	f	2007-02-05 11:11:00	2014-02-20 11:32:45.663678
20013	livebooks	liveBooks	wes@livebooks.com	150	4	146	t	2007-02-05 12:00:00	2014-02-20 11:32:45.667315
20014	nightofdreams	Night of Dreams	teresa@nightofdreams.org	177	4	146	f	2007-02-07 17:10:00	2014-02-20 11:32:45.670986
20015	cladventures	Creative Leadership Adventures	teresa@cladventures.com	64	4	146	f	2007-02-07 17:12:00	2014-02-20 11:32:45.674529
20016	ginageigley	Gina Geigley Photography	ginageigley@gmail.com	112	4	146	f	2007-02-12 08:59:00	2014-02-20 11:32:45.678087
20017	weddingbureau	WeddingBureau.com	alan@weddingbureau.com	284	4	146	f	2007-02-13 16:03:00	2014-02-20 11:32:45.68234
20018	theartscouncil	Arts Council of the Blue Ridge	it@theartscouncil.org	25	4	146	f	2007-02-14 10:37:00	2014-02-20 11:32:45.686513
20019	enitka	EEN Productions	enitka1@comcast.net	87	4	146	f	2007-02-20 10:36:00	2014-02-20 11:32:45.690078
20020	stepintoalaska	Step Into Alaska	Bob@gguiding.com	243	4	146	t	2007-02-20 17:21:00	2014-02-20 11:32:45.693594
20021	beckett	Beckett Media	mobert@beckett.com	36	4	146	f	2007-02-22 15:24:00	2014-02-20 11:32:45.697066
20022	equinomics	Equinomics	duaneaman@sbcglobal.net	92	4	146	f	2007-02-22 15:39:00	2014-02-20 11:32:45.700488
20023	candidphotocreations	Candid Photo Creations	betsy@candidphotocreations.com	53	4	146	f	2007-02-26 14:29:00	2014-02-20 11:32:45.704018
20024	highlandsart	Highlands Art Union	theresa@quirkworks.com	123	4	146	f	2007-02-26 15:00:00	2014-02-20 11:32:45.707457
20025	shutterworks	ShutterWorks Studios	rachel@customphotobookcreations.com	234	4	146	f	2007-02-27 11:03:00	2014-02-20 11:32:45.710969
20026	kccpics	KCCPics	jbmc98@hotmail.com	141	4	146	f	2007-02-28 10:34:00	2014-02-20 11:32:45.714636
20027	artscolorado	Arts Colorado	rob-foster@artscolorado.com	24	4	146	f	2007-03-07 15:20:00	2014-02-20 11:32:45.718132
20028	google	Paid Search - Google	lzander@blurb.com	115	2	218	t	2007-03-12 16:52:00	2014-02-20 11:32:45.721617
20029	yahoo	Paid Search - Yahoo	lzander@blurb.com	293	2	119	t	2007-03-12 16:52:00	2014-02-20 11:32:45.725106
20030	ibsen	5 Blogs Before Lunch	daveibsen@aol.com	2	3	146	t	2007-03-13 11:18:00	2014-02-20 11:32:45.72864
20031	cpotts	Carolyn Potts & Associates	carolyn@cpotts.com	55	4	146	f	2007-03-16 12:48:00	2014-02-20 11:32:45.732111
20032	ties	The International Ecotourism Society	katie@ecotourism.org	255	4	146	f	2007-03-16 12:51:00	2014-02-20 11:32:45.735653
20033	morephotos	More Photos	linda@morephotos.com	172	4	146	f	2007-03-23 09:12:00	2014-02-20 11:32:45.739532
20034	weddingdetails	Wedding Details	linda@wdweb.com	279	4	146	f	2007-03-23 09:32:00	2014-02-20 11:32:45.742993
20035	partydetails	Party Details	linda@wdweb.com	189	4	146	f	2007-03-23 09:46:00	2014-02-20 11:32:45.746652
20036	weddingsimple	Wedding Simple	russcat@weddingsimple.com	283	4	146	f	2007-03-29 13:33:00	2014-02-20 11:32:45.750558
20037	jenbekman	Jen Bekman Gallery	jen@jenbekman.com	1	4	146	f	2007-04-03 14:47:00	2014-02-20 11:32:45.75404
20038	aperture	Aperture Users Professional Network	david@apertureprofessional.com	22	4	146	t	2007-04-13 13:48:00	2014-02-20 11:32:45.757487
20039	petplace	Pet Place	diego_s@mac.com	192	4	146	f	2007-04-17 09:48:00	2014-02-20 11:32:45.760907
20040	java	java.com	lzander@blurb.com	137	4	146	t	2007-04-18 10:14:00	2014-02-20 11:32:45.764191
20041	googlecpa	Google Pay Per Action	lzander@blurb.com	115	2	290	t	2007-04-18 12:53:00	2014-02-20 11:32:45.767593
20042	ecotourism	TIES Ecotourism	katie@ecotourism.org	261	4	146	f	2007-05-02 12:46:00	2014-02-20 11:32:45.770988
20043	ducttapemarketing	Duct Tape Marketing	john@ducttapemarketing.com	84	4	146	f	2007-05-03 13:49:00	2014-02-20 11:32:45.774558
20044	fourthirdsphoto	Four Thirds Photo	tony@fourthirdsphoto.com	104	4	146	f	2007-05-09 16:27:00	2014-02-20 11:32:45.779313
20045	weddingmanor	Wedding Manor	staff@weddingmanor.com	280	4	146	f	2007-05-14 15:17:00	2014-02-20 11:32:45.783154
20046	flickr	Flickr	lzander@blurb.com	101	4	146	f	2007-05-16 13:21:00	2014-02-20 11:32:45.786841
20047	luckyoliver	Lucky Oliver	hunter@luckyoliver.com	155	4	146	t	2007-05-17 15:21:00	2014-02-20 11:32:45.954621
20048	honeymoonwishes	Honeymoon Wishes	kstark@honeymoonwishes.com	124	4	146	f	2007-05-29 09:01:00	2014-02-20 11:32:45.960988
20049	blurbtest	BlurbTest	jack@blurb.com	47	4	146	f	2007-05-31 16:42:00	2014-02-20 11:32:45.965444
20050	coochicoos	Coochicoos | Curious Ventures	ryang@curiousventures.com	61	4	146	f	2007-06-05 15:06:00	2014-02-20 11:32:45.969758
20051	dailyolive	Daily Olive | Curious Ventures	ryang@curiousventures.com	71	4	146	f	2007-06-05 15:07:00	2014-02-20 11:32:45.974183
20052	pd_partypoop	VOID_IGNORE	ghancock@blurb.com	274	3	146	f	2007-06-07 09:53:00	2014-02-20 11:32:45.977912
20053	pd_partypop	Partypop.com	ghancock@blurb.com	190	3	146	t	2007-06-07 10:47:00	2014-02-20 11:32:45.981617
20054	pd_theknotweb	The Knot - Home Page Badge	ghancock@blurb.com	257	3	146	t	2007-06-08 12:53:00	2014-02-20 11:32:45.985151
20055	google_blog	Paid Search - Google (blog)	lzander@blurb.com	115	2	33	t	2007-06-08 14:05:00	2014-02-20 11:32:45.988648
20056	google_comp	Paid Search - Google (competitors)	lzander@blurb.com	115	2	82	t	2007-06-08 14:06:00	2014-02-20 11:32:45.992126
20057	google_cook	Paid Search - Google (cookbooks)	lzander@blurb.com	115	2	97	t	2007-06-08 14:08:00	2014-02-20 11:32:45.995604
20058	google_pro	Paid Search - Google (creative professionals)	lzander@blurb.com	115	2	338	t	2007-06-08 14:11:00	2014-02-20 11:32:45.999139
20059	google_gen	Paid Search - Google (general)	lzander@blurb.com	115	2	205	t	2007-06-08 14:13:00	2014-02-20 11:32:46.002704
20060	google_photo	Paid Search - Google (photo)	lzander@blurb.com	115	2	301	t	2007-06-08 14:13:00	2014-02-20 11:32:46.006245
20061	google_wed	Paid Search - Google (wedding)	lzander@blurb.com	115	2	407	t	2007-06-08 14:14:00	2014-02-20 11:32:46.009761
20062	google_brand	Paid Search - Google (brand)	lzander@blurb.com	115	2	60	t	2007-06-11 10:15:00	2014-02-20 11:32:46.013279
20063	icelandair	Iceland Air	melissa@icelandair.com	126	4	129	f	2007-06-11 15:42:00	2014-02-20 11:32:46.016823
20064	dailycandy_seattle	Daily Candy (Seattle)	lzander@blurb.com	70	1	146	t	2007-06-15 08:48:00	2014-02-20 11:32:46.020334
20065	digitalpickle	Digital Pickle	arik@digitalpickle.com	76	4	146	t	2007-06-18 16:07:00	2014-02-20 11:32:46.023868
20066	pd_theknotemail	TheKnot - Email	ghancock@blurb.com	259	1	146	t	2007-06-20 09:36:00	2014-02-20 11:32:46.027686
20067	mugshots	Mugshots School Photography	linda@russellphoto.com	173	4	146	t	2007-06-27 10:44:00	2014-02-20 11:32:46.031294
20068	yahoo_brand	Paid Search - Yahoo (brand)	lzander@blurb.com	293	2	60	t	2007-07-05 16:32:00	2014-02-20 11:32:46.034791
20069	yahoo_wed	Paid Search - Yahoo (wedding)	lzander@blurb.com	293	2	407	t	2007-07-05 16:33:00	2014-02-20 11:32:46.038771
20070	yahoo_photo	Paid Search - Yahoo (photo)	lzander@blurb.com	293	2	301	t	2007-07-05 16:34:00	2014-02-20 11:32:46.042269
20071	yahoo_gen	Paid Search - Yahoo (general)	lzander@blurb.com	293	2	205	t	2007-07-05 16:35:00	2014-02-20 11:32:46.045718
20072	msn_photo	Paid Search - MSN (photo)	lzander@blurb.com	165	2	301	t	2007-07-05 16:38:00	2014-02-20 11:32:46.049481
20073	msn_general	Paid Search - MSN (general)	lzander@blurb.com	165	2	200	t	2007-07-05 16:38:00	2014-02-20 11:32:46.052976
20074	msn_wedding	Paid Search - MSN (wedding)	lzander@blurb.com	165	2	407	t	2007-07-05 16:39:00	2014-02-20 11:32:46.056418
20075	msn_brand	Paid Search - MSN (brand)	lzander@blurb.com	165	2	60	t	2007-07-05 16:40:00	2014-02-20 11:32:46.059878
20076	memoryof	Library of Life (USA) Inc.	lana.migliore@lifestagemedia.com	148	4	146	t	2007-07-09 15:51:00	2014-02-20 11:32:46.063329
20077	assets	Assets	lzander@blurb.com	27	4	146	f	2007-07-09 18:57:00	2014-02-20 11:32:46.066803
20078	atta	Adventure Travel Association	lzander@blurb.com	7	4	146	t	2007-07-18 15:09:00	2014-02-20 11:32:46.070237
20079	ehow	Demand Media (eHow)	GregBoudewijn@demandmedia.com	89	4	146	t	2007-07-20 13:52:00	2014-02-20 11:32:46.073569
20080	google_travel	Paid Search - Google (travel)	lzander@blurb.com	115	2	375	t	2007-07-20 14:51:00	2014-02-20 11:32:46.076979
20081	google_eu_photo	Paid Search - Google (Euro photo)	lzander@blurb.com	115	2	295	t	2007-07-30 11:38:00	2014-02-20 11:32:46.080388
20082	google_eu_wed	Paid Search - Google (Euro wedding)	lzander@blurb.com	115	2	402	t	2007-07-30 11:39:00	2014-02-20 11:32:46.083635
20083	google_eu_gen	Paid Search - Google (Euro general)	lzander@blurb.com	115	2	203	t	2007-07-30 11:40:00	2014-02-20 11:32:46.08686
20084	google_eu_brand	Paid Search - Google (Euro brand)	lzander@blurb.com	115	2	55	t	2007-07-30 11:41:00	2014-02-20 11:32:46.090598
20085	viator	Viator	lzander@blurb.com	271	4	146	t	2007-08-01 10:48:00	2014-02-20 11:32:46.093814
20086	blogbackuponline	Blog Backup Online	lzander@blurb.com	41	3	146	t	2007-08-07 08:37:00	2014-02-20 11:32:46.26639
20087	google_eu_comp	Paid Search - Google (Euro competitor)	lzander@blurb.com	115	2	81	t	2007-08-08 10:50:00	2014-02-20 11:32:46.271144
20088	plasq	Plasq	brian@plasq.com	211	4	146	t	2007-08-15 13:12:00	2014-02-20 11:32:46.27506
20089	drgreene	Dr. Greene	cgreene@drgreene.com	81	4	146	t	2007-08-27 17:03:00	2014-02-20 11:32:46.278999
20090	pr	PR (bloggers-newspapers-etc.)	lzander@blurb.com	214	3	34	t	2007-08-29 15:54:00	2014-02-20 11:32:46.283128
20091	mywedding	mywedding.com	eric@mywedding.com	174	4	146	f	2007-09-12 14:35:00	2014-02-20 11:32:46.286891
20092	offbeatbride	Offbeat Bride	ghancock@blurb.com	182	6	146	t	2007-09-20 16:13:00	2014-02-20 11:32:46.290582
20093	pwpforums	PWP Forums	ghancock@blurb.com	218	3	146	t	2007-09-20 16:31:00	2014-02-20 11:32:46.294077
20094	roxio	Roxio	lzander@blurb.com	225	4	146	t	2007-09-21 09:15:00	2014-02-20 11:32:46.297636
20095	google_xmas	Google - Paid Search - Xmas Gifts	lzander@blurb.com	115	2	77	t	2007-09-25 13:54:00	2014-02-20 11:32:46.301195
20096	google_hanukkah	Google - Paid Search - Hanukkah gifts	lzander@blurb.com	115	2	226	t	2007-09-25 13:55:00	2014-02-20 11:32:46.304667
20097	google_xmaspresent	Google - Paid Search - Xmas Presents	lzander@blurb.com	115	2	77	t	2007-09-26 13:08:00	2014-02-20 11:32:46.308283
20098	google_holidaygifts	Google - Paid Search - Holiday gifts	lzander@blurb.com	115	2	229	t	2007-09-26 13:09:00	2014-02-20 11:32:46.311838
20099	google_holidaypresents	Google - Paid Search - Holiday presents	lzander@blurb.com	115	2	229	t	2007-09-26 13:10:00	2014-02-20 11:32:46.315395
20100	google_christmasgifts	Google - Paid Search - Christmas gifts	lzander@blurb.com	115	2	77	t	2007-09-26 13:11:00	2014-02-20 11:32:46.318947
20101	google_christmaspresent	Google - Paid Search - Christmas presents	lzander@blurb.com	115	2	77	t	2007-09-26 13:12:00	2014-02-20 11:32:46.32249
20102	google_hanukkahpresent	Google - Paid Search - Hanukkah presents	lzander@blurb.com	115	2	226	t	2007-09-26 13:13:00	2014-02-20 11:32:46.326019
20103	google_familygifts	Google - Paid Search - family gifts	lzander@blurb.com	115	2	196	t	2007-09-26 13:14:00	2014-02-20 11:32:46.329587
20104	google_custxmas	Google - Paid Search - Customized Xmas	lzander@blurb.com	115	2	77	t	2007-09-26 13:16:00	2014-02-20 11:32:46.33316
20105	google_personalxmas	Google - Paid Search - Personalized Xmas	lzander@blurb.com	115	2	77	t	2007-09-26 13:17:00	2014-02-20 11:32:46.336702
20106	google_uniquexmas	Google - Paid Search - Unique Xmas	lzander@blurb.com	115	2	77	t	2007-09-26 13:18:00	2014-02-20 11:32:46.340304
20107	google_custholiday	Google - Paid Search - Custom Holiday Gifts	lzander@blurb.com	115	2	229	t	2007-09-26 13:19:00	2014-02-20 11:32:46.343846
20108	google_personalholiday	Google - Paid Search - Personalized holiday Gifts	lzander@blurb.com	115	2	229	t	2007-09-26 13:20:00	2014-02-20 11:32:46.347276
20109	google_uniqueholiday	Google - Paid Search - Unique holiday	lzander@blurb.com	115	2	229	t	2007-09-26 13:21:00	2014-02-20 11:32:46.350782
20110	google_uniquehanukah	Google - Paid Search - Unique Hanukkah	lzander@blurb.com	115	2	226	t	2007-09-26 13:22:00	2014-02-20 11:32:46.354257
20111	chroniclebooks	Chronicle Books	sarah_williams@chroniclebooks.com	59	4	146	t	2007-09-26 14:56:00	2014-02-20 11:32:46.357789
20112	worldnomads	World Nomads	chris@worldnomads.com.au	289	4	146	t	2007-09-27 08:45:00	2014-02-20 11:32:46.361365
20113	777	GM: Partner Production Test	gmagidin@blurb.com	113	4	146	f	2007-09-27 16:58:00	2014-02-20 11:32:46.364914
20114	photoalliance	Photo Alliance	swert@blurb.com	194	3	146	t	2007-09-28 16:17:00	2014-02-20 11:32:46.368388
20115	spaa	SPAA division of PMA	ghancock@blurb.com	241	3	146	t	2007-10-03 12:52:00	2014-02-20 11:32:46.371834
20116	outbackphoto	Outback Photo	ghancock@blurb.com	186	3	146	t	2007-10-04 10:13:00	2014-02-20 11:32:46.375426
20117	blurb_cb	Blurb Community Book	jlyon@blurb.com	44	3	146	t	2007-10-09 15:12:00	2014-02-20 11:32:46.378936
20118	icreate	iCreate	mbarash@blurb.com	127	3	146	f	2007-10-10 10:07:00	2014-02-20 11:32:46.382349
20119	bestweddingsites	Bestweddingsites.com 	ghancock@blurb.com	38	3	146	t	2007-10-10 14:38:00	2014-02-20 11:32:46.385817
20120	adventuretravelcollection	Adventure Travel Collection	lzander@blurb.com	8	4	146	f	2007-10-11 11:50:00	2014-02-20 11:32:46.389111
20121	scancafe	Scan Cafe	lzander@blurb.com	227	4	146	t	2007-10-15 12:05:00	2014-02-20 11:32:46.392352
20122	eaglecreek	Eagle Creek	lzander@blurb.com	86	3	146	f	2007-10-17 13:12:00	2014-02-20 11:32:46.395569
20123	jalbum	JAlbum	carl@jalbum.net	136	4	146	t	2007-10-18 09:29:00	2014-02-20 11:32:46.398794
20124	smugmug	SmugMug	lzander@blurb.com	237	4	146	t	2007-10-19 11:30:00	2014-02-20 11:32:46.402037
20125	jacktest	JackTest	jack@blurb.com	135	4	146	f	2007-10-22 17:43:00	2014-02-20 11:32:46.57756
20126	photoplus	PhotoPlus	lzander@blurb.com	206	5	146	t	2007-10-23 10:26:00	2014-02-20 11:32:46.58176
20127	radio	Radio traffic from PR/radio push	lzander@blurb.com	221	3	347	t	2007-10-23 14:27:00	2014-02-20 11:32:46.585789
20128	imagingresource	Imaging Resource (free ad test)	lzander@blurb.com	129	3	146	t	2007-10-25 09:28:00	2014-02-20 11:32:46.58954
20129	kgo	KGO	mbarash@blurb.com	142	3	347	t	2007-10-25 12:08:00	2014-02-20 11:32:46.593202
20130	photoinduced	Photoinduced (free book giveaway)	lzander@blurb.com	203	3	146	t	2007-10-30 15:54:00	2014-02-20 11:32:46.596881
20131	blogworld	blogworld	lzander@blurb.com	42	3	146	t	2007-11-13 11:22:00	2014-02-20 11:32:46.600661
20132	wpd	Wedding Photography Directory	ghancock@blurb.com	281	3	146	t	2007-11-15 10:28:00	2014-02-20 11:32:46.604146
20133	heelpress	Heel Press	lzander@blurb.com	121	3	146	t	2007-11-21 10:06:00	2014-02-20 11:32:46.607742
20134	facebook	Facebook Advertising	lzander@blurb.com	97	8	188	t	2007-11-30 10:00:00	2014-02-20 11:32:46.611303
20135	facebook_spain	Facebook Advertising - Spain	lzander@blurb.com	97	8	182	t	2007-12-12 14:08:00	2014-02-20 11:32:46.61482
20136	facebook_italy	Facebook Advertising - Italy	lzander@blurb.com	97	8	185	t	2007-12-12 14:19:00	2014-02-20 11:32:46.618376
20137	facebook_france	Facebook Advertising - France	lzander@blurb.com	97	8	183	t	2007-12-12 14:19:00	2014-02-20 11:32:46.621926
20138	facebook_germany	Facebook Advertising - Germany	lzander@blurb.com	97	8	181	t	2007-12-12 15:00:00	2014-02-20 11:32:46.625511
20139	facebook_netherlands	Facebook Advertising - Netherlands	lzander@blurb.com	97	8	187	t	2007-12-12 15:06:00	2014-02-20 11:32:46.629146
20140	facebook_israel	Facebook Advertising - Israel	lzander@blurb.com	97	8	184	t	2007-12-12 15:12:00	2014-02-20 11:32:46.634159
20141	facebook_japan	Facebook Advertising - Japan	lzander@blurb.com	97	8	186	t	2007-12-12 15:37:00	2014-02-20 11:32:46.639053
20142	sta	STA Travel	lzander@blurb.com	242	3	146	t	2007-12-13 14:22:00	2014-02-20 11:32:46.642658
20143	facebook_uk	Facebook Advertising - UK	lzander@blurb.com	97	8	144	t	2007-12-14 09:30:00	2014-02-20 11:32:46.646205
20144	facebook_ca	Facebook Advertising - Canada	lzander@blurb.com	97	8	123	t	2007-12-14 09:30:00	2014-02-20 11:32:46.649762
20145	facebook_australia	Facebook Advertising - Australia	lzander@blurb.com	97	8	121	t	2007-12-14 09:31:00	2014-02-20 11:32:46.653419
20146	google_photo_b	Paid Search - Google (photo) - version test	lzander@blurb.com	115	2	301	t	2007-12-20 14:27:00	2014-02-20 11:32:46.656995
20147	doubletruck	Doubletruck (Advertising)	lzander@blurb.com	80	3	146	t	2008-01-09 09:10:00	2014-02-20 11:32:46.660487
20148	everywhere	Everywhere Travel magazine (JPG)	lzander@blurb.com	96	3	146	t	2008-01-14 14:05:00	2014-02-20 11:32:46.663986
20149	funcheap	SF Fun Cheap	lzander@blurb.com	231	3	146	t	2008-01-14 14:06:00	2014-02-20 11:32:46.667492
20150	hotwire	Hotwire	lzander@blurb.com	125	3	146	t	2008-01-15 12:17:00	2014-02-20 11:32:46.671061
20151	macworld	Macworld Trade Show	lzander@blurb.com	159	5	146	t	2008-01-23 10:45:00	2014-02-20 11:32:46.674644
20152	respectance	Respectance	Richard@respectance.com	224	4	146	t	2008-01-24 14:04:00	2014-02-20 11:32:46.678336
20153	betterphoto	Better Photo (Free Ads in Exchange for Books)	lzander@blurb.com	39	3	146	t	2008-01-25 09:40:00	2014-02-20 11:32:46.683767
20154	facebook_photo	Facebook Photo US	lzander@blurb.com	97	8	304	t	2008-01-25 14:42:00	2014-02-20 11:32:46.689217
20155	facebook_india	Facebook India	lzander@blurb.com	97	8	135	t	2008-01-25 14:48:00	2014-02-20 11:32:46.693429
20156	facebook_travel	Facebook Travel US	lzander@blurb.com	97	8	383	t	2008-01-25 15:08:00	2014-02-20 11:32:46.696994
20157	facebook_nz	Facebook New Zealand	lzander@blurb.com	97	8	139	t	2008-01-25 15:13:00	2014-02-20 11:32:46.700449
20158	facebook_ireland	Facebook Ireland	lzander@blurb.com	97	8	134	t	2008-01-25 15:21:00	2014-02-20 11:32:46.703878
20159	agwpja	Wedding Photojournalist Association (Artistic Guild)	lzander@blurb.com	282	5	146	t	2008-01-30 13:24:00	2014-02-20 11:32:46.707116
20160	moo	Moo	lzander@blurb.com	171	4	145	t	2008-02-01 11:11:00	2014-02-20 11:32:46.71036
20161	facebook_turkey	Facebook Turkey	lzander@blurb.com	97	8	143	f	2008-02-11 10:04:00	2014-02-20 11:32:46.713803
20162	facebook_sweden	Facebook Sweden	lzander@blurb.com	97	8	141	t	2008-02-11 10:29:00	2014-02-20 11:32:46.717035
20163	facebook_norway	Facebook Norway	lzander@blurb.com	97	8	138	t	2008-02-11 10:29:00	2014-02-20 11:32:46.720322
20164	facebook_southafrica	Facebook South Africa	lzander@blurb.com	97	8	142	t	2008-02-11 10:30:00	2014-02-20 11:32:46.88763
20165	facebook_finland	Facebook Finland	lzander@blurb.com	97	8	130	t	2008-02-11 10:30:00	2014-02-20 11:32:46.891747
20166	facebook_switzerland	Facebook Switzerland	lzander@blurb.com	97	8	124	t	2008-02-11 10:31:00	2014-02-20 11:32:46.895515
20167	google_photoalbum	Google - Photo Album	lzander@blurb.com	115	2	309	t	2008-02-11 14:31:00	2014-02-20 11:32:46.899556
20168	google_wed_content	Google - Wedding Content	lzander@blurb.com	115	2	407	t	2008-02-21 17:03:00	2014-02-20 11:32:46.90391
20169	google_gen_content	Google - Bookmaking Content	lzander@blurb.com	115	2	205	t	2008-02-21 17:04:00	2014-02-20 11:32:46.907646
20170	google_cook_content	Google - Cookbook Content	lzander@blurb.com	115	2	97	t	2008-02-21 17:05:00	2014-02-20 11:32:46.911405
20171	google_pro_content	Google - Professional Content	lzander@blurb.com	115	2	338	t	2008-02-21 17:05:00	2014-02-20 11:32:46.915043
20172	facebook_app	Facebook Application	lzander@blurb.com	97	8	146	t	2008-02-25 14:46:00	2014-02-20 11:32:46.918586
20173	popphoto	American Photo Online	lzander@blurb.com	20	3	146	t	2008-03-11 13:51:00	2014-02-20 11:32:46.922212
20174	google_pr	Google - PR	lzander@blurb.com	115	2	217	t	2008-03-13 16:49:00	2014-02-20 11:32:46.925823
20175	google_aunz	Google (Australia/New Zealand)	lzander@blurb.com	115	2	12	t	2008-03-26 16:16:00	2014-02-20 11:32:46.929404
20176	google_aunz_wed	Google (Australia/New Zealand) Wedding	lzander@blurb.com	115	2	399	t	2008-03-26 16:48:00	2014-02-20 11:32:46.933346
20177	google_aunz_photo	Google (Australia/New Zealand) Photo	lzander@blurb.com	115	2	292	t	2008-03-26 16:49:00	2014-02-20 11:32:46.936951
20178	google_aunz_gen	Google (Australia/New Zealand) Bookmaking	lzander@blurb.com	115	2	201	t	2008-03-26 16:49:00	2014-02-20 11:32:46.94054
20179	blurb_gb	Blurb GroupBook	mwhittaker@blurb.com	46	3	146	t	2008-04-02 15:12:00	2014-02-20 11:32:46.94413
20180	printfile	Print File	gene@printfile.com	216	4	146	t	2008-04-07 08:48:00	2014-02-20 11:32:46.947744
20181	google_aunz_gen2	Google (Australia/New Zealand) Bookmaking2	lzander@blurb.com	115	2	214	t	2008-04-09 13:57:00	2014-02-20 11:32:46.951293
20182	istockphoto	iStockphoto	lzander@blurb.com	133	4	146	t	2008-04-11 09:44:00	2014-02-20 11:32:46.95485
20183	photobucket	Photobucket	lzander@blurb.com	198	4	146	f	2008-04-11 09:57:00	2014-02-20 11:32:46.958439
20184	facebook_app_cgrad	Facebook Application - Graduation College	lzander@blurb.com	97	8	224	t	2008-04-15 12:54:00	2014-02-20 11:32:46.962016
20185	facebook_app_travel	Facebook Application - Travel	lzander@blurb.com	97	8	383	t	2008-04-18 13:28:00	2014-02-20 11:32:46.965763
20186	facebook_app_travel_ca	Facebook Application - Travel CA	lzander@blurb.com	97	8	377	t	2008-04-18 13:39:00	2014-02-20 11:32:46.969584
20187	facebook_app_travel_uk	Facebook Application - Travel UK	lzander@blurb.com	97	8	382	t	2008-04-18 13:41:00	2014-02-20 11:32:46.973101
20188	facebook_app_travel_au	Facebook Application - Travel Australia	lzander@blurb.com	97	8	376	t	2008-04-18 13:53:00	2014-02-20 11:32:46.976597
20189	facebook_app_travel_sp	Facebook Application - Travel Spain	lzander@blurb.com	97	8	379	t	2008-04-18 13:57:00	2014-02-20 11:32:46.980103
20190	facebook_app_travel_ge	Facebook Application - Travel Germany	lzander@blurb.com	97	8	378	t	2008-04-18 14:00:00	2014-02-20 11:32:46.983537
20191	facebook_app_travel_ja	Facebook Application - Travel Japan	lzander@blurb.com	97	8	380	t	2008-04-18 14:02:00	2014-02-20 11:32:46.987011
20192	facebook_app_travel_nz	Facebook Application - Travel New Zealand	lzander@blurb.com	97	8	381	t	2008-04-18 14:05:00	2014-02-20 11:32:46.990527
20193	facebook_app_party	Facebook Application - Party	lzander@blurb.com	97	8	289	t	2008-04-21 11:27:00	2014-02-20 11:32:46.994056
20194	facebook_app_wed	Facebook Application - Wedding	lzander@blurb.com	97	8	411	t	2008-04-21 11:30:00	2014-02-20 11:32:46.997544
20195	facebook_app_wed_ca	Facebook Application - Wedding CA	lzander@blurb.com	98	4	409	t	2008-04-21 11:34:00	2014-02-20 11:32:47.001013
20196	facebook_app_wed_uk	Facebook Application - Wedding UK	lzander@blurb.com	98	4	410	t	2008-04-21 11:35:00	2014-02-20 11:32:47.00447
20197	democrat_chronicle	Gannett - Democrat and Chronicle	lzander@blurb.com	109	4	146	f	2008-04-23 11:57:00	2014-02-20 11:32:47.007922
20198	seamobile	Seamobile	lzander@blurb.com	228	4	146	f	2008-05-07 16:05:00	2014-02-20 11:32:47.011239
20199	seamobile_1	Seamobile - Holland America	lzander@blurb.com	229	4	146	f	2008-05-08 15:15:00	2014-02-20 11:32:47.014759
20200	seamobile_2	Seamobile - Norwegian Cruise Lines	lzander@blurb.com	230	4	146	f	2008-05-08 15:15:00	2014-02-20 11:32:47.018182
20201	sm_ncl	Seamobile - NCL	lzander@blurb.com	228	3	272	f	2008-05-23 10:35:00	2014-02-20 11:32:47.021421
20202	sm_hal	Seamobile - HAL (Holland America)	lzander@blurb.com	228	3	225	f	2008-05-23 10:36:00	2014-02-20 11:32:47.02479
20203	seamobile_hal	Seamobile - HAL - Holland America	lzander@blurb.com	228	3	225	f	2008-05-23 10:40:00	2014-02-20 11:32:47.189708
20204	seamobile_ncl	Seamobile - NCL (Norwegian)	lzander@blurb.com	228	4	146	f	2008-05-23 10:41:00	2014-02-20 11:32:47.193804
20205	wholetravel	Whole Travel	lzander@blurb.com	287	3	146	t	2008-05-27 11:45:00	2014-02-20 11:32:47.198168
20206	theknot	The Knot	lzander@blurb.com	256	3	146	t	2008-05-27 16:35:00	2014-02-20 11:32:47.202008
20207	triporama	Triporama	lzander@blurb.com	265	3	146	t	2008-05-29 14:39:00	2014-02-20 11:32:47.205619
20208	tiscali	Tiscali	lzander@blurb.com	263	3	146	t	2008-06-04 09:24:00	2014-02-20 11:32:47.209539
20209	idg	International Data Group (IDG)	lzander@blurb.com	131	4	146	t	2008-06-19 09:32:00	2014-02-20 11:32:47.213755
20210	threadless	Threadless	lzander@blurb.com	260	3	146	t	2008-06-20 10:54:00	2014-02-20 11:32:47.217414
20211	hp	Hewlett- Packard	lzander@blurb.com	122	4	146	t	2008-06-25 11:25:00	2014-02-20 11:32:47.221018
20212	b3_photoicon	PhotoIcon	ghancock@blurb.com	202	3	146	t	2008-07-01 08:52:00	2014-02-20 11:32:47.224469
20213	b3_bjp	BJP Photography in UK	ghancock@blurb.com	40	3	144	t	2008-07-01 08:56:00	2014-02-20 11:32:47.227983
20214	b3_whatdigitalcamera	What Digital Camera	ghancock@blurb.com	286	3	146	t	2008-07-01 09:00:00	2014-02-20 11:32:47.231567
20215	facebook_belgium	Facebook - Belgium	lzander@blurb.com	97	8	122	t	2008-07-08 14:50:00	2014-02-20 11:32:47.235312
20216	facebook_greece	Facebook - Greece	lzander@blurb.com	97	8	133	t	2008-07-08 14:54:00	2014-02-20 11:32:47.23891
20217	facebook_denmark	Facebook - Denmark	lzander@blurb.com	97	8	127	t	2008-07-08 14:56:00	2014-02-20 11:32:47.242474
20218	facebook_austria	Facebook - Austria	lzander@blurb.com	97	8	120	t	2008-07-08 15:00:00	2014-02-20 11:32:47.246107
20219	google_scan_gen	Google - Scandanavia - Bookmaking	lzander@blurb.com	115	2	204	t	2008-07-08 15:10:00	2014-02-20 11:32:47.24971
20220	google_scan_photo	Google - Scandanavia - Photo	lzander@blurb.com	115	2	299	t	2008-07-08 15:10:00	2014-02-20 11:32:47.253261
20221	google_scan_wed	Google - Scandanavia - Wedding	lzander@blurb.com	115	2	406	t	2008-07-08 15:11:00	2014-02-20 11:32:47.256812
20222	google_scan_travel	Google - Scandanavia - Travel	lzander@blurb.com	115	2	374	t	2008-07-08 15:11:00	2014-02-20 11:32:47.260399
20223	b3_lucie	Lucie Awards	ghancock@blurb.com	154	5	146	t	2008-07-09 16:26:00	2014-02-20 11:32:47.263961
20224	google_scan_brand	Google - Scandanavia - Brand	lzander@blurb.com	115	2	59	t	2008-07-11 17:03:00	2014-02-20 11:32:47.267708
20225	weddingbee	Wedding Bee	lzander@blurb.com	278	3	146	t	2008-07-16 08:54:00	2014-02-20 11:32:47.272571
20226	creatingkeepsakes	Creating Keepsakes	lzander@blurb.com	63	3	146	t	2008-07-21 14:43:00	2014-02-20 11:32:47.277291
20227	lensculture	Lens Culture	jim@lensculture.com	146	4	146	f	2008-07-23 09:01:00	2014-02-20 11:32:47.28089
20228	hp_smb	HP (SMB)	lzander@blurb.com	122	4	366	t	2008-08-06 12:40:00	2014-02-20 11:32:47.285168
20229	brooklynbrides	Brooklyn Brides	lzander@blurb.com	49	3	146	t	2008-08-07 09:17:00	2014-02-20 11:32:47.288811
20230	google_eu_creativepro	google - Europe (UK) - Creative Professional	lzander@blurb.com	115	2	114	t	2008-08-19 09:51:00	2014-02-20 11:32:47.292387
20231	agencyaccess	Agency Access	lzander@blurb.com	11	4	146	f	2008-08-19 13:46:00	2014-02-20 11:32:47.295904
20232	goodyblog	Goody Blog Parents Magazine (PR)	lzander@blurb.com	114	3	34	t	2008-08-20 08:44:00	2014-02-20 11:32:47.29943
20233	design2share	Design2Share	lzander@blurb.com	75	4	146	t	2008-08-20 08:45:00	2014-02-20 11:32:47.303038
20234	hp_uk	HP (UK)	lzander@blurb.com	122	4	144	t	2008-08-22 10:29:00	2014-02-20 11:32:47.306496
20235	b3_jmcolberg	www.jmcolberg.com	ghancock@blurb.com	292	3	146	t	2008-08-26 14:27:00	2014-02-20 11:32:47.309909
20236	hp_experiencecenter	HP (Experience Center)	lzander@blurb.com	122	4	177	t	2008-08-29 12:58:00	2014-02-20 11:32:47.313253
20237	tinyprints	Tiny Prints	lzander@blurb.com	262	4	146	t	2008-09-09 10:52:00	2014-02-20 11:32:47.317343
20238	wip	Women In Photography International	lzander@blurb.com	288	3	146	t	2008-09-16 11:49:00	2014-02-20 11:32:47.322118
20239	e7sports	E7 sports	lzander@blurb.com	85	3	146	f	2008-09-24 02:22:00	2014-02-20 11:32:47.325909
20240	parentbloggers	Parent Bloggers Network	lzander@blurb.com	188	6	146	t	2008-10-07 09:00:00	2014-02-20 11:32:47.329175
20241	fuelmyblog	Fuel My Blog	lzander@blurb.com	107	4	146	t	2008-10-07 09:29:00	2014-02-20 11:32:47.332429
20242	snappysnaps	Snappy Snaps	lzander@blurb.com	238	3	146	t	2008-10-13 10:20:00	2014-02-20 11:32:47.49725
20243	datacolor	Datacolor 	lzander@blurb.com	72	3	146	t	2008-10-15 11:11:00	2014-02-20 11:32:47.501324
20244	tarasview	Tara's View (blog/PR)	lzander@blurb.com	252	6	34	t	2008-10-27 12:59:00	2014-02-20 11:32:47.505071
20245	onceuponaschool	Once Upon a School	lzander@blurb.com	184	3	146	t	2008-10-31 11:31:00	2014-02-20 11:32:47.508828
20246	talkphotography	Talk Photography (UK)	lzander@blurb.com	251	4	144	f	2008-10-31 14:14:00	2014-02-20 11:32:47.512559
20247	mommypoppins	Mommy Poppins (blog outreach)	lzander@blurb.com	169	6	34	t	2008-11-03 08:41:00	2014-02-20 11:32:47.516325
20248	jessicasprague	jessicasprague.com (free class)	ghancock@blurb.com	140	6	34	t	2008-11-03 10:17:00	2014-02-20 11:32:47.519988
20249	bld	Baby Loves Disco (PR blog)	lzander@blurb.com	34	6	34	t	2008-11-10 13:33:00	2014-02-20 11:32:47.523644
20250	poladroid	Poladroid	lzander@blurb.com	212	3	146	t	2008-11-10 16:26:00	2014-02-20 11:32:47.52723
20251	livejournal	Live Journal	lzander@blurb.com	149	4	146	t	2008-11-10 16:27:00	2014-02-20 11:32:47.530855
20252	maclimburg	Maclimburg.de	lzander@blurb.com	158	4	146	t	2008-11-12 13:12:00	2014-02-20 11:32:47.534534
20253	macgroup_educator	MAC Group - Educators	lzander@blurb.com	156	4	174	f	2008-11-19 13:29:00	2014-02-20 11:32:47.538075
20254	macgroup_student	MAC Group - Students	lzander@blurb.com	156	4	371	f	2008-11-19 13:30:00	2014-02-20 11:32:47.541696
20255	babble	Babble (PR/blog)	lzander@blurb.com	33	6	34	t	2008-11-20 14:09:00	2014-02-20 11:32:47.545305
20256	google_txt_uk_poetry	Google - 5x8 - Poetry - UK	lzander@blurb.com	115	2	372	t	2008-11-20 16:57:00	2014-02-20 11:32:47.548971
20257	google_txt_uk_manuscript	Google - 5x8 - Manuscript - UK	lzander@blurb.com	115	2	372	t	2008-11-20 16:58:00	2014-02-20 11:32:47.552488
20258	google_txt_uk_selfpublish	Google - 5x8 - SelfPublish - UK	lzander@blurb.com	115	2	372	t	2008-11-20 17:00:00	2014-02-20 11:32:47.556017
20259	google_txt_uk_pod	Google - 5x8 - Print On Demand - UK	lzander@blurb.com	115	2	372	t	2008-11-20 17:01:00	2014-02-20 11:32:47.55963
20260	google_txt_uk_gen	Google - 5x8 - B&W General - UK	lzander@blurb.com	115	2	372	t	2008-11-20 17:02:00	2014-02-20 11:32:47.56328
20261	google_txt_uk_competitor	Google - 5x8 - Competitorsl - UK	lzander@blurb.com	115	2	372	t	2008-11-24 10:32:00	2014-02-20 11:32:47.566988
20262	friendsoflive	Friends of LIve the Band	lzander@blurb.com	106	3	146	t	2008-11-26 10:42:00	2014-02-20 11:32:47.57069
20263	panasonic	Panasonic	lzander@blurb.com	187	4	146	f	2008-12-04 15:37:00	2014-02-20 11:32:47.574441
20264	babyology	Babyology (PR blog)	lzander@blurb.com	35	6	34	t	2008-12-08 08:51:00	2014-02-20 11:32:47.578041
20265	smartimages	Smart Images	sarah@smartimages.com	235	4	146	t	2009-01-06 10:26:00	2014-02-20 11:32:47.581724
20266	shortstop	Shortstop (Blog/PR)	lzander@blurb.com	233	6	34	t	2009-01-07 08:52:00	2014-02-20 11:32:47.58535
20267	photofusion	Photofusion	lzander@blurb.com	200	3	146	t	2009-01-08 14:31:00	2014-02-20 11:32:47.588717
20268	harpercollins	Harper Collins	lzander@blurb.com	119	4	146	t	2009-01-08 14:39:00	2014-02-20 11:32:47.592139
20269	maconcampus_educator	Mac on Campus - Educators	lzander@blurb.com	157	4	174	f	2009-01-09 14:32:00	2014-02-20 11:32:47.595546
20270	maconcampus_student	Mac on Campus - Students	lzander@blurb.com	157	4	371	f	2009-01-09 14:32:00	2014-02-20 11:32:47.599075
20271	facebook_5x8	Facebook - 5x8 	lzander@blurb.com	97	8	146	t	2009-01-12 16:18:00	2014-02-20 11:32:47.60263
20272	hp_ireland	HP (Ireland)	lzander@blurb.com	122	4	134	t	2009-01-13 09:04:00	2014-02-20 11:32:47.606185
20273	google_txt_screenwriting	Google - 5x8 - screenwriting	lzander@blurb.com	115	2	373	t	2009-01-19 15:52:00	2014-02-20 11:32:47.609682
20274	google_txt_play	Google - 5x8 - Play	lzander@blurb.com	115	2	373	t	2009-01-19 15:53:00	2014-02-20 11:32:47.613065
20275	google_txt_novel	Google - 5x8 - Novel	lzander@blurb.com	115	2	373	t	2009-01-19 15:53:00	2014-02-20 11:32:47.61652
20276	google_txt_essay	Google - 5x8 - Essay	lzander@blurb.com	115	2	373	t	2009-01-19 15:55:00	2014-02-20 11:32:47.619976
20277	google_txt_shortstory	Google - 5x8 - Shortstory	lzander@blurb.com	115	2	373	t	2009-01-19 15:56:00	2014-02-20 11:32:47.623218
20278	google_txt_biography	Google - 5x8 - Biography	lzander@blurb.com	115	2	373	t	2009-01-19 15:57:00	2014-02-20 11:32:47.626507
20279	google_txt_family	Google - 5x8 - Family	lzander@blurb.com	115	2	373	t	2009-01-19 15:57:00	2014-02-20 11:32:47.630235
20280	google_txt_selfhelp	Google - 5x8 - Self Help	lzander@blurb.com	115	2	373	t	2009-01-19 15:58:00	2014-02-20 11:32:47.634163
20281	google_txt_comic	Google - 5x8 - Comic	lzander@blurb.com	115	2	373	t	2009-01-19 15:59:00	2014-02-20 11:32:47.800086
20282	google_txt_graphicnovel	Google - 5x8 - Graphic Novel	lzander@blurb.com	115	2	373	t	2009-01-19 16:00:00	2014-02-20 11:32:47.804368
20283	google_txt_dissertation	Google - 5x8 - Dissertation	lzander@blurb.com	115	2	373	t	2009-01-19 16:00:00	2014-02-20 11:32:47.80834
20284	classicbride	Classic Bride (PR/Blog)	lzander@blurb.com	60	4	336	t	2009-01-21 09:08:00	2014-02-20 11:32:47.812203
20285	smashwords	Smash Words	lzander@blurb.com	236	4	146	t	2009-01-26 12:04:00	2014-02-20 11:32:47.815985
20286	authonomy	Authonomy (Harper Collins)	lzander@blurb.com	32	4	146	t	2009-01-29 15:26:00	2014-02-20 11:32:47.819723
20287	textbook	Textbook	lzander@blurb.com	253	4	146	f	2009-01-29 15:28:00	2014-02-20 11:32:47.823448
20288	momadvice	Mom Advice (Blog/PR)	lzander@blurb.com	167	6	34	t	2009-02-10 08:59:00	2014-02-20 11:32:47.827087
20289	designhermomma	Design Her Momma (PR/blog)	lzander@blurb.com	74	6	34	t	2009-02-11 09:56:00	2014-02-20 11:32:47.830757
20290	futurenet	Futurenet	lzander@blurb.com	108	3	146	t	2009-02-12 09:18:00	2014-02-20 11:32:47.834381
20291	rps	Royal Photographic Society	lzander@blurb.com	226	4	146	f	2009-02-20 14:35:00	2014-02-20 11:32:47.837998
20292	aiap	Association of Independent Architetural Photographers	lzander@blurb.com	28	3	146	t	2009-02-23 09:02:00	2014-02-20 11:32:47.841767
20293	killedideas	Killed Ideas	lzander@blurb.com	143	4	146	t	2009-02-23 15:49:00	2014-02-20 11:32:47.845413
20294	nextbigwriter	Next Big Writer	lzander@blurb.com	176	3	146	t	2009-02-24 10:52:00	2014-02-20 11:32:47.84904
20295	pbn	Photography Book Now	lzander@blurb.com	201	3	146	t	2009-02-24 15:54:00	2014-02-20 11:32:47.852633
20296	istd	International Society of Typographic Designers	lzander@blurb.com	132	3	146	t	2009-03-02 08:42:00	2014-02-20 11:32:47.856237
20297	yahoo_creativepro	Paid Search - Yahoo - Creative Professional	lzander@blurb.com	293	2	116	t	2009-03-09 10:37:00	2014-02-20 11:32:47.85993
20298	yahoo_blog	Paid Search - Yahoo - Blog book	lzander@blurb.com	293	2	33	t	2009-03-09 10:37:00	2014-02-20 11:32:47.864833
20299	cultiris	Cultiris	lzander@blurb.com	69	3	146	t	2009-03-09 12:47:00	2014-02-20 11:32:47.869928
20300	mombuzz	Mom Buzz (PR blog)	lzander@blurb.com	168	6	34	t	2009-03-12 09:01:00	2014-02-20 11:32:47.874718
20301	hp_uk_smb	HP (UK - SMB)	lzander@blurb.com	122	4	365	t	2009-03-12 11:22:00	2014-02-20 11:32:47.879895
20302	britishjournalphotography	British Journal of Photography	lzander@blurb.com	48	3	146	t	2009-03-13 10:27:00	2014-02-20 11:32:47.883734
20303	metmama	Metropoloitan Momma (PR/blog)	lzander@blurb.com	164	4	336	t	2009-03-18 10:21:00	2014-02-20 11:32:47.887813
20304	qlubb	Qlubb	lzander@blurb.com	219	3	146	t	2009-03-20 11:07:00	2014-02-20 11:32:47.891914
20305	google_bn_provider	Google (paid search - blurb nation provider)	lzander@blurb.com	115	2	37	t	2009-03-23 11:35:00	2014-02-20 11:32:47.895565
20306	google_bn_consumer	Google (paid search - blurb nation consumer)	lzander@blurb.com	115	2	37	t	2009-03-23 11:35:00	2014-02-20 11:32:47.899844
20307	google_eu_cp_content	Google (UK creative pro content)	lzander@blurb.com	115	2	106	t	2009-03-23 11:38:00	2014-02-20 11:32:47.904495
20308	google_eu_cp_search	Google (UK creative pro search)	lzander@blurb.com	115	2	107	t	2009-03-23 11:39:00	2014-02-20 11:32:47.908209
20309	thedead	The Grateful Dead (The Dead)	lzander@blurb.com	254	3	146	t	2009-04-07 15:07:00	2014-02-20 11:32:47.911787
20310	sweetney	Sweetney Blog/PR	lzander@blurb.com	249	3	34	t	2009-04-08 09:55:00	2014-02-20 11:32:47.915318
20311	jamesburns	www.jamesburns.co.uk/	lzander@blurb.com	291	3	144	t	2009-04-21 09:02:00	2014-02-20 11:32:47.918842
20312	heartfaces	heartfaces	lzander@blurb.com	120	3	146	t	2009-04-22 11:19:00	2014-02-20 11:32:47.922354
20313	nikonians	Nikonians	lzander@blurb.com	179	4	146	f	2009-04-27 15:43:00	2014-02-20 11:32:47.925892
20314	marksteines	Mark Steines - Entertainment Tonight host	lzander@blurb.com	160	3	146	t	2009-05-05 12:03:00	2014-02-20 11:32:47.929424
20315	826valencia	826 Valencia	lzander@blurb.com	4	3	146	t	2009-05-13 12:45:00	2014-02-20 11:32:47.932881
20316	google_pdf	Google (paid search - PDF)	nshahmiri@blurb.com	115	2	291	t	2009-06-23 16:57:00	2014-02-20 11:32:47.936227
20317	dreambinders	dreambinders	alexahdavis@gmail.com	83	4	146	t	2009-07-08 13:11:00	2014-02-20 11:32:47.939525
20318	google_can_gen	Google (google_can_gen)	nshahmiri@blurb.com	115	2	202	t	2009-07-14 10:28:00	2014-02-20 11:32:47.943087
20319	google_can_brand	Google (google_ can_brand)	nshahmiri@blurb.com	115	2	54	t	2009-07-14 10:39:00	2014-02-20 11:32:47.946632
20320	google_can_photo	Google (google_ can _photo)	nshahmiri@blurb.com	115	2	294	t	2009-07-14 10:40:00	2014-02-20 11:32:48.113692
20321	google_can_wed	Google (google_can_wed)	nshahmiri@blurb.com	115	2	401	t	2009-07-14 10:41:00	2014-02-20 11:32:48.117871
20322	google_can_creativepro	Google (google_ can _creativepro)	nshahmiri@blurb.com	115	2	113	t	2009-07-14 10:42:00	2014-02-20 11:32:48.121804
20323	google_aunz_comp	Google (google_aunz_comp)	nshahmiri@blurb.com	115	2	80	t	2009-07-14 11:59:00	2014-02-20 11:32:48.125557
20324	yahoo_uk_gen	Google (yahoo_uk_gen)	nshahmiri@blurb.com	293	2	213	t	2009-07-14 12:00:00	2014-02-20 11:32:48.129618
20325	yahoo_uk_brand	Google (yahoo_uk_brand)	nshahmiri@blurb.com	293	2	69	t	2009-07-14 12:01:00	2014-02-20 11:32:48.133625
20326	yahoo_uk_photo	Google(yahoo_uk_photo)	nshahmiri@blurb.com	293	2	306	t	2009-07-14 12:02:00	2014-02-20 11:32:48.137564
20327	yahoo_uk_wed	Google (yahoo_uk_wed)	nshahmiri@blurb.com	293	2	417	t	2009-07-14 12:33:00	2014-02-20 11:32:48.14125
20328	google_aunz_creativepro	Google (google_aunz_creativepro)	nshahmiri@blurb.com	115	2	112	t	2009-07-14 12:33:00	2014-02-20 11:32:48.1452
20329	google_eutop_gen	Google (google_eutop_gen)	nshahmiri@blurb.com	115	2	203	t	2009-07-14 12:34:00	2014-02-20 11:32:48.148998
20330	google_eutop_brand	Google (google_eutop_brand)	nshahmiri@blurb.com	115	2	55	t	2009-07-14 12:37:00	2014-02-20 11:32:48.153828
20331	google_eutop_photo	Google (google_ eutop _photo)	nshahmiri@blurb.com	115	2	295	t	2009-07-14 13:05:00	2014-02-20 11:32:48.158509
20332	google_eutop_wed	Google (google_ eutop _wed)	nshahmiri@blurb.com	115	2	402	t	2009-07-14 13:06:00	2014-02-20 11:32:48.162496
20333	google_eutop_creativepr	Google (google_ eutop _creativepro)	nshahmiri@blurb.com	115	2	114	t	2009-07-14 13:10:00	2014-02-20 11:32:48.166365
20334	google_scan_creativepro	Google (google_ scan _creativepro)	nshahmiri@blurb.com	115	2	115	t	2009-07-14 13:11:00	2014-02-20 11:32:48.170064
20335	behance	Behance	nshahmiri@blurb.com	37	5	146	t	2009-07-16 17:08:00	2014-02-20 11:32:48.173992
20336	behance2	behance	nshahmiri@blurb.com	37	5	146	t	2009-07-17 14:58:00	2014-02-20 11:32:48.178763
20337	airtreks	Air Treks	toby.tupper@airtreks.com	14	4	146	f	2009-07-23 13:47:00	2014-02-20 11:32:48.182681
20338	aiga	aiga conference	nshahmiri@blurb.com	12	3	146	t	2009-08-07 11:49:00	2014-02-20 11:32:48.186523
20339	photoplus2009	PhotoPlus Expo 2009	nshahmiri@blurb.com	207	5	146	t	2009-08-10 14:47:00	2014-02-20 11:32:48.190462
20340	sxsw2010	SXSW 2010 	nshahmiri@blurb.com	250	3	146	t	2009-08-10 14:48:00	2014-02-20 11:32:48.19541
20341	facebook_portugal	Facebook Portugal	nshahmiri@blurb.com	97	8	140	t	2009-08-11 09:23:00	2014-02-20 11:32:48.199413
20342	google_momsites	Google (google_momsites)	nshahmiri@blurb.com	115	2	269	t	2009-08-13 16:32:00	2014-02-20 11:32:48.203872
20343	google_scrapbook	Google (google_scrapbook)	nshahmiri@blurb.com	115	2	354	t	2009-08-13 16:33:00	2014-02-20 11:32:48.208408
20344	google_gen_children	Google (google_gen_children)	nshahmiri@blurb.com	115	2	205	t	2009-08-25 15:48:00	2014-02-20 11:32:48.212373
20345	au	Australia	support@blurb.com	31	3	121	t	2009-08-27 14:41:00	2014-02-20 11:32:48.216264
20346	uk	United Kingdom	support@blurb.com	268	3	144	t	2009-08-27 14:41:00	2014-02-20 11:32:48.22025
20347	photoeye	Photoeye	Melanie@photoeye.com	199	4	146	f	2009-09-03 14:25:00	2014-02-20 11:32:48.224128
20348	google_bbb09	Google (Contest BBB 2009)	lzander@blurb.com	115	2	346	t	2009-09-10 16:27:00	2014-02-20 11:32:48.229145
20349	google_bbb09_kink	Google (Contest KINK)	lzander@blurb.com	115	2	346	t	2009-09-14 16:45:00	2014-02-20 11:32:48.23299
20350	google_bbb09_krsk	Google (Contest KRSK)	lzander@blurb.com	115	2	346	t	2009-09-14 16:46:00	2014-02-20 11:32:48.236676
20351	google_bbb09_kifm	Google (Contest KIFM)	lzander@blurb.com	115	2	346	t	2009-09-14 16:47:00	2014-02-20 11:32:48.240389
20352	google_bbb09_kscf	Google (Contest KSCF)	lzander@blurb.com	115	2	346	t	2009-09-14 16:47:00	2014-02-20 11:32:48.245076
20353	google_bbb09_kyxy	Google (Contest KYXY)	lzander@blurb.com	115	2	346	t	2009-09-14 16:48:00	2014-02-20 11:32:48.249454
20354	google_bbb09_kpri	Google (Contest KPRI)	lzander@blurb.com	115	2	346	t	2009-09-14 16:49:00	2014-02-20 11:32:48.253
20355	msftgive	Microsoft (2009 Give Campaign)	fbryant@blurb.com	166	3	1	t	2009-09-22 11:18:00	2014-02-20 11:32:48.256648
20356	google_bbb09_pets	Google (Contest BBB 2009 Pets)	lzander@blurb.com	115	2	346	t	2009-09-22 12:52:00	2014-02-20 11:32:48.260392
20357	google_can_cook	Google Canada Cookbook 	Wendy@blurb.com	115	2	90	t	2009-10-09 09:18:00	2014-02-20 11:32:48.264436
20358	redbubble	RedBubble	pstyles@redbubble.com	223	4	146	f	2009-10-13 14:44:00	2014-02-20 11:32:48.268122
20359	yahoo_cookbook	Yahoo Cookbook	wendy@blurb.com	293	2	97	t	2009-10-19 17:07:00	2014-02-20 11:32:48.435744
20360	google_eu_cook	Google EU Cookbook	wendy@blurb.com	115	2	94	t	2009-10-27 10:27:00	2014-02-20 11:32:48.440247
20361	google_scan_cook	Google Scan Cookbook	wendy@blurb.com	115	2	96	t	2009-10-27 10:28:00	2014-02-20 11:32:48.44594
20362	google_aunz_cook	Google AuNZ Cookbook	wendy@blurb.com	115	2	92	t	2009-10-27 10:28:00	2014-02-20 11:32:48.451173
20363	google_photo_content	Google Photo Content	wendy@blurb.com	115	2	301	t	2009-10-28 09:56:00	2014-02-20 11:32:48.455344
20364	google_pro2_content	Google Pro2 Content	wendy@blurb.com	115	2	87	t	2009-10-28 09:57:00	2014-02-20 11:32:48.459509
20365	flickrag	FlickrAG	Dalex@yahoo.com	102	4	146	t	2009-10-29 18:40:00	2014-02-20 11:32:48.463532
20366	google_aunz_other	Google AUNZ Other (For AU Code)	wendy@blurb.com	115	2	288	t	2009-11-02 08:49:00	2014-02-20 11:32:48.467293
20367	amxp	American Express	showe@blurb.com	19	4	146	f	2009-11-16 15:47:00	2014-02-20 11:32:48.471719
20368	eurail	Eu Rail	ahardie@blurb.com	95	4	146	f	2009-12-07 16:47:00	2014-02-20 11:32:48.47583
20369	blurb_ew	Blurb Embedable Widget	pthormahlen@blurb.com	45	3	146	t	2010-03-03 14:08:00	2014-02-20 11:32:48.479771
20370	google_aunz_gen2_bind	Google AU NZ Bind	lpattison@blurb.com	115	2	214	t	2010-03-08 10:42:00	2014-02-20 11:32:48.483595
20371	google_aunz_blurb	Google AU NZ Blurb	lpattison@blurb.com	115	2	35	t	2010-03-10 10:44:00	2014-02-20 11:32:48.487384
20372	google_aunz_blurbphoto	Google AU NZ Blurb Photo	lpattison@blurb.com	115	2	311	t	2010-03-10 10:45:00	2014-02-20 11:32:48.491292
20373	google_aunz_blurbwed	Google AU NZ Blurb Wed	lpattison@blurb.com	115	2	399	t	2010-03-10 10:51:00	2014-02-20 11:32:48.495055
20374	google_aunz_booksmart	Google AU NZ Booksmart	lpattison@blurb.com	115	2	51	t	2010-03-10 10:52:00	2014-02-20 11:32:48.498859
20375	google_aunz_gen2_coffee	Google AU NZ Gen2 Coffee	lpattison@blurb.com	115	2	214	t	2010-03-10 10:53:00	2014-02-20 11:32:48.502587
20376	google_aunz_gen2_create	Google AU NZ Gen2 Create	lpattison@blurb.com	115	2	214	t	2010-03-10 10:55:00	2014-02-20 11:32:48.506737
20377	google_aunz_gen2_design	google_aunz_gen2_design	lpattison@blurb.com	115	2	214	t	2010-03-11 00:00:00	2014-02-20 11:32:48.510832
20378	google_aunz_gen2_format	google_aunz_gen2_format	lpattison@blurb.com	115	2	214	t	2010-03-11 00:00:00	2014-02-20 11:32:48.514703
20379	google_aunz_gen2_make	google_aunz_gen2_make	lpattison@blurb.com	115	2	214	t	2010-03-11 00:00:00	2014-02-20 11:32:48.51837
20380	google_aunz_gen2_print	google_aunz_gen2_print	lpattison@blurb.com	115	2	214	t	2010-03-11 00:00:00	2014-02-20 11:32:48.523479
20381	google_aunz_gen2_selfpub	google_aunz_gen2_selfpub	lpattison@blurb.com	115	2	214	t	2010-03-11 00:00:00	2014-02-20 11:32:48.527569
20382	google_aunz_gen2_software	google_aunz_gen2_software	lpattison@blurb.com	115	2	214	t	2010-03-11 00:00:00	2014-02-20 11:32:48.531259
20383	google_aunz_gen2_template	google_aunz_gen2_template	lpattison@blurb.com	115	2	214	t	2010-03-11 00:00:00	2014-02-20 11:32:48.535067
20384	google_aunz_gen2_write	google_aunz_gen2_write	lpattison@blurb.com	115	2	214	t	2010-03-11 00:00:00	2014-02-20 11:32:48.538841
20385	google_aunz_photo_album	google_aunz_photo_album	lpattison@blurb.com	115	2	292	t	2010-03-11 00:00:00	2014-02-20 11:32:48.542689
20386	google_aunz_photo_baby	google_aunz_photo_baby	lpattison@blurb.com	115	2	292	t	2010-03-11 00:00:00	2014-02-20 11:32:48.546667
20387	google_aunz_photo_binding	google_aunz_photo_binding	lpattison@blurb.com	115	2	292	t	2010-03-11 00:00:00	2014-02-20 11:32:48.550349
20388	google_aunz_photo_bkcore	google_aunz_photo_bkcore	lpattison@blurb.com	115	2	292	t	2010-03-11 00:00:00	2014-02-20 11:32:48.554332
20389	google_aunz_photo_book	google_aunz_photo_book	lpattison@blurb.com	115	2	292	t	2010-03-11 00:00:00	2014-02-20 11:32:48.558968
20390	google_aunz_photo_bookcor	google_aunz_photo_bookcor	lpattison@blurb.com	115	2	292	t	2010-03-11 00:00:00	2014-02-20 11:32:48.562684
20391	google_aunz_photo_bound	google_aunz_photo_bound	lpattison@blurb.com	115	2	292	t	2010-03-11 00:00:00	2014-02-20 11:32:48.566284
20392	google_aunz_photo_coffee	google_aunz_photo_coffee	lpattison@blurb.com	115	2	292	t	2010-03-11 00:00:00	2014-02-20 11:32:48.569757
20393	google_aunz_photo_create	google_aunz_photo_create	lpattison@blurb.com	115	2	292	t	2010-03-11 00:00:00	2014-02-20 11:32:48.574594
20394	google_aunz_photo_custom	google_aunz_photo_custom	lpattison@blurb.com	115	2	292	t	2010-03-11 00:00:00	2014-02-20 11:32:48.578427
20395	google_aunz_photo_design	google_aunz_photo_design	lpattison@blurb.com	115	2	292	t	2010-03-11 00:00:00	2014-02-20 11:32:48.582005
20396	google_aunz_photo_digital	google_aunz_photo_digital	lpattison@blurb.com	115	2	292	t	2010-03-11 00:00:00	2014-02-20 11:32:48.585497
20397	google_aunz_photo_diy	google_aunz_photo_diy	lpattison@blurb.com	115	2	292	t	2010-03-11 00:00:00	2014-02-20 11:32:48.589877
20398	google_aunz_photo_elec	google_aunz_photo_elec	lpattison@blurb.com	115	2	292	t	2010-03-11 00:00:00	2014-02-20 11:32:48.792335
20399	google_aunz_photo_family	google_aunz_photo_family	lpattison@blurb.com	115	2	292	t	2010-03-11 00:00:00	2014-02-20 11:32:48.798802
20400	google_aunz_photo_flickr	google_aunz_photo_flickr	lpattison@blurb.com	115	2	292	t	2010-03-11 00:00:00	2014-02-20 11:32:48.806004
20401	google_aunz_photo_handmd	google_aunz_photo_handmd	lpattison@blurb.com	115	2	292	t	2010-03-11 00:00:00	2014-02-20 11:32:48.811875
20402	google_aunz_photo_hardbk	google_aunz_photo_hardbk	lpattison@blurb.com	115	2	292	t	2010-03-11 00:00:00	2014-02-20 11:32:48.816608
20403	google_aunz_photo_layouts	google_aunz_photo_layouts	lpattison@blurb.com	115	2	292	t	2010-03-11 00:00:00	2014-02-20 11:32:48.820935
20404	google_aunz_photo_mac	google_aunz_photo_mac	lpattison@blurb.com	115	2	292	t	2010-03-11 00:00:00	2014-02-20 11:32:48.825048
20405	google_aunz_photo_make	google_aunz_photo_make	lpattison@blurb.com	115	2	292	t	2010-03-11 00:00:00	2014-02-20 11:32:48.829174
20406	google_aunz_photo_memory	google_aunz_photo_memory	lpattison@blurb.com	115	2	292	t	2010-03-11 00:00:00	2014-02-20 11:32:48.833353
20407	google_aunz_photo_online	google_aunz_photo_online	lpattison@blurb.com	115	2	292	t	2010-03-11 00:00:00	2014-02-20 11:32:48.837826
20408	google_aunz_photo_person	google_aunz_photo_person	lpattison@blurb.com	115	2	292	t	2010-03-11 00:00:00	2014-02-20 11:32:48.841824
20409	google_aunz_photo_photog	google_aunz_photo_photog	lpattison@blurb.com	115	2	292	t	2010-03-11 00:00:00	2014-02-20 11:32:48.84577
20410	google_aunz_photo_picture	google_aunz_photo_picture	lpattison@blurb.com	115	2	292	t	2010-03-11 00:00:00	2014-02-20 11:32:48.849747
20411	google_aunz_photo_print	google_aunz_photo_print	lpattison@blurb.com	115	2	292	t	2010-03-11 00:00:00	2014-02-20 11:32:48.85377
20412	google_aunz_photo_pro	google_aunz_photo_pro	lpattison@blurb.com	115	2	292	t	2010-03-11 00:00:00	2014-02-20 11:32:48.857523
20413	google_aunz_photo_publish	google_aunz_photo_publish	lpattison@blurb.com	115	2	292	t	2010-03-11 00:00:00	2014-02-20 11:32:48.862515
20414	google_aunz_photo_sites	google_aunz_photo_sites	lpattison@blurb.com	115	2	292	t	2010-03-11 00:00:00	2014-02-20 11:32:48.868152
20415	google_aunz_photo_softwr	google_aunz_photo_softwr	lpattison@blurb.com	115	2	292	t	2010-03-11 00:00:00	2014-02-20 11:32:48.872033
20416	google_aunz_photo_temp	google_aunz_photo_temp	lpattison@blurb.com	115	2	292	t	2010-03-11 00:00:00	2014-02-20 11:32:48.876001
20417	google_aunz_photo_unibind	google_aunz_photo_unibind	lpattison@blurb.com	115	2	292	t	2010-03-11 00:00:00	2014-02-20 11:32:48.880071
20418	google_aunz_photo_web	google_aunz_photo_web	lpattison@blurb.com	115	2	292	t	2010-03-11 00:00:00	2014-02-20 11:32:48.883966
20419	google_aunz_wed_albumcore	google_aunz_wed_albumcore	lpattison@blurb.com	115	2	399	t	2010-03-11 00:00:00	2014-02-20 11:32:48.887897
20420	google_aunz_wed_albums	google_aunz_wed_albums	lpattison@blurb.com	115	2	399	t	2010-03-11 00:00:00	2014-02-20 11:32:48.89171
20421	google_aunz_wed_anniver	google_aunz_wed_anniver	lpattison@blurb.com	115	2	399	t	2010-03-11 00:00:00	2014-02-20 11:32:48.89542
20422	google_aunz_wed_binding	google_aunz_wed_binding	lpattison@blurb.com	115	2	399	t	2010-03-11 00:00:00	2014-02-20 11:32:48.899028
20423	google_aunz_wed_books	google_aunz_wed_books	lpattison@blurb.com	115	2	399	t	2010-03-11 00:00:00	2014-02-20 11:32:48.902548
20424	google_aunz_wed_bookscore	google_aunz_wed_bookscore	lpattison@blurb.com	115	2	399	t	2010-03-11 00:00:00	2014-02-20 11:32:48.907363
20425	google_aunz_wed_bound	google_aunz_wed_bound	lpattison@blurb.com	115	2	399	t	2010-03-11 00:00:00	2014-02-20 11:32:48.911792
20426	google_aunz_wed_bridal	google_aunz_wed_bridal	lpattison@blurb.com	115	2	399	t	2010-03-11 00:00:00	2014-02-20 11:32:48.915485
20427	google_aunz_wed_buy	google_aunz_wed_buy	lpattison@blurb.com	115	2	399	t	2010-03-11 00:00:00	2014-02-20 11:32:48.919194
20428	google_aunz_wed_coffee	google_aunz_wed_coffee	lpattison@blurb.com	115	2	399	t	2010-03-11 00:00:00	2014-02-20 11:32:48.923664
20429	google_aunz_wed_companies	google_aunz_wed_companies	lpattison@blurb.com	115	2	399	t	2010-03-11 00:00:00	2014-02-20 11:32:48.928135
20430	google_aunz_wed_create	google_aunz_wed_create	lpattison@blurb.com	115	2	399	t	2010-03-11 00:00:00	2014-02-20 11:32:48.931767
20431	google_aunz_wed_custom	google_aunz_wed_custom	lpattison@blurb.com	115	2	399	t	2010-03-11 00:00:00	2014-02-20 11:32:48.935299
20432	google_aunz_wed_design	google_aunz_wed_design	lpattison@blurb.com	115	2	399	t	2010-03-11 00:00:00	2014-02-20 11:32:48.939794
20433	google_aunz_wed_digital	google_aunz_wed_digital	lpattison@blurb.com	115	2	399	t	2010-03-11 00:00:00	2014-02-20 11:32:48.944647
20434	google_aunz_wed_discount	google_aunz_wed_discount	lpattison@blurb.com	115	2	399	t	2010-03-11 00:00:00	2014-02-20 11:32:48.948306
20435	google_aunz_wed_diy	google_aunz_wed_diy	lpattison@blurb.com	115	2	399	t	2010-03-11 00:00:00	2014-02-20 11:32:48.952667
20436	google_aunz_wed_engagemt	google_aunz_wed_engagemt	lpattison@blurb.com	115	2	399	t	2010-03-11 00:00:00	2014-02-20 11:32:48.957024
20437	google_aunz_wed_flush	google_aunz_wed_flush	lpattison@blurb.com	115	2	399	t	2010-03-11 00:00:00	2014-02-20 11:32:49.129839
20438	google_aunz_wed_guest	google_aunz_wed_guest	lpattison@blurb.com	115	2	399	t	2010-03-11 00:00:00	2014-02-20 11:32:49.134215
20439	google_aunz_wed_handmade	google_aunz_wed_handmade	lpattison@blurb.com	115	2	399	t	2010-03-11 00:00:00	2014-02-20 11:32:49.138269
20440	google_aunz_wed_hardcover	google_aunz_wed_hardcover	lpattison@blurb.com	115	2	399	t	2010-03-11 00:00:00	2014-02-20 11:32:49.142254
20441	google_aunz_wed_italian	google_aunz_wed_italian	lpattison@blurb.com	115	2	399	t	2010-03-11 00:00:00	2014-02-20 11:32:49.146261
20442	google_aunz_wed_keepsake	google_aunz_wed_keepsake	lpattison@blurb.com	115	2	399	t	2010-03-11 00:00:00	2014-02-20 11:32:49.150424
20443	google_aunz_wed_large	google_aunz_wed_large	lpattison@blurb.com	115	2	399	t	2010-03-11 00:00:00	2014-02-20 11:32:49.154265
20444	google_aunz_wed_layouts	google_aunz_wed_layouts	lpattison@blurb.com	115	2	399	t	2010-03-11 00:00:00	2014-02-20 11:32:49.15814
20445	google_aunz_wed_leather	google_aunz_wed_leather	lpattison@blurb.com	115	2	399	t	2010-03-11 00:00:00	2014-02-20 11:32:49.162229
20446	google_aunz_wed_magazine	google_aunz_wed_magazine	lpattison@blurb.com	115	2	399	t	2010-03-11 00:00:00	2014-02-20 11:32:49.166114
20447	google_aunz_wed_make	google_aunz_wed_make	lpattison@blurb.com	115	2	399	t	2010-03-11 00:00:00	2014-02-20 11:32:49.169807
20448	google_aunz_wed_matted	google_aunz_wed_matted	lpattison@blurb.com	115	2	399	t	2010-03-11 00:00:00	2014-02-20 11:32:49.173543
20449	google_aunz_wed_memory	google_aunz_wed_memory	lpattison@blurb.com	115	2	399	t	2010-03-11 00:00:00	2014-02-20 11:32:49.177912
20450	google_aunz_wed_online	google_aunz_wed_online	lpattison@blurb.com	115	2	399	t	2010-03-11 00:00:00	2014-02-20 11:32:49.182362
20451	google_aunz_wed_parent	google_aunz_wed_parent	lpattison@blurb.com	115	2	399	t	2010-03-11 00:00:00	2014-02-20 11:32:49.186238
20452	google_aunz_wed_personal	google_aunz_wed_personal	lpattison@blurb.com	115	2	399	t	2010-03-11 00:00:00	2014-02-20 11:32:49.191092
20453	google_aunz_wed_photog	google_aunz_wed_photog	lpattison@blurb.com	115	2	399	t	2010-03-11 00:00:00	2014-02-20 11:32:49.195462
20454	google_aunz_wed_printing	google_aunz_wed_printing	lpattison@blurb.com	115	2	399	t	2010-03-11 00:00:00	2014-02-20 11:32:49.200047
20455	google_aunz_wed_pro	google_aunz_wed_pro	lpattison@blurb.com	115	2	399	t	2010-03-11 00:00:00	2014-02-20 11:32:49.204257
20456	google_aunz_wed_publish	google_aunz_wed_publish	lpattison@blurb.com	115	2	399	t	2010-03-11 00:00:00	2014-02-20 11:32:49.208757
20457	google_aunz_wed_scrapbook	google_aunz_wed_scrapbook	lpattison@blurb.com	115	2	399	t	2010-03-11 00:00:00	2014-02-20 11:32:49.212701
20458	google_aunz_wed_software	google_aunz_wed_software	lpattison@blurb.com	115	2	399	t	2010-03-11 00:00:00	2014-02-20 11:32:49.216884
20459	google_aunz_wed_storybook	google_aunz_wed_storybook	lpattison@blurb.com	115	2	399	t	2010-03-11 00:00:00	2014-02-20 11:32:49.220603
20460	google_aunz_wed_templates	google_aunz_wed_templates	lpattison@blurb.com	115	2	399	t	2010-03-11 00:00:00	2014-02-20 11:32:49.224458
20461	google_aunz_wed_unique	google_aunz_wed_unique	lpattison@blurb.com	115	2	399	t	2010-03-11 00:00:00	2014-02-20 11:32:49.228491
20462	google_aunz_wed_white	google_aunz_wed_white	lpattison@blurb.com	115	2	399	t	2010-03-11 00:00:00	2014-02-20 11:32:49.232295
20463	google_aunz_wed_wholesale	google_aunz_wed_wholesale	lpattison@blurb.com	115	2	399	t	2010-03-11 00:00:00	2014-02-20 11:32:49.235982
20464	google_blog_archive	google_blog_archive	lpattison@blurb.com	115	2	33	t	2010-03-11 00:00:00	2014-02-20 11:32:49.24103
20465	google_blog_backup	google_blog_backup	lpattison@blurb.com	115	2	33	t	2010-03-11 00:00:00	2014-02-20 11:32:49.24491
20466	google_blog_blogger	google_blog_blogger	lpattison@blurb.com	115	2	33	t	2010-03-11 00:00:00	2014-02-20 11:32:49.248576
20467	google_blog_blogspot	google_blog_blogspot	lpattison@blurb.com	115	2	33	t	2010-03-11 00:00:00	2014-02-20 11:32:49.252203
20468	google_blog_blogtobook	google_blog_blogtobook	lpattison@blurb.com	115	2	33	t	2010-03-11 00:00:00	2014-02-20 11:32:49.256804
20469	google_blog_books	google_blog_books	lpattison@blurb.com	115	2	33	t	2010-03-11 00:00:00	2014-02-20 11:32:49.261929
20470	google_blog_copy	google_blog_copy	lpattison@blurb.com	115	2	33	t	2010-03-11 00:00:00	2014-02-20 11:32:49.266679
20471	google_blog_create	google_blog_create	lpattison@blurb.com	115	2	33	t	2010-03-11 00:00:00	2014-02-20 11:32:49.270274
20472	google_blog_diary	google_blog_diary	lpattison@blurb.com	115	2	33	t	2010-03-11 00:00:00	2014-02-20 11:32:49.274288
20473	google_blog_make	google_blog_make	lpattison@blurb.com	115	2	33	t	2010-03-11 00:00:00	2014-02-20 11:32:49.278062
20474	google_blog_print	google_blog_print	lpattison@blurb.com	115	2	33	t	2010-03-11 00:00:00	2014-02-20 11:32:49.281694
20475	google_blog_publish	google_blog_publish	lpattison@blurb.com	115	2	33	t	2010-03-11 00:00:00	2014-02-20 11:32:49.285039
20476	google_blog_record	google_blog_record	lpattison@blurb.com	115	2	33	t	2010-03-11 00:00:00	2014-02-20 11:32:49.45846
20477	google_blog_save	google_blog_save	lpattison@blurb.com	115	2	33	t	2010-03-11 00:00:00	2014-02-20 11:32:49.462382
20478	google_blog_slurp	google_blog_slurp	lpattison@blurb.com	115	2	33	t	2010-03-11 00:00:00	2014-02-20 11:32:49.466241
20479	google_blog_software	google_blog_software	lpattison@blurb.com	115	2	33	t	2010-03-11 00:00:00	2014-02-20 11:32:49.47003
20480	google_blog_typepad	google_blog_typepad	lpattison@blurb.com	115	2	33	t	2010-03-11 00:00:00	2014-02-20 11:32:49.473778
20481	google_blog_wordpress	google_blog_wordpress	lpattison@blurb.com	115	2	33	t	2010-03-11 00:00:00	2014-02-20 11:32:49.477631
20482	google_brand_blurb	google_brand_blurb	lpattison@blurb.com	115	2	60	t	2010-03-11 00:00:00	2014-02-20 11:32:49.481333
20483	google_brand_blurbblog	google_brand_blurbblog	lpattison@blurb.com	115	2	60	t	2010-03-11 00:00:00	2014-02-20 11:32:49.484996
20484	google_brand_blurbphoto	google_brand_blurbphoto	lpattison@blurb.com	115	2	60	t	2010-03-11 00:00:00	2014-02-20 11:32:49.488629
20485	google_brand_blurbwed	google_brand_blurbwed	lpattison@blurb.com	115	2	60	t	2010-03-11 00:00:00	2014-02-20 11:32:49.492193
20486	google_brand_booksmart	google_brand_booksmart	lpattison@blurb.com	115	2	60	t	2010-03-11 00:00:00	2014-02-20 11:32:49.496252
20487	google_can_brand_blog	google_can_brand_blog	lpattison@blurb.com	115	2	54	t	2010-03-11 00:00:00	2014-02-20 11:32:49.500149
20488	google_can_brand_blurb	google_can_brand_blurb	lpattison@blurb.com	115	2	54	t	2010-03-11 00:00:00	2014-02-20 11:32:49.50386
20489	google_can_brand_blurbwed	google_can_brand_blurbwed	lpattison@blurb.com	115	2	54	t	2010-03-11 00:00:00	2014-02-20 11:32:49.50759
20490	google_can_brand_booksmt	google_can_brand_booksmt	lpattison@blurb.com	115	2	54	t	2010-03-11 00:00:00	2014-02-20 11:32:49.512089
20491	google_can_brand_photo	google_can_brand_photo	lpattison@blurb.com	115	2	54	t	2010-03-11 00:00:00	2014-02-20 11:32:49.516769
20492	google_can_gen_bind	google_can_gen_bind	lpattison@blurb.com	115	2	202	t	2010-03-11 00:00:00	2014-02-20 11:32:49.520674
20493	google_can_gen_bookmaking	google_can_gen_bookmaking	lpattison@blurb.com	115	2	202	t	2010-03-11 00:00:00	2014-02-20 11:32:49.524596
20494	google_can_gen_coffee	google_can_gen_coffee	lpattison@blurb.com	115	2	202	t	2010-03-11 00:00:00	2014-02-20 11:32:49.528409
20495	google_can_gen_createbook	google_can_gen_createbook	lpattison@blurb.com	115	2	202	t	2010-03-11 00:00:00	2014-02-20 11:32:49.53219
20496	google_can_gen_designbook	google_can_gen_designbook	lpattison@blurb.com	115	2	202	t	2010-03-11 00:00:00	2014-02-20 11:32:49.535952
20497	google_can_gen_printbook	google_can_gen_printbook	lpattison@blurb.com	115	2	202	t	2010-03-11 00:00:00	2014-02-20 11:32:49.539898
20498	google_can_gen_selfpub	google_can_gen_selfpub	lpattison@blurb.com	115	2	202	t	2010-03-11 00:00:00	2014-02-20 11:32:49.543537
20499	google_can_gen_software	google_can_gen_software	lpattison@blurb.com	115	2	202	t	2010-03-11 00:00:00	2014-02-20 11:32:49.547101
20500	google_can_gen_template	google_can_gen_template	lpattison@blurb.com	115	2	202	t	2010-03-11 00:00:00	2014-02-20 11:32:49.550935
20501	google_can_gen_writebook	google_can_gen_writebook	lpattison@blurb.com	115	2	202	t	2010-03-11 00:00:00	2014-02-20 11:32:49.5548
20502	google_can_photo_album	google_can_photo_album	lpattison@blurb.com	115	2	294	t	2010-03-11 00:00:00	2014-02-20 11:32:49.559254
20503	google_can_photo_albumcor	google_can_photo_albumcor	lpattison@blurb.com	115	2	294	t	2010-03-11 00:00:00	2014-02-20 11:32:49.56334
20504	google_can_photo_baby	google_can_photo_baby	lpattison@blurb.com	115	2	294	t	2010-03-11 00:00:00	2014-02-20 11:32:49.567084
20505	google_can_photo_binding	google_can_photo_binding	lpattison@blurb.com	115	2	294	t	2010-03-11 00:00:00	2014-02-20 11:32:49.571379
20506	google_can_photo_book	google_can_photo_book	lpattison@blurb.com	115	2	294	t	2010-03-11 00:00:00	2014-02-20 11:32:49.576259
20507	google_can_photo_bookcore	google_can_photo_bookcore	lpattison@blurb.com	115	2	294	t	2010-03-11 00:00:00	2014-02-20 11:32:49.581242
20508	google_can_photo_bound	google_can_photo_bound	lpattison@blurb.com	115	2	294	t	2010-03-11 00:00:00	2014-02-20 11:32:49.58611
20509	google_can_photo_coffee	google_can_photo_coffee	lpattison@blurb.com	115	2	294	t	2010-03-11 00:00:00	2014-02-20 11:32:49.589676
20510	google_can_photo_create	google_can_photo_create	lpattison@blurb.com	115	2	294	t	2010-03-11 00:00:00	2014-02-20 11:32:49.593224
20511	google_can_photo_custom	google_can_photo_custom	lpattison@blurb.com	115	2	294	t	2010-03-11 00:00:00	2014-02-20 11:32:49.596716
20512	google_can_photo_design	google_can_photo_design	lpattison@blurb.com	115	2	294	t	2010-03-11 00:00:00	2014-02-20 11:32:49.600881
20513	google_can_photo_digital	google_can_photo_digital	lpattison@blurb.com	115	2	294	t	2010-03-11 00:00:00	2014-02-20 11:32:49.604474
20514	google_can_photo_diy	google_can_photo_diy	lpattison@blurb.com	115	2	294	t	2010-03-11 00:00:00	2014-02-20 11:32:49.768002
21531	printpca	PCA	cgxtest@blurb.com	57	7	74	t	2012-04-10 20:24:00	2014-02-20 11:32:59.22377
20515	google_can_photo_elec	google_can_photo_elec	lpattison@blurb.com	115	2	294	t	2010-03-11 00:00:00	2014-02-20 11:32:49.77398
20516	google_can_photo_family	google_can_photo_family	lpattison@blurb.com	115	2	294	t	2010-03-11 00:00:00	2014-02-20 11:32:49.777869
20517	google_can_photo_flickr	google_can_photo_flickr	lpattison@blurb.com	115	2	294	t	2010-03-11 00:00:00	2014-02-20 11:32:49.781731
20518	google_can_photo_handmade	google_can_photo_handmade	lpattison@blurb.com	115	2	294	t	2010-03-11 00:00:00	2014-02-20 11:32:49.785683
20519	google_can_photo_hardback	google_can_photo_hardback	lpattison@blurb.com	115	2	294	t	2010-03-11 00:00:00	2014-02-20 11:32:49.790501
20520	google_can_photo_layouts	google_can_photo_layouts	lpattison@blurb.com	115	2	294	t	2010-03-11 00:00:00	2014-02-20 11:32:49.796023
20521	google_can_photo_mac	google_can_photo_mac	lpattison@blurb.com	115	2	294	t	2010-03-11 00:00:00	2014-02-20 11:32:49.801002
20522	google_can_photo_make	google_can_photo_make	lpattison@blurb.com	115	2	294	t	2010-03-11 00:00:00	2014-02-20 11:32:49.806125
20523	google_can_photo_memory	google_can_photo_memory	lpattison@blurb.com	115	2	294	t	2010-03-11 00:00:00	2014-02-20 11:32:49.809992
20524	google_can_photo_online	google_can_photo_online	lpattison@blurb.com	115	2	294	t	2010-03-11 00:00:00	2014-02-20 11:32:49.81368
20525	google_can_photo_personal	google_can_photo_personal	lpattison@blurb.com	115	2	294	t	2010-03-11 00:00:00	2014-02-20 11:32:49.81734
20526	google_can_photo_photog	google_can_photo_photog	lpattison@blurb.com	115	2	294	t	2010-03-11 00:00:00	2014-02-20 11:32:49.820935
20527	google_can_photo_picture	google_can_photo_picture	lpattison@blurb.com	115	2	294	t	2010-03-11 00:00:00	2014-02-20 11:32:49.824654
20528	google_can_photo_print	google_can_photo_print	lpattison@blurb.com	115	2	294	t	2010-03-11 00:00:00	2014-02-20 11:32:49.828323
20529	google_can_photo_pro	google_can_photo_pro	lpattison@blurb.com	115	2	294	t	2010-03-11 00:00:00	2014-02-20 11:32:49.831945
20530	google_can_photo_publish	google_can_photo_publish	lpattison@blurb.com	115	2	294	t	2010-03-11 00:00:00	2014-02-20 11:32:49.835526
20531	google_can_photo_software	google_can_photo_software	lpattison@blurb.com	115	2	294	t	2010-03-11 00:00:00	2014-02-20 11:32:49.839141
20532	google_can_photo_temp	google_can_photo_temp	lpattison@blurb.com	115	2	294	t	2010-03-11 00:00:00	2014-02-20 11:32:49.842872
20533	google_can_photo_unibind	google_can_photo_unibind	lpattison@blurb.com	115	2	294	t	2010-03-11 00:00:00	2014-02-20 11:32:49.846545
20534	google_can_photo_web	google_can_photo_web	lpattison@blurb.com	115	2	294	t	2010-03-11 00:00:00	2014-02-20 11:32:49.850203
20535	google_can_photo_websites	google_can_photo_websites	lpattison@blurb.com	115	2	294	t	2010-03-11 00:00:00	2014-02-20 11:32:49.853895
20536	google_can_wed_albums	google_can_wed_albums	lpattison@blurb.com	115	2	401	t	2010-03-11 00:00:00	2014-02-20 11:32:49.857808
20537	google_can_wed_albumscore	google_can_wed_albumscore	lpattison@blurb.com	115	2	401	t	2010-03-11 00:00:00	2014-02-20 11:32:49.861562
20538	google_can_wed_anniver	google_can_wed_anniver	lpattison@blurb.com	115	2	401	t	2010-03-11 00:00:00	2014-02-20 11:32:49.865266
20539	google_can_wed_binding	google_can_wed_binding	lpattison@blurb.com	115	2	401	t	2010-03-11 00:00:00	2014-02-20 11:32:49.868951
20540	google_can_wed_books	google_can_wed_books	lpattison@blurb.com	115	2	401	t	2010-03-11 00:00:00	2014-02-20 11:32:49.872548
20541	google_can_wed_bookscore	google_can_wed_bookscore	lpattison@blurb.com	115	2	401	t	2010-03-11 00:00:00	2014-02-20 11:32:49.876131
20542	google_can_wed_bound	google_can_wed_bound	lpattison@blurb.com	115	2	401	t	2010-03-11 00:00:00	2014-02-20 11:32:49.880149
20543	google_can_wed_bridal	google_can_wed_bridal	lpattison@blurb.com	115	2	401	t	2010-03-11 00:00:00	2014-02-20 11:32:49.884126
20544	google_can_wed_buy	google_can_wed_buy	lpattison@blurb.com	115	2	401	t	2010-03-11 00:00:00	2014-02-20 11:32:49.888187
20545	google_can_wed_coffee	google_can_wed_coffee	lpattison@blurb.com	115	2	401	t	2010-03-11 00:00:00	2014-02-20 11:32:49.893915
20546	google_can_wed_companies	google_can_wed_companies	lpattison@blurb.com	115	2	401	t	2010-03-11 00:00:00	2014-02-20 11:32:49.898688
20547	google_can_wed_create	google_can_wed_create	lpattison@blurb.com	115	2	401	t	2010-03-11 00:00:00	2014-02-20 11:32:49.903022
20548	google_can_wed_custom	google_can_wed_custom	lpattison@blurb.com	115	2	401	t	2010-03-11 00:00:00	2014-02-20 11:32:49.907816
20549	google_can_wed_design	google_can_wed_design	lpattison@blurb.com	115	2	401	t	2010-03-11 00:00:00	2014-02-20 11:32:49.912935
20550	google_can_wed_digital	google_can_wed_digital	lpattison@blurb.com	115	2	401	t	2010-03-11 00:00:00	2014-02-20 11:32:49.917005
20551	google_can_wed_discount	google_can_wed_discount	lpattison@blurb.com	115	2	401	t	2010-03-11 00:00:00	2014-02-20 11:32:49.920693
20552	google_can_wed_diy	google_can_wed_diy	lpattison@blurb.com	115	2	401	t	2010-03-11 00:00:00	2014-02-20 11:32:49.924043
20553	google_can_wed_engagement	google_can_wed_engagement	lpattison@blurb.com	115	2	401	t	2010-03-11 00:00:00	2014-02-20 11:32:50.089604
20554	google_can_wed_flush	google_can_wed_flush	lpattison@blurb.com	115	2	401	t	2010-03-11 00:00:00	2014-02-20 11:32:50.096098
20555	google_can_wed_guest	google_can_wed_guest	lpattison@blurb.com	115	2	401	t	2010-03-11 00:00:00	2014-02-20 11:32:50.102772
20556	google_can_wed_handmade	google_can_wed_handmade	lpattison@blurb.com	115	2	401	t	2010-03-11 00:00:00	2014-02-20 11:32:50.108586
20557	google_can_wed_hardcover	google_can_wed_hardcover	lpattison@blurb.com	115	2	401	t	2010-03-11 00:00:00	2014-02-20 11:32:50.112428
20558	google_can_wed_italian	google_can_wed_italian	lpattison@blurb.com	115	2	401	t	2010-03-11 00:00:00	2014-02-20 11:32:50.11622
20559	google_can_wed_keepsake	google_can_wed_keepsake	lpattison@blurb.com	115	2	401	t	2010-03-11 00:00:00	2014-02-20 11:32:50.120803
20560	google_can_wed_large	google_can_wed_large	lpattison@blurb.com	115	2	401	t	2010-03-11 00:00:00	2014-02-20 11:32:50.125331
20561	google_can_wed_layouts	google_can_wed_layouts	lpattison@blurb.com	115	2	401	t	2010-03-11 00:00:00	2014-02-20 11:32:50.129174
20562	google_can_wed_leather	google_can_wed_leather	lpattison@blurb.com	115	2	401	t	2010-03-11 00:00:00	2014-02-20 11:32:50.132951
20563	google_can_wed_magazine	google_can_wed_magazine	lpattison@blurb.com	115	2	401	t	2010-03-11 00:00:00	2014-02-20 11:32:50.136692
20564	google_can_wed_make	google_can_wed_make	lpattison@blurb.com	115	2	401	t	2010-03-11 00:00:00	2014-02-20 11:32:50.141206
20565	google_can_wed_matted	google_can_wed_matted	lpattison@blurb.com	115	2	401	t	2010-03-11 00:00:00	2014-02-20 11:32:50.146274
20566	google_can_wed_memory	google_can_wed_memory	lpattison@blurb.com	115	2	401	t	2010-03-11 00:00:00	2014-02-20 11:32:50.150059
20567	google_can_wed_online	google_can_wed_online	lpattison@blurb.com	115	2	401	t	2010-03-11 00:00:00	2014-02-20 11:32:50.153824
20568	google_can_wed_parent	google_can_wed_parent	lpattison@blurb.com	115	2	401	t	2010-03-11 00:00:00	2014-02-20 11:32:50.158928
20569	google_can_wed_personal	google_can_wed_personal	lpattison@blurb.com	115	2	401	t	2010-03-11 00:00:00	2014-02-20 11:32:50.163197
20570	google_can_wed_photog	google_can_wed_photog	lpattison@blurb.com	115	2	401	t	2010-03-11 00:00:00	2014-02-20 11:32:50.166956
20571	google_can_wed_printing	google_can_wed_printing	lpattison@blurb.com	115	2	401	t	2010-03-11 00:00:00	2014-02-20 11:32:50.171043
20572	google_can_wed_pro	google_can_wed_pro	lpattison@blurb.com	115	2	401	t	2010-03-11 00:00:00	2014-02-20 11:32:50.175273
20573	google_can_wed_publish	google_can_wed_publish	lpattison@blurb.com	115	2	401	t	2010-03-11 00:00:00	2014-02-20 11:32:50.179094
20574	google_can_wed_scrapbook	google_can_wed_scrapbook	lpattison@blurb.com	115	2	401	t	2010-03-11 00:00:00	2014-02-20 11:32:50.18285
20575	google_can_wed_software	google_can_wed_software	lpattison@blurb.com	115	2	401	t	2010-03-11 00:00:00	2014-02-20 11:32:50.187252
20576	google_can_wed_storybook	google_can_wed_storybook	lpattison@blurb.com	115	2	401	t	2010-03-11 00:00:00	2014-02-20 11:32:50.192429
20577	google_can_wed_templates	google_can_wed_templates	lpattison@blurb.com	115	2	401	t	2010-03-11 00:00:00	2014-02-20 11:32:50.197398
20578	google_can_wed_unique	google_can_wed_unique	lpattison@blurb.com	115	2	401	t	2010-03-11 00:00:00	2014-02-20 11:32:50.201268
20579	google_can_wed_white	google_can_wed_white	lpattison@blurb.com	115	2	401	t	2010-03-11 00:00:00	2014-02-20 11:32:50.206032
20580	google_can_wed_wholesale	google_can_wed_wholesale	lpattison@blurb.com	115	2	401	t	2010-03-11 00:00:00	2014-02-20 11:32:50.210698
20581	google_comp_cook	google_comp_cook	lpattison@blurb.com	115	2	97	t	2010-03-11 00:00:00	2014-02-20 11:32:50.214738
20582	google_comp_photo	google_comp_photo	lpattison@blurb.com	115	2	301	t	2010-03-11 00:00:00	2014-02-20 11:32:50.218317
20583	google_comp_wedding	google_comp_wedding	lpattison@blurb.com	115	2	407	t	2010-03-11 00:00:00	2014-02-20 11:32:50.223543
20584	google_cook_blank	google_cook_blank	lpattison@blurb.com	115	2	97	t	2010-03-11 00:00:00	2014-02-20 11:32:50.228028
20585	google_cook_build	google_cook_build	lpattison@blurb.com	115	2	97	t	2010-03-11 00:00:00	2014-02-20 11:32:50.23172
20586	google_cook_cookbook	google_cook_cookbook	lpattison@blurb.com	115	2	97	t	2010-03-11 00:00:00	2014-02-20 11:32:50.235093
20587	google_cook_create	google_cook_create	lpattison@blurb.com	115	2	97	t	2010-03-11 00:00:00	2014-02-20 11:32:50.238457
20588	google_cook_custom	google_cook_custom	lpattison@blurb.com	115	2	97	t	2010-03-11 00:00:00	2014-02-20 11:32:50.242516
20589	google_cook_design	google_cook_design	lpattison@blurb.com	115	2	97	t	2010-03-11 00:00:00	2014-02-20 11:32:50.246868
20590	google_cook_diy	google_cook_diy	lpattison@blurb.com	115	2	97	t	2010-03-11 00:00:00	2014-02-20 11:32:50.250396
20591	google_cook_family	google_cook_family	lpattison@blurb.com	115	2	97	t	2010-03-11 00:00:00	2014-02-20 11:32:50.253944
20592	google_cook_format	google_cook_format	lpattison@blurb.com	115	2	97	t	2010-03-11 00:00:00	2014-02-20 11:32:50.450583
20593	google_cook_gen	google_cook_gen	lpattison@blurb.com	115	2	97	t	2010-03-11 00:00:00	2014-02-20 11:32:50.45932
20594	google_cook_homemade	google_cook_homemade	lpattison@blurb.com	115	2	97	t	2010-03-11 00:00:00	2014-02-20 11:32:50.467249
20595	google_cook_layouts	google_cook_layouts	lpattison@blurb.com	115	2	97	t	2010-03-11 00:00:00	2014-02-20 11:32:50.475133
20596	google_cook_make	google_cook_make	lpattison@blurb.com	115	2	97	t	2010-03-11 00:00:00	2014-02-20 11:32:50.482938
20597	google_cook_personal	google_cook_personal	lpattison@blurb.com	115	2	97	t	2010-03-11 00:00:00	2014-02-20 11:32:50.489571
20598	google_cook_print	google_cook_print	lpattison@blurb.com	115	2	97	t	2010-03-11 00:00:00	2014-02-20 11:32:50.49475
20599	google_cook_programs	google_cook_programs	lpattison@blurb.com	115	2	97	t	2010-03-11 00:00:00	2014-02-20 11:32:50.498944
20600	google_cook_publisher	google_cook_publisher	lpattison@blurb.com	115	2	97	t	2010-03-11 00:00:00	2014-02-20 11:32:50.503269
20601	google_cook_recipebook	google_cook_recipebook	lpattison@blurb.com	115	2	97	t	2010-03-11 00:00:00	2014-02-20 11:32:50.509285
20602	google_cook_software	google_cook_software	lpattison@blurb.com	115	2	97	t	2010-03-11 00:00:00	2014-02-20 11:32:50.515616
20603	google_cook_templates	google_cook_templates	lpattison@blurb.com	115	2	97	t	2010-03-11 00:00:00	2014-02-20 11:32:50.520368
20604	google_cook_write	google_cook_write	lpattison@blurb.com	115	2	97	t	2010-03-11 00:00:00	2014-02-20 11:32:50.524404
20605	google_eu_brand_blurb	google_eu_brand_blurb	lpattison@blurb.com	115	2	55	t	2010-03-11 00:00:00	2014-02-20 11:32:50.528734
20606	google_eu_brand_blurbblog	google_eu_brand_blurbblog	lpattison@blurb.com	115	2	55	t	2010-03-11 00:00:00	2014-02-20 11:32:50.533423
20607	google_eu_brand_blurbwed	google_eu_brand_blurbwed	lpattison@blurb.com	115	2	55	t	2010-03-11 00:00:00	2014-02-20 11:32:50.54056
20608	google_eu_brand_booksmart	google_eu_brand_booksmart	lpattison@blurb.com	115	2	55	t	2010-03-11 00:00:00	2014-02-20 11:32:50.551233
20609	google_eu_brand_photo	google_eu_brand_photo	lpattison@blurb.com	115	2	55	t	2010-03-11 00:00:00	2014-02-20 11:32:50.558658
20610	google_eu_comp_photo	google_eu_comp_photo	lpattison@blurb.com	115	2	81	t	2010-03-11 00:00:00	2014-02-20 11:32:50.573262
20611	google_eu_gen_bind	google_eu_gen_bind	lpattison@blurb.com	115	2	203	t	2010-03-11 00:00:00	2014-02-20 11:32:50.582497
20612	google_eu_gen_bookmaking	google_eu_gen_bookmaking	lpattison@blurb.com	115	2	203	t	2010-03-11 00:00:00	2014-02-20 11:32:50.593129
20613	google_eu_gen_coffee	google_eu_gen_coffee	lpattison@blurb.com	115	2	203	t	2010-03-11 00:00:00	2014-02-20 11:32:50.600389
20614	google_eu_gen_createbook	google_eu_gen_createbook	lpattison@blurb.com	115	2	203	t	2010-03-11 00:00:00	2014-02-20 11:32:50.607036
20615	google_eu_gen_designbook	google_eu_gen_designbook	lpattison@blurb.com	115	2	203	t	2010-03-11 00:00:00	2014-02-20 11:32:50.614111
20616	google_eu_gen_format	google_eu_gen_format	lpattison@blurb.com	115	2	203	t	2010-03-11 00:00:00	2014-02-20 11:32:50.620149
20617	google_eu_gen_printbook	google_eu_gen_printbook	lpattison@blurb.com	115	2	203	t	2010-03-11 00:00:00	2014-02-20 11:32:50.625959
20618	google_eu_gen_selfpublish	google_eu_gen_selfpublish	lpattison@blurb.com	115	2	203	t	2010-03-11 00:00:00	2014-02-20 11:32:50.629934
20619	google_eu_gen_software	google_eu_gen_software	lpattison@blurb.com	115	2	203	t	2010-03-11 00:00:00	2014-02-20 11:32:50.635691
20620	google_eu_gen_template	google_eu_gen_template	lpattison@blurb.com	115	2	203	t	2010-03-11 00:00:00	2014-02-20 11:32:50.647396
20621	google_eu_gen_writebook	google_eu_gen_writebook	lpattison@blurb.com	115	2	203	t	2010-03-11 00:00:00	2014-02-20 11:32:50.655332
20622	google_eu_photo_album	google_eu_photo_album	lpattison@blurb.com	115	2	295	t	2010-03-11 00:00:00	2014-02-20 11:32:50.664367
20623	google_eu_photo_albumcore	google_eu_photo_albumcore	lpattison@blurb.com	115	2	295	t	2010-03-11 00:00:00	2014-02-20 11:32:50.671335
20624	google_eu_photo_baby	google_eu_photo_baby	lpattison@blurb.com	115	2	295	t	2010-03-11 00:00:00	2014-02-20 11:32:50.681345
20625	google_eu_photo_binding	google_eu_photo_binding	lpattison@blurb.com	115	2	295	t	2010-03-11 00:00:00	2014-02-20 11:32:50.688789
20626	google_eu_photo_bookcore	google_eu_photo_bookcore	lpattison@blurb.com	115	2	295	t	2010-03-11 00:00:00	2014-02-20 11:32:50.696305
20627	google_eu_photo_bound	google_eu_photo_bound	lpattison@blurb.com	115	2	295	t	2010-03-11 00:00:00	2014-02-20 11:32:50.70304
20628	google_eu_photo_coffee	google_eu_photo_coffee	lpattison@blurb.com	115	2	295	t	2010-03-11 00:00:00	2014-02-20 11:32:50.710023
20629	google_eu_photo_create	google_eu_photo_create	lpattison@blurb.com	115	2	295	t	2010-03-11 00:00:00	2014-02-20 11:32:50.717146
20630	google_eu_photo_custom	google_eu_photo_custom	lpattison@blurb.com	115	2	295	t	2010-03-11 00:00:00	2014-02-20 11:32:50.724294
20631	google_eu_photo_design	google_eu_photo_design	lpattison@blurb.com	115	2	295	t	2010-03-11 00:00:00	2014-02-20 11:32:50.940466
20632	google_eu_photo_digital	google_eu_photo_digital	lpattison@blurb.com	115	2	295	t	2010-03-11 00:00:00	2014-02-20 11:32:50.946544
20633	google_eu_photo_diy	google_eu_photo_diy	lpattison@blurb.com	115	2	295	t	2010-03-11 00:00:00	2014-02-20 11:32:50.952836
20634	google_eu_photo_elec	google_eu_photo_elec	lpattison@blurb.com	115	2	295	t	2010-03-11 00:00:00	2014-02-20 11:32:50.95922
20635	google_eu_photo_family	google_eu_photo_family	lpattison@blurb.com	115	2	295	t	2010-03-11 00:00:00	2014-02-20 11:32:50.963977
20636	google_eu_photo_flickr	google_eu_photo_flickr	lpattison@blurb.com	115	2	295	t	2010-03-11 00:00:00	2014-02-20 11:32:50.969279
20637	google_eu_photo_handmade	google_eu_photo_handmade	lpattison@blurb.com	115	2	295	t	2010-03-11 00:00:00	2014-02-20 11:32:50.97467
20638	google_eu_photo_hardback	google_eu_photo_hardback	lpattison@blurb.com	115	2	295	t	2010-03-11 00:00:00	2014-02-20 11:32:50.979089
20639	google_eu_photo_layouts	google_eu_photo_layouts	lpattison@blurb.com	115	2	295	t	2010-03-11 00:00:00	2014-02-20 11:32:50.983301
20640	google_eu_photo_mac	google_eu_photo_mac	lpattison@blurb.com	115	2	295	t	2010-03-11 00:00:00	2014-02-20 11:32:50.98737
20641	google_eu_photo_make	google_eu_photo_make	lpattison@blurb.com	115	2	295	t	2010-03-11 00:00:00	2014-02-20 11:32:50.993357
20642	google_eu_photo_online	google_eu_photo_online	lpattison@blurb.com	115	2	295	t	2010-03-11 00:00:00	2014-02-20 11:32:50.999083
20643	google_eu_photo_personal	google_eu_photo_personal	lpattison@blurb.com	115	2	295	t	2010-03-11 00:00:00	2014-02-20 11:32:51.003984
20644	google_eu_photo_photobook	google_eu_photo_photobook	lpattison@blurb.com	115	2	295	t	2010-03-11 00:00:00	2014-02-20 11:32:51.009567
20645	google_eu_photo_photog	google_eu_photo_photog	lpattison@blurb.com	115	2	295	t	2010-03-11 00:00:00	2014-02-20 11:32:51.015799
20646	google_eu_photo_picture	google_eu_photo_picture	lpattison@blurb.com	115	2	295	t	2010-03-11 00:00:00	2014-02-20 11:32:51.021654
20647	google_eu_photo_print	google_eu_photo_print	lpattison@blurb.com	115	2	295	t	2010-03-11 00:00:00	2014-02-20 11:32:51.026134
20648	google_eu_photo_pro	google_eu_photo_pro	lpattison@blurb.com	115	2	295	t	2010-03-11 00:00:00	2014-02-20 11:32:51.03191
20649	google_eu_photo_publish	google_eu_photo_publish	lpattison@blurb.com	115	2	295	t	2010-03-11 00:00:00	2014-02-20 11:32:51.036638
20650	google_eu_photo_software	google_eu_photo_software	lpattison@blurb.com	115	2	295	t	2010-03-11 00:00:00	2014-02-20 11:32:51.043278
20651	google_eu_photo_templates	google_eu_photo_templates	lpattison@blurb.com	115	2	295	t	2010-03-11 00:00:00	2014-02-20 11:32:51.049409
20652	google_eu_photo_unibind	google_eu_photo_unibind	lpattison@blurb.com	115	2	295	t	2010-03-11 00:00:00	2014-02-20 11:32:51.055312
20653	google_eu_photo_web	google_eu_photo_web	lpattison@blurb.com	115	2	295	t	2010-03-11 00:00:00	2014-02-20 11:32:51.061046
20654	google_eu_photo_websites	google_eu_photo_websites	lpattison@blurb.com	115	2	295	t	2010-03-11 00:00:00	2014-02-20 11:32:51.06556
20655	google_eu_wed_albums	google_eu_wed_albums	lpattison@blurb.com	115	2	402	t	2010-03-11 00:00:00	2014-02-20 11:32:51.069717
20656	google_eu_wed_albumscore	google_eu_wed_albumscore	lpattison@blurb.com	115	2	402	t	2010-03-11 00:00:00	2014-02-20 11:32:51.073532
20657	google_eu_wed_anniversary	google_eu_wed_anniversary	lpattison@blurb.com	115	2	402	t	2010-03-11 00:00:00	2014-02-20 11:32:51.077202
20658	google_eu_wed_binding	google_eu_wed_binding	lpattison@blurb.com	115	2	402	t	2010-03-11 00:00:00	2014-02-20 11:32:51.080921
20659	google_eu_wed_books	google_eu_wed_books	lpattison@blurb.com	115	2	402	t	2010-03-11 00:00:00	2014-02-20 11:32:51.084939
20660	google_eu_wed_bookscore	google_eu_wed_bookscore	lpattison@blurb.com	115	2	402	t	2010-03-11 00:00:00	2014-02-20 11:32:51.089005
20661	google_eu_wed_bound	google_eu_wed_bound	lpattison@blurb.com	115	2	402	t	2010-03-11 00:00:00	2014-02-20 11:32:51.093395
20662	google_eu_wed_bridal	google_eu_wed_bridal	lpattison@blurb.com	115	2	402	t	2010-03-11 00:00:00	2014-02-20 11:32:51.099346
20663	google_eu_wed_buy	google_eu_wed_buy	lpattison@blurb.com	115	2	402	t	2010-03-11 00:00:00	2014-02-20 11:32:51.103956
20664	google_eu_wed_coffee	google_eu_wed_coffee	lpattison@blurb.com	115	2	402	t	2010-03-11 00:00:00	2014-02-20 11:32:51.108981
20665	google_eu_wed_companies	google_eu_wed_companies	lpattison@blurb.com	115	2	402	t	2010-03-11 00:00:00	2014-02-20 11:32:51.113753
20666	google_eu_wed_create	google_eu_wed_create	lpattison@blurb.com	115	2	402	t	2010-03-11 00:00:00	2014-02-20 11:32:51.118154
20667	google_eu_wed_custom	google_eu_wed_custom	lpattison@blurb.com	115	2	402	t	2010-03-11 00:00:00	2014-02-20 11:32:51.122298
20668	google_eu_wed_design	google_eu_wed_design	lpattison@blurb.com	115	2	402	t	2010-03-11 00:00:00	2014-02-20 11:32:51.125892
20669	google_eu_wed_digital	google_eu_wed_digital	lpattison@blurb.com	115	2	402	t	2010-03-11 00:00:00	2014-02-20 11:32:51.130239
20670	google_eu_wed_discount	google_eu_wed_discount	lpattison@blurb.com	115	2	402	t	2010-03-11 00:00:00	2014-02-20 11:32:51.309631
20671	google_eu_wed_diy	google_eu_wed_diy	lpattison@blurb.com	115	2	402	t	2010-03-11 00:00:00	2014-02-20 11:32:51.315872
20672	google_eu_wed_engagement	google_eu_wed_engagement	lpattison@blurb.com	115	2	402	t	2010-03-11 00:00:00	2014-02-20 11:32:51.320124
20673	google_eu_wed_flush	google_eu_wed_flush	lpattison@blurb.com	115	2	402	t	2010-03-11 00:00:00	2014-02-20 11:32:51.324521
20674	google_eu_wed_guest	google_eu_wed_guest	lpattison@blurb.com	115	2	402	t	2010-03-11 00:00:00	2014-02-20 11:32:51.328979
20675	google_eu_wed_handmade	google_eu_wed_handmade	lpattison@blurb.com	115	2	402	t	2010-03-11 00:00:00	2014-02-20 11:32:51.333431
20676	google_eu_wed_hardcover	google_eu_wed_hardcover	lpattison@blurb.com	115	2	402	t	2010-03-11 00:00:00	2014-02-20 11:32:51.339159
20677	google_eu_wed_italian	google_eu_wed_italian	lpattison@blurb.com	115	2	402	t	2010-03-11 00:00:00	2014-02-20 11:32:51.344549
20678	google_eu_wed_keepsake	google_eu_wed_keepsake	lpattison@blurb.com	115	2	402	t	2010-03-11 00:00:00	2014-02-20 11:32:51.350874
20679	google_eu_wed_large	google_eu_wed_large	lpattison@blurb.com	115	2	402	t	2010-03-11 00:00:00	2014-02-20 11:32:51.356657
20680	google_eu_wed_layouts	google_eu_wed_layouts	lpattison@blurb.com	115	2	402	t	2010-03-11 00:00:00	2014-02-20 11:32:51.362256
20681	google_eu_wed_leather	google_eu_wed_leather	lpattison@blurb.com	115	2	402	t	2010-03-11 00:00:00	2014-02-20 11:32:51.367323
20682	google_eu_wed_magazine	google_eu_wed_magazine	lpattison@blurb.com	115	2	402	t	2010-03-11 00:00:00	2014-02-20 11:32:51.371798
20683	google_eu_wed_make	google_eu_wed_make	lpattison@blurb.com	115	2	402	t	2010-03-11 00:00:00	2014-02-20 11:32:51.377542
20684	google_eu_wed_matted	google_eu_wed_matted	lpattison@blurb.com	115	2	402	t	2010-03-11 00:00:00	2014-02-20 11:32:51.382688
20685	google_eu_wed_memory	google_eu_wed_memory	lpattison@blurb.com	115	2	402	t	2010-03-11 00:00:00	2014-02-20 11:32:51.387819
20686	google_eu_wed_online	google_eu_wed_online	lpattison@blurb.com	115	2	402	t	2010-03-11 00:00:00	2014-02-20 11:32:51.39322
20687	google_eu_wed_parent	google_eu_wed_parent	lpattison@blurb.com	115	2	402	t	2010-03-11 00:00:00	2014-02-20 11:32:51.397617
20688	google_eu_wed_personal	google_eu_wed_personal	lpattison@blurb.com	115	2	402	t	2010-03-11 00:00:00	2014-02-20 11:32:51.403012
20689	google_eu_wed_photography	google_eu_wed_photography	lpattison@blurb.com	115	2	402	t	2010-03-11 00:00:00	2014-02-20 11:32:51.409076
20690	google_eu_wed_printing	google_eu_wed_printing	lpattison@blurb.com	115	2	402	t	2010-03-11 00:00:00	2014-02-20 11:32:51.415641
20691	google_eu_wed_pro	google_eu_wed_pro	lpattison@blurb.com	115	2	402	t	2010-03-11 00:00:00	2014-02-20 11:32:51.421803
20692	google_eu_wed_publish	google_eu_wed_publish	lpattison@blurb.com	115	2	402	t	2010-03-11 00:00:00	2014-02-20 11:32:51.426784
20693	google_eu_wed_scrapbook	google_eu_wed_scrapbook	lpattison@blurb.com	115	2	402	t	2010-03-11 00:00:00	2014-02-20 11:32:51.432493
20694	google_eu_wed_software	google_eu_wed_software	lpattison@blurb.com	115	2	402	t	2010-03-11 00:00:00	2014-02-20 11:32:51.437633
20695	google_eu_wed_storybook	google_eu_wed_storybook	lpattison@blurb.com	115	2	402	t	2010-03-11 00:00:00	2014-02-20 11:32:51.443187
20696	google_eu_wed_templates	google_eu_wed_templates	lpattison@blurb.com	115	2	402	t	2010-03-11 00:00:00	2014-02-20 11:32:51.448637
20697	google_eu_wed_unique	google_eu_wed_unique	lpattison@blurb.com	115	2	402	t	2010-03-11 00:00:00	2014-02-20 11:32:51.45363
20698	google_eu_wed_white	google_eu_wed_white	lpattison@blurb.com	115	2	402	t	2010-03-11 00:00:00	2014-02-20 11:32:51.466363
20699	google_eu_wed_wholesale	google_eu_wed_wholesale	lpattison@blurb.com	115	2	402	t	2010-03-11 00:00:00	2014-02-20 11:32:51.474112
20700	google_gen_bind	google_gen_bind	lpattison@blurb.com	115	2	205	t	2010-03-11 00:00:00	2014-02-20 11:32:51.483298
20701	google_gen_bookmaking	google_gen_bookmaking	lpattison@blurb.com	115	2	205	t	2010-03-11 00:00:00	2014-02-20 11:32:51.491204
20702	google_gen_booksoftware	google_gen_booksoftware	lpattison@blurb.com	115	2	205	t	2010-03-11 00:00:00	2014-02-20 11:32:51.498825
20703	google_gen_booktemplate	google_gen_booktemplate	lpattison@blurb.com	115	2	205	t	2010-03-11 00:00:00	2014-02-20 11:32:51.504416
20704	google_gen_coffee	google_gen_coffee	lpattison@blurb.com	115	2	205	t	2010-03-11 00:00:00	2014-02-20 11:32:51.510029
20705	google_gen_createbook	google_gen_createbook	lpattison@blurb.com	115	2	205	t	2010-03-11 00:00:00	2014-02-20 11:32:51.516384
20706	google_gen_designbook	google_gen_designbook	lpattison@blurb.com	115	2	205	t	2010-03-11 00:00:00	2014-02-20 11:32:51.522423
20707	google_gen_format	google_gen_format	lpattison@blurb.com	115	2	205	t	2010-03-11 00:00:00	2014-02-20 11:32:51.528628
20708	google_gen_printbook	google_gen_printbook	lpattison@blurb.com	115	2	205	t	2010-03-11 00:00:00	2014-02-20 11:32:51.534272
20709	google_gen_selfpublish	google_gen_selfpublish	lpattison@blurb.com	115	2	205	t	2010-03-11 00:00:00	2014-02-20 11:32:51.763161
20710	google_gen_writebook	google_gen_writebook	lpattison@blurb.com	115	2	205	t	2010-03-11 00:00:00	2014-02-20 11:32:51.77125
20711	google_photo_albumcore	google_photo_albumcore	lpattison@blurb.com	115	2	301	t	2010-03-11 00:00:00	2014-02-20 11:32:51.776479
20712	google_photo_baby	google_photo_baby	lpattison@blurb.com	115	2	301	t	2010-03-11 00:00:00	2014-02-20 11:32:51.781651
20713	google_photo_binding	google_photo_binding	lpattison@blurb.com	115	2	301	t	2010-03-11 00:00:00	2014-02-20 11:32:51.786231
20714	google_photo_bookcore	google_photo_bookcore	lpattison@blurb.com	115	2	301	t	2010-03-11 00:00:00	2014-02-20 11:32:51.791749
20715	google_photo_bound	google_photo_bound	lpattison@blurb.com	115	2	301	t	2010-03-11 00:00:00	2014-02-20 11:32:51.796889
20716	google_photo_coffee	google_photo_coffee	lpattison@blurb.com	115	2	301	t	2010-03-11 00:00:00	2014-02-20 11:32:51.80245
20717	google_photo_create	google_photo_create	lpattison@blurb.com	115	2	301	t	2010-03-11 00:00:00	2014-02-20 11:32:51.807197
20718	google_photo_custom	google_photo_custom	lpattison@blurb.com	115	2	301	t	2010-03-11 00:00:00	2014-02-20 11:32:51.812009
20719	google_photo_design	google_photo_design	lpattison@blurb.com	115	2	301	t	2010-03-11 00:00:00	2014-02-20 11:32:51.816343
20720	google_photo_digital	google_photo_digital	lpattison@blurb.com	115	2	301	t	2010-03-11 00:00:00	2014-02-20 11:32:51.820075
20721	google_photo_diy	google_photo_diy	lpattison@blurb.com	115	2	301	t	2010-03-11 00:00:00	2014-02-20 11:32:51.823915
20722	google_photo_electronic	google_photo_electronic	lpattison@blurb.com	115	2	301	t	2010-03-11 00:00:00	2014-02-20 11:32:51.828518
20723	google_photo_family	google_photo_family	lpattison@blurb.com	115	2	301	t	2010-03-11 00:00:00	2014-02-20 11:32:51.832744
20724	google_photo_flickr	google_photo_flickr	lpattison@blurb.com	115	2	301	t	2010-03-11 00:00:00	2014-02-20 11:32:51.836585
20725	google_photo_handmade	google_photo_handmade	lpattison@blurb.com	115	2	301	t	2010-03-11 00:00:00	2014-02-20 11:32:51.840459
20726	google_photo_hardback	google_photo_hardback	lpattison@blurb.com	115	2	301	t	2010-03-11 00:00:00	2014-02-20 11:32:51.845518
20727	google_photo_layouts	google_photo_layouts	lpattison@blurb.com	115	2	301	t	2010-03-11 00:00:00	2014-02-20 11:32:51.850628
20728	google_photo_mac	google_photo_mac	lpattison@blurb.com	115	2	301	t	2010-03-11 00:00:00	2014-02-20 11:32:51.85512
20729	google_photo_make	google_photo_make	lpattison@blurb.com	115	2	301	t	2010-03-11 00:00:00	2014-02-20 11:32:51.860325
20730	google_photo_memory	google_photo_memory	lpattison@blurb.com	115	2	301	t	2010-03-11 00:00:00	2014-02-20 11:32:51.864388
20731	google_photo_online	google_photo_online	lpattison@blurb.com	115	2	301	t	2010-03-11 00:00:00	2014-02-20 11:32:51.869716
20732	google_photo_personalized	google_photo_personalized	lpattison@blurb.com	115	2	301	t	2010-03-11 00:00:00	2014-02-20 11:32:51.874496
20733	google_photo_photoalbum	google_photo_photoalbum	lpattison@blurb.com	115	2	301	t	2010-03-11 00:00:00	2014-02-20 11:32:51.878338
20734	google_photo_photobook	google_photo_photobook	lpattison@blurb.com	115	2	301	t	2010-03-11 00:00:00	2014-02-20 11:32:51.882153
20735	google_photo_photography	google_photo_photography	lpattison@blurb.com	115	2	301	t	2010-03-11 00:00:00	2014-02-20 11:32:51.885791
20736	google_photo_picture	google_photo_picture	lpattison@blurb.com	115	2	301	t	2010-03-11 00:00:00	2014-02-20 11:32:51.890205
20737	google_photo_print	google_photo_print	lpattison@blurb.com	115	2	301	t	2010-03-11 00:00:00	2014-02-20 11:32:51.894597
20738	google_photo_pro	google_photo_pro	lpattison@blurb.com	115	2	301	t	2010-03-11 00:00:00	2014-02-20 11:32:51.899373
20739	google_photo_publishing	google_photo_publishing	lpattison@blurb.com	115	2	301	t	2010-03-11 00:00:00	2014-02-20 11:32:51.903836
20740	google_photo_software	google_photo_software	lpattison@blurb.com	115	2	301	t	2010-03-11 00:00:00	2014-02-20 11:32:51.90806
20741	google_photo_templates	google_photo_templates	lpattison@blurb.com	115	2	301	t	2010-03-11 00:00:00	2014-02-20 11:32:51.9119
20742	google_photo_unibind	google_photo_unibind	lpattison@blurb.com	115	2	301	t	2010-03-11 00:00:00	2014-02-20 11:32:51.916083
20743	google_photo_web	google_photo_web	lpattison@blurb.com	115	2	301	t	2010-03-11 00:00:00	2014-02-20 11:32:51.919971
20744	google_photo_websites	google_photo_websites	lpattison@blurb.com	115	2	301	t	2010-03-11 00:00:00	2014-02-20 11:32:51.9237
20745	google_pro_architect	google_pro_architect	lpattison@blurb.com	115	2	338	t	2010-03-11 00:00:00	2014-02-20 11:32:51.9275
20746	google_pro_art	google_pro_art	lpattison@blurb.com	115	2	338	t	2010-03-11 00:00:00	2014-02-20 11:32:51.93128
20747	google_pro_content_arch	google_pro_content_arch	lpattison@blurb.com	115	2	339	t	2010-03-11 00:00:00	2014-02-20 11:32:51.935794
20748	google_pro_content_art	google_pro_content_art	lpattison@blurb.com	115	2	339	t	2010-03-11 00:00:00	2014-02-20 11:32:52.120912
20749	google_pro_content_design	google_pro_content_design	lpattison@blurb.com	115	2	339	t	2010-03-11 00:00:00	2014-02-20 11:32:52.126309
20750	google_pro_content_fashn	google_pro_content_fashn	lpattison@blurb.com	115	2	339	t	2010-03-11 00:00:00	2014-02-20 11:32:52.130195
20751	google_pro_content_gen	google_pro_content_gen	lpattison@blurb.com	115	2	339	t	2010-03-11 00:00:00	2014-02-20 11:32:52.135695
20752	google_pro_content_graph	google_pro_content_graph	lpattison@blurb.com	115	2	339	t	2010-03-11 00:00:00	2014-02-20 11:32:52.139837
20753	google_pro_content_interi	google_pro_content_interi	lpattison@blurb.com	115	2	339	t	2010-03-11 00:00:00	2014-02-20 11:32:52.14389
20754	google_pro_content_model	google_pro_content_model	lpattison@blurb.com	115	2	339	t	2010-03-11 00:00:00	2014-02-20 11:32:52.148474
20755	google_pro_content_photog	google_pro_content_photog	lpattison@blurb.com	115	2	339	t	2010-03-11 00:00:00	2014-02-20 11:32:52.152961
20756	google_pro_content_web	google_pro_content_web	lpattison@blurb.com	115	2	339	t	2010-03-11 00:00:00	2014-02-20 11:32:52.158432
20757	google_pro_content_writer	google_pro_content_writer	lpattison@blurb.com	115	2	339	t	2010-03-11 00:00:00	2014-02-20 11:32:52.163951
20758	google_pro_design	google_pro_design	lpattison@blurb.com	115	2	338	t	2010-03-11 00:00:00	2014-02-20 11:32:52.168815
20759	google_pro_fashion	google_pro_fashion	lpattison@blurb.com	115	2	338	t	2010-03-11 00:00:00	2014-02-20 11:32:52.173762
20760	google_pro_genportfolio	google_pro_genportfolio	lpattison@blurb.com	115	2	338	t	2010-03-11 00:00:00	2014-02-20 11:32:52.178904
20761	google_pro_graphicdesign	google_pro_graphicdesign	lpattison@blurb.com	115	2	338	t	2010-03-11 00:00:00	2014-02-20 11:32:52.183255
20762	google_pro_interior	google_pro_interior	lpattison@blurb.com	115	2	338	t	2010-03-11 00:00:00	2014-02-20 11:32:52.188544
20763	google_pro_modeling	google_pro_modeling	lpattison@blurb.com	115	2	338	t	2010-03-11 00:00:00	2014-02-20 11:32:52.194363
20764	google_pro_photography	google_pro_photography	lpattison@blurb.com	115	2	338	t	2010-03-11 00:00:00	2014-02-20 11:32:52.200049
20765	google_pro_webdesign	google_pro_webdesign	lpattison@blurb.com	115	2	338	t	2010-03-11 00:00:00	2014-02-20 11:32:52.204683
20766	google_pro_writer	google_pro_writer	lpattison@blurb.com	115	2	338	t	2010-03-11 00:00:00	2014-02-20 11:32:52.21057
20767	google_scan_brand_blog	google_scan_brand_blog	lpattison@blurb.com	115	2	59	t	2010-03-11 00:00:00	2014-02-20 11:32:52.215646
20768	google_scan_brand_blurb	google_scan_brand_blurb	lpattison@blurb.com	115	2	59	t	2010-03-11 00:00:00	2014-02-20 11:32:52.219601
20769	google_scan_brand_booksmt	google_scan_brand_booksmt	lpattison@blurb.com	115	2	59	t	2010-03-11 00:00:00	2014-02-20 11:32:52.224809
20770	google_scan_brand_photo	google_scan_brand_photo	lpattison@blurb.com	115	2	59	t	2010-03-11 00:00:00	2014-02-20 11:32:52.229798
20771	google_scan_brand_wed	google_scan_brand_wed	lpattison@blurb.com	115	2	59	t	2010-03-11 00:00:00	2014-02-20 11:32:52.233875
20772	google_scan_gen_bind	google_scan_gen_bind	lpattison@blurb.com	115	2	204	t	2010-03-11 00:00:00	2014-02-20 11:32:52.238049
20773	google_scan_gen_coffee	google_scan_gen_coffee	lpattison@blurb.com	115	2	204	t	2010-03-11 00:00:00	2014-02-20 11:32:52.242437
20774	google_scan_gen_create	google_scan_gen_create	lpattison@blurb.com	115	2	204	t	2010-03-11 00:00:00	2014-02-20 11:32:52.24622
20775	google_scan_gen_design	google_scan_gen_design	lpattison@blurb.com	115	2	204	t	2010-03-11 00:00:00	2014-02-20 11:32:52.250637
20776	google_scan_gen_format	google_scan_gen_format	lpattison@blurb.com	115	2	204	t	2010-03-11 00:00:00	2014-02-20 11:32:52.255638
20777	google_scan_gen_make	google_scan_gen_make	lpattison@blurb.com	115	2	204	t	2010-03-11 00:00:00	2014-02-20 11:32:52.260992
20778	google_scan_gen_printbook	google_scan_gen_printbook	lpattison@blurb.com	115	2	204	t	2010-03-11 00:00:00	2014-02-20 11:32:52.265875
20779	google_scan_gen_selfpub	google_scan_gen_selfpub	lpattison@blurb.com	115	2	204	t	2010-03-11 00:00:00	2014-02-20 11:32:52.270197
20780	google_scan_gen_software	google_scan_gen_software	lpattison@blurb.com	115	2	204	t	2010-03-11 00:00:00	2014-02-20 11:32:52.274969
20781	google_scan_gen_template	google_scan_gen_template	lpattison@blurb.com	115	2	204	t	2010-03-11 00:00:00	2014-02-20 11:32:52.279728
20782	google_scan_gen_writebook	google_scan_gen_writebook	lpattison@blurb.com	115	2	204	t	2010-03-11 00:00:00	2014-02-20 11:32:52.283583
20783	google_scan_photo_album	google_scan_photo_album	lpattison@blurb.com	115	2	299	t	2010-03-11 00:00:00	2014-02-20 11:32:52.288151
20784	google_scan_photo_alcore	google_scan_photo_alcore	lpattison@blurb.com	115	2	299	t	2010-03-11 00:00:00	2014-02-20 11:32:52.293678
20785	google_scan_photo_baby	google_scan_photo_baby	lpattison@blurb.com	115	2	299	t	2010-03-11 00:00:00	2014-02-20 11:32:52.298889
20786	google_scan_photo_binding	google_scan_photo_binding	lpattison@blurb.com	115	2	299	t	2010-03-11 00:00:00	2014-02-20 11:32:52.303025
20787	google_scan_photo_book	google_scan_photo_book	lpattison@blurb.com	115	2	299	t	2010-03-11 00:00:00	2014-02-20 11:32:52.481563
20788	google_scan_photo_bookcor	google_scan_photo_bookcor	lpattison@blurb.com	115	2	299	t	2010-03-11 00:00:00	2014-02-20 11:32:52.486547
20789	google_scan_photo_bound	google_scan_photo_bound	lpattison@blurb.com	115	2	299	t	2010-03-11 00:00:00	2014-02-20 11:32:52.491241
20790	google_scan_photo_coffee	google_scan_photo_coffee	lpattison@blurb.com	115	2	299	t	2010-03-11 00:00:00	2014-02-20 11:32:52.497033
20791	google_scan_photo_create	google_scan_photo_create	lpattison@blurb.com	115	2	299	t	2010-03-11 00:00:00	2014-02-20 11:32:52.502283
20792	google_scan_photo_custom	google_scan_photo_custom	lpattison@blurb.com	115	2	299	t	2010-03-11 00:00:00	2014-02-20 11:32:52.507096
20793	google_scan_photo_design	google_scan_photo_design	lpattison@blurb.com	115	2	299	t	2010-03-11 00:00:00	2014-02-20 11:32:52.511561
20794	google_scan_photo_digital	google_scan_photo_digital	lpattison@blurb.com	115	2	299	t	2010-03-11 00:00:00	2014-02-20 11:32:52.516843
20795	google_scan_photo_diy	google_scan_photo_diy	lpattison@blurb.com	115	2	299	t	2010-03-11 00:00:00	2014-02-20 11:32:52.521048
20796	google_scan_photo_elec	google_scan_photo_elec	lpattison@blurb.com	115	2	299	t	2010-03-11 00:00:00	2014-02-20 11:32:52.525707
20797	google_scan_photo_family	google_scan_photo_family	lpattison@blurb.com	115	2	299	t	2010-03-11 00:00:00	2014-02-20 11:32:52.53051
20798	google_scan_photo_flickr	google_scan_photo_flickr	lpattison@blurb.com	115	2	299	t	2010-03-11 00:00:00	2014-02-20 11:32:52.534521
20799	google_scan_photo_handmd	google_scan_photo_handmd	lpattison@blurb.com	115	2	299	t	2010-03-11 00:00:00	2014-02-20 11:32:52.540318
20800	google_scan_photo_hardbk	google_scan_photo_hardbk	lpattison@blurb.com	115	2	299	t	2010-03-11 00:00:00	2014-02-20 11:32:52.545132
20801	google_scan_photo_layouts	google_scan_photo_layouts	lpattison@blurb.com	115	2	299	t	2010-03-11 00:00:00	2014-02-20 11:32:52.552152
20802	google_scan_photo_mac	google_scan_photo_mac	lpattison@blurb.com	115	2	299	t	2010-03-11 00:00:00	2014-02-20 11:32:52.558191
20803	google_scan_photo_make	google_scan_photo_make	lpattison@blurb.com	115	2	299	t	2010-03-11 00:00:00	2014-02-20 11:32:52.564893
20804	google_scan_photo_memory	google_scan_photo_memory	lpattison@blurb.com	115	2	299	t	2010-03-11 00:00:00	2014-02-20 11:32:52.571435
20805	google_scan_photo_online	google_scan_photo_online	lpattison@blurb.com	115	2	299	t	2010-03-11 00:00:00	2014-02-20 11:32:52.579037
20806	google_scan_photo_person	google_scan_photo_person	lpattison@blurb.com	115	2	299	t	2010-03-11 00:00:00	2014-02-20 11:32:52.585446
20807	google_scan_photo_photog	google_scan_photo_photog	lpattison@blurb.com	115	2	299	t	2010-03-11 00:00:00	2014-02-20 11:32:52.590405
20808	google_scan_photo_picture	google_scan_photo_picture	lpattison@blurb.com	115	2	299	t	2010-03-11 00:00:00	2014-02-20 11:32:52.595303
20809	google_scan_photo_print	google_scan_photo_print	lpattison@blurb.com	115	2	299	t	2010-03-11 00:00:00	2014-02-20 11:32:52.599503
20810	google_scan_photo_pro	google_scan_photo_pro	lpattison@blurb.com	115	2	299	t	2010-03-11 00:00:00	2014-02-20 11:32:52.602914
20811	google_scan_photo_publish	google_scan_photo_publish	lpattison@blurb.com	115	2	299	t	2010-03-11 00:00:00	2014-02-20 11:32:52.606631
20812	google_scan_photo_sites	google_scan_photo_sites	lpattison@blurb.com	115	2	299	t	2010-03-11 00:00:00	2014-02-20 11:32:52.610513
20813	google_scan_photo_softwr	google_scan_photo_softwr	lpattison@blurb.com	115	2	299	t	2010-03-11 00:00:00	2014-02-20 11:32:52.614741
20814	google_scan_photo_temp	google_scan_photo_temp	lpattison@blurb.com	115	2	299	t	2010-03-11 00:00:00	2014-02-20 11:32:52.619102
20815	google_scan_photo_unibind	google_scan_photo_unibind	lpattison@blurb.com	115	2	299	t	2010-03-11 00:00:00	2014-02-20 11:32:52.624566
20816	google_scan_photo_web	google_scan_photo_web	lpattison@blurb.com	115	2	299	t	2010-03-11 00:00:00	2014-02-20 11:32:52.62956
20817	google_scan_wed_albumcore	google_scan_wed_albumcore	lpattison@blurb.com	115	2	406	t	2010-03-11 00:00:00	2014-02-20 11:32:52.633884
20818	google_scan_wed_albums	google_scan_wed_albums	lpattison@blurb.com	115	2	406	t	2010-03-11 00:00:00	2014-02-20 11:32:52.637661
20819	google_scan_wed_anniver	google_scan_wed_anniver	lpattison@blurb.com	115	2	406	t	2010-03-11 00:00:00	2014-02-20 11:32:52.642344
20820	google_scan_wed_binding	google_scan_wed_binding	lpattison@blurb.com	115	2	406	t	2010-03-11 00:00:00	2014-02-20 11:32:52.647969
20821	google_scan_wed_books	google_scan_wed_books	lpattison@blurb.com	115	2	406	t	2010-03-11 00:00:00	2014-02-20 11:32:52.652938
20822	google_scan_wed_bookscore	google_scan_wed_bookscore	lpattison@blurb.com	115	2	406	t	2010-03-11 00:00:00	2014-02-20 11:32:52.657104
20823	google_scan_wed_bound	google_scan_wed_bound	lpattison@blurb.com	115	2	406	t	2010-03-11 00:00:00	2014-02-20 11:32:52.661812
20824	google_scan_wed_bridal	google_scan_wed_bridal	lpattison@blurb.com	115	2	406	t	2010-03-11 00:00:00	2014-02-20 11:32:52.666896
20825	google_scan_wed_buy	google_scan_wed_buy	lpattison@blurb.com	115	2	406	t	2010-03-11 00:00:00	2014-02-20 11:32:52.6733
20826	google_scan_wed_coffee	google_scan_wed_coffee	lpattison@blurb.com	115	2	406	t	2010-03-11 00:00:00	2014-02-20 11:32:52.849603
20827	google_scan_wed_companies	google_scan_wed_companies	lpattison@blurb.com	115	2	406	t	2010-03-11 00:00:00	2014-02-20 11:32:52.854998
20828	google_scan_wed_create	google_scan_wed_create	lpattison@blurb.com	115	2	406	t	2010-03-11 00:00:00	2014-02-20 11:32:52.860353
20829	google_scan_wed_custom	google_scan_wed_custom	lpattison@blurb.com	115	2	406	t	2010-03-11 00:00:00	2014-02-20 11:32:52.864448
20830	google_scan_wed_design	google_scan_wed_design	lpattison@blurb.com	115	2	406	t	2010-03-11 00:00:00	2014-02-20 11:32:52.868537
20831	google_scan_wed_digital	google_scan_wed_digital	lpattison@blurb.com	115	2	406	t	2010-03-11 00:00:00	2014-02-20 11:32:52.873693
20832	google_scan_wed_discount	google_scan_wed_discount	lpattison@blurb.com	115	2	406	t	2010-03-11 00:00:00	2014-02-20 11:32:52.87922
20833	google_scan_wed_diy	google_scan_wed_diy	lpattison@blurb.com	115	2	406	t	2010-03-11 00:00:00	2014-02-20 11:32:52.883767
20834	google_scan_wed_engagemt	google_scan_wed_engagemt	lpattison@blurb.com	115	2	406	t	2010-03-11 00:00:00	2014-02-20 11:32:52.888585
20835	google_scan_wed_flush	google_scan_wed_flush	lpattison@blurb.com	115	2	406	t	2010-03-11 00:00:00	2014-02-20 11:32:52.893981
20836	google_scan_wed_guest	google_scan_wed_guest	lpattison@blurb.com	115	2	406	t	2010-03-11 00:00:00	2014-02-20 11:32:52.899044
20837	google_scan_wed_handmade	google_scan_wed_handmade	lpattison@blurb.com	115	2	406	t	2010-03-11 00:00:00	2014-02-20 11:32:52.902849
20838	google_scan_wed_hardcover	google_scan_wed_hardcover	lpattison@blurb.com	115	2	406	t	2010-03-11 00:00:00	2014-02-20 11:32:52.906798
20839	google_scan_wed_italian	google_scan_wed_italian	lpattison@blurb.com	115	2	406	t	2010-03-11 00:00:00	2014-02-20 11:32:52.910629
20840	google_scan_wed_keepsake	google_scan_wed_keepsake	lpattison@blurb.com	115	2	406	t	2010-03-11 00:00:00	2014-02-20 11:32:52.914433
20841	google_scan_wed_large	google_scan_wed_large	lpattison@blurb.com	115	2	406	t	2010-03-11 00:00:00	2014-02-20 11:32:52.918619
20842	google_scan_wed_layouts	google_scan_wed_layouts	lpattison@blurb.com	115	2	406	t	2010-03-11 00:00:00	2014-02-20 11:32:52.923144
20843	google_scan_wed_leather	google_scan_wed_leather	lpattison@blurb.com	115	2	406	t	2010-03-11 00:00:00	2014-02-20 11:32:52.927108
20844	google_scan_wed_magazine	google_scan_wed_magazine	lpattison@blurb.com	115	2	406	t	2010-03-11 00:00:00	2014-02-20 11:32:52.931351
20845	google_scan_wed_make	google_scan_wed_make	lpattison@blurb.com	115	2	406	t	2010-03-11 00:00:00	2014-02-20 11:32:52.93563
20846	google_scan_wed_matted	google_scan_wed_matted	lpattison@blurb.com	115	2	406	t	2010-03-11 00:00:00	2014-02-20 11:32:52.939518
20847	google_scan_wed_memory	google_scan_wed_memory	lpattison@blurb.com	115	2	406	t	2010-03-11 00:00:00	2014-02-20 11:32:52.943172
20848	google_scan_wed_online	google_scan_wed_online	lpattison@blurb.com	115	2	406	t	2010-03-11 00:00:00	2014-02-20 11:32:52.947078
20849	google_scan_wed_parent	google_scan_wed_parent	lpattison@blurb.com	115	2	406	t	2010-03-11 00:00:00	2014-02-20 11:32:52.950873
20850	google_scan_wed_personal	google_scan_wed_personal	lpattison@blurb.com	115	2	406	t	2010-03-11 00:00:00	2014-02-20 11:32:52.954626
20851	google_scan_wed_photog	google_scan_wed_photog	lpattison@blurb.com	115	2	406	t	2010-03-11 00:00:00	2014-02-20 11:32:52.959097
20852	google_scan_wed_printing	google_scan_wed_printing	lpattison@blurb.com	115	2	406	t	2010-03-11 00:00:00	2014-02-20 11:32:52.964069
20853	google_scan_wed_pro	google_scan_wed_pro	lpattison@blurb.com	115	2	406	t	2010-03-11 00:00:00	2014-02-20 11:32:52.968224
20854	google_scan_wed_publish	google_scan_wed_publish	lpattison@blurb.com	115	2	406	t	2010-03-11 00:00:00	2014-02-20 11:32:52.972848
20855	google_scan_wed_scrapbook	google_scan_wed_scrapbook	lpattison@blurb.com	115	2	406	t	2010-03-11 00:00:00	2014-02-20 11:32:52.977764
20856	google_scan_wed_software	google_scan_wed_software	lpattison@blurb.com	115	2	406	t	2010-03-11 00:00:00	2014-02-20 11:32:52.982527
20857	google_scan_wed_storybook	google_scan_wed_storybook	lpattison@blurb.com	115	2	406	t	2010-03-11 00:00:00	2014-02-20 11:32:52.986244
20858	google_scan_wed_templates	google_scan_wed_templates	lpattison@blurb.com	115	2	406	t	2010-03-11 00:00:00	2014-02-20 11:32:52.990566
20859	google_scan_wed_unique	google_scan_wed_unique	lpattison@blurb.com	115	2	406	t	2010-03-11 00:00:00	2014-02-20 11:32:52.99562
20860	google_scan_wed_white	google_scan_wed_white	lpattison@blurb.com	115	2	406	t	2010-03-11 00:00:00	2014-02-20 11:32:52.999777
20861	google_scan_wed_wholesale	google_scan_wed_wholesale	lpattison@blurb.com	115	2	406	t	2010-03-11 00:00:00	2014-02-20 11:32:53.003485
20862	google_scrapbook_digital	google_scrapbook_digital	lpattison@blurb.com	115	2	354	t	2010-03-11 00:00:00	2014-02-20 11:32:53.008082
20863	google_scrapbook_online	google_scrapbook_online	lpattison@blurb.com	115	2	354	t	2010-03-11 00:00:00	2014-02-20 11:32:53.012973
20864	google_wed_albums	google_wed_albums	lpattison@blurb.com	115	2	407	t	2010-03-11 00:00:00	2014-02-20 11:32:53.017104
20865	google_wed_albumscore	google_wed_albumscore	lpattison@blurb.com	115	2	407	t	2010-03-11 00:00:00	2014-02-20 11:32:53.218937
20866	google_wed_anniversary	google_wed_anniversary	lpattison@blurb.com	115	2	407	t	2010-03-11 00:00:00	2014-02-20 11:32:53.223828
20867	google_wed_binding	google_wed_binding	lpattison@blurb.com	115	2	407	t	2010-03-11 00:00:00	2014-02-20 11:32:53.229191
20868	google_wed_books	google_wed_books	lpattison@blurb.com	115	2	407	t	2010-03-11 00:00:00	2014-02-20 11:32:53.2342
20869	google_wed_bookscore	google_wed_bookscore	lpattison@blurb.com	115	2	407	t	2010-03-11 00:00:00	2014-02-20 11:32:53.239411
20870	google_wed_bound	google_wed_bound	lpattison@blurb.com	115	2	407	t	2010-03-11 00:00:00	2014-02-20 11:32:53.243872
20871	google_wed_bridal	google_wed_bridal	lpattison@blurb.com	115	2	407	t	2010-03-11 00:00:00	2014-02-20 11:32:53.248808
20872	google_wed_buy	google_wed_buy	lpattison@blurb.com	115	2	407	t	2010-03-11 00:00:00	2014-02-20 11:32:53.253483
20873	google_wed_coffee	google_wed_coffee	lpattison@blurb.com	115	2	407	t	2010-03-11 00:00:00	2014-02-20 11:32:53.257387
20874	google_wed_companies	google_wed_companies	lpattison@blurb.com	115	2	407	t	2010-03-11 00:00:00	2014-02-20 11:32:53.261301
20875	google_wed_create	google_wed_create	lpattison@blurb.com	115	2	407	t	2010-03-11 00:00:00	2014-02-20 11:32:53.265142
20876	google_wed_custom	google_wed_custom	lpattison@blurb.com	115	2	407	t	2010-03-11 00:00:00	2014-02-20 11:32:53.26915
20877	google_wed_design	google_wed_design	lpattison@blurb.com	115	2	407	t	2010-03-11 00:00:00	2014-02-20 11:32:53.274459
20878	google_wed_digital	google_wed_digital	lpattison@blurb.com	115	2	407	t	2010-03-11 00:00:00	2014-02-20 11:32:53.279715
20879	google_wed_discount	google_wed_discount	lpattison@blurb.com	115	2	407	t	2010-03-11 00:00:00	2014-02-20 11:32:53.284509
20880	google_wed_diy	google_wed_diy	lpattison@blurb.com	115	2	407	t	2010-03-11 00:00:00	2014-02-20 11:32:53.28974
20881	google_wed_engagement	google_wed_engagement	lpattison@blurb.com	115	2	407	t	2010-03-11 00:00:00	2014-02-20 11:32:53.293669
20882	google_wed_flush	google_wed_flush	lpattison@blurb.com	115	2	407	t	2010-03-11 00:00:00	2014-02-20 11:32:53.297433
20883	google_wed_guest	google_wed_guest	lpattison@blurb.com	115	2	407	t	2010-03-11 00:00:00	2014-02-20 11:32:53.301466
20884	google_wed_handmade	google_wed_handmade	lpattison@blurb.com	115	2	407	t	2010-03-11 00:00:00	2014-02-20 11:32:53.306614
20885	google_wed_hardcover	google_wed_hardcover	lpattison@blurb.com	115	2	407	t	2010-03-11 00:00:00	2014-02-20 11:32:53.311364
20886	google_wed_italian	google_wed_italian	lpattison@blurb.com	115	2	407	t	2010-03-11 00:00:00	2014-02-20 11:32:53.31557
20887	google_wed_keepsake	google_wed_keepsake	lpattison@blurb.com	115	2	407	t	2010-03-11 00:00:00	2014-02-20 11:32:53.320898
20888	google_wed_large	google_wed_large	lpattison@blurb.com	115	2	407	t	2010-03-11 00:00:00	2014-02-20 11:32:53.324875
20889	google_wed_layouts	google_wed_layouts	lpattison@blurb.com	115	2	407	t	2010-03-11 00:00:00	2014-02-20 11:32:53.329418
20890	google_wed_leather	google_wed_leather	lpattison@blurb.com	115	2	407	t	2010-03-11 00:00:00	2014-02-20 11:32:53.333623
20891	google_wed_magazine	google_wed_magazine	lpattison@blurb.com	115	2	407	t	2010-03-11 00:00:00	2014-02-20 11:32:53.338282
20892	google_wed_make	google_wed_make	lpattison@blurb.com	115	2	407	t	2010-03-11 00:00:00	2014-02-20 11:32:53.342335
20893	google_wed_matted	google_wed_matted	lpattison@blurb.com	115	2	407	t	2010-03-11 00:00:00	2014-02-20 11:32:53.346218
20894	google_wed_memory	google_wed_memory	lpattison@blurb.com	115	2	407	t	2010-03-11 00:00:00	2014-02-20 11:32:53.350216
20895	google_wed_online	google_wed_online	lpattison@blurb.com	115	2	407	t	2010-03-11 00:00:00	2014-02-20 11:32:53.354888
20896	google_wed_parent	google_wed_parent	lpattison@blurb.com	115	2	407	t	2010-03-11 00:00:00	2014-02-20 11:32:53.359365
20897	google_wed_personalized	google_wed_personalized	lpattison@blurb.com	115	2	407	t	2010-03-11 00:00:00	2014-02-20 11:32:53.363232
20898	google_wed_photography	google_wed_photography	lpattison@blurb.com	115	2	407	t	2010-03-11 00:00:00	2014-02-20 11:32:53.367818
20899	google_wed_printing	google_wed_printing	lpattison@blurb.com	115	2	407	t	2010-03-11 00:00:00	2014-02-20 11:32:53.372763
20900	google_wed_pro	google_wed_pro	lpattison@blurb.com	115	2	407	t	2010-03-11 00:00:00	2014-02-20 11:32:53.377877
20901	google_wed_publish	google_wed_publish	lpattison@blurb.com	115	2	407	t	2010-03-11 00:00:00	2014-02-20 11:32:53.382056
20902	google_wed_scrapbook	google_wed_scrapbook	lpattison@blurb.com	115	2	407	t	2010-03-11 00:00:00	2014-02-20 11:32:53.386018
20903	google_wed_software	google_wed_software	lpattison@blurb.com	115	2	407	t	2010-03-11 00:00:00	2014-02-20 11:32:53.390062
20904	google_wed_storybook	google_wed_storybook	lpattison@blurb.com	115	2	407	t	2010-03-11 00:00:00	2014-02-20 11:32:53.564819
20905	google_wed_templates	google_wed_templates	lpattison@blurb.com	115	2	407	t	2010-03-11 00:00:00	2014-02-20 11:32:53.569626
20906	google_wed_unique	google_wed_unique	lpattison@blurb.com	115	2	407	t	2010-03-11 00:00:00	2014-02-20 11:32:53.574589
20907	google_wed_white	google_wed_white	lpattison@blurb.com	115	2	407	t	2010-03-11 00:00:00	2014-02-20 11:32:53.579732
20908	google_wed_wholesale	google_wed_wholesale	lpattison@blurb.com	115	2	407	t	2010-03-11 00:00:00	2014-02-20 11:32:53.584927
20909	msn_brand_blurb	msn_brand_blurb	lpattison@blurb.com	165	2	36	t	2010-03-11 00:00:00	2014-02-20 11:32:53.590427
20910	msn_brand_booksmart	msn_brand_booksmart	lpattison@blurb.com	165	2	52	t	2010-03-11 00:00:00	2014-02-20 11:32:53.594888
20911	msn_gen_bookmaking	msn_gen_bookmaking	lpattison@blurb.com	165	2	49	t	2010-03-11 00:00:00	2014-02-20 11:32:53.599363
20912	msn_gen_coffee	msn_gen_coffee	lpattison@blurb.com	165	2	78	t	2010-03-11 00:00:00	2014-02-20 11:32:53.604087
20913	msn_photo_coffee	msn_photo_coffee	lpattison@blurb.com	165	2	78	t	2010-03-11 00:00:00	2014-02-20 11:32:53.608769
20914	msn_photo_memory	msn_photo_memory	lpattison@blurb.com	165	2	261	t	2010-03-11 00:00:00	2014-02-20 11:32:53.612725
20915	msn_photo_photoalbum	msn_photo_photoalbum	lpattison@blurb.com	165	2	309	t	2010-03-11 00:00:00	2014-02-20 11:32:53.616595
20916	msn_photo_photobook	msn_photo_photobook	lpattison@blurb.com	165	2	324	t	2010-03-11 00:00:00	2014-02-20 11:32:53.620683
20917	msn_photo_picturebook	msn_photo_picturebook	lpattison@blurb.com	165	2	326	t	2010-03-11 00:00:00	2014-02-20 11:32:53.624972
20918	msn_wed_weddingalbum	msn_wed_weddingalbum	lpattison@blurb.com	165	2	418	t	2010-03-11 00:00:00	2014-02-20 11:32:53.62933
20919	msn_wed_weddingbook	msn_wed_weddingbook	lpattison@blurb.com	165	2	419	t	2010-03-11 00:00:00	2014-02-20 11:32:53.63341
20920	yahoo_brand_blurb	yahoo_brand_blurb	lpattison@blurb.com	293	2	36	t	2010-03-11 00:00:00	2014-02-20 11:32:53.63746
20921	yahoo_brand_booksmart	yahoo_brand_booksmart	lpattison@blurb.com	293	2	52	t	2010-03-11 00:00:00	2014-02-20 11:32:53.642378
20922	yahoo_gen_bookmaking	yahoo_gen_bookmaking	lpattison@blurb.com	293	2	49	t	2010-03-11 00:00:00	2014-02-20 11:32:53.647441
20923	yahoo_gen_coffee	yahoo_gen_coffee	lpattison@blurb.com	293	2	78	t	2010-03-11 00:00:00	2014-02-20 11:32:53.651938
20924	yahoo_photo_coffee	yahoo_photo_coffee	lpattison@blurb.com	293	2	301	t	2010-03-11 00:00:00	2014-02-20 11:32:53.656704
20925	yahoo_photo_memory	yahoo_photo_memory	lpattison@blurb.com	293	2	301	t	2010-03-11 00:00:00	2014-02-20 11:32:53.660905
20926	yahoo_photo_photoalbum	yahoo_photo_photoalbum	lpattison@blurb.com	293	2	301	t	2010-03-11 00:00:00	2014-02-20 11:32:53.666433
20927	yahoo_photo_photobook	yahoo_photo_photobook	lpattison@blurb.com	293	2	301	t	2010-03-11 00:00:00	2014-02-20 11:32:53.670785
20928	yahoo_photo_picturebook	yahoo_photo_picturebook	lpattison@blurb.com	293	2	301	t	2010-03-11 00:00:00	2014-02-20 11:32:53.67535
20929	yahoo_wed_weddingalbum	yahoo_wed_weddingalbum	lpattison@blurb.com	293	2	407	t	2010-03-11 00:00:00	2014-02-20 11:32:53.680553
20930	yahoo_wed_weddingbook	yahoo_wed_weddingbook	lpattison@blurb.com	293	2	407	t	2010-03-11 00:00:00	2014-02-20 11:32:53.684707
20931	ca	Canada	support@blurb.com	51	3	146	t	2010-03-22 20:08:00	2014-02-20 11:32:53.68924
20932	google_wed_supply	google_wed_supply	lpattison@blurb.com	115	2	407	t	2010-03-24 00:00:00	2014-02-20 11:32:53.69424
20933	google_wed_planning	google_wed_planning	lpattison@blurb.com	115	2	407	t	2010-03-24 00:00:00	2014-02-20 11:32:53.698022
20934	google_wed_proof	google_wed_proof	lpattison@blurb.com	115	2	407	t	2010-03-24 00:00:00	2014-02-20 11:32:53.70184
20935	google_photo_boundalbum	google_photo_boundalbum	lpattison@blurb.com	115	2	301	t	2010-03-24 00:00:00	2014-02-20 11:32:53.706251
20936	google_photo_brag	google_photo_brag	lpattison@blurb.com	115	2	301	t	2010-03-24 00:00:00	2014-02-20 11:32:53.711231
20937	google_photo_createalbum	google_photo_createalbum	lpattison@blurb.com	115	2	301	t	2010-03-24 00:00:00	2014-02-20 11:32:53.714996
20938	google_photo_customalbum	google_photo_customalbum	lpattison@blurb.com	115	2	301	t	2010-03-24 00:00:00	2014-02-20 11:32:53.71968
20939	google_photo_designalbum	google_photo_designalbum	lpattison@blurb.com	115	2	301	t	2010-03-24 00:00:00	2014-02-20 11:32:53.724473
20940	google_photo_digitalalbum	google_photo_digitalalbum	lpattison@blurb.com	115	2	301	t	2010-03-24 00:00:00	2014-02-20 11:32:53.728919
20941	google_photo_handmadalbum	google_photo_handmadalbum	lpattison@blurb.com	115	2	301	t	2010-03-24 00:00:00	2014-02-20 11:32:53.732599
20942	google_photo_makealbum	google_photo_makealbum	lpattison@blurb.com	115	2	301	t	2010-03-24 00:00:00	2014-02-20 11:32:53.736987
20943	google_photo_onlinealbum	google_photo_onlinealbum	lpattison@blurb.com	115	2	301	t	2010-03-24 00:00:00	2014-02-20 11:32:53.906687
20944	google_photo_personalalbu	google_photo_personalalbu	lpattison@blurb.com	115	2	301	t	2010-03-24 00:00:00	2014-02-20 11:32:53.911532
20945	google_photo_picturealbum	google_photo_picturealbum	lpattison@blurb.com	115	2	301	t	2010-03-24 00:00:00	2014-02-20 11:32:53.916324
20946	google_photo_printalbum	google_photo_printalbum	lpattison@blurb.com	115	2	301	t	2010-03-24 00:00:00	2014-02-20 11:32:53.921769
20947	google_photo_proalbum	google_photo_proalbum	lpattison@blurb.com	115	2	301	t	2010-03-24 00:00:00	2014-02-20 11:32:53.92702
20948	google_photo_publishalbum	google_photo_publishalbum	lpattison@blurb.com	115	2	301	t	2010-03-24 00:00:00	2014-02-20 11:32:53.931873
20949	google_photo_albumsoftwr	google_photo_albumsoftwr	lpattison@blurb.com	115	2	301	t	2010-03-24 00:00:00	2014-02-20 11:32:53.936668
20950	google_gen_printondemand	google_gen_printondemand	lpattison@blurb.com	115	2	205	t	2010-03-24 00:00:00	2014-02-20 11:32:53.940608
20951	google_gen_poetry	google_gen_poetry	lpattison@blurb.com	115	2	205	t	2010-03-24 00:00:00	2014-02-20 11:32:53.945148
20952	google_eu_gen_poetry	google_eu_gen_poetry	lpattison@blurb.com	115	2	203	t	2010-03-24 00:00:00	2014-02-20 11:32:53.949558
20953	google_eu_gen_printdemand	google_eu_gen_printdemand	lpattison@blurb.com	115	2	203	t	2010-03-24 00:00:00	2014-02-20 11:32:53.953312
20954	google_scan_wed_supply	google_scan_wed_supply	lpattison@blurb.com	115	2	407	t	2010-03-24 00:00:00	2014-02-20 11:32:53.957067
20955	google_scan_wed_planning	google_scan_wed_planning	lpattison@blurb.com	115	2	407	t	2010-03-24 00:00:00	2014-02-20 11:32:53.961384
20956	google_scan_wed_proof	google_scan_wed_proof	lpattison@blurb.com	115	2	407	t	2010-03-24 00:00:00	2014-02-20 11:32:53.966091
20957	google_eu_wed_supply	google_eu_wed_supply	lpattison@blurb.com	115	2	402	t	2010-03-24 00:00:00	2014-02-20 11:32:53.970742
20958	google_eu_wed_planning	google_eu_wed_planning	lpattison@blurb.com	115	2	402	t	2010-03-24 00:00:00	2014-02-20 11:32:53.975646
20959	google_eu_wed_proof	google_eu_wed_proof	lpattison@blurb.com	115	2	402	t	2010-03-24 00:00:00	2014-02-20 11:32:53.980425
20960	google_scan_gen_poetry	google_scan_gen_poetry	lpattison@blurb.com	115	2	200	t	2010-03-24 00:00:00	2014-02-20 11:32:53.985533
20961	google_can_wed_supply	google_can_wed_supply	lpattison@blurb.com	115	2	401	t	2010-03-24 00:00:00	2014-02-20 11:32:53.989893
20962	google_can_wed_planning	google_can_wed_planning	lpattison@blurb.com	115	2	401	t	2010-03-24 00:00:00	2014-02-20 11:32:53.994415
20963	google_can_wed_proof	google_can_wed_proof	lpattison@blurb.com	115	2	401	t	2010-03-24 00:00:00	2014-02-20 11:32:53.998995
20964	google_can_gen_poetry	google_can_gen_poetry	lpattison@blurb.com	115	2	202	t	2010-03-24 00:00:00	2014-02-20 11:32:54.002873
20965	google_can_gen_printdeman	google_can_gen_printdeman	lpattison@blurb.com	115	2	202	t	2010-03-24 00:00:00	2014-02-20 11:32:54.007125
20966	google_aunz_photo_comp	google_aunz_photo_comp	lpattison@blurb.com	115	2	292	t	2010-03-24 00:00:00	2014-02-20 11:32:54.010835
20967	google_aunz_photo_albumcr	google_aunz_photo_albumcr	lpattison@blurb.com	115	2	292	t	2010-03-24 00:00:00	2014-02-20 11:32:54.015189
20968	google_aunz_photo_brag	google_aunz_photo_brag	lpattison@blurb.com	115	2	292	t	2010-03-24 00:00:00	2014-02-20 11:32:54.019772
20969	google_aunz_photo_nz	google_aunz_photo_nz	lpattison@blurb.com	115	2	292	t	2010-03-24 00:00:00	2014-02-20 11:32:54.024203
20970	google_scan_gen_printdema	google_scan_gen_printdemand	lpattison@blurb.com	115	8	337	t	2010-03-24 00:00:00	2014-02-20 11:32:54.029228
20971	google_aunz_photo_austral	google_aunz_photo_australia	lpattison@blurb.com	115	2	292	t	2010-03-24 00:00:00	2014-02-20 11:32:54.033427
20972	celebrations	Celebrations.com	support@blurb.com	56	4	146	f	2010-04-01 10:11:00	2014-02-20 11:32:54.037289
20973	wayn_partner	WAYN	lidia@wayn.com	276	4	144	t	2010-04-12 08:30:00	2014-02-20 11:32:54.04178
20974	wayn	wayn	lidia@wayn.com	276	4	144	t	2010-04-12 10:17:00	2014-02-20 11:32:54.046262
20975	facebookad	Facebook	lpattison@blurb.com	97	8	146	t	2010-04-13 11:41:00	2014-02-20 11:32:54.051236
20976	artwhatson	Artwhaton	paul@10group.com.au	23	4	121	f	2010-04-13 14:21:00	2014-02-20 11:32:54.054928
20977	google_can_photo_canada	Google Can Photo	lpattison@blurb.com	115	2	294	t	2010-05-12 13:12:00	2014-02-20 11:32:54.059478
20978	yahoo_can_photo	Yahoo Can Photo	lpattison@blurb.com	293	2	294	t	2010-05-12 13:16:00	2014-02-20 11:32:54.06466
20979	yahoo_can_gen	Yahoo Can General	lpattison@blurb.com	293	2	202	t	2010-05-12 13:17:00	2014-02-20 11:32:54.069638
20980	yahoo_can_brand	Yahoo Can Brand	lpattison@blurb.com	293	2	54	t	2010-05-12 13:18:00	2014-02-20 11:32:54.074475
20981	yahoo_can_wed	Yahoo Can Wedding	lpattison@blurb.com	293	2	401	t	2010-05-12 13:19:00	2014-02-20 11:32:54.079043
20982	yahoo_can_cook	Yahoo Can Cook	lpattison@blurb.com	293	2	93	t	2010-05-12 13:19:00	2014-02-20 11:32:54.276519
20983	msn_cook	MSN Cook	lpattison@blurb.com	165	2	89	t	2010-05-12 13:20:00	2014-02-20 11:32:54.282993
20984	msn_pro	MSN Pro	lpattison@blurb.com	165	2	338	t	2010-05-12 13:22:00	2014-02-20 11:32:54.287291
20985	msn_blog	MSN Blog	lpattison@blurb.com	165	2	33	t	2010-05-12 13:24:00	2014-02-20 11:32:54.29133
20986	niksoftware	Nik Software	showe@blurb.com	178	4	146	t	2010-05-20 11:04:00	2014-02-20 11:32:54.295443
20987	qlubbad	Qlubb Ad	lpattison@blurb.com	220	8	146	t	2010-05-20 12:14:00	2014-02-20 11:32:54.301203
20988	airnewzealand	Air New Zealand	claire.byrom@airnz.co.nz	13	4	146	f	2010-06-01 04:03:00	2014-02-20 11:32:54.305374
20989	google_photo_travel	Google_US_Travel	lpattison@blurb.com	115	2	301	t	2010-06-04 11:13:00	2014-02-20 11:32:54.310413
20990	google_photo_vacation	Google_US_Vaca	lpattison@blurb.com	115	2	301	t	2010-06-04 11:14:00	2014-02-20 11:32:54.31584
20991	western_refer	Western Canadian	lpattison@blurb.com	285	3	146	t	2010-06-17 17:25:00	2014-02-20 11:32:54.320305
20992	google_image	Google_US_Image	lpattison@blurb.com	115	2	230	t	2010-07-08 12:13:00	2014-02-20 11:32:54.32485
20993	adcom_display	Advertising.com	lpattison@blurb.com	9	8	146	t	2010-07-08 15:08:00	2014-02-20 11:32:54.329752
20994	netmining_display	Netming_Display	lpattison@blurb.com	175	3	146	t	2010-07-08 15:15:00	2014-02-20 11:32:54.334487
20995	valueclick_display	Valueclick_Display	lpattison@blurb.com	270	8	146	t	2010-07-08 15:16:00	2014-02-20 11:32:54.339331
20996	adfusion_article	Adfusion	lpattison@blurb.com	5	8	146	t	2010-07-14 10:15:00	2014-02-20 11:32:54.343385
20997	google_fr_photo	Google_FR	lpattison@blurb.com	115	2	305	t	2010-07-26 10:06:00	2014-02-20 11:32:54.347277
20998	google_fr_wed	Google_FR_wed	lpattison@blurb.com	115	2	414	t	2010-07-26 10:11:00	2014-02-20 11:32:54.351172
20999	google_tillman	Google_Tillman	lpattison@blurb.com	115	2	222	t	2010-08-05 13:40:00	2014-02-20 11:32:54.357556
21000	facebook_ad_q3	Facebook Wedding and Photobook Ads	aravi@blurb.com	97	8	146	t	2010-08-11 15:26:00	2014-02-20 11:32:54.361727
21001	jenbeckman	Jen Beckman Gallery	youngna@jenbekman.com	139	4	146	t	2010-08-16 14:55:00	2014-02-20 11:32:54.365983
21002	asn_article	ASN	lpattison@blurb.com	26	8	146	t	2010-08-17 13:01:00	2014-02-20 11:32:54.370589
21003	google_youtube_category	Google_youtube	lpattison@blurb.com	115	2	423	t	2010-08-26 10:32:00	2014-02-20 11:32:54.374967
21004	google_youtube_keyword	Google_youtube_key	lpattison@blurb.com	115	2	386	t	2010-08-26 10:35:00	2014-02-20 11:32:54.379009
21005	chaptersindigo	Chapters Indigo	CSuchy@indigo.ca	58	4	123	t	2010-08-27 09:45:00	2014-02-20 11:32:54.384455
21006	creative_pro	creative pro.com	lpattison@blurb.com	66	8	146	t	2010-09-08 12:27:00	2014-02-20 11:32:54.388786
21007	google_fr_brand	Google_FR_Brand	lpattison@blurb.com	115	2	66	t	2010-09-21 16:06:00	2014-02-20 11:32:54.393125
21008	elink_test2	elink	lpattison@blurb.com	90	1	146	t	2010-09-23 11:56:00	2014-02-20 11:32:54.397548
21009	fedex	Fedex	azweerink@blurb.com	100	4	146	t	2010-09-28 16:54:00	2014-02-20 11:32:54.402106
21010	photo_bookify_post	Photo_Bookify_Post	lpattison@blurb.com	195	3	146	t	2010-10-20 09:14:00	2014-02-20 11:32:54.406688
21011	photo_bookify_pre	Photo_Bookify_Pre	lpattison@blurb.com	196	3	146	t	2010-10-20 09:16:00	2014-02-20 11:32:54.410569
21012	photo_booksmart	Photo_Booksmart	lpattison@blurb.com	197	3	146	t	2010-10-20 09:18:00	2014-02-20 11:32:54.414957
21013	creativepro_display	Creative Pro Display	lpattison@blurb.com	66	8	146	t	2010-10-28 09:19:00	2014-02-20 11:32:54.420041
21014	flickr_display_ads	flickr display	lpattison@blurb.com	101	8	146	t	2010-10-28 16:05:00	2014-02-20 11:32:54.425318
21015	google_3toolchoice	Google_3toolchoice	lpattison@blurb.com	115	2	4	t	2010-11-09 15:26:00	2014-02-20 11:32:54.430151
21016	google_3bookify	Google_3bookify	lpattison@blurb.com	115	2	2	t	2010-11-09 15:27:00	2014-02-20 11:32:54.435139
21017	google_3booksmart	Google_3BookSmart	lpattison@blurb.com	115	2	3	t	2010-11-09 15:28:00	2014-02-20 11:32:54.439415
21018	creativepro_displayuk	Creative Pro Display UK	lpattison@blurb.com	65	8	146	t	2010-11-11 10:57:00	2014-02-20 11:32:54.443065
21019	federated_display	Federated Media	lpattison@blurb.com	99	8	146	t	2010-11-16 12:29:00	2014-02-20 11:32:54.447445
21020	google_scrapbook_photo	Google_Scrapbook	lpattison@blurb.com	115	2	354	t	2010-11-17 17:02:00	2014-02-20 11:32:54.452718
21021	google_scrapbook_album	Google_Scrapbook_Album	lpattison@blurb.com	115	2	354	t	2010-11-17 17:04:00	2014-02-20 11:32:54.629104
21022	google_scrapbook_travel	Google_Scrapbook_Travel	lpattison@blurb.com	115	2	354	t	2010-11-17 17:05:00	2014-02-20 11:32:54.633979
21023	google_scrapbook_vacation	Google_Scrapbook_Vacation	lpattison@blurb.com	115	2	354	t	2010-11-17 17:07:00	2014-02-20 11:32:54.638806
21024	google_photo1	Google_Photo1	lpattison@blurb.com	115	2	307	t	2010-11-18 14:44:00	2014-02-20 11:32:54.642919
21025	google_photo_twenty	Google_Photo_Twenty 	lpattison@blurb.com	115	2	301	t	2010-12-01 19:19:00	2014-02-20 11:32:54.646883
21026	google_photo_nodisc	Google_Photo_Nodisc	lpattison@blurb.com	115	2	301	t	2010-12-01 19:20:00	2014-02-20 11:32:54.650961
21027	worldphoto	World Photography Organization	Astrid@worldphoto.org	290	4	146	t	2010-12-03 12:17:00	2014-02-20 11:32:54.655189
21028	google_wed_newtemp	Google_Wed_Newtemp	lpattison@blurb.com	115	2	407	t	2010-12-14 17:19:00	2014-02-20 11:32:54.659371
21029	google_wed_oldtemp	Google_Wed_Oldtemp	lpattison@blurb.com	115	2	407	t	2010-12-14 17:20:00	2014-02-20 11:32:54.66395
21030	advocate_email_10	Zuberance Email 10	azweerink@blurb.com	296	1	5	t	2011-02-18 09:11:00	2014-02-20 11:32:54.668533
21031	advocate_email_15	Zuberance Email 15	azweerink@blurb.com	296	1	146	t	2011-02-18 09:12:00	2014-02-20 11:32:54.672401
21032	advocate_twitter_10	Zuberance Twitter 10	azweerink@blurb.com	296	1	388	t	2011-02-18 09:15:00	2014-02-20 11:32:54.676281
21033	advocate_twitter_15	Zuberance Twitter 15	azweerink@blurb.com	296	1	5	t	2011-02-18 09:16:00	2014-02-20 11:32:54.681058
21034	advocate_fb_10	Zuberance FB 10	azweerink@blurb.com	97	8	146	t	2011-02-18 09:18:00	2014-02-20 11:32:54.685925
21035	advocate_fb_15	Zuberance FB 15	azweerink@blurb.com	97	8	146	t	2011-02-18 09:19:00	2014-02-20 11:32:54.689851
21036	capa	Canadian Association of Photographic Art	rgoldberg@blurb.com	52	8	146	t	2011-03-07 10:15:00	2014-02-20 11:32:54.694387
21037	affiliate_network	Affiliate_Network	lpattison@blurb.com	232	6	118	t	2011-03-22 16:17:00	2014-02-20 11:32:54.698407
21038	display_us_dr	Display_US_DR	lpattison@blurb.com	162	8	167	t	2011-03-24 15:47:00	2014-02-20 11:32:54.703392
21039	display_us_aware	Display_US_Aware	lpattison@blurb.com	162	8	19	t	2011-03-24 15:48:00	2014-02-20 11:32:54.708846
21040	display_uk_dr	Display_UK_DR	lpattison@blurb.com	222	8	169	t	2011-03-24 15:50:00	2014-02-20 11:32:54.713577
21041	display_uk_aware	Display_UK_Aware	lpattison@blurb.com	222	8	20	t	2011-03-24 15:51:00	2014-02-20 11:32:54.718694
21042	dr_bridge_april	DR_Bridge_April 	lpattison@blurb.com	82	8	146	t	2011-03-28 11:45:00	2014-02-20 11:32:54.723234
21043	msn_uk_photo	MSN_UK_Photo	lpattison@blurb.com	165	2	300	t	2011-03-29 17:16:00	2014-02-20 11:32:54.727833
21044	msn_uk_brand	MSN_UK_Brand	lpattison@blurb.com	165	2	63	t	2011-03-29 17:16:00	2014-02-20 11:32:54.732555
21045	msn_uk_gen	MSN_UK_Gen	lpattison@blurb.com	165	2	207	t	2011-03-29 17:18:00	2014-02-20 11:32:54.737559
21046	msn_uk_wed	MSN_UK_Wed	lpattison@blurb.com	165	2	410	t	2011-03-29 17:19:00	2014-02-20 11:32:54.743341
21047	msn_can_photo	MSN_CAN_Photo	lpattison@blurb.com	165	2	303	t	2011-03-29 17:19:00	2014-02-20 11:32:54.747389
21048	msn_can_brand	MSN_CAN_Brand	lpattison@blurb.com	165	2	62	t	2011-03-29 17:20:00	2014-02-20 11:32:54.75186
21049	msn_can_gen	MSN_CAN_Gen	lpattison@blurb.com	165	2	202	t	2011-03-29 17:22:00	2014-02-20 11:32:54.75694
21050	msn_can_wed	MSN_CAN_Wed	lpattison@blurb.com	165	2	409	t	2011-03-29 17:22:00	2014-02-20 11:32:54.76264
21051	stumble	STUMBLEUPON	lpattison@blurb.com	246	8	146	t	2011-04-01 09:39:00	2014-02-20 11:32:54.767423
21052	au_adconion_display	AU_Adconion_Display	lpattison@blurb.com	29	8	121	t	2011-04-13 13:19:00	2014-02-20 11:32:54.771787
21053	monsterchildren	MonsterChildren	rgoldberg@blurb.com	170	4	146	t	2011-04-15 11:43:00	2014-02-20 11:32:54.77591
21054	australianinfront	Australian INfront	rgoldberg@blurb.com	130	3	121	t	2011-04-15 11:46:00	2014-02-20 11:32:54.780276
21055	zenfolio	Zenfolio	showe@blurb.com	295	4	146	t	2011-04-15 16:02:00	2014-02-20 11:32:54.78441
21056	google_graduation	Google_Graduation	lpattison@blurb.com	115	2	231	t	2011-04-20 10:23:00	2014-02-20 11:32:54.788217
21057	google_proline	Google_Proline	lpattison@blurb.com	115	2	341	t	2011-04-27 14:08:00	2014-02-20 11:32:54.792792
21058	google_mobileapp	Google_Mobileapp	lpattison@blurb.com	115	2	266	t	2011-04-29 14:16:00	2014-02-20 11:32:54.797213
21059	google_smallbiz	Google_Smallbiz	lpattison@blurb.com	115	2	364	t	2011-04-29 14:17:00	2014-02-20 11:32:54.973611
21060	guardian	Guardian News & Media Limited	daniel.spears@guardian.co.uk	117	8	146	t	2011-05-03 13:37:00	2014-02-20 11:32:54.979833
21061	guardian_test	Guardian_Test	lpattison@blurb.com	118	8	146	t	2011-05-08 10:59:00	2014-02-20 11:32:54.983932
21062	popphoto_ipad	PopPhoto_ipad	lpattison@blurb.com	213	8	146	t	2011-05-18 16:35:00	2014-02-20 11:32:54.988117
21063	google_fr_brand_blurb	Google France 	rsulonen@blurb.com	115	2	66	t	2011-05-27 09:22:00	2014-02-20 11:32:54.992285
21064	google_fr_generic_baby	Google France Generic Baby	rsulonen@blurb.com	115	2	211	t	2011-05-27 09:30:00	2014-02-20 11:32:54.996739
21065	google_fr_generic_binding	Google France Generic Binding	rsulonen@blurb.com	115	2	211	t	2011-05-27 09:31:00	2014-02-20 11:32:55.001432
21066	google_fr_generic_birthda	Google France Generic Birthday	rsulonen@blurb.com	115	2	211	t	2011-05-27 09:33:00	2014-02-20 11:32:55.006306
21067	google_fr_generic_bookmak	Google France Generic BookMaking	rsulonen@blurb.com	115	2	211	t	2011-05-27 09:38:00	2014-02-20 11:32:55.010029
21068	google_fr_generic_christe	Google France Generic Christening	rsulonen@blurb.com	115	2	211	t	2011-05-27 09:49:00	2014-02-20 11:32:55.013899
21069	google_fr_generic_xmas	Google France Generic Christmas	rsulonen@blurb.com	115	2	211	t	2011-05-27 09:52:00	2014-02-20 11:32:55.018027
21070	google_fr_generic_cookboo	Google France Generic Cookbook	rsulonen@blurb.com	115	2	211	t	2011-05-27 09:57:00	2014-02-20 11:32:55.021911
21071	google_fr_generic_gapyear	Google France Generic GapYear	rsulonen@blurb.com	115	2	211	t	2011-05-27 11:55:00	2014-02-20 11:32:55.025941
21072	google_fr_generic_graduat	Google France Generic Graduation	rsulonen@blurb.com	115	2	211	t	2011-05-27 12:07:00	2014-02-20 11:32:55.029749
21073	google_fr_generic_holiday	Google France Generic Holiday	rsulonen@blurb.com	115	2	211	t	2011-05-27 12:12:00	2014-02-20 11:32:55.033737
21074	google_fr_generic_photobk	Google France Generic Photobook	rsulonen@blurb.com	115	2	211	t	2011-05-27 12:14:00	2014-02-20 11:32:55.038234
21075	google_fr_generic_present	Google France Generic Present	rsulonen@blurb.com	115	2	211	t	2011-05-27 12:16:00	2014-02-20 11:32:55.043381
21076	google_fr_generic_profess	Google France Generic Professional	rsulonen@blurb.com	115	2	211	t	2011-05-27 12:20:00	2014-02-20 11:32:55.048465
21077	google_fr_generic_school	Google France Generic School	rsulonen@blurb.com	115	2	211	t	2011-05-27 12:22:00	2014-02-20 11:32:55.053434
21078	google_fr_generic_travel	Google France Generic Travel	rsulonen@blurb.com	115	2	211	t	2011-05-27 12:25:00	2014-02-20 11:32:55.057422
21079	google_fr_generic_wedding	Google France Generic Wedding	rsulonen@blurb.com	115	2	211	t	2011-05-27 12:27:00	2014-02-20 11:32:55.061289
21080	google_befr_generic_brand	Google Belgium FR Brand	rsulonen@blurb.com	115	2	212	t	2011-05-27 12:38:00	2014-02-20 11:32:55.06602
21081	google_befr_generic_baby	Google Belgium FR Generic Baby	rsulonen@blurb.com	115	2	212	t	2011-05-27 12:40:00	2014-02-20 11:32:55.071037
21082	google_befr_generic_bind	Google Belgium FR Generic Binding	rsulonen@blurb.com	115	2	212	t	2011-05-27 12:43:00	2014-02-20 11:32:55.075432
21083	google_befr_generic_bday	Google Belgium FR Generic Birthday	rsulonen@blurb.com	115	2	212	t	2011-05-27 12:46:00	2014-02-20 11:32:55.079491
21084	google_befr_generic_bookm	Google Belgium FR Generic BookMaking	rsulonen@blurb.com	115	2	212	t	2011-05-27 12:48:00	2014-02-20 11:32:55.084246
21085	google_befr_generic_chris	Google Belgium FR Generic Christening	rsulonen@blurb.com	115	2	205	t	2011-05-27 12:50:00	2014-02-20 11:32:55.088012
21086	google_befr_generic_xmas	Google Belgium FR Generic Christmas	rsulonen@blurb.com	115	2	212	t	2011-05-27 12:53:00	2014-02-20 11:32:55.091893
21087	google_befr_generic_cookb	Google Belgium FR Generic Cookbook	rsulonen@blurb.com	115	2	212	t	2011-05-27 12:58:00	2014-02-20 11:32:55.096657
21088	google_befr_generic_gapyr	Google Belgium FR Generic GapYear	rsulonen@blurb.com	115	2	212	t	2011-05-27 13:01:00	2014-02-20 11:32:55.100641
21089	google_befr_generic_gradu	Google Belgium FR Generic Graduation	rsulonen@blurb.com	115	2	212	t	2011-05-27 13:04:00	2014-02-20 11:32:55.105158
21090	google_befr_generic_holid	Google Belgium FR Generic Holiday	rsulonen@blurb.com	115	2	212	t	2011-05-27 13:06:00	2014-02-20 11:32:55.109395
21091	google_befr_generic_phobk	Google Belgium FR Generic Photobook	rsulonen@blurb.com	115	2	212	t	2011-05-27 13:08:00	2014-02-20 11:32:55.113258
21092	google_befr_generic_prese	Google Belgium FR Generic Present	rsulonen@blurb.com	115	2	212	t	2011-05-27 13:13:00	2014-02-20 11:32:55.117635
21093	google_befr_generic_profe	Google Belgium FR Generic Professional	rsulonen@blurb.com	115	2	212	t	2011-05-27 13:15:00	2014-02-20 11:32:55.121891
21094	google_befr_generic_schoo	Google Belgium FR Generic School	rsulonen@blurb.com	115	2	212	t	2011-05-27 13:18:00	2014-02-20 11:32:55.125583
21095	google_befr_generic_trave	Google Belgium FR Generic Travel	rsulonen@blurb.com	115	2	212	t	2011-05-27 13:24:00	2014-02-20 11:32:55.12936
21096	google_befr_generic_wedng	Google Belgium FR Generic Wedding	rsulonen@blurb.com	115	2	212	t	2011-05-27 13:26:00	2014-02-20 11:32:55.133152
21097	creativesydney	CreativeSydney	robin@blurb.com	68	8	146	t	2011-05-30 01:50:00	2014-02-20 11:32:55.136777
21098	stumble1	STUMBLEUPON1	sbeaumonte@blurb.com	246	8	146	t	2011-06-01 13:44:00	2014-02-20 11:32:55.303417
21099	stumble2	STUMBLEUPON2	sbeaumonte@blurb.com	246	8	146	t	2011-06-01 13:55:00	2014-02-20 11:32:55.31039
21100	stumble3	STUMBLEUPON3	sbeaumonte@blurb.com	246	8	146	t	2011-06-01 14:00:00	2014-02-20 11:32:55.315292
21101	stumble4	STUMBLEUPON4	sbeaumonte@blurb.com	246	8	146	t	2011-06-01 14:01:00	2014-02-20 11:32:55.319648
21102	display_ca	Display_CA	lpattison@blurb.com	78	8	123	t	2011-06-03 09:22:00	2014-02-20 11:32:55.324651
21103	google_de_generic_brand	Google Germany	rsulonen@blurb.com	115	2	208	t	2011-06-10 08:34:00	2014-02-20 11:32:55.329993
21104	google_de_generic_baby	Google Germany Generic Baby	rsulonen@blurb.com	115	2	208	t	2011-06-10 08:35:00	2014-02-20 11:32:55.334496
21105	google_de_generic_bind	Google Germany Generic Binding	rsulonen@blurb.com	115	2	208	t	2011-06-10 08:37:00	2014-02-20 11:32:55.338504
21106	google_de_generic_bday	Google Germany Generic Birthday	rsulonen@blurb.com	115	2	208	t	2011-06-10 08:38:00	2014-02-20 11:32:55.342584
21107	google_de_generic_bookm	Google Germany Generic BookMaking	rsulonen@blurb.com	115	2	208	t	2011-06-10 08:48:00	2014-02-20 11:32:55.346517
21108	google_de_generic_chris	Google Germany Generic Christening	rsulonen@blurb.com	115	2	208	t	2011-06-10 08:49:00	2014-02-20 11:32:55.350508
21109	google_de_generic_xmas	Google Germany Generic Christmas	rsulonen@blurb.com	115	2	208	t	2011-06-10 08:50:00	2014-02-20 11:32:55.355229
21110	google_de_generic_cookb	Google Germany Generic Cookbook	rsulonen@blurb.com	115	2	208	t	2011-06-10 08:51:00	2014-02-20 11:32:55.360434
21111	google_de_generic_gapyr	Google Germany Generic GapYear	rsulonen@blurb.com	115	2	208	t	2011-06-10 08:52:00	2014-02-20 11:32:55.364222
21112	google_de_generic_gradu	Google Germany Generic Graduation	rsulonen@blurb.com	115	2	208	t	2011-06-10 08:53:00	2014-02-20 11:32:55.368509
21113	google_de_generic_holid	Google Germany Generic Holiday	rsulonen@blurb.com	115	2	208	t	2011-06-10 08:53:00	2014-02-20 11:32:55.373668
21114	google_de_generic_phobk	Google Germany Generic Photobook	rsulonen@blurb.com	115	2	208	t	2011-06-10 08:54:00	2014-02-20 11:32:55.377619
21115	google_de_generic_prese	Google Germany Generic Present	rsulonen@blurb.com	115	2	208	t	2011-06-10 08:55:00	2014-02-20 11:32:55.382287
21116	google_de_generic_profe	Google Germany Generic Professional	rsulonen@blurb.com	115	2	208	t	2011-06-10 08:55:00	2014-02-20 11:32:55.387155
21117	google_de_generic_schoo	Google Germany Generic School	rsulonen@blurb.com	115	2	208	t	2011-06-10 08:56:00	2014-02-20 11:32:55.391763
21118	google_de_generic_trave	Google Germany Generic Travel	rsulonen@blurb.com	115	2	208	t	2011-06-10 08:57:00	2014-02-20 11:32:55.396232
21119	google_de_generic_wedng	Google Germany Generic Wedding	rsulonen@blurb.com	115	2	208	t	2011-06-10 08:57:00	2014-02-20 11:32:55.400783
21120	google_deat_generic_brand	Google Austria Brand	rsulonen@blurb.com	115	2	209	t	2011-06-15 06:11:00	2014-02-20 11:32:55.405735
21121	google_deat_generic_baby	Google Austria Generic Baby	rsulonen@blurb.com	115	2	209	t	2011-06-15 06:21:00	2014-02-20 11:32:55.411231
21122	google_deat_generic_bind	Google Austria Generic Binding	rsulonen@blurb.com	115	2	209	t	2011-06-15 06:30:00	2014-02-20 11:32:55.415817
21123	google_deat_generic_bday	Google Austria Generic Birthday	rsulonen@blurb.com	115	2	209	t	2011-06-15 06:33:00	2014-02-20 11:32:55.4203
21124	google_deat_generic_bookm	Google Austria Generic BookMaking	rsulonen@blurb.com	115	2	209	t	2011-06-15 06:35:00	2014-02-20 11:32:55.424225
21125	google_deat_generic_chris	Google Austria Generic Christening	rsulonen@blurb.com	115	2	209	t	2011-06-15 06:36:00	2014-02-20 11:32:55.428674
21126	google_deat_generic_xmas	Google Austria Generic Christmas	rsulonen@blurb.com	115	2	209	t	2011-06-15 06:36:00	2014-02-20 11:32:55.432981
21127	google_deat_generic_cookb	Google Austria Generic Cookbook	rsulonen@blurb.com	115	2	209	t	2011-06-15 06:37:00	2014-02-20 11:32:55.437203
21128	google_deat_generic_gapyr	Google Austria Generic GapYear	rsulonen@blurb.com	115	2	209	t	2011-06-15 06:37:00	2014-02-20 11:32:55.441784
21129	google_deat_generic_gradu	Google Austria Generic Graduation	rsulonen@blurb.com	115	2	209	t	2011-06-15 06:38:00	2014-02-20 11:32:55.446461
21130	google_deat_generic_holid	Google Austria Generic Holiday	rsulonen@blurb.com	115	2	209	t	2011-06-15 06:39:00	2014-02-20 11:32:55.450224
21131	google_deat_generic_phobk	Google Austria Generic Photobook	rsulonen@blurb.com	115	2	209	t	2011-06-15 06:39:00	2014-02-20 11:32:55.45404
21132	google_deat_generic_prese	Google Austria Generic Present	rsulonen@blurb.com	115	2	209	t	2011-06-15 06:40:00	2014-02-20 11:32:55.458076
21133	google_deat_generic_profe	Google Austria Generic Professional	rsulonen@blurb.com	115	2	209	t	2011-06-15 06:41:00	2014-02-20 11:32:55.461916
21134	google_deat_generic_schoo	Google Austria Generic School	rsulonen@blurb.com	115	2	209	t	2011-06-15 06:42:00	2014-02-20 11:32:55.465579
21135	google_deat_generic_trave	Google Austria Generic Travel	rsulonen@blurb.com	115	2	209	t	2011-06-15 06:43:00	2014-02-20 11:32:55.470073
21136	google_deat_generic_wedng	Google Austria Generic Wedding	rsulonen@blurb.com	115	2	209	t	2011-06-15 06:44:00	2014-02-20 11:32:55.473724
21137	google_dech_generic_brand	Google Switzerland Brand	rsulonen@blurb.com	115	2	210	t	2011-06-15 06:54:00	2014-02-20 11:32:55.646364
21138	google_dech_generic_baby	Google Switzerland Generic Baby	rsulonen@blurb.com	115	2	210	t	2011-06-15 06:55:00	2014-02-20 11:32:55.65256
21139	google_dech_generic_bind	Google Switzerland Generic Binding	rsulonen@blurb.com	115	2	210	t	2011-06-15 06:56:00	2014-02-20 11:32:55.656973
21140	google_dech_generic_bday	Google Switzerland Generic Birthday	rsulonen@blurb.com	115	2	210	t	2011-06-15 06:56:00	2014-02-20 11:32:55.661274
21141	google_dech_generic_bookm	Google Switzerland Generic BookMaking	rsulonen@blurb.com	115	2	210	t	2011-06-15 06:57:00	2014-02-20 11:32:55.665417
21142	google_dech_generic_chris	Google Switzerland Generic Christening	rsulonen@blurb.com	115	2	210	t	2011-06-15 06:58:00	2014-02-20 11:32:55.66962
21143	google_dech_generic_xmas	Google Switzerland Generic Christmas	rsulonen@blurb.com	115	2	210	t	2011-06-15 06:58:00	2014-02-20 11:32:55.673769
21144	google_dech_generic_cookb	Google Switzerland Generic Cookbook	rsulonen@blurb.com	115	2	210	t	2011-06-15 06:59:00	2014-02-20 11:32:55.678675
21145	google_dech_generic_gapyr	Google Switzerland Generic GapYear	rsulonen@blurb.com	115	2	210	t	2011-06-15 06:59:00	2014-02-20 11:32:55.684154
21146	google_dech_generic_gradu	Google Switzerland Generic Graduation	rsulonen@blurb.com	115	2	210	t	2011-06-15 07:00:00	2014-02-20 11:32:55.688181
21147	google_dech_generic_holid	Google Switzerland Generic Holiday	rsulonen@blurb.com	115	2	210	t	2011-06-15 07:01:00	2014-02-20 11:32:55.69283
21148	google_dech_generic_phobk	Google Switzerland Generic Photobook	rsulonen@blurb.com	115	2	210	t	2011-06-15 07:01:00	2014-02-20 11:32:55.697685
21149	google_dech_generic_prese	Google Switzerland Generic Present	rsulonen@blurb.com	115	2	210	t	2011-06-15 07:02:00	2014-02-20 11:32:55.701857
21150	google_dech_generic_profe	Google Switzerland Generic Professional	rsulonen@blurb.com	115	2	210	t	2011-06-15 07:03:00	2014-02-20 11:32:55.705759
21151	google_dech_generic_schoo	Google Switzerland Generic School	rsulonen@blurb.com	115	2	210	t	2011-06-15 07:04:00	2014-02-20 11:32:55.71091
21152	google_dech_generic_trave	Google Switzerland Generic Travel	rsulonen@blurb.com	115	2	210	t	2011-06-15 07:05:00	2014-02-20 11:32:55.716284
21153	google_dech_generic_wedng	Google Switzerland Generic Wedding	rsulonen@blurb.com	115	2	210	t	2011-06-15 07:05:00	2014-02-20 11:32:55.721215
21154	marthawed	Martha Stewart Wedding	sbeaumonte@blurb.com	161	1	146	t	2011-06-22 16:58:00	2014-02-20 11:32:55.725922
21155	aff_uk_text	Aff UK Text	rsulonen@blurb.com	10	6	160	t	2011-06-27 09:05:00	2014-02-20 11:32:55.731243
21156	zub_proline_make	Zuberance ProLine	sbeaumonte@blurb.com	296	1	260	t	2011-06-27 12:55:00	2014-02-20 11:32:55.735805
21157	zub_proline_logo	Zuberance ProLine Logo	sbeaumonte@blurb.com	296	1	255	t	2011-06-27 12:59:00	2014-02-20 11:32:55.740949
21158	aff_de_zx_text	Aff DE Text	Rsulonen@blurb.com	10	6	158	t	2011-06-28 02:07:00	2014-02-20 11:32:55.746569
21159	aff_de_zx_banner	Aff DE Cupcake	rsulonen@blurb.com	10	6	158	t	2011-06-28 02:10:00	2014-02-20 11:32:55.751615
21160	aff_de_zx_banner2	Aff DE Shark	rsulonen@blurb.com	10	6	158	t	2011-06-28 02:12:00	2014-02-20 11:32:55.756024
21161	aff_de_zx_banner3	Aff DE Wedding	rsulonen@blurb.com	10	6	158	t	2011-06-28 02:14:00	2014-02-20 11:32:55.76105
21162	aff_fr_zx_text	Aff FR Text	rsulonen@blurb.com	10	6	159	t	2011-06-28 02:15:00	2014-02-20 11:32:55.765803
21163	aff_fr_zx_banner	Aff FR Cupcake	rsulonen@blurb.com	10	6	159	t	2011-06-28 02:16:00	2014-02-20 11:32:55.770908
21164	aff_fr_zx_banner2	Aff FR Shark	rsulonen@blurb.com	10	6	159	t	2011-06-28 02:17:00	2014-02-20 11:32:55.775082
21165	aff_fr_zx_banner3	Aff FR Wedding	rsulonen@blurb.com	10	6	159	t	2011-06-28 02:19:00	2014-02-20 11:32:55.779635
21166	aff_uk_banner	Aff UK Cupcake	rsulonen@blurb.com	10	6	160	t	2011-06-28 02:28:00	2014-02-20 11:32:55.784249
21167	aff_uk_banner2	Aff UK Shark	rsulonen@blurb.com	10	6	160	t	2011-06-28 02:29:00	2014-02-20 11:32:55.788178
21168	aff_uk_banner3	Aff UK Wedding	rsulonen@blurb.com	10	6	160	t	2011-06-28 02:30:00	2014-02-20 11:32:55.792765
21169	google_fr_indplugin	Google France InDesign Plugin 	rsulonen@blurb.com	115	2	236	t	2011-06-30 02:54:00	2014-02-20 11:32:55.797031
21170	google_be_indplugin	Google Belgium InDesign Plugin	rsulonen@blurb.com	115	8	232	t	2011-06-30 02:57:00	2014-02-20 11:32:55.80125
21171	google_de_indplugin	Google Germany InDesign Plugin	rsulonen@blurb.com	115	2	235	t	2011-06-30 02:58:00	2014-02-20 11:32:55.804948
21172	google_at_indplugin	Google Austria InDesign Plugin	rsulonen@blurb.com	115	2	233	t	2011-06-30 02:59:00	2014-02-20 11:32:55.809427
21173	google_ch_indplugin	Google Switzerland InDesign Plugin	rsulonen@blurb.com	115	2	234	t	2011-06-30 03:03:00	2014-02-20 11:32:55.8151
21174	zub_proline_learn	Zuberance ProLine Learn	sbeaumonte@blurb.com	296	1	248	t	2011-06-30 10:18:00	2014-02-20 11:32:55.819949
21175	crbursary	Creative Review	sbeaumonte@blurb.com	67	8	146	t	2011-07-06 14:06:00	2014-02-20 11:32:55.824256
21176	akamai	Akamai	sbeaumonte@blurb.com	16	8	146	t	2011-07-06 17:02:00	2014-02-20 11:32:55.990175
21177	display_de_shrk	Display DE Shark	rsulonen@blurb.com	222	8	360	t	2011-07-11 04:29:00	2014-02-20 11:32:55.996689
21178	display_de_cpck	Display DE Cupcake	rsulonen@blurb.com	222	8	108	t	2011-07-11 04:31:00	2014-02-20 11:32:56.001551
21179	display_de_wdng	Display DE Wedding	rsulonen@blurb.com	222	8	412	t	2011-07-11 04:32:00	2014-02-20 11:32:56.005661
21180	display_fr_shrk	Display FR Shark	Rsulonen@blurb.com	222	8	356	t	2011-07-11 04:38:00	2014-02-20 11:32:56.010679
21181	display_fr_cpck	Display FR Cupcake	rsulonen@blurb.com	222	8	109	t	2011-07-11 04:39:00	2014-02-20 11:32:56.016102
21182	display_fr_wdng	Display FR Wedding	rsulonen@blurb.com	222	8	414	t	2011-07-11 04:41:00	2014-02-20 11:32:56.021071
21183	google_de_gen_mac	Google Germany Mac	rsulonen@blurb.com	115	2	208	t	2011-07-13 09:14:00	2014-02-20 11:32:56.026185
21184	google_de_brand_misspell	Google Germany Brand Misspelling	Rsulonen@blurb.com	115	2	64	t	2011-07-13 09:16:00	2014-02-20 11:32:56.030191
21185	zub_redeem	Zuberance	sbeaumonte@blurb.com	296	1	348	t	2011-07-13 13:25:00	2014-02-20 11:32:56.034427
21186	google_deat_mac	Google Austria Brand Mac	Rsulonen@blurb.com	115	2	257	t	2011-07-14 03:12:00	2014-02-20 11:32:56.0386
21187	google_deat_misspell	Google Austria Brand Misspelling	rsulonen@blurb.com	115	2	262	t	2011-07-14 03:15:00	2014-02-20 11:32:56.042704
21188	google_dech_mac	Google Switzerland Brand Mac	Rsulonen@blurb.com	115	2	258	t	2011-07-14 03:18:00	2014-02-20 11:32:56.046964
21189	google_dech_misspell	Google Switzerland Brand Misspelling	rsulonen@blurb.com	115	2	263	t	2011-07-14 03:20:00	2014-02-20 11:32:56.051123
21190	google_fr_mac	Google France Brand Mac	rsulonen@blurb.com	115	2	259	t	2011-07-14 03:21:00	2014-02-20 11:32:56.055015
21191	google_fr_misspell	Google France Brand Misspelling	rsulonen@blurb.com	115	2	264	t	2011-07-14 03:23:00	2014-02-20 11:32:56.059464
21192	google_befr_mac	Google Belgium Brand Mac	rsulonen@blurb.com	115	2	256	t	2011-07-14 03:24:00	2014-02-20 11:32:56.065028
21193	google_befr_misspell	Google Belgium Brand Misspelling	rsulonen@blurb.com	115	2	265	t	2011-07-14 03:25:00	2014-02-20 11:32:56.069492
21194	google_fr_generic_online	Google France Generic Online	rsulonen@blurb.com	115	2	211	t	2011-07-18 09:14:00	2014-02-20 11:32:56.07413
21195	google_befr_generic_onlin	Google Belgium Generic Online	Rsulonen@blurb.com	115	2	212	t	2011-07-18 09:15:00	2014-02-20 11:32:56.079336
21196	google_de_generic_online	Google Germany Generic online	rsulonen@blurb.com	115	2	208	t	2011-07-18 09:16:00	2014-02-20 11:32:56.08335
21197	google_deat_generic_onlin	Google Austria Generic Online	rsulonen@blurb.com	115	2	209	t	2011-07-18 09:17:00	2014-02-20 11:32:56.087362
21198	google_dech_generic_onlin	Google Switzerland Generic Online	rsulonen@blurb.com	115	2	210	t	2011-07-18 09:18:00	2014-02-20 11:32:56.091721
21199	zub_instagram	Zuberance Instagram	sbeaumonte@blurb.com	296	1	239	t	2011-07-25 14:30:00	2014-02-20 11:32:56.096185
21200	google_instagram	Google_Instagram	lpattison@blurb.com	115	2	238	t	2011-07-25 14:51:00	2014-02-20 11:32:56.101257
21201	wallpaper	Wallpaper	sbeaumonte@blurb.com	275	3	146	t	2011-07-26 09:57:00	2014-02-20 11:32:56.106158
21202	google_photositelinks	CLM_Google	sbeaumonte@blurb.com	115	2	301	t	2011-07-26 14:59:00	2014-02-20 11:32:56.111332
21203	google_display_audience	Google_Display	sbeaumonte@blurb.com	115	8	11	t	2011-08-03 12:51:00	2014-02-20 11:32:56.116506
21204	google_display_contextual	Google_Display2	sbeaumonte@blurb.com	115	8	88	t	2011-08-03 12:53:00	2014-02-20 11:32:56.12119
21205	google_display_remarket	Google_Display3	sbeaumonte@blurb.com	115	8	349	t	2011-08-03 12:56:00	2014-02-20 11:32:56.126634
21206	google_fr_instagram	Google France Instagram 	rsulonen@blurb.com	115	2	243	t	2011-08-05 05:52:00	2014-02-20 11:32:56.131018
21207	google_befr_instagram	Google Belgium Instagram	rsulonen@blurb.com	115	2	244	t	2011-08-05 05:56:00	2014-02-20 11:32:56.13565
21208	google_de_instagram	Google Germany Instagram	rsulonen@blurb.com	115	2	240	t	2011-08-05 05:57:00	2014-02-20 11:32:56.139672
21209	google_deat_instagram	Google Austria Instagram	rsulonen@blurb.com	115	2	241	t	2011-08-05 05:59:00	2014-02-20 11:32:56.144145
21210	google_dech_instagram	Google Switzerland Instagram	rsulonen@blurb.com	115	2	242	t	2011-08-05 06:01:00	2014-02-20 11:32:56.148754
21211	jalbumbanner	jalbum_banner	lpattison@blurb.com	136	4	146	t	2011-08-05 15:18:00	2014-02-20 11:32:56.152818
21212	google_gdn_icmtxt	google_gdn_icmtxt	sbeaumonte@blurb.com	115	2	199	t	2011-08-10 17:15:00	2014-02-20 11:32:56.157141
21213	google_gdn_icmimg	google_gdn_icmimg	sbeaumonte@blurb.com	115	8	146	t	2011-08-10 17:16:00	2014-02-20 11:32:56.162092
21214	google_gdn_kwtxt	google_gdn_kwtxt	sbeaumonte@blurb.com	115	8	246	t	2011-08-10 17:17:00	2014-02-20 11:32:56.167101
21215	google_gdn_kwimg	google_gdn_kwimg	sbeaumonte@blurb.com	115	8	247	t	2011-08-10 17:18:00	2014-02-20 11:32:56.345382
21216	google_gdn_remarketregtxt	google_gdn_remarketregtxt	sbeaumonte@blurb.com	115	8	351	t	2011-08-10 17:19:00	2014-02-20 11:32:56.351425
21217	google_gdn_remarketregimg	google_gdn_remarketregimg	sbeaumonte@blurb.com	115	8	350	t	2011-08-10 17:21:00	2014-02-20 11:32:56.355931
21218	google_gdn_remarketsaletx	google_gdn_remarketsaletxt	sbeaumonte@blurb.com	115	8	351	t	2011-08-10 17:21:00	2014-02-20 11:32:56.360827
21219	google_gdn_remarketsaleim	google_gdn_remarketsaleimg	sbeaumonte@blurb.com	115	8	351	t	2011-08-10 17:22:00	2014-02-20 11:32:56.365636
21220	klmums	Kimberly Clark Australia	blurboz@gmail.com	144	3	121	t	2011-08-15 11:18:00	2014-02-20 11:32:56.370843
21221	google_notebooks	google_notebooks	sbeaumonte@blurb.com	115	2	287	t	2011-08-16 11:35:00	2014-02-20 11:32:56.375869
21222	jalbum_api	Jalbum	lpattison@blurb.com	136	4	146	t	2011-08-29 15:29:00	2014-02-20 11:32:56.381182
21223	banner_etsy_eu	Etsy	rsulonen@blurb.com	94	8	146	t	2011-08-31 07:31:00	2014-02-20 11:32:56.385234
21224	banner_etsy_global	Etsy Global	rsulonen@blurb.com	94	8	146	t	2011-08-31 07:32:00	2014-02-20 11:32:56.389956
21225	fotocommunity	Fotocommunity	rsulonen@blurb.com	103	8	146	t	2011-09-02 09:25:00	2014-02-20 11:32:56.395403
21226	profifoto	Profifoto	rsulonen@blurb.com	217	8	125	t	2011-09-05 02:26:00	2014-02-20 11:32:56.400025
21227	adobe_lightroom_app	Adobe_Lightroom_App	lpattison@blurb.com	6	4	146	t	2011-09-19 09:56:00	2014-02-20 11:32:56.404714
21228	us_display_mi	US_Display_MI	lpattison@blurb.com	269	8	146	t	2011-09-27 13:58:00	2014-02-20 11:32:56.409277
21229	ca_display_mi	CA_Display_MI	lpattison@blurb.com	50	8	123	t	2011-09-27 14:02:00	2014-02-20 11:32:56.414262
21230	display_uk_shark	UK_Display	rsulonen@blurb.com	222	8	359	t	2011-09-30 06:30:00	2014-02-20 11:32:56.418638
21231	display_uk_cupck	UK_Display1	rsulonen@blurb.com	222	8	117	t	2011-09-30 06:31:00	2014-02-20 11:32:56.424216
21232	display_uk_qlty	UK_Display2	rsulonen@blurb.com	222	8	345	t	2011-09-30 06:36:00	2014-02-20 11:32:56.429034
21233	display_uk_uniq	UK_Display3	rsulonen@blurb.com	222	8	392	t	2011-09-30 06:38:00	2014-02-20 11:32:56.433664
21234	display_uk_val	UK_Display4	rsulonen@blurb.com	222	8	398	t	2011-09-30 06:39:00	2014-02-20 11:32:56.438639
21235	fb_media	fb_media	lpattison@blurb.com	97	8	146	t	2011-10-05 08:46:00	2014-02-20 11:32:56.442564
21236	frbe_online	FRBE default partnercode	rsulonen@blurb.com	105	3	132	t	2011-10-05 10:35:00	2014-02-20 11:32:56.44705
21237	deatch_online	DEATCH default partnercode	rsulonen@blurb.com	73	3	126	t	2011-10-05 10:36:00	2014-02-20 11:32:56.451209
21238	display_au_dr	display_au_dr	jlilien@blurb.com	222	8	168	t	2011-10-10 11:51:00	2014-02-20 11:32:56.455882
21239	google_ebooks	google_ebooks	jlilien@blurb.com	115	2	172	t	2011-10-14 15:23:00	2014-02-20 11:32:56.4607
21240	google_eu_ebooks	google_eu_ebooks	jlilien@blurb.com	115	2	171	t	2011-10-14 15:39:00	2014-02-20 11:32:56.465166
21241	google_can_ebooks	google_can_ebooks	jlilien@blurb.com	115	2	170	t	2011-10-14 15:41:00	2014-02-20 11:32:56.470534
21242	styleparkde	Stylepark DE	rsulonen@blurb.com	247	8	146	t	2011-10-17 06:50:00	2014-02-20 11:32:56.475251
21243	styleparkuk	Stylepark UK	rsulonen@blurb.com	248	8	125	t	2011-10-17 06:50:00	2014-02-20 11:32:56.480134
21244	google_fr_notebook	Google France Notebook	rsulonen@blurb.com	115	2	285	t	2011-10-18 08:46:00	2014-02-20 11:32:56.484696
21245	google_be_notebook	Google Belgium Notebook	rsulonen@blurb.com	115	2	282	t	2011-10-18 08:48:00	2014-02-20 11:32:56.488715
21246	google_de_notebook	Google Germany Notebook	rsulonen@blurb.com	115	2	284	t	2011-10-18 08:49:00	2014-02-20 11:32:56.493196
21247	google_at_notebook	Google Austria Notebook	rsulonen@blurb.com	115	8	281	t	2011-10-18 08:50:00	2014-02-20 11:32:56.498746
21248	google_ch_notebook	Google Switz Notebook	rsulonen@blurb.com	115	2	283	t	2011-10-18 08:50:00	2014-02-20 11:32:56.504044
21249	es_online	ES default parnter code	rsulonen@blurb.com	93	3	128	t	2011-10-19 04:18:00	2014-02-20 11:32:56.508612
21250	it_online	IT default partner code	rsulonen@blurb.com	134	3	136	t	2011-10-19 04:19:00	2014-02-20 11:32:56.512412
21251	nl_online	NL default partner code	rsulonen@blurb.com	180	3	137	t	2011-10-19 04:20:00	2014-02-20 11:32:56.516883
21252	google_nl_brand	Google NL Brand	rsulonen@blurb.com	115	2	68	t	2011-10-19 09:54:00	2014-02-20 11:32:56.521311
21253	google_nl_photobook	Google NL Photobook	rsulonen@blurb.com	115	2	314	t	2011-10-19 09:55:00	2014-02-20 11:32:56.525553
21254	google_nl_bookmaking	Google NL Bookmaking	rsulonen@blurb.com	115	2	47	t	2011-10-19 09:55:00	2014-02-20 11:32:56.713168
21255	google_nl_wedng	Google NL Wedng	rsulonen@blurb.com	115	2	416	t	2011-10-19 09:56:00	2014-02-20 11:32:56.719859
21256	google_nl_cookbk	Google NL Cookbk	rsulonen@blurb.com	115	2	91	t	2011-10-19 09:58:00	2014-02-20 11:32:56.726055
21257	google_it_photobook	Google IT Photobook	rsulonen@blurb.com	115	2	325	t	2011-10-19 09:59:00	2014-02-20 11:32:56.732031
21258	google_it_bookmaking	Google IT Bookmaking	rsulonen@blurb.com	115	2	50	t	2011-10-19 10:00:00	2014-02-20 11:32:56.736822
21259	google_it_brand	Google IT Brand	rsulonen@blurb.com	115	2	67	t	2011-10-19 10:02:00	2014-02-20 11:32:56.742281
21260	google_it_wedng	Google IT Wedding	rsulonen@blurb.com	115	2	415	t	2011-10-19 10:03:00	2014-02-20 11:32:56.747071
21261	google_it_cookbk	Google IT Cookbk	rsulonen@blurb.com	115	2	101	t	2011-10-19 10:03:00	2014-02-20 11:32:56.752423
21262	google_es_photobook	Google ES Photobook	rsulonen@blurb.com	115	2	312	t	2011-10-19 10:05:00	2014-02-20 11:32:56.757786
21263	google_es_bookmaking	Google ES Bookmaking	rsulonen@blurb.com	115	2	45	t	2011-10-19 10:06:00	2014-02-20 11:32:56.762416
21264	google_es_brand	Google ES Brand	rsulonen@blurb.com	115	2	65	t	2011-10-19 10:07:00	2014-02-20 11:32:56.767991
21265	google_es_wedng	Google ES Wedding	rsulonen@blurb.com	115	2	413	t	2011-10-19 10:08:00	2014-02-20 11:32:56.773039
21266	google_es_cookbk	Google ES Cookbook	rsulonen@blurb.com	115	2	99	t	2011-10-19 10:09:00	2014-02-20 11:32:56.778931
21267	babyology_au	babyology_au	jlilien@blurb.com	35	4	121	t	2011-10-19 14:15:00	2014-02-20 11:32:56.784698
21268	google_br_photo	google_br_photo	jlilien@blurb.com	115	2	293	t	2011-10-21 15:51:00	2014-02-20 11:32:56.789152
21269	google_br_wed	google_br_wed	jlilien@blurb.com	115	2	400	t	2011-10-21 15:52:00	2014-02-20 11:32:56.794032
21270	google_br_brand	google_br_brand	jlilien@blurb.com	115	2	53	t	2011-10-21 15:52:00	2014-02-20 11:32:56.800698
21271	google_br_bookmaking	google_br_bookmaking	jlilien@blurb.com	115	2	39	t	2011-10-21 15:53:00	2014-02-20 11:32:56.807027
21272	view	View	rsulonen@blurb.com	272	3	146	t	2011-10-27 06:46:00	2014-02-20 11:32:56.811857
21273	geo	Geo NL	rsulonen@blurb.com	110	3	146	t	2011-10-27 06:47:00	2014-02-20 11:32:56.816691
21274	georeise	Geo Reise	rsulonen@blurb.com	111	3	146	t	2011-10-27 06:48:00	2014-02-20 11:32:56.821828
21275	sternfoto	Stern Fotografie	rsulonen@blurb.com	244	8	146	t	2011-10-27 06:49:00	2014-02-20 11:32:56.830755
21276	display_nl_shark	Display NL	rsulonen@blurb.com	222	8	358	t	2011-10-28 03:35:00	2014-02-20 11:32:56.836255
21277	display_de_shrkof	Display DE Shark offer	rsulonen@blurb.com	222	8	361	t	2011-10-28 06:47:00	2014-02-20 11:32:56.842139
21278	display_de_cpckof	Display DE Cupcake offer	rsulonen@blurb.com	222	8	110	t	2011-10-28 06:47:00	2014-02-20 11:32:56.84755
21279	display_de_hcof	Display DE Haircut offer	rsulonen@blurb.com	222	8	227	t	2011-10-28 06:48:00	2014-02-20 11:32:56.852123
21280	display_de_elephof	Display DE Elephant offer	rsulonen@blurb.com	222	8	175	t	2011-10-28 06:51:00	2014-02-20 11:32:56.857961
21281	display_de_snowof	Display DE Snow offer	rsulonen@blurb.com	222	8	367	t	2011-10-28 07:00:00	2014-02-20 11:32:56.864448
21282	display_fr_shrkof	Display FR Shark offer	rsulonen@blurb.com	222	8	362	t	2011-10-28 07:02:00	2014-02-20 11:32:56.87012
21283	display_fr_cpckof	Display FR Cupcake offer	rsulonen@blurb.com	222	8	111	t	2011-10-28 07:03:00	2014-02-20 11:32:56.87581
21284	display_fr_hcof	Display FR Haircut offer	rsulonen@blurb.com	222	8	228	t	2011-10-28 07:06:00	2014-02-20 11:32:56.881752
21285	display_fr_elephof	Display FR Elephant offer	rsulonen@blurb.com	222	8	176	t	2011-10-28 07:07:00	2014-02-20 11:32:56.887226
21286	display_fr_snowof	Display FR Snow offer	rsulonen@blurb.com	222	8	368	t	2011-10-28 07:08:00	2014-02-20 11:32:56.892305
21287	google_lightroom	Google_Lightroom	lpattison@blurb.com	115	2	251	t	2011-10-28 13:01:00	2014-02-20 11:32:56.897322
21288	google_eu_lightroom	Google_Eu_Lightroom	lpattison@blurb.com	115	2	250	t	2011-10-28 13:02:00	2014-02-20 11:32:56.902329
21289	google_can_lightroom	Google_Can_Lightroom	lpattison@blurb.com	115	2	249	t	2011-10-28 13:03:00	2014-02-20 11:32:56.907884
21290	google_facebook	Google_Facebook	lpattison@blurb.com	115	2	180	t	2011-10-31 15:46:00	2014-02-20 11:32:56.913091
21291	google_eu_facebook	Google_EU_Facebook	lpattison@blurb.com	115	2	179	t	2011-10-31 15:47:00	2014-02-20 11:32:56.917691
21292	google_can_facebook	Google_CAN_Facebook	lpattison@blurb.com	115	2	178	t	2011-10-31 15:49:00	2014-02-20 11:32:56.922759
21293	google_eu_photoctrl	Google_EU_Photoctrl	lpattison@blurb.com	115	2	317	t	2011-11-01 13:50:00	2014-02-20 11:32:57.112779
21294	google_eu_photo30	Google_EU_Photo30	lpattison@blurb.com	115	2	308	t	2011-11-01 13:51:00	2014-02-20 11:32:57.118689
21295	google_planners	Google_Planners	lpattison@blurb.com	115	2	331	t	2011-11-01 13:52:00	2014-02-20 11:32:57.123113
21296	google_eu_planners	Google_EU_Planners	lpattison@blurb.com	115	2	329	t	2011-11-01 13:55:00	2014-02-20 11:32:57.128393
21297	google_can_planners	Google_Can_Planners	lpattison@blurb.com	115	2	328	t	2011-11-01 13:56:00	2014-02-20 11:32:57.133177
21298	google_eu_gen30	Google_EU_Gen30	lpattison@blurb.com	115	2	203	t	2011-11-01 14:02:00	2014-02-20 11:32:57.137297
21299	google_eu_genctrl	Google_EU_Genctrl	lpattison@blurb.com	115	2	203	t	2011-11-01 14:03:00	2014-02-20 11:32:57.142022
21300	google_photo_ctrl	Googlephoto	sbeaumonte@gmail.com	115	2	301	t	2011-11-03 16:23:00	2014-02-20 11:32:57.147747
21301	google_photo_gift	Googlephotogift	sbeaumonte@blurb.com	115	2	301	t	2011-11-03 16:28:00	2014-02-20 11:32:57.153455
21302	google_cook_ctrl	Googlecook	sbeaumonte@blurb.com	115	2	97	t	2011-11-03 16:30:00	2014-02-20 11:32:57.158314
21303	google_cook_gift	Googlecookgift	sbeaumonte@blurb.com	115	2	97	t	2011-11-03 16:31:00	2014-02-20 11:32:57.163257
21304	google_gen_ctrl	Googlegenctrl	sbeaumonte@blurb.com	115	2	205	t	2011-11-03 16:33:00	2014-02-20 11:32:57.167495
21305	google_gen_gift	Googlegengift	sbeaumonte@blurb.com	115	2	205	t	2011-11-03 16:54:00	2014-02-20 11:32:57.171671
21306	google_been	Google BE English campaign	rsulonen@blurb.com	115	2	24	t	2011-11-04 05:30:00	2014-02-20 11:32:57.175879
21307	fr_picto	Picto	rsulonen@blurb.com	210	4	146	t	2011-11-07 07:46:00	2014-02-20 11:32:57.181369
21308	fr_liberation	Liberation	rsulonen@blurb.com	147	3	146	t	2011-11-07 07:47:00	2014-02-20 11:32:57.185768
21309	fb_display	Spruce	sbeaumonte@blurb.com	97	8	146	t	2011-11-10 09:18:00	2014-02-20 11:32:57.189887
21310	holiday_uk	Display holiday campaign UK	rsulonen@blurb.com	77	3	144	t	2011-11-11 07:32:00	2014-02-20 11:32:57.194444
21311	google_de_facebook	Facebook DE	rsulonen@blurb.com	115	2	189	t	2011-11-11 08:45:00	2014-02-20 11:32:57.200466
21312	google_fr_facebook	Facebook FR	rsulonen@blurb.com	115	2	191	t	2011-11-11 08:46:00	2014-02-20 11:32:57.205222
21313	google_it_facebook	Facebook IT	rsulonen@blurb.com	115	2	192	t	2011-11-11 08:46:00	2014-02-20 11:32:57.20924
21314	google_nl_facebook	Facebook NL	rsulonen@blurb.com	115	2	193	t	2011-11-11 08:47:00	2014-02-20 11:32:57.21312
21315	google_es_facebook	Facebook ES	rsulonen@blurb.com	115	2	190	t	2011-11-11 08:48:00	2014-02-20 11:32:57.217143
21316	google_de_lightroom	Lightroom DE	rsulonen@blurb.com	115	2	252	t	2011-11-11 08:56:00	2014-02-20 11:32:57.221065
21317	google_fr_lightroom	Lightroom FR	rsulonen@blurb.com	115	2	253	t	2011-11-11 08:57:00	2014-02-20 11:32:57.225619
21318	google_gen_writetest	Google_Gen_Writetest	lpattison@blurb.com	115	2	205	t	2011-11-14 09:04:00	2014-02-20 11:32:57.231102
21319	ancestry_ca	ancestry_ca	jlilien@blurb.com	21	4	123	t	2011-11-14 10:47:00	2014-02-20 11:32:57.235476
21320	zub_stories	Zuberance Stories	sbeaumonte@blurb.com	296	1	370	t	2011-11-14 11:34:00	2014-02-20 11:32:57.239486
21321	google_de_business	Business DE	rsulonen@blurb.com	115	2	71	t	2011-11-17 08:11:00	2014-02-20 11:32:57.244815
21322	google_fr_business	Business FR	rsulonen@blurb.com	115	2	72	t	2011-11-17 08:13:00	2014-02-20 11:32:57.249938
21323	aff_uk_banner4	Aff UK mini	rsulonen@blurb.com	10	6	160	t	2011-11-21 06:42:00	2014-02-20 11:32:57.254941
21324	aff_uk_qual	Aff UK Q	rsulonen@blurb.com	10	6	160	t	2011-11-21 06:46:00	2014-02-20 11:32:57.260312
21325	aff_uk_unq	Aff UK U	rsulonen@blurb.com	10	6	160	t	2011-11-21 06:55:00	2014-02-20 11:32:57.26534
21326	aff_uk_val	Aff UK V	rsulonen@blurb.com	10	6	160	t	2011-11-21 07:02:00	2014-02-20 11:32:57.270354
21327	aff_uk_banner8	Aff UK holiday	rsulonen@blurb.com	10	6	160	t	2011-11-21 07:11:00	2014-02-20 11:32:57.274611
21328	aff_uk_txthol	Aff UK text holiday	rsulonen@blurb.com	10	6	160	t	2011-11-21 07:50:00	2014-02-20 11:32:57.278446
21329	display_uk_facebook	Display UK Facebook	fdiels@blurb.com	222	8	194	t	2011-11-23 03:58:00	2014-02-20 11:32:57.283399
21330	fbad_uk_facebook	Facebook Ad UK Facebook	fdiels@blurb.com	97	8	144	t	2011-11-23 04:01:00	2014-02-20 11:32:57.287485
21331	google_fr_planners	Planners FR	fdiels@blurb.com	115	2	333	t	2011-11-25 04:02:00	2014-02-20 11:32:57.291277
21332	google_de_planners	Planners DE	fdiels@blurb.com	115	2	332	t	2011-11-25 04:03:00	2014-02-20 11:32:57.46275
21333	google_aunz_planners	google_aunz_planners	jlilien@blurb.com	115	2	327	t	2011-11-29 08:54:00	2014-02-20 11:32:57.468972
21334	photonews	Photonews	rsulonen@blurb.com	204	3	146	t	2011-12-01 07:55:00	2014-02-20 11:32:57.473718
21335	display_de_unique	Display DE Unique	fdiels@blurb.com	222	8	389	t	2011-12-02 04:48:00	2014-02-20 11:32:57.479019
21336	display_de_value	Display DE Value	fdiels@blurb.com	222	8	393	t	2011-12-02 04:49:00	2014-02-20 11:32:57.483544
21337	display_de_quality	Display DE Quality	fdiels@blurb.com	222	8	342	t	2011-12-02 04:50:00	2014-02-20 11:32:57.488893
21338	aji_email	AJi Email	fdiels@blurb.com	15	3	146	t	2011-12-07 02:46:00	2014-02-20 11:32:57.494274
21339	adobelr4	Adobe Lightroom	showe@blurb.com	6	4	146	t	2011-12-08 14:18:00	2014-02-20 11:32:57.500067
21340	500px	500px	andrey@500px.com	3	3	146	t	2011-12-12 11:29:00	2014-02-20 11:32:57.504914
21341	google_mex_brand	google_mex_brand	jlilien@blurb.com	115	2	57	t	2012-01-03 16:54:00	2014-02-20 11:32:57.509202
21342	google_mex_photo	google_mex_photo	jlilien@blurb.com	115	2	297	t	2012-01-03 16:56:00	2014-02-20 11:32:57.513958
21343	google_mex_bookmaking	google_mex_bookmaking	jlilien@blurb.com	115	2	41	t	2012-01-03 16:56:00	2014-02-20 11:32:57.519026
21344	google_mex_wedding	google_mex_wedding	jlilien@blurb.com	115	2	404	t	2012-01-03 16:58:00	2014-02-20 11:32:57.52327
21345	google_benl_generic	Google BE Dutch campaign	rsulonen@blurb.com	115	8	206	t	2012-01-05 10:31:00	2014-02-20 11:32:57.528419
21346	sony	Sony USA	showe@blurb.com	239	4	146	t	2012-01-09 16:46:00	2014-02-20 11:32:57.533094
21347	google_can_gen_canada	google_can_gen_canada	jlilien@blurb.com	115	2	202	t	2012-01-10 13:36:00	2014-02-20 11:32:57.53833
21348	google_can_gen_children	google_can_gen_children	jlilien@blurb.com	115	2	202	t	2012-01-10 13:37:00	2014-02-20 11:32:57.544218
21349	google_can_gen_cover	google_can_gen_cover	jlilien@blurb.com	115	2	202	t	2012-01-10 13:38:00	2014-02-20 11:32:57.549302
21350	google_can_gen_indesign	google_can_gen_indesign	jlilien@blurb.com	115	2	202	t	2012-01-10 13:39:00	2014-02-20 11:32:57.553678
21351	google_can_gen_online	google_can_gen_online	jlilien@blurb.com	115	2	202	t	2012-01-10 13:40:00	2014-02-20 11:32:57.55781
21352	google_can_gen_person	google_can_gen_person	jlilien@blurb.com	115	2	202	t	2012-01-10 13:41:00	2014-02-20 11:32:57.562055
21353	google_can_gen_covers	google_can_gen_covers	jlilien@blurb.com	115	2	202	t	2012-01-10 13:41:00	2014-02-20 11:32:57.566174
21354	google_graduation_yrbook	google_graduation_yrbook	sbeaumonte@blurb.com	115	2	222	t	2012-01-13 17:46:00	2014-02-20 11:32:57.570902
21355	google_graduation_school	google_graduation_school 	sbeaumonte@blurb.com	115	2	222	t	2012-01-13 17:48:00	2014-02-20 11:32:57.575438
21356	google_graduation_senior	google_graduation_senior 	sbeaumonte@blurb.com	115	2	222	t	2012-01-13 17:48:00	2014-02-20 11:32:57.579501
21357	google_graduation_grad	google_graduation_grad	sbeaumonte@blurb.com	115	2	222	t	2012-01-13 17:50:00	2014-02-20 11:32:57.584689
21358	google_can_gen_program	google_can_gen_program	jlilien@blurb.com	115	2	202	t	2012-01-16 15:11:00	2014-02-20 11:32:57.589791
21359	aff_uk_banner9	Aff UK logo 125 x 125	fdiels@blurb.com	10	6	160	t	2012-01-19 09:10:00	2014-02-20 11:32:57.594353
21360	aff_uk_banner10	Aff UK logo 250 x 250	fdiels@blurb.com	10	6	160	t	2012-01-19 09:13:00	2014-02-20 11:32:57.598241
21361	aff_uk_text2	Aff UK text 2	fdiels@blurb.com	10	6	160	t	2012-01-23 06:54:00	2014-02-20 11:32:57.602808
21362	google_uk_generic_bind	google_uk_generic_bind	fdiels@blurb.com	115	2	213	t	2012-01-25 05:20:00	2014-02-20 11:32:57.60681
21363	google_uk_generic_profe	google_uk_generic_profe	fdiels@blurb.com	115	2	213	t	2012-01-25 05:29:00	2014-02-20 11:32:57.61054
21364	google_uk_generic_bookm	google_uk_generic_bookm	fdiels@blurb.com	115	2	213	t	2012-01-25 05:30:00	2014-02-20 11:32:57.614472
21365	google_uk_generic_brand	google_uk_generic_brand	fdiels@blurb.com	115	2	213	t	2012-01-25 05:31:00	2014-02-20 11:32:57.618335
21366	google_uk_generic_wedng	google_uk_generic_wedng	fdiels@blurb.com	115	2	213	t	2012-01-25 05:33:00	2014-02-20 11:32:57.622988
21367	google_uk_generic_baby	google_uk_generic_baby	fdiels@blurb.com	115	2	213	t	2012-01-25 05:35:00	2014-02-20 11:32:57.628304
21368	google_uk_generic_cookb	google_uk_generic_cookb	fdiels@blurb.com	115	2	213	t	2012-01-25 05:37:00	2014-02-20 11:32:57.633417
21369	google_uk_generic_prese	google_uk_generic_prese	fdiels@blurb.com	115	2	213	t	2012-01-25 05:38:00	2014-02-20 11:32:57.638047
21370	google_uk_generic_gradu	google_uk_generic_gradu	fdiels@blurb.com	115	2	213	t	2012-01-25 05:40:00	2014-02-20 11:32:57.643402
21371	google_uk_generic_holid	google_uk_generic_holid	fdiels@blurb.com	115	2	213	t	2012-01-25 05:43:00	2014-02-20 11:32:57.815158
21372	google_uk_generic_gapyr	google_uk_generic_gapyr	fdiels@blurb.com	115	2	213	t	2012-01-25 05:47:00	2014-02-20 11:32:57.820143
21373	google_uk_generic_schoo	google_uk_generic_schoo	fdiels@blurb.com	115	2	213	t	2012-01-25 05:49:00	2014-02-20 11:32:57.824897
21374	google_uk_generic_bday	google_uk_generic_bday	fdiels@blurb.com	115	2	213	t	2012-01-25 05:54:00	2014-02-20 11:32:57.829083
21375	google_uk_generic_chris	google_uk_generic_chris	fdiels@blurb.com	115	2	213	t	2012-01-25 05:55:00	2014-02-20 11:32:57.833315
21376	google_uk_generic_phobk	google_uk_generic_phobk	fdiels@blurb.com	115	2	213	t	2012-01-25 05:58:00	2014-02-20 11:32:57.837568
21377	google_uk_generic_xmas	google_uk_generic_xmas	fdiels@blurb.com	115	2	213	t	2012-01-25 05:58:00	2014-02-20 11:32:57.843174
21378	google_uk_generic_trave	google_uk_generic_trave	fdiels@blurb.com	115	2	213	t	2012-01-25 06:00:00	2014-02-20 11:32:57.848355
21379	google_uk_brand_misspell	google_uk_brand_misspell	fdiels@blurb.com	115	2	69	t	2012-01-25 06:01:00	2014-02-20 11:32:57.852811
21380	google_uk_indplugin	google_uk_indplugin	fdiels@blurb.com	115	2	237	t	2012-01-25 06:07:00	2014-02-20 11:32:57.85755
21381	google_uk_gen_mac	google_uk_gen_mac	fdiels@blurb.com	115	2	213	t	2012-01-25 06:25:00	2014-02-20 11:32:57.861806
21382	google_uk_instagram	google_uk_instagram	fdiels@blurb.com	115	2	245	t	2012-01-25 06:26:00	2014-02-20 11:32:57.86632
21383	google_uk_notebook	google_uk_notebook	fdiels@blurb.com	115	2	286	t	2012-01-25 06:27:00	2014-02-20 11:32:57.870356
21384	google_de_ebook	google_de_ebook	fdiels@blurb.com	115	2	173	t	2012-01-25 06:27:00	2014-02-20 11:32:57.874983
21385	google_uk_business	google_uk_business	fdiels@blurb.com	115	2	73	t	2012-01-25 06:27:00	2014-02-20 11:32:57.879456
21386	google_uk_facebook	google_uk_facebook	fdiels@blurb.com	115	2	194	t	2012-01-25 06:28:00	2014-02-20 11:32:57.884166
21387	google_uk_planners	google_uk_planners	fdiels@blurb.com	115	2	334	t	2012-01-25 06:29:00	2014-02-20 11:32:57.889355
21388	display_nl_unique	Display NL Unique	fdiels@blurb.com	222	8	391	t	2012-01-30 03:16:00	2014-02-20 11:32:57.893706
21389	display_nl_value	Display NL Value	fdiels@blurb.com	222	8	397	t	2012-01-30 03:17:00	2014-02-20 11:32:57.898602
21390	display_nl_quality	Display NL Quality	fdiels@blurb.com	222	8	344	t	2012-01-30 03:19:00	2014-02-20 11:32:57.903937
21391	display_fr_unique	Display FR Unique	fdiels@blurb.com	222	8	390	t	2012-01-30 03:23:00	2014-02-20 11:32:57.909741
21392	display_fr_quality	Display FR Quality	fdiels@blurb.com	222	8	343	t	2012-01-30 03:23:00	2014-02-20 11:32:57.91528
21393	display_fr_value	Display FR Value	fdiels@blurb.com	222	8	395	t	2012-01-30 03:24:00	2014-02-20 11:32:57.920757
21394	google_can_frwed	google_can_frwed	jlilien@blurb.com	115	2	403	t	2012-01-31 17:23:00	2014-02-20 11:32:57.925735
21395	google_can_frbookmaking	google_can_frbookmaking	jlilien@blurb.com	115	2	40	t	2012-01-31 17:24:00	2014-02-20 11:32:57.931051
21396	google_can_frphoto	google_can_frphoto	jlilien@blurb.com	115	2	296	t	2012-01-31 17:25:00	2014-02-20 11:32:57.935567
21397	google_uk_coffee	google_uk_coffee	fdiels@blurb.com	115	2	79	t	2012-02-01 03:00:00	2014-02-20 11:32:57.940284
21398	google_uk_play	google_uk_play	fdiels@blurb.com	115	2	335	t	2012-02-01 03:02:00	2014-02-20 11:32:57.945862
21399	google_uk_lightroom	google_uk_lightroom	fdiels@blurb.com	115	2	254	t	2012-02-01 03:10:00	2014-02-20 11:32:57.951399
21400	google_uk_software	google_uk_software	fdiels@blurb.com	115	2	369	t	2012-02-01 03:21:00	2014-02-20 11:32:57.955603
21401	google_uk_write	google_uk_write	fdiels@blurb.com	115	2	421	t	2012-02-01 03:22:00	2014-02-20 11:32:57.959559
21402	aff_fr_zx_banner4	Aff FR Logo	fdiels@blurb.com	10	6	159	t	2012-02-01 08:07:00	2014-02-20 11:32:57.963362
21403	aff_de_zx_banner4	Aff DE Logo	fdiels@blurb.com	10	6	158	t	2012-02-01 08:08:00	2014-02-20 11:32:57.967905
21404	google_mex_photoedit	google_mex_photoedit	jlilien@blurb.com	115	2	318	t	2012-02-07 16:12:00	2014-02-20 11:32:57.972906
21405	canvaspop	Canvaspop	showe@blurb.com	54	4	146	t	2012-02-16 12:18:00	2014-02-20 11:32:57.97703
21406	photoshelter	PhotoShelter	allen3@photoshelter.com	208	4	146	t	2012-02-16 12:33:00	2014-02-20 11:32:57.98086
21407	display_de_newbrand	display_de_newbrand	fdiels@blurb.com	222	8	273	t	2012-02-20 04:02:00	2014-02-20 11:32:57.984783
21408	display_de_newprfmnc	display_de_newprfmnc	fdiels@blurb.com	222	8	276	t	2012-02-20 04:03:00	2014-02-20 11:32:57.988723
21409	google_nz_wed	google_nz_wed	jlilien@blurb.com	115	2	405	t	2012-02-21 16:48:00	2014-02-20 11:32:57.993563
21410	google_nz_brand	google_nz_brand	jlilien@blurb.com	115	2	58	t	2012-02-21 16:49:00	2014-02-20 11:32:58.161116
21411	google_nz_bookmaking	google_nz_bookmaking	jlilien@blurb.com	115	2	42	t	2012-02-21 16:49:00	2014-02-20 11:32:58.165563
21412	google_nz_photo	google_nz_photo	jlilien@blurb.com	115	2	298	t	2012-02-21 16:50:00	2014-02-20 11:32:58.169833
21413	google_nz_cookbook	google_nz_cookbook	jlilien@blurb.com	115	2	95	t	2012-02-21 16:51:00	2014-02-20 11:32:58.17477
21414	google_nz_planners	google_nz_planners	jlilien@blurb.com	115	2	330	t	2012-02-21 16:51:00	2014-02-20 11:32:58.180102
21415	display_nl_newbrand	display_nl_newbrand	fdiels@blurb.com	222	8	275	t	2012-02-24 08:35:00	2014-02-20 11:32:58.184498
21416	display_fr_newbrand	display_fr_newbrand	fdiels@blurb.com	222	8	274	t	2012-02-24 08:36:00	2014-02-20 11:32:58.18867
21417	display_nl_newprfmnc	display_nl_newprfmnc	fdiels@blurb.com	222	8	278	t	2012-02-24 08:37:00	2014-02-20 11:32:58.193855
21418	display_fr_newprfmnc	display_fr_newprfmnc	fdiels@blurb.com	222	8	277	t	2012-02-24 08:38:00	2014-02-20 11:32:58.199358
21419	display_it_brand	display_it_brand	fdiels@blurb.com	222	8	154	t	2012-02-24 08:40:00	2014-02-20 11:32:58.203493
21420	display_it_value	display_it_value	fdiels@blurb.com	222	8	396	t	2012-02-24 08:43:00	2014-02-20 11:32:58.207637
21421	display_es_brand	display_es_brand	fdiels@blurb.com	222	8	65	t	2012-02-24 08:43:00	2014-02-20 11:32:58.211856
21422	display_es_value	display_es_value	fdiels@blurb.com	222	8	394	t	2012-02-24 08:44:00	2014-02-20 11:32:58.21621
21423	display_nl_newvalue	display_nl_newvalue	fdiels@blurb.com	222	8	280	t	2012-02-24 08:45:00	2014-02-20 11:32:58.221112
21424	display_fr_newvalue	display_fr_newvalue	fdiels@blurb.com	222	8	279	t	2012-02-24 08:45:00	2014-02-20 11:32:58.226231
21425	photoshelterpro	Photoshelter	showe@blurb.com	208	4	146	t	2012-02-27 11:46:00	2014-02-20 11:32:58.230223
21426	auroraphotos	Aurora Photos	jazel@auroraphotos.com	30	4	146	t	2012-02-27 11:50:00	2014-02-20 11:32:58.234139
21427	display_nl_brand	display_nl_brand	fdiels@blurb.com	222	8	68	t	2012-02-28 09:09:00	2014-02-20 11:32:58.238925
21428	google_ar_photo	google_ar_photo	jlilien@blurb.com	115	8	302	t	2012-03-09 10:37:00	2014-02-20 11:32:58.243697
21429	google_ar_bookmaking	google_ar_bookmaking	jlilien@blurb.com	115	8	43	t	2012-03-09 10:38:00	2014-02-20 11:32:58.248014
21430	google_ar_brand	google_ar_brand	jlilien@blurb.com	115	8	61	t	2012-03-09 10:39:00	2014-02-20 11:32:58.252981
21431	google_ar_wedding	google_ar_wedding	jlilien@blurb.com	115	8	408	t	2012-03-09 10:39:00	2014-02-20 11:32:58.257009
21432	google_us_gps	google_us_gps	jlilien@blurb.com	115	2	220	t	2012-03-14 10:48:00	2014-02-20 11:32:58.26101
21433	google_uk_gps	google_uk_gps	jlilien@blurb.com	115	2	221	t	2012-03-14 10:49:00	2014-02-20 11:32:58.264806
21434	google_samer_photo	google_samer_photo	jlilien@blurb.com	115	2	352	t	2012-03-14 16:27:00	2014-02-20 11:32:58.269208
21435	google_samer_bookmaking	google_samer_bookmaking	jlilien@blurb.com	115	2	352	t	2012-03-14 16:27:00	2014-02-20 11:32:58.273215
21436	google_samer_brand	google_samer_brand	jlilien@blurb.com	115	2	352	t	2012-03-14 16:28:00	2014-02-20 11:32:58.277323
21437	google_samer_wedding	google_samer_wedding	jlilien@blurb.com	115	2	352	t	2012-03-14 16:29:00	2014-02-20 11:32:58.281139
21438	google_mex_photocollage	google_mex_photocollage	jlilien@blurb.com	115	2	316	t	2012-03-23 11:15:00	2014-02-20 11:32:58.285004
21439	google_aunz_gen2_build	google_aunz_gen2_build	jlilien@blurb.com	115	2	214	t	2012-03-23 15:54:00	2014-02-20 11:32:58.28899
21440	google_aunz_gen2_custom	google_aunz_gen2_custom	jlilien@blurb.com	115	2	214	t	2012-03-23 15:55:00	2014-02-20 11:32:58.292933
21441	google_aunz_gen2_cover	google_aunz_gen2_cover	jlilien@blurb.com	115	2	214	t	2012-03-23 15:56:00	2014-02-20 11:32:58.297191
21442	google_aunz_gen2_digital	google_aunz_gen2_digital	jlilien@blurb.com	115	2	214	t	2012-03-23 15:56:00	2014-02-20 11:32:58.30187
21443	google_aunz_gen2_diy	google_aunz_gen2_diy	jlilien@blurb.com	115	2	214	t	2012-03-23 15:57:00	2014-02-20 11:32:58.306149
21444	google_aunz_gen2_hardcove	google_aunz_gen2_hardcover	jlilien@blurb.com	115	2	214	t	2012-03-23 15:58:00	2014-02-20 11:32:58.311085
21445	google_aunz_gen2_homemade	google_aunz_gen2_homemade	jlilien@blurb.com	115	2	214	t	2012-03-23 15:59:00	2014-02-20 11:32:58.315557
21446	google_aunz_gen2_ideas	google_aunz_gen2_ideas	jlilien@blurb.com	115	2	214	t	2012-03-23 15:59:00	2014-02-20 11:32:58.320613
21447	google_aunz_gen2_storyboo	google_aunz_gen2_storybook	jlilien@blurb.com	115	2	214	t	2012-03-23 16:00:00	2014-02-20 11:32:58.325342
21448	google_aunz_gen2_online	google_aunz_gen2_online	jlilien@blurb.com	115	2	214	t	2012-03-23 16:01:00	2014-02-20 11:32:58.329875
21449	google_aunz_gen2_personal	google_aunz_gen2_personal	jlilien@blurb.com	115	2	214	t	2012-03-23 16:05:00	2014-02-20 11:32:58.503741
21450	google_aunz_gen2_website	google_aunz_gen2_website	jlilien@blurb.com	115	2	214	t	2012-03-23 16:06:00	2014-02-20 11:32:58.508362
21451	google_aunz_gen2_pod	google_aunz_gen2_pod	jlilien@blurb.com	115	2	214	t	2012-03-23 16:08:00	2014-02-20 11:32:58.512722
21452	google_can_gen_pod	google_can_gen_pod	jlilien@blurb.com	115	2	202	t	2012-03-23 16:09:00	2014-02-20 11:32:58.517001
21453	google_can_gen_hardcover	google_can_gen_hardcover	jlilien@blurb.com	115	2	202	t	2012-03-23 16:09:00	2014-02-20 11:32:58.522324
21454	google_can_gen_build	google_can_gen_build	jlilien@blurb.com	115	2	202	t	2012-03-23 16:10:00	2014-02-20 11:32:58.527356
21455	google_can_gen_custom	google_can_gen_custom	jlilien@blurb.com	115	2	202	t	2012-03-23 16:11:00	2014-02-20 11:32:58.531824
21456	google_can_gen_diy	google_can_gen_diy	jlilien@blurb.com	115	2	202	t	2012-03-23 16:11:00	2014-02-20 11:32:58.536779
21457	google_can_gen_homemade	google_can_gen_homemade	jlilien@blurb.com	115	2	202	t	2012-03-23 16:12:00	2014-02-20 11:32:58.541986
21458	google_can_gen_website	google_can_gen_website	jlilien@blurb.com	115	2	202	t	2012-03-23 16:13:00	2014-02-20 11:32:58.547452
21459	google_can_gen_storybook	google_can_gen_storybook	jlilien@blurb.com	115	2	202	t	2012-03-23 16:13:00	2014-02-20 11:32:58.552071
21460	google_can_gen_ideas	google_can_gen_ideas	jlilien@blurb.com	115	2	202	t	2012-03-23 16:17:00	2014-02-20 11:32:58.557542
21461	google_can_gen_format	google_can_gen_format	jlilien@blurb.com	115	2	202	t	2012-03-23 16:18:00	2014-02-20 11:32:58.561912
21462	google_can_cover	google_can_cover	jlilien@blurb.com	115	2	105	t	2012-03-23 16:19:00	2014-02-20 11:32:58.566487
21463	google_gen_hardback	google_gen_hardback	jlilien@blurb.com	115	2	205	t	2012-03-23 16:20:00	2014-02-20 11:32:58.570746
21464	google_gen_cover	google_gen_cover	jlilien@blurb.com	115	2	205	t	2012-03-23 16:23:00	2014-02-20 11:32:58.575455
21465	google_gen_build	google_gen_build	jlilien@blurb.com	115	2	205	t	2012-03-23 16:24:00	2014-02-20 11:32:58.579816
21466	google_gen_custom	google_gen_custom	jlilien@blurb.com	115	2	205	t	2012-03-23 16:24:00	2014-02-20 11:32:58.584787
21467	google_gen_diy	google_gen_diy	jlilien@blurb.com	115	2	205	t	2012-03-23 16:25:00	2014-02-20 11:32:58.589982
21468	google_gen_homemade	google_gen_homemade	jlilien@blurb.com	115	2	205	t	2012-03-23 16:25:00	2014-02-20 11:32:58.594189
21469	google_gen_website	google_gen_website	jlilien@blurb.com	115	2	205	t	2012-03-23 16:26:00	2014-02-20 11:32:58.598263
21470	google_gen_online	google_gen_online	jlilien@blurb.com	115	2	205	t	2012-03-23 16:27:00	2014-02-20 11:32:58.602555
21471	google_gen_storybook	google_gen_storybook	jlilien@blurb.com	115	2	205	t	2012-03-23 16:27:00	2014-02-20 11:32:58.606608
21472	google_gen_digital	google_gen_digital	jlilien@blurb.com	115	2	205	t	2012-03-23 16:28:00	2014-02-20 11:32:58.610644
21473	google_gen_layouts	google_gen_layouts	jlilien@blurb.com	115	2	205	t	2012-03-23 16:28:00	2014-02-20 11:32:58.614853
21474	google_gen_program	google_gen_program	jlilien@blurb.com	115	2	205	t	2012-03-23 16:29:00	2014-02-20 11:32:58.619468
21475	google_gen_ideas	google_gen_ideas	jlilien@blurb.com	115	2	205	t	2012-03-23 16:30:00	2014-02-20 11:32:58.624143
21476	fb_display_nanigans	Nanigans	sbeaumonte@blurb.com	97	8	146	t	2012-03-30 14:52:00	2014-02-20 11:32:58.629893
21477	display_uk_believe	display_uk_believe	fdiels@blurb.com	222	8	28	t	2012-04-02 10:44:00	2014-02-20 11:32:58.635488
21478	display_uk_art	display_uk_art	fdiels@blurb.com	222	8	10	t	2012-04-02 10:45:00	2014-02-20 11:32:58.640658
21479	google_au_gps	google_au_gps	jlilien@blurb.com	115	2	219	t	2012-04-04 10:21:00	2014-02-20 11:32:58.645527
21480	emerge2012	emerge 2012	cgxtest@blurb.com	57	7	74	t	2012-04-10 20:24:00	2014-02-20 11:32:58.650357
21481	cgxcorp	CGX Corporate	cgxtest@blurb.com	57	7	74	t	2012-04-10 20:24:00	2014-02-20 11:32:58.655683
21482	cgxsales	CGX Strategic Sales	cgxtest@blurb.com	57	7	74	t	2012-04-10 20:24:00	2014-02-20 11:32:58.660255
21483	agscustomgraphics	AGS Custom Graphics	cgxtest@blurb.com	57	7	74	t	2012-04-10 20:24:00	2014-02-20 11:32:58.665213
21484	andersonprinting	Anderson / LA	cgxtest@blurb.com	57	7	74	t	2012-04-10 20:24:00	2014-02-20 11:32:58.670141
21485	annanbird	Annan & Bird Lithographers	cgxtest@blurb.com	57	7	74	t	2012-04-10 20:24:00	2014-02-20 11:32:58.674088
21486	applegraphicsinc	Apple Graphics	cgxtest@blurb.com	57	7	74	t	2012-04-10 20:24:00	2014-02-20 11:32:58.678681
21487	ags	Automated Graphic Systems	cgxtest@blurb.com	57	7	74	t	2012-04-10 20:24:00	2014-02-20 11:32:58.683832
21488	bigink	bigINK	cgxtest@blurb.com	57	7	74	t	2012-04-10 20:24:00	2014-02-20 11:32:58.856182
21489	bridgetown	Bridgetown Printing	cgxtest@blurb.com	57	7	74	t	2012-04-10 20:24:00	2014-02-20 11:32:58.860795
21490	cdspubs	CDS Publications	cgxtest@blurb.com	57	7	74	t	2012-04-10 20:24:00	2014-02-20 11:32:58.866074
21491	cpy	Chas. P. Young	cgxtest@blurb.com	57	7	74	t	2012-04-10 20:24:00	2014-02-20 11:32:58.87227
21492	clearvisionsinc	Clear Visions Inc.	cgxtest@blurb.com	57	7	74	t	2012-04-10 20:24:00	2014-02-20 11:32:58.878332
21493	cmiart	CMI	cgxtest@blurb.com	57	7	74	t	2012-04-10 20:24:00	2014-02-20 11:32:58.883397
21494	carqueville	Consolidated Carqueville Printing	cgxtest@blurb.com	57	7	74	t	2012-04-10 20:24:00	2014-02-20 11:32:58.888029
21495	courierprinting	Courier Printing	cgxtest@blurb.com	57	7	74	t	2012-04-10 20:24:00	2014-02-20 11:32:58.892233
21496	cpsolutions	CP Solutions	cgxtest@blurb.com	57	7	74	t	2012-04-10 20:24:00	2014-02-20 11:32:58.896192
21497	cyrilscott	Cyril-Scott Company	cgxtest@blurb.com	57	7	74	t	2012-04-10 20:24:00	2014-02-20 11:32:58.900379
21498	digitaldirect	Digital Direct	cgxtest@blurb.com	57	7	74	t	2012-04-10 20:24:00	2014-02-20 11:32:58.904412
21499	eaglepress	Eagle Press	cgxtest@blurb.com	57	7	74	t	2012-04-10 20:24:00	2014-02-20 11:32:58.90925
21500	egtgo	EGT Printing Solutions	cgxtest@blurb.com	57	7	74	t	2012-04-10 20:24:00	2014-02-20 11:32:58.913453
21501	ecprint	Electric City Printing	cgxtest@blurb.com	57	7	74	t	2012-04-10 20:24:00	2014-02-20 11:32:58.917577
21502	emeraldcg	Emerald City Graphics	cgxtest@blurb.com	57	7	74	t	2012-04-10 20:24:00	2014-02-20 11:32:58.921927
21503	fittje	Fittje Bros. Printing	cgxtest@blurb.com	57	7	74	t	2012-04-10 20:24:00	2014-02-20 11:32:58.926008
21504	fredericprinting	Frederic Printing	cgxtest@blurb.com	57	7	74	t	2012-04-10 20:24:00	2014-02-20 11:32:58.930589
21505	garnerprint	Garner Printing	cgxtest@blurb.com	57	7	74	t	2012-04-10 20:24:00	2014-02-20 11:32:58.934794
21506	geyerprinting	Geyer Printing	cgxtest@blurb.com	57	7	74	t	2012-04-10 20:24:00	2014-02-20 11:32:58.939994
21507	graphcomprints	Graphcom	cgxtest@blurb.com	57	7	74	t	2012-04-10 20:24:00	2014-02-20 11:32:58.945407
21508	graphicsgroup	Graphics Group	cgxtest@blurb.com	57	7	74	t	2012-04-10 20:24:00	2014-02-20 11:32:58.949576
21509	graphtec	GraphTec	cgxtest@blurb.com	57	7	74	t	2012-04-10 20:24:00	2014-02-20 11:32:58.953983
21510	gslitho	GSL Fine Lithographers	cgxtest@blurb.com	57	7	74	t	2012-04-10 20:24:00	2014-02-20 11:32:58.958021
21511	hnprinting	H & N Printing	cgxtest@blurb.com	57	7	74	t	2012-04-10 20:24:00	2014-02-20 11:32:58.963131
21512	hennegan	Hennegan Company	cgxtest@blurb.com	57	7	74	t	2012-04-10 20:24:00	2014-02-20 11:32:58.968135
21513	hickoryprinting	Hickory Printing Solutions	cgxtest@blurb.com	57	7	74	t	2012-04-10 20:24:00	2014-02-20 11:32:58.972153
21514	imagesystems	Image Systems	cgxtest@blurb.com	57	7	74	t	2012-04-10 20:24:00	2014-02-20 11:32:58.976868
21515	ironwoodlitho	Ironwood Lithographers	cgxtest@blurb.com	57	7	74	t	2012-04-10 20:24:00	2014-02-20 11:32:58.980843
21516	jacksongroup	The Jackson Group 	cgxtest@blurb.com	57	7	74	t	2012-04-10 20:24:00	2014-02-20 11:32:58.984859
21517	jarvispress	Jarvis Press	cgxtest@blurb.com	57	7	74	t	2012-04-10 20:24:00	2014-02-20 11:32:58.98871
21518	jco	John C. Otto	cgxtest@blurb.com	57	7	74	t	2012-04-10 20:24:00	2014-02-20 11:32:58.992661
21519	keysprinting	Keys Printing	cgxtest@blurb.com	57	7	74	t	2012-04-10 20:24:00	2014-02-20 11:32:58.997766
21520	printlinc	Lincoln Printing	cgxtest@blurb.com	57	7	74	t	2012-04-10 20:24:00	2014-02-20 11:32:59.002715
21521	marylandcomp	Maryland Composition	cgxtest@blurb.com	57	7	74	t	2012-04-10 20:24:00	2014-02-20 11:32:59.006775
21522	maxgraphics	Maximum Graphics	cgxtest@blurb.com	57	7	74	t	2012-04-10 20:24:00	2014-02-20 11:32:59.010863
21523	mckaypress	McKay Press	cgxtest@blurb.com	57	7	74	t	2012-04-10 20:24:00	2014-02-20 11:32:59.014623
21524	mercuryprintingco	Mercury Printing	cgxtest@blurb.com	57	7	74	t	2012-04-10 20:24:00	2014-02-20 11:32:59.018906
21525	metropolitanprinting	Metropolitan Printing	cgxtest@blurb.com	57	7	74	t	2012-04-10 20:24:00	2014-02-20 11:32:59.023952
21526	mvprint	Mount Vernon Printing	cgxtest@blurb.com	57	7	74	t	2012-04-10 20:24:00	2014-02-20 11:32:59.028347
21527	nies	Nies/Artcraft Companies	cgxtest@blurb.com	57	7	74	t	2012-04-10 20:24:00	2014-02-20 11:32:59.204768
21528	ocpc	OCPC	cgxtest@blurb.com	57	7	74	t	2012-04-10 20:24:00	2014-02-20 11:32:59.210419
21529	psp	Pacific Standard Print	cgxtest@blurb.com	57	7	74	t	2012-04-10 20:24:00	2014-02-20 11:32:59.21548
21530	pbmgraphics	PBM Graphics	cgxtest@blurb.com	57	7	74	t	2012-04-10 20:24:00	2014-02-20 11:32:59.219712
21532	pikespeaklitho	Pikes Peak	cgxtest@blurb.com	57	7	74	t	2012-04-10 20:24:00	2014-02-20 11:32:59.228462
21533	plitho	Precision Litho	cgxtest@blurb.com	57	7	74	t	2012-04-10 20:24:00	2014-02-20 11:32:59.233586
21534	printingcontrol	Printing Control Graphics	cgxtest@blurb.com	57	7	74	t	2012-04-10 20:24:00	2014-02-20 11:32:59.238201
21535	printinginc	Printing Inc.	cgxtest@blurb.com	57	7	74	t	2012-04-10 20:24:00	2014-02-20 11:32:59.243401
21536	rushpress	Rush Press	cgxtest@blurb.com	57	7	74	t	2012-04-10 20:24:00	2014-02-20 11:32:59.248126
21537	spanglergraphics	Spangler Graphics	cgxtest@blurb.com	57	7	74	t	2012-04-10 20:24:00	2014-02-20 11:32:59.252595
21538	storterchilds	StorterChilds Printing	jkruszka@nies.com	245	4	146	t	2012-04-10 20:24:00	2014-02-20 11:32:59.257913
21539	superiorcolour	Superior Colour Graphics	cgxtest@blurb.com	57	7	74	t	2012-04-10 20:24:00	2014-02-20 11:32:59.262667
21540	toprinting	T/O Printing	cgxtest@blurb.com	57	7	74	t	2012-04-10 20:24:00	2014-02-20 11:32:59.267142
21541	tewellwarren	Tewell Warren Printing	cgxtest@blurb.com	57	7	74	t	2012-04-10 20:24:00	2014-02-20 11:32:59.271767
21542	printerywi	The Printery	cgxtest@blurb.com	57	7	74	t	2012-04-10 20:24:00	2014-02-20 11:32:59.276228
21543	theodavis	Theo Davis Printing	cgxtest@blurb.com	57	7	74	t	2012-04-10 20:24:00	2014-02-20 11:32:59.281443
21544	tuckerprinters	Tucker Printers	cgxtest@blurb.com	57	7	74	t	2012-04-10 20:24:00	2014-02-20 11:32:59.286139
21545	tursack	Tursack Inc.	cgxtest@blurb.com	57	7	74	t	2012-04-10 20:24:00	2014-02-20 11:32:59.290596
21546	veritassolutions	Veritas Document Solutions	cgxtest@blurb.com	57	7	74	t	2012-04-10 20:24:00	2014-02-20 11:32:59.295922
21547	walnutcirclepress	Walnut Circle Press	cgxtest@blurb.com	57	7	74	t	2012-04-10 20:24:00	2014-02-20 11:32:59.301225
21548	watermarkpress	Watermark Press	cgxtest@blurb.com	57	7	74	t	2012-04-10 20:24:00	2014-02-20 11:32:59.306612
21549	wentworthprinting	Wentworth Printing	cgxtest@blurb.com	57	7	74	t	2012-04-10 20:24:00	2014-02-20 11:32:59.310793
21550	westernlithograph	Western Lithograph	cgxtest@blurb.com	57	7	74	t	2012-04-10 20:24:00	2014-02-20 11:32:59.315087
21551	westlandprinters	Westland Printers	cgxtest@blurb.com	57	7	74	t	2012-04-10 20:24:00	2014-02-20 11:32:59.319504
21552	wetzelbrothers	Wetzel Brothers	cgxtest@blurb.com	57	7	74	t	2012-04-10 20:24:00	2014-02-20 11:32:59.323983
21553	woodridgepress	Woodridge Press	cgxtest@blurb.com	57	7	74	t	2012-04-10 20:24:00	2014-02-20 11:32:59.329505
21554	yokohamadc	Yokohama Digital Center	cgxtest@blurb.com	57	7	74	t	2012-04-10 20:24:00	2014-02-20 11:32:59.334494
21555	wimmerco	Wimmer Cookbooks	cgxtest@blurb.com	57	7	74	t	2012-04-10 20:24:00	2014-02-20 11:32:59.338478
21556	cgxp	Consolidated Graphics Prague	cgxtest@blurb.com	57	7	74	t	2012-04-10 20:24:00	2014-02-20 11:32:59.342984
21557	google_uk_family	google_uk_family	fdiels@blurb.com	115	2	195	t	2012-04-19 09:57:00	2014-02-20 11:32:59.348022
21558	display_uk_designer	display_uk_designer	fdiels@blurb.com	222	8	161	t	2012-04-20 02:49:00	2014-02-20 11:32:59.352336
21559	google_nl_cookbook	google_nl_cookbook	fdiels@blurb.com	115	2	102	t	2012-04-23 08:57:00	2014-02-20 11:32:59.356446
21560	google_es_cookbook	google_es_cookbook	fdiels@blurb.com	115	2	99	t	2012-04-23 08:58:00	2014-02-20 11:32:59.360615
21561	google_it_cookbook	google_it_cookbook	fdiels@blurb.com	115	2	101	t	2012-04-23 08:58:00	2014-02-20 11:32:59.364519
21562	google_it_wedding	google_it_wedding	fdiels@blurb.com	115	2	415	t	2012-04-23 09:00:00	2014-02-20 11:32:59.369142
21563	google_es_wedding	google_es_wedding	fdiels@blurb.com	115	2	413	t	2012-04-23 09:01:00	2014-02-20 11:32:59.374156
21564	google_nl_wedding	google_nl_wedding	fdiels@blurb.com	115	2	416	t	2012-04-23 09:04:00	2014-02-20 11:32:59.378234
21565	google_nl_travel	google_nl_travel	fdiels@blurb.com	115	2	386	t	2012-04-23 09:04:00	2014-02-20 11:32:59.38241
21566	google_es_travel	google_es_travel	fdiels@blurb.com	115	2	384	t	2012-04-23 09:06:00	2014-02-20 11:32:59.551839
21567	google_it_travel	google_it_travel	fdiels@blurb.com	115	2	385	t	2012-04-23 09:09:00	2014-02-20 11:32:59.556591
21568	google_uk_sitelink	google_uk_sitelink	fdiels@blurb.com	115	2	363	t	2012-04-23 09:10:00	2014-02-20 11:32:59.561507
21569	google_se_book	google_se_book	fdiels@blurb.com	115	8	38	t	2012-04-24 06:47:00	2014-02-20 11:32:59.565815
21570	google_aunz_competitors	google_aunz_competitors	jlilien@blurb.com	115	2	85	t	2012-04-27 11:42:00	2014-02-20 11:32:59.569854
21571	google_de_navigation	google_de_navigation	fdiels@blurb.com	115	2	270	t	2012-05-01 10:12:00	2014-02-20 11:32:59.5742
21572	google_uk_navigation	google_uk_navigation	fdiels@blurb.com	115	2	271	t	2012-05-01 10:14:00	2014-02-20 11:32:59.578307
21573	aff_de_banner	aff_de_banner	fdiels@blurb.com	10	6	158	t	2012-05-02 07:28:00	2014-02-20 11:32:59.582218
21574	zanox_de	zanox_de	fdiels@blurb.com	294	6	125	t	2012-05-02 07:29:00	2014-02-20 11:32:59.586524
21575	zanox_fr	zanox_fr	fdiels@blurb.com	294	6	131	t	2012-05-02 07:30:00	2014-02-20 11:32:59.591228
21576	awin_uk	awin_uk	fdiels@blurb.com	10	6	160	t	2012-05-02 07:31:00	2014-02-20 11:32:59.596192
21577	typo	typo	fdiels@blurb.com	267	3	146	t	2012-05-09 04:13:00	2014-02-20 11:32:59.600839
21578	email_be	email_be	fdiels@blurb.com	91	3	146	t	2012-05-11 09:32:00	2014-02-20 11:32:59.605975
21579	viewbug	viewbug	jimmy@viewbug.com	273	3	146	t	2012-05-21 16:34:00	2014-02-20 11:32:59.61017
21580	display_uk_dog	display_uk_dog	fdiels@blurb.com	222	8	166	t	2012-05-25 02:09:00	2014-02-20 11:32:59.61443
21581	display_uk_cookbook	display_uk_cookbook	fdiels@blurb.com	222	8	103	t	2012-05-25 02:11:00	2014-02-20 11:32:59.61878
21582	display_uk_fish	display_uk_fish	fdiels@blurb.com	222	8	197	t	2012-05-25 03:52:00	2014-02-20 11:32:59.622852
21583	display_de_baby	display_de_baby	fdiels@blurb.com	222	8	21	t	2012-05-25 03:53:00	2014-02-20 11:32:59.628107
21584	display_it_shark	display_it_shark	fdiels@blurb.com	222	8	357	t	2012-05-25 03:55:00	2014-02-20 11:32:59.632904
21585	display_es_shark	display_es_shark	fdiels@blurb.com	222	8	355	t	2012-05-25 03:55:00	2014-02-20 11:32:59.637138
21586	display_fr_shark	display_fr_shark	fdiels@blurb.com	222	8	356	t	2012-05-25 04:02:00	2014-02-20 11:32:59.642091
21587	display_nl_shark2	display_nl_shark2	fdiels@blurb.com	222	8	358	t	2012-05-25 04:05:00	2014-02-20 11:32:59.64671
21588	msn_blog_2	MSN_Blog_2	lpattison@blurb.com	165	2	33	t	2012-05-25 13:21:00	2014-02-20 11:32:59.650946
21589	msn_ebooks	MSN_ebooks	lpattison@blurb.com	165	2	172	t	2012-05-25 13:22:00	2014-02-20 11:32:59.655969
21590	msn_competitor	MSN_competitor	lpattison@blurb.com	165	2	83	t	2012-05-25 13:23:00	2014-02-20 11:32:59.660659
21591	msn_cookbooks	MSN_Cookbooks	lpattison@blurb.com	165	2	104	t	2012-05-25 13:25:00	2014-02-20 11:32:59.66471
21592	msn_wedding_2	MSN_Wedding_2	lpattison@blurb.com	165	2	407	t	2012-05-25 13:26:00	2014-02-20 11:32:59.668506
21593	luceo	Luceo	dmilnor@blurb.com	153	5	146	t	2012-06-05 16:10:00	2014-02-20 11:32:59.67249
21594	google_can_frbrand	Google_Can_Frbrand	lpattison@blurb.com	115	2	56	t	2012-06-08 13:31:00	2014-02-20 11:32:59.676311
21595	sonyca	sonyca	jlilien@blurb.com	240	4	146	t	2012-06-08 17:15:00	2014-02-20 11:32:59.681075
21596	imagination_publishing	imagination_publishing	fdiels@blurb.com	128	8	146	t	2012-06-13 09:07:00	2014-02-20 11:32:59.686158
21597	referafriend_uk	referafriend_uk	fdiels@blurb.com	183	9	144	t	2012-06-18 03:55:00	2014-02-20 11:32:59.690184
21598	google_can_competitor	Google_Can_Competitor	gzendejas@blurb.com	115	2	84	t	2012-06-20 11:07:00	2014-02-20 11:32:59.694112
21599	medicalert	medicalert	jlilien@blurb.com	163	3	146	t	2012-06-28 09:14:00	2014-02-20 11:32:59.698561
21600	google_gen_person	Google_Gen_Person	gzendejas@blurb.com	115	2	205	t	2012-06-29 14:30:00	2014-02-20 11:32:59.703057
21601	google_aunz_photo_au	Google_Aunz_Photo_Au	gzendejas@blurb.com	115	2	292	t	2012-06-29 15:39:00	2014-02-20 11:32:59.708282
21602	google_aunz_gen2_hard	Google_Aunz_Gen2_Hard	gzendejas@blurb.com	115	2	214	t	2012-06-29 15:40:00	2014-02-20 11:32:59.712998
21603	google_can_photo_scrap	Google_Can_Photo_Scrap	gzendejas@blurb.com	115	2	319	t	2012-06-29 15:42:00	2014-02-20 11:32:59.716909
21604	google_aunz_gen2_story	Google_Aunz_Gen2_Story	gzendejas@blurb.com	115	2	214	t	2012-06-29 15:43:00	2014-02-20 11:32:59.721658
21605	display_de_cookbook	display_de_cookbook	fdiels@blurb.com	222	8	98	t	2012-07-02 06:28:00	2014-02-20 11:32:59.894221
21606	display_nl_cookbook	display_nl_cookbook	fdiels@blurb.com	222	8	102	t	2012-07-02 06:34:00	2014-02-20 11:32:59.899392
21607	display_fr_cookbook	display_fr_cookbook	fdiels@blurb.com	222	8	100	t	2012-07-02 06:59:00	2014-02-20 11:32:59.904801
21608	display_de_dog	display_de_dog	fdiels@blurb.com	222	8	163	t	2012-07-02 10:49:00	2014-02-20 11:32:59.908918
21609	display_nl_dog	display_nl_dog	fdiels@blurb.com	222	8	165	t	2012-07-02 10:50:00	2014-02-20 11:32:59.913668
21610	display_fr_dog	display_fr_dog	fdiels@blurb.com	222	8	164	t	2012-07-02 10:51:00	2014-02-20 11:32:59.918051
21611	display_de_art	display_de_art	fdiels@blurb.com	222	8	7	t	2012-07-02 10:54:00	2014-02-20 11:32:59.922415
21612	display_nl_art	display_nl_art	fdiels@blurb.com	222	8	9	t	2012-07-02 10:55:00	2014-02-20 11:32:59.927114
21613	display_fr_art	display_fr_art	fdiels@blurb.com	222	8	8	t	2012-07-02 11:07:00	2014-02-20 11:32:59.931827
21614	display_de_believe	display_de_believe	fdiels@blurb.com	222	8	25	t	2012-07-02 11:08:00	2014-02-20 11:32:59.936016
21615	display_nl_believe	display_nl_believe	fdiels@blurb.com	222	8	27	t	2012-07-02 11:08:00	2014-02-20 11:32:59.941018
21616	display_fr_believe	display_fr_believe	fdiels@blurb.com	222	8	26	t	2012-07-02 11:09:00	2014-02-20 11:32:59.946251
21617	google_photo_product	Google_Photo_Product	gzendejas@blurb.com	115	2	301	t	2012-07-03 17:40:00	2014-02-20 11:32:59.951699
21618	babyologyfb	babyologyfb	jlilien@blurb.com	97	8	146	t	2012-07-12 11:01:00	2014-02-20 11:32:59.956674
21619	google_photo_wprice	Google_Photo_Wprice	gzendejas@blurb.com	115	2	301	t	2012-07-13 12:21:00	2014-02-20 11:32:59.961631
21620	google_photo_woprice	Google_Photo_woprice	gzendejas@blurb.com	115	2	301	t	2012-07-13 12:22:00	2014-02-20 11:32:59.96667
21621	google_uk_photobook	google_uk_photobook	fdiels@blurb.com	115	2	315	t	2012-07-20 08:18:00	2014-02-20 11:32:59.971835
21622	google_uk_photo_album	google_uk_photo_album	fdiels@blurb.com	115	2	6	t	2012-07-20 08:19:00	2014-02-20 11:32:59.975893
21623	google_uk_photo_book	google_uk_photo_book	fdiels@blurb.com	115	2	315	t	2012-07-20 08:20:00	2014-02-20 11:32:59.980671
21624	google_uk_binding	google_uk_binding	fdiels@blurb.com	115	2	31	t	2012-07-20 08:36:00	2014-02-20 11:32:59.985936
21625	google_uk_bookmaking	google_uk_bookmaking	fdiels@blurb.com	115	2	48	t	2012-07-20 08:41:00	2014-02-20 11:32:59.989949
21626	google_nl_photo_book	google_nl_photo_book	fdiels@blurb.com	115	2	314	t	2012-07-21 11:00:00	2014-02-20 11:32:59.994177
21627	google_nl_photo_album	google_nl_photo_album	fdiels@blurb.com	115	2	310	t	2012-07-21 11:01:00	2014-02-20 11:32:59.999347
21628	google_nl_binding	google_nl_binding	fdiels@blurb.com	115	2	30	t	2012-07-21 11:03:00	2014-02-20 11:33:00.00403
21629	google_fr_photo_book	google_fr_photo_book	fdiels@blurb.com	115	2	313	t	2012-07-21 11:16:00	2014-02-20 11:33:00.008869
21630	google_uk_christening	google_uk_christening	fdiels@blurb.com	115	2	76	t	2012-07-27 08:05:00	2014-02-20 11:33:00.013359
21631	google_uk_cookbook	google_uk_cookbook	fdiels@blurb.com	115	2	103	t	2012-07-27 08:28:00	2014-02-20 11:33:00.017557
21632	google_uk_graduation	google_uk_graduation	fdiels@blurb.com	115	2	223	t	2012-07-27 08:36:00	2014-02-20 11:33:00.022804
21633	google_uk_professional	google_uk_professional	fdiels@blurb.com	115	2	340	t	2012-07-27 08:37:00	2014-02-20 11:33:00.027447
21634	google_uk_school	google_uk_school	fdiels@blurb.com	115	2	353	t	2012-07-27 11:03:00	2014-02-20 11:33:00.032353
21635	google_uk_wedding	google_uk_wedding	fdiels@blurb.com	115	2	417	t	2012-07-27 11:03:00	2014-02-20 11:33:00.037583
21636	google_uk_indesign	google_uk_indesign	fdiels@blurb.com	115	2	237	t	2012-07-27 11:04:00	2014-02-20 11:33:00.042853
21637	google_uk_travel	google_uk_travel	fdiels@blurb.com	115	2	387	t	2012-07-27 11:07:00	2014-02-20 11:33:00.048551
21638	google_uk_yearbook	google_uk_yearbook	fdiels@blurb.com	115	2	422	t	2012-07-27 11:08:00	2014-02-20 11:33:00.052983
21639	google_brand_woprice	Google_Brand_Woprice	gzendejas@blurb.com	115	2	60	t	2012-07-30 08:57:00	2014-02-20 11:33:00.057878
21640	google_brand_wprice	Google_Brand_Wprice	gzendejas@blurb.com	115	2	60	t	2012-07-30 08:58:00	2014-02-20 11:33:00.062999
21641	google_wed_wprice	Google_Wed_Wprice	gzendejas@blurb.com	115	2	407	t	2012-07-30 08:59:00	2014-02-20 11:33:00.067994
21642	google_wed_woprice	Google_Wed_Woprice	gzendejas@blurb.com	115	2	407	t	2012-07-30 09:03:00	2014-02-20 11:33:00.072456
21643	google_uk_baby	google_uk_baby	fdiels@blurb.com	115	2	23	t	2012-07-31 06:29:00	2014-02-20 11:33:00.077363
21644	google_uk_competitors	google_uk_competitors	fdiels@blurb.com	115	2	86	t	2012-07-31 06:35:00	2014-02-20 11:33:00.250121
21645	google_uk_dissertation	google_uk_dissertation	fdiels@blurb.com	115	2	162	t	2012-07-31 06:37:00	2014-02-20 11:33:00.256221
21646	bing_uk_cookbook	bing_uk_cookbook	fdiels@blurb.com	165	2	103	t	2012-07-31 06:43:00	2014-02-20 11:33:00.260518
21647	bing_uk_school	bing_uk_school	fdiels@blurb.com	165	2	353	t	2012-07-31 06:54:00	2014-02-20 11:33:00.264894
21648	bing_uk_wedding	bing_uk_wedding	fdiels@blurb.com	165	2	417	t	2012-07-31 06:58:00	2014-02-20 11:33:00.269613
21649	bing_uk_indesign	bing_uk_indesign	fdiels@blurb.com	165	2	237	t	2012-07-31 07:17:00	2014-02-20 11:33:00.275011
21650	bing_uk_travel	bing_uk_travel	fdiels@blurb.com	165	2	387	t	2012-07-31 07:20:00	2014-02-20 11:33:00.279403
21651	bing_uk_yearbook	bing_uk_yearbook	fdiels@blurb.com	165	2	422	t	2012-07-31 07:21:00	2014-02-20 11:33:00.283584
21652	bing_uk_baby	bing_uk_baby	fdiels@blurb.com	165	2	23	t	2012-07-31 07:36:00	2014-02-20 11:33:00.287821
21653	bing_uk_business	bing_uk_business	fdiels@blurb.com	165	2	73	t	2012-07-31 08:57:00	2014-02-20 11:33:00.292189
21654	bing_uk_competitors	bing_uk_competitors	fdiels@blurb.com	165	2	86	t	2012-07-31 09:00:00	2014-02-20 11:33:00.29632
21655	bing_uk_dissertation	bing_uk_dissertation	fdiels@blurb.com	165	2	162	t	2012-07-31 09:01:00	2014-02-20 11:33:00.301546
21656	bing_uk_professional	bing_uk_professional	fdiels@blurb.com	165	2	340	t	2012-07-31 09:01:00	2014-02-20 11:33:00.306726
21657	bing_uk_brand_misspell	bing_uk_brand_misspell	fdiels@blurb.com	165	2	70	t	2012-07-31 09:03:00	2014-02-20 11:33:00.31145
21658	bing_uk_graduation	bing_uk_graduation	fdiels@blurb.com	165	2	223	t	2012-07-31 09:03:00	2014-02-20 11:33:00.315507
21659	google_fr_baby	google_fr_baby	fdiels@blurb.com	115	2	22	t	2012-07-31 09:22:00	2014-02-20 11:33:00.320081
21660	google_fr_binding	google_fr_binding	fdiels@blurb.com	115	2	29	t	2012-07-31 09:22:00	2014-02-20 11:33:00.325283
21661	google_fr_birthday	google_fr_birthday	fdiels@blurb.com	115	2	32	t	2012-07-31 09:23:00	2014-02-20 11:33:00.329773
21662	google_fr_bookmaking	google_fr_bookmaking	fdiels@blurb.com	115	2	46	t	2012-07-31 09:24:00	2014-02-20 11:33:00.334088
21663	google_fr_christening	google_fr_christening	fdiels@blurb.com	116	2	75	t	2012-07-31 09:25:00	2014-02-20 11:33:00.339595
21664	google_fr_cookbook	google_fr_cookbook	fdiels@blurb.com	115	2	100	t	2012-07-31 09:26:00	2014-02-20 11:33:00.344966
21665	google_fr_gap_year	google_fr_gap_year	fdiels@blurb.com	115	2	198	t	2012-07-31 09:27:00	2014-02-20 11:33:00.349425
21666	google_uk	google_uk	fdiels@blurb.com	115	2	157	t	2012-08-01 02:39:00	2014-02-20 11:33:00.353351
21667	bing_uk	bing_uk	fdiels@blurb.com	165	2	157	t	2012-08-01 02:39:00	2014-02-20 11:33:00.357545
21668	google_nl	google_nl	fdiels@blurb.com	115	2	155	t	2012-08-01 02:40:00	2014-02-20 11:33:00.362448
21669	bing_nl	bing_nl	fdiels@blurb.com	165	2	155	t	2012-08-01 02:48:00	2014-02-20 11:33:00.367135
21670	google_de	google_de	fdiels@blurb.com	115	2	151	t	2012-08-01 02:52:00	2014-02-20 11:33:00.371905
21671	bing_de	bing_de	fdiels@blurb.com	165	2	151	t	2012-08-01 03:31:00	2014-02-20 11:33:00.375919
21672	google_fr	google_fr	fdiels@blurb.com	115	2	153	t	2012-08-01 03:37:00	2014-02-20 11:33:00.380153
21673	bing_fr	bing_fr	fdiels@blurb.com	165	2	153	t	2012-08-01 03:57:00	2014-02-20 11:33:00.384906
21674	google_be	google_be	fdiels@blurb.com	115	2	148	t	2012-08-01 04:05:00	2014-02-20 11:33:00.389674
21675	bing_be	bing_be	fdiels@blurb.com	165	2	148	t	2012-08-01 06:24:00	2014-02-20 11:33:00.394644
21676	google_es	google_es	fdiels@blurb.com	115	2	152	t	2012-08-01 06:25:00	2014-02-20 11:33:00.398959
21677	bing_es	bing_es	fdiels@blurb.com	165	2	152	t	2012-08-01 06:41:00	2014-02-20 11:33:00.40442
21678	google_it	google_it	fdiels@blurb.com	115	2	154	t	2012-08-01 06:42:00	2014-02-20 11:33:00.408474
21679	bing_it	bing_it	fdiels@blurb.com	165	2	154	t	2012-08-01 06:46:00	2014-02-20 11:33:00.412989
21680	google_se	google_se	fdiels@blurb.com	115	2	156	t	2012-08-01 07:01:00	2014-02-20 11:33:00.417508
21681	bing_se	bing_se	fdiels@blurb.com	165	2	156	t	2012-08-01 07:02:00	2014-02-20 11:33:00.421947
21682	google_chde	google_chde	fdiels@blurb.com	115	2	150	t	2012-08-01 07:05:00	2014-02-20 11:33:00.426022
21683	google_ch	google_ch	fdiels@blurb.com	115	2	149	t	2012-08-01 07:07:00	2014-02-20 11:33:00.601107
21684	bing_ch	bing_ch	fdiels@blurb.com	165	2	149	t	2012-08-01 07:08:00	2014-02-20 11:33:00.606558
21685	google_at	google_at	fdiels@blurb.com	115	2	147	t	2012-08-01 07:09:00	2014-02-20 11:33:00.612102
21686	bing_at	bing_at	fdiels@blurb.com	165	2	147	t	2012-08-01 07:10:00	2014-02-20 11:33:00.617142
21687	gdn_uk	gdn_uk	fdiels@blurb.com	115	8	157	t	2012-08-01 07:12:00	2014-02-20 11:33:00.621515
21688	gdn_nl	gdn_nl	fdiels@blurb.com	115	8	155	t	2012-08-01 07:17:00	2014-02-20 11:33:00.625759
21689	gdn_de	gdn_de	fdiels@blurb.com	115	8	151	t	2012-08-01 07:21:00	2014-02-20 11:33:00.630691
21690	gdn_fr	gdn_fr	fdiels@blurb.com	115	8	153	t	2012-08-01 07:33:00	2014-02-20 11:33:00.635692
21691	gdn_es	gdn_es	fdiels@blurb.com	115	8	152	t	2012-08-01 07:34:00	2014-02-20 11:33:00.641419
21692	gdn_it	gdn_it	fdiels@blurb.com	115	8	154	t	2012-08-01 07:36:00	2014-02-20 11:33:00.64729
21693	gdn_se	gdn_se	fdiels@blurb.com	115	8	156	t	2012-08-01 07:38:00	2014-02-20 11:33:00.653184
21694	gdn_at	gdn_at	fdiels@blurb.com	115	8	147	t	2012-08-01 07:39:00	2014-02-20 11:33:00.658056
21695	gdn_ch	gdn_ch	fdiels@blurb.com	115	8	149	t	2012-08-01 07:40:00	2014-02-20 11:33:00.662884
21696	gdn_be	gdn_be	fdiels@blurb.com	115	8	148	t	2012-08-01 07:44:00	2014-02-20 11:33:00.667826
21697	display_uk	display_uk	fdiels@blurb.com	222	8	157	t	2012-08-01 08:53:00	2014-02-20 11:33:00.673236
21698	display_de	display_de	fdiels@blurb.com	222	8	151	t	2012-08-01 09:00:00	2014-02-20 11:33:00.678268
21699	display_fr	display_fr	fdiels@blurb.com	222	8	153	t	2012-08-01 09:00:00	2014-02-20 11:33:00.682368
21700	display_es	display_es	fdiels@blurb.com	222	8	152	t	2012-08-01 10:39:00	2014-02-20 11:33:00.687247
21701	display_it	display_it	fdiels@blurb.com	222	8	154	t	2012-08-01 10:39:00	2014-02-20 11:33:00.691601
21702	display_be	display_be	fdiels@blurb.com	222	8	148	t	2012-08-01 10:40:00	2014-02-20 11:33:00.695679
21703	display_ch	display_ch	fdiels@blurb.com	222	8	149	t	2012-08-01 11:19:00	2014-02-20 11:33:00.699885
21704	display_at	display_at	fdiels@blurb.com	222	8	147	t	2012-08-01 11:33:00	2014-02-20 11:33:00.705329
21705	email_general	Tracking for Blurb Emails	akulberg@blurb.com	43	1	146	t	2012-08-13 11:20:00	2014-02-20 11:33:00.710314
21706	email_offers	Tracking for Blurb Emails	akulberg@blurb.com	43	1	146	t	2012-08-13 11:21:00	2014-02-20 11:33:00.715267
21707	email_transactional	Tracking for Blurb Emails	akulberg@blurb.com	43	1	146	t	2012-08-13 11:23:00	2014-02-20 11:33:00.720377
21708	google_aunz_photo_wprice	Google_Aunz_Photo_Wprice	gzendejas@blurb.com	115	2	320	t	2012-08-28 15:16:00	2014-02-20 11:33:00.724345
21709	google_aunz_photo_woprice	Google_Aunz_Photo_Woprice	gzendejas@blurb.com	115	2	322	t	2012-08-28 15:17:00	2014-02-20 11:33:00.728363
21710	google_can_photo_wprice	Google_Can_Photo_Wprice	gzendejas@blurb.com	115	2	321	t	2012-08-28 15:18:00	2014-02-20 11:33:00.732534
21711	google_can_photo_woprice	Google_Can_Photo_Woprice	gzendejas@blurb.com	115	2	323	t	2012-08-28 15:20:00	2014-02-20 11:33:00.737188
21712	display_de_australia	display_de_australia	fdiels@blurb.com	115	8	13	t	2012-08-29 02:30:00	2014-02-20 11:33:00.741989
21713	display_nl_australia	display_nl_australia	fdiels@blurb.com	115	8	17	t	2012-08-29 02:31:00	2014-02-20 11:33:00.747585
21714	display_fr_australia	display_fr_australia	fdiels@blurb.com	115	8	15	t	2012-08-29 02:32:00	2014-02-20 11:33:00.752701
21715	display_es_australia	display_es_australia	fdiels@blurb.com	115	8	14	t	2012-08-29 02:40:00	2014-02-20 11:33:00.756626
21716	display_uk_australia	display_uk_australia	fdiels@blurb.com	115	8	18	t	2012-08-29 02:42:00	2014-02-20 11:33:00.761028
21717	display_it_australia	display_it_australia	fdiels@blurb.com	115	8	16	t	2012-08-29 03:15:00	2014-02-20 11:33:00.76472
21718	google_gen_write_bsmart	Google_Gen_Write_Bsmart	gzendejas@blurb.com	115	2	420	t	2012-08-31 14:29:00	2014-02-20 11:33:00.769487
21719	google_gen_write_choice	Google_Gen_Write_Choice	gzendejas@blurb.com	115	2	420	t	2012-08-31 14:34:00	2014-02-20 11:33:00.773874
21720	google_gen_bookmaking_bsm	Google_Gen_Bookmaking_Bsmart	gzendejas@blurb.com	115	2	44	t	2012-08-31 14:35:00	2014-02-20 11:33:00.778461
21721	google_pro_model_wprice	Google_Pro_Model_Wprice	gzendejas@blurb.com	115	2	267	t	2012-08-31 14:41:00	2014-02-20 11:33:00.78309
21722	google_pro_model_woprice	Google_Pro_Model_Woprice	gzendejas@blurb.com	115	2	268	t	2012-08-31 14:42:00	2014-02-20 11:33:00.952839
21723	google_pro_gen_wprice	Google_Pro_Gen_Wprice	gzendejas@blurb.com	115	2	215	t	2012-08-31 14:43:00	2014-02-20 11:33:00.95814
21724	google_pro_gen_woprice	Google_Pro_Gen_Woprice	gzendejas@blurb.com	115	2	216	t	2012-08-31 14:46:00	2014-02-20 11:33:00.963297
21725	jeera	jeera	fdiels@blurb.com	138	2	144	t	2012-09-05 07:11:00	2014-02-20 11:33:00.967674
21726	nonna_uk	nonna_uk	rverdellen@blurb.com	181	2	144	t	2012-09-05 09:41:00	2014-02-20 11:33:00.97305
21727	nonna_fr	nonna_fr	rverdellen@blurb.com	181	2	131	t	2012-09-05 09:43:00	2014-02-20 11:33:00.977959
21728	nonna_de	nonna_de	rverdellen@blurb.com	181	2	125	t	2012-09-05 09:45:00	2014-02-20 11:33:00.98279
21729	nonna_nl	nonna_nl	rverdellen@blurb.com	181	2	137	t	2012-09-05 09:46:00	2014-02-20 11:33:00.987936
21730	google_gen_make_bsmart	Google_Gen_Make_Bsmart	gzendejas@blurb.com	115	2	146	t	2012-09-06 13:30:00	2014-02-20 11:33:00.992325
21731	google_gen_make_choice	Google_Gen_Make_Choice	gzendejas@blurb.com	115	2	146	t	2012-09-06 13:31:00	2014-02-20 11:33:00.997134
3	catster	Catster (Dogster Inc.)	lzander@blurb.com	79	4	146	f	2006-08-31 20:30:00	2014-02-20 11:33:01.001605
4	alibris	Alibris Inc.	lzander@blurb.com	17	4	146	t	2006-08-31 20:30:00	2014-02-20 11:33:01.006381
5	priceline	Priceline Inc.	lzander@blurb.com	215	4	146	f	2006-08-31 20:30:00	2014-02-20 11:33:01.010928
6	photopipe	Photopipe	fbryant@blurb.com	205	4	146	f	2006-08-31 20:30:00	2014-02-20 11:33:01.014931
7	cooking	Cooking.com	lzander@blurb.com	62	4	146	f	2006-08-31 20:30:00	2014-02-20 11:33:01.019048
31732	popbitch_uk	Popbitch	hello@popbitch.com	297	1	144	f	2012-09-18 03:42:00	2014-02-20 11:33:01.023126
21733	tth_uk	TTH	rverdellen@blurb.com	298	1	144	f	2012-09-18 03:44:00	2014-02-20 11:33:01.027155
21734	vouchercodescom_uk	Vouchercodes.com	rsulonen@blurb.com	299	1	144	f	2012-09-18 03:45:00	2014-02-20 11:33:01.031575
31733	samsungepisodes	\N	platform@blurb.com	300	3	424	t	2014-02-20 11:33:02.265755	2014-02-20 11:33:02.265755
31734	amexdm	American Express Digital Media	ben.v.preziosi@aexp.com	301	4	425	t	2018-06-28 16:00:16.092714	\N
31735	bandh	B&H	deborahg@bhphoto.com	302	4	425	t	2018-06-28 16:00:16.092714	\N
31736	bibliocrunch	Bibliocrunch	miral@bibliocrunch.com	303	4	425	t	2018-06-28 16:00:16.092714	\N
31737	buzzfeed	Buzzfeed	david.parners@buzzfeed.com	304	4	425	t	2018-06-28 16:00:16.092714	\N
31738	dxo	DxO	fdeitos@dxo.com	305	4	425	t	2018-06-28 16:00:16.092714	\N
31739	hover	Hover	barbara@gethover.com	306	4	425	t	2018-06-28 16:00:16.092714	\N
31740	hurtigruten	Hurtigruten	Sigrid.Mogard@hurtigruten.com	307	4	425	t	2018-06-28 16:00:16.092714	\N
31741	lifestory	Lifestory	plh@h-fs.com	308	4	425	t	2018-06-28 16:00:16.092714	\N
31742	lumapix	LumaPix	afriedland@blurb.com	309	4	425	t	2018-06-28 16:00:16.092714	\N
31743	nanowrimo	NanoWriMo	grant@nanowrimo.org	310	4	425	t	2018-06-28 16:00:16.092714	\N
31744	pluralsight	Pluralsight	kassidi-coleman@pluralsight.com	311	4	425	t	2018-06-28 16:00:16.092714	\N
31745	scribd	Scribd	afriedland@blurb.com	312	4	425	t	2018-06-28 16:00:16.092714	\N
31746	thinkific	Thinkific	afriedland@blurb.com	313	4	425	t	2018-06-28 16:00:16.092714	\N
31747	shootmytravel	global travel photographer marketplace	agarcia@blurb.com	314	4	425	t	2020-11-30 18:46:26.295923	\N
31748	hostfully	vacation property guidebook management platform	agarcia@blurb.com	315	4	425	t	2020-11-30 18:46:26.419705	\N
31749	picter	Online visual collaboration workspace	rgantan@blurb.com	316	4	425	t	2020-11-30 18:46:26.987913	\N
\.


--
-- Data for Name: partner_codes_backup; Type: TABLE DATA; Schema: blurby; Owner: -
--

COPY partner_codes_backup (id, partner_code, description, created_by_email, partner_id, channel_id, campaign_id, active, created_at, updated_at) FROM stdin;
\.


--
-- Name: partner_codes_id_seq; Type: SEQUENCE SET; Schema: blurby; Owner: -
--

SELECT pg_catalog.setval('partner_codes_id_seq', 31749, true);


--
-- Data for Name: partner_promotions; Type: TABLE DATA; Schema: blurby; Owner: -
--

COPY partner_promotions (id, partner_id, name, enabled, starts_on, created_at) FROM stdin;
\.


--
-- Name: partner_promotions_id_seq; Type: SEQUENCE SET; Schema: blurby; Owner: -
--

SELECT pg_catalog.setval('partner_promotions_id_seq', 1, false);


--
-- Data for Name: partner_trackings; Type: TABLE DATA; Schema: blurby; Owner: -
--

COPY partner_trackings (id, partner_code_id, keywords, created_at, updated_at, ua_hash) FROM stdin;
\.


--
-- Name: partner_trackings_id_seq; Type: SEQUENCE SET; Schema: blurby; Owner: -
--

SELECT pg_catalog.setval('partner_trackings_id_seq', 1, false);


--
-- Name: partners_id_seq; Type: SEQUENCE SET; Schema: blurby; Owner: -
--

SELECT pg_catalog.setval('partners_id_seq', 316, true);


--
-- Data for Name: payee_names; Type: TABLE DATA; Schema: blurby; Owner: -
--

COPY payee_names (id, seller_id, name, created_at, deleted_at) FROM stdin;
\.


--
-- Name: payee_names_id_seq; Type: SEQUENCE SET; Schema: blurby; Owner: -
--

SELECT pg_catalog.setval('payee_names_id_seq', 1, false);


--
-- Data for Name: payment_details; Type: TABLE DATA; Schema: blurby; Owner: -
--

COPY payment_details (id, order_id, express_token, express_payer_id, first_name, last_name, express_payer_email, express_transaction_id, express_params) FROM stdin;
\.


--
-- Name: payment_details_id_seq; Type: SEQUENCE SET; Schema: blurby; Owner: -
--

SELECT pg_catalog.setval('payment_details_id_seq', 1, false);


--
-- Data for Name: payment_gateway_errors; Type: TABLE DATA; Schema: blurby; Owner: -
--

COPY payment_gateway_errors (id, exception, transaction_type, description, amount, adapter, transaction_id, created_at, updated_at) FROM stdin;
\.


--
-- Name: payment_gateway_errors_id_seq; Type: SEQUENCE SET; Schema: blurby; Owner: -
--

SELECT pg_catalog.setval('payment_gateway_errors_id_seq', 1, false);


--
-- Data for Name: payment_records; Type: TABLE DATA; Schema: blurby; Owner: -
--

COPY payment_records (id, statement_id, payment_type, pay_problem_id, processed_at, processed_by, result_code) FROM stdin;
\.


--
-- Name: payment_records_id_seq; Type: SEQUENCE SET; Schema: blurby; Owner: -
--

SELECT pg_catalog.setval('payment_records_id_seq', 1, false);


--
-- Data for Name: payment_type_names; Type: TABLE DATA; Schema: blurby; Owner: -
--

COPY payment_type_names (id, code, name) FROM stdin;
1	0	Check
2	1	AnyBill
3	2	CSV
4	3	PayPal
\.


--
-- Name: payment_type_names_id_seq; Type: SEQUENCE SET; Schema: blurby; Owner: -
--

SELECT pg_catalog.setval('payment_type_names_id_seq', 4, true);


--
-- Data for Name: paymentech_merchant_ids; Type: TABLE DATA; Schema: blurby; Owner: -
--

COPY paymentech_merchant_ids (id, currency_id, test_mode, mid) FROM stdin;
1	USD	t	060325
2	USD	f	060325
3	AUD	t	061278
4	AUD	f	061278
5	EUR	t	061281
6	EUR	f	061281
7	GBP	t	061280
8	GBP	f	061280
9	CAD	t	061243
10	CAD	f	061243
11	KRW	t	219578
12	KRW	f	219578
13	JPY	t	219692
14	JPY	f	219692
\.


--
-- Name: paymentech_merchant_ids_id_seq; Type: SEQUENCE SET; Schema: blurby; Owner: -
--

SELECT pg_catalog.setval('paymentech_merchant_ids_id_seq', 14, true);


--
-- Data for Name: payout_parameters; Type: TABLE DATA; Schema: blurby; Owner: -
--

COPY payout_parameters (id, currency_id, payment_type, processing_fee, processing_fee_usd, usual_minimum) FROM stdin;
1	USD	1	500	500	25.00
2	GBP	1	300	491	12.50
3	EUR	1	400	500	12.50
4	CAD	1	500	476	25.00
5	AUD	1	500	438	30.00
6	USD	2	500	500	25.00
7	GBP	2	300	491	12.50
8	EUR	2	400	500	12.50
9	CAD	2	500	476	25.00
10	AUD	2	500	438	30.00
11	USD	3	100	100	25.00
12	GBP	3	100	163	12.50
13	EUR	3	100	125	12.50
14	CAD	3	100	95	25.00
15	AUD	3	100	87	30.00
\.


--
-- Name: payout_parameters_id_seq; Type: SEQUENCE SET; Schema: blurby; Owner: -
--

SELECT pg_catalog.setval('payout_parameters_id_seq', 15, true);


--
-- Data for Name: paypal_accounts; Type: TABLE DATA; Schema: blurby; Owner: -
--

-- COPY paypal_accounts (id, currency_id, use, cred_type, name, password, sig, cert, created_at) FROM stdin;
-- \.


--
-- Name: paypal_accounts_id_seq; Type: SEQUENCE SET; Schema: blurby; Owner: -
--

-- SELECT pg_catalog.setval('paypal_accounts_id_seq', 1, false);


--
-- Data for Name: paypal_emails; Type: TABLE DATA; Schema: blurby; Owner: -
--

COPY paypal_emails (id, seller_id, address, created_at, deleted_at) FROM stdin;
\.


--
-- Name: paypal_emails_id_seq; Type: SEQUENCE SET; Schema: blurby; Owner: -
--

SELECT pg_catalog.setval('paypal_emails_id_seq', 1, false);


--
-- Data for Name: pdf_books; Type: TABLE DATA; Schema: blurby; Owner: -
--

COPY pdf_books (id, product_id, for_sale, created_at, updated_at, api_id, deleted_at) FROM stdin;
\.


--
-- Data for Name: pdf_book_jobs; Type: TABLE DATA; Schema: blurby; Owner: -
--

COPY pdf_book_jobs (id, status, started_at, finished_at, wf_id, pdf_book_id) FROM stdin;
\.


--
-- Name: pdf_book_jobs_id_seq; Type: SEQUENCE SET; Schema: blurby; Owner: -
--

SELECT pg_catalog.setval('pdf_book_jobs_id_seq', 1, false);


--
-- Data for Name: pdf_book_sales; Type: TABLE DATA; Schema: blurby; Owner: -
--

COPY pdf_book_sales (id, created_at, updated_at, settled_at, line_item_id, author_profit, author_profit_usd, statement_id, settled_currency_id, settled_exchange_rate_id, settled_author_profit, settled_author_profit_usd, markupable_history_id, markupable_history_type, pdf_book_id) FROM stdin;
\.


--
-- Name: pdf_book_sales_id_seq; Type: SEQUENCE SET; Schema: blurby; Owner: -
--

SELECT pg_catalog.setval('pdf_book_sales_id_seq', 1, false);


--
-- Name: pdf_books_id_seq; Type: SEQUENCE SET; Schema: blurby; Owner: -
--

SELECT pg_catalog.setval('pdf_books_id_seq', 1, false);


--
-- Data for Name: pdf_infos; Type: TABLE DATA; Schema: blurby; Owner: -
--

COPY pdf_infos (id, book_id, os, browser, version, created_at, updated_at, upload_completed) FROM stdin;
\.


--
-- Name: pdf_infos_id_seq; Type: SEQUENCE SET; Schema: blurby; Owner: -
--

SELECT pg_catalog.setval('pdf_infos_id_seq', 1, false);


--
-- Data for Name: pending_notifications; Type: TABLE DATA; Schema: blurby; Owner: -
--

COPY pending_notifications (id, notifier_type, notifier_id, notification_type, created_at, updated_at) FROM stdin;
\.


--
-- Name: pending_notifications_id_seq; Type: SEQUENCE SET; Schema: blurby; Owner: -
--

SELECT pg_catalog.setval('pending_notifications_id_seq', 1, false);


--
-- Data for Name: pending_workflows; Type: TABLE DATA; Schema: blurby; Owner: -
--

COPY pending_workflows (id, name, wf_id, job_id, parent_id, sched_start, args, created_at, updated_at, notify_url, job_type) FROM stdin;
\.


--
-- Name: pending_workflows_id_seq; Type: SEQUENCE SET; Schema: blurby; Owner: -
--

SELECT pg_catalog.setval('pending_workflows_id_seq', 1, false);


--
-- Data for Name: periods; Type: TABLE DATA; Schema: blurby; Owner: -
--

COPY periods (id, date_start, date_end) FROM stdin;
\.


--
-- Name: periods_id_seq; Type: SEQUENCE SET; Schema: blurby; Owner: -
--

SELECT pg_catalog.setval('periods_id_seq', 1, false);


--
-- Data for Name: permission_audits; Type: TABLE DATA; Schema: blurby; Owner: -
--

COPY permission_audits (id, author_id, auditable_id, auditable_type, created_at, updated_at, action) FROM stdin;
\.


--
-- Name: permission_audits_id_seq; Type: SEQUENCE SET; Schema: blurby; Owner: -
--

SELECT pg_catalog.setval('permission_audits_id_seq', 1, false);


--
-- Data for Name: photo_import_urls; Type: TABLE DATA; Schema: blurby; Owner: -
--

COPY photo_import_urls (id, url, status, image_id, photo_import_id, created_at, updated_at, metadata) FROM stdin;
\.


--
-- Name: photo_import_urls_id_seq; Type: SEQUENCE SET; Schema: blurby; Owner: -
--

SELECT pg_catalog.setval('photo_import_urls_id_seq', 1, false);


--
-- Data for Name: photo_imports; Type: TABLE DATA; Schema: blurby; Owner: -
--

COPY photo_imports (id, api_user_id, created_at, updated_at, metadata, source, book_project_id) FROM stdin;
\.


--
-- Name: photo_imports_id_seq; Type: SEQUENCE SET; Schema: blurby; Owner: -
--

SELECT pg_catalog.setval('photo_imports_id_seq', 1, false);


--
-- Data for Name: photobook_jobs; Type: TABLE DATA; Schema: blurby; Owner: -
--

COPY photobook_jobs (id, created_at, updated_at, book_xml, user_id) FROM stdin;
\.


--
-- Name: photobook_jobs_id_seq; Type: SEQUENCE SET; Schema: blurby; Owner: -
--

SELECT pg_catalog.setval('photobook_jobs_id_seq', 1, false);


--
-- Data for Name: postal_code_formats; Type: TABLE DATA; Schema: blurby; Owner: -
--

COPY postal_code_formats (id, format_string, country_id) FROM stdin;
1	ANNNN	ar
2	NNNN	au
3	NNNN	at
4	NNNN	be
5	NNNNNNNN	br
6	ANA NAN	ca
7	NNNN	cy
8	NNN NN	cz
9	NNNN	dk
10	NNNNN	fi
11	NNNNN	fr
12	NNNNN	de
13	NNNNN	gr
14	NNNN	hu
15	NNN	is
16	NNNNNN	in
17	NNNNN	il
18	NNNNN	it
19	NNN-NNNN	jp
20	NNNN	lu
21	NNNNN	my
22	NNNNN	mx
23	NNNN AA	nl
24	NNNN	nz
25	NNNN	no
26	NNNN	ph
27	NN-NNN	pl
28	NNNN	pt
29	NNNNNN	ro
30	NNNNNN	ru
31	NNNNNN	sg
32	NNN NN	sk
33	NNNN	si
34	NNNN	za
35	NNN-NNN	kr
36	NNNNN	es
37	NNNNN	se
38	NNNN	ch
39	NNN	tw
40	NNNNN	th
41	NNNNN	ua
42	NNNNN	us
43	NNNNN-NNN	br
44	AN NAA	gb
45	ANN NAA	gb
46	AAN NAA	gb
47	AANN NAA	gb
48	ANA NAA	gb
49	AANA NAA	gb
50	NNNNNNNNN	us
51	NNNNN-NNNN	us
52	ANANAN	ca
53	ANNAA	gb
54	ANNNAA	gb
55	AANNAA	gb
56	AANNNAA	gb
57	ANANAA	gb
58	AANANAA	gb
59	NNNNNNN	cl
60	AAN-NNNN	ky
61	HR-NNNNN	hr
62	NNNNN	id
63	NNNN	py
64	NNNNN	sa
65	NNNNN-NNNN	sa
66	NNNNNN	rs
67	NNNNN	tr
68	NNNNN	uy
69	NNNNNN	vn
70	NNNN-NNN	pt
71	AA NN	bm
72	NNNNN	rs
73	AA AA	bm
74	NNNNNN	cn
75	NNNN	ar
76	ANNNNAAA	ar
77	NNNNNNN	il
78	NNNNN	kr
\.


--
-- Name: postal_code_formats_id_seq; Type: SEQUENCE SET; Schema: blurby; Owner: -
--

SELECT pg_catalog.setval('postal_code_formats_id_seq', 78, true);


--
-- Data for Name: preflight_datas; Type: TABLE DATA; Schema: blurby; Owner: -
--

COPY preflight_datas (id, product_id, is_error, page, message) FROM stdin;
\.


--
-- Name: preflight_datas_id_seq; Type: SEQUENCE SET; Schema: blurby; Owner: -
--

SELECT pg_catalog.setval('preflight_datas_id_seq', 1, false);


--
-- Data for Name: preflight_errors; Type: TABLE DATA; Schema: blurby; Owner: -
--

COPY preflight_errors (id, preflight_task_id, page, task, message, created_at, updated_at) FROM stdin;
\.


--
-- Name: preflight_errors_id_seq; Type: SEQUENCE SET; Schema: blurby; Owner: -
--

SELECT pg_catalog.setval('preflight_errors_id_seq', 1, false);


--
-- Data for Name: preflight_jobs; Type: TABLE DATA; Schema: blurby; Owner: -
--

COPY preflight_jobs (id, cover_type_id, product_dimension_id, cover_url, guts_url, pages, created_at, updated_at, api_key_id, api_product_id) FROM stdin;
\.


--
-- Name: preflight_jobs_id_seq; Type: SEQUENCE SET; Schema: blurby; Owner: -
--

SELECT pg_catalog.setval('preflight_jobs_id_seq', 1, false);


--
-- Data for Name: preflight_tasks; Type: TABLE DATA; Schema: blurby; Owner: -
--

COPY preflight_tasks (id, preflight_job_id, url, type, state, created_at, updated_at) FROM stdin;
\.


--
-- Name: preflight_tasks_id_seq; Type: SEQUENCE SET; Schema: blurby; Owner: -
--

SELECT pg_catalog.setval('preflight_tasks_id_seq', 1, false);


--
-- Data for Name: preflight_warnings; Type: TABLE DATA; Schema: blurby; Owner: -
--

COPY preflight_warnings (id, warning_id, warning_type, is_error, page, message) FROM stdin;
\.


--
-- Name: preflight_warnings_id_seq; Type: SEQUENCE SET; Schema: blurby; Owner: -
--

SELECT pg_catalog.setval('preflight_warnings_id_seq', 1, false);


--
-- Data for Name: preview_states; Type: TABLE DATA; Schema: blurby; Owner: -
--

COPY preview_states (id, state, sort_order) FROM stdin;
1	OFF	1
2	FIRST15	2
3	FULL	3
4	CUSTOM	4
\.


--
-- Name: preview_states_id_seq; Type: SEQUENCE SET; Schema: blurby; Owner: -
--

SELECT pg_catalog.setval('preview_states_id_seq', 4, true);


--
-- Data for Name: pricing_datas; Type: TABLE DATA; Schema: blurby; Owner: -
--

COPY pricing_datas (id, dimension_id, cover_type_id, x1, x2, x3, constant, clu_multiplier, premium_workflow_multiplier, premium_paper_multiplier, custom_cover_price) FROM stdin;
1	4	1	0.310099999999999987	0.00052130000000000004	-1.33900000000000001e-06	55.1199999999999974	0.25	0	0.149999999999999994	10
2	4	6	0.317500000000000004	0.000606100000000000042	-1.54699999999999997e-06	57.3999999999999986	0.25	0	0.149999999999999994	10
3	3	1	0.146800000000000014	0.000181699999999999998	-5.27600000000000039e-07	23.1600000000000001	0.25	0	0.149999999999999994	10
4	3	2	0.0875599999999999989	0.000326100000000000012	-4.51800000000000009e-07	13.3000000000000007	0.25	0	0.149999999999999994	10
5	3	6	0.181299999999999989	9.98700000000000043e-05	-4.57999999999999998e-07	24.8599999999999994	0.25	0	0.149999999999999994	10
6	1	1	0.123999999999999999	0.0004416	-9.41800000000000029e-07	29.9400000000000013	0.25	0	0.149999999999999994	10
7	1	2	0.127400000000000013	0.000365099999999999984	-6.77799999999999995e-07	20.3399999999999999	0.25	0	0.149999999999999994	10
8	1	6	0.131700000000000012	0.000490899999999999952	-1.0499999999999999e-06	31.8200000000000003	0.25	0	0.149999999999999994	10
9	5	1	0.0634699999999999986	-0.0001104	9.97099999999999975e-08	16.7399999999999984	0.25	0	0.149999999999999994	10
10	5	2	0.0246499999999999983	1.63500000000000002e-06	-2.26400000000000004e-09	2.94499999999999984	0.25	0	0.149999999999999994	10
11	5	6	0.0634699999999999986	-0.0001104	9.97099999999999975e-08	17.7399999999999984	0.25	0	0.149999999999999994	10
12	6	1	0.396799999999999986	0.000336499999999999994	-1.14099999999999996e-06	60.4399999999999977	0.25	0	0.149999999999999994	10
13	6	6	0.426800000000000013	0.000284899999999999986	-1.12899999999999991e-06	63.0700000000000003	0.25	0	0.149999999999999994	10
14	7	1	0.0634699999999999986	-0.0001104	9.97099999999999975e-08	17.7399999999999984	0.25	0	0.149999999999999994	10
15	7	2	0.0246499999999999983	1.63500000000000002e-06	-2.26400000000000004e-09	3.94499999999999984	0.25	0	0.149999999999999994	10
16	7	6	0.0634699999999999986	-0.0001104	9.97099999999999975e-08	18.7399999999999984	0.25	0	0.149999999999999994	10
\.


--
-- Name: pricing_datas_id_seq; Type: SEQUENCE SET; Schema: blurby; Owner: -
--

SELECT pg_catalog.setval('pricing_datas_id_seq', 16, true);


--
-- Data for Name: pricing_snapshots; Type: TABLE DATA; Schema: blurby; Owner: -
--

COPY pricing_snapshots (id, base_prices_csv_file_name, base_prices_csv_content_type, base_prices_csv_file_size, base_prices_csv_updated_at, page_prices_csv_file_name, page_prices_csv_content_type, page_prices_csv_file_size, page_prices_csv_updated_at, currency_markups_csv_file_name, currency_markups_csv_content_type, currency_markups_csv_file_size, currency_markups_csv_updated_at, created_at, updated_at) FROM stdin;
\.


--
-- Name: pricing_snapshots_id_seq; Type: SEQUENCE SET; Schema: blurby; Owner: -
--

SELECT pg_catalog.setval('pricing_snapshots_id_seq', 1, false);


--
-- Data for Name: printable_product_base_prices; Type: TABLE DATA; Schema: blurby; Owner: -
--

COPY printable_product_base_prices (currency_id, price, printable_product_type, finish_type_id, paper_base_type_id, printable_product_dimension_id, version, created_at, id) FROM stdin;
USD	3999	CanvasPrint	64	\N	68	1	2020-11-30 18:46:27.185329	311
GBP	2499	CanvasPrint	64	\N	68	1	2020-11-30 18:46:27.185329	312
EUR	3499	CanvasPrint	64	\N	68	1	2020-11-30 18:46:27.185329	313
CAD	4999	CanvasPrint	64	\N	68	1	2020-11-30 18:46:27.185329	314
AUD	4999	CanvasPrint	64	\N	68	1	2020-11-30 18:46:27.185329	315
USD	3999	CanvasPrint	64	\N	69	1	2020-11-30 18:46:27.185329	316
GBP	2499	CanvasPrint	64	\N	69	1	2020-11-30 18:46:27.185329	317
EUR	3499	CanvasPrint	64	\N	69	1	2020-11-30 18:46:27.185329	318
CAD	4999	CanvasPrint	64	\N	69	1	2020-11-30 18:46:27.185329	319
AUD	4999	CanvasPrint	64	\N	69	1	2020-11-30 18:46:27.185329	320
USD	5499	CanvasPrint	64	\N	71	1	2020-11-30 18:46:27.185329	321
GBP	3499	CanvasPrint	64	\N	71	1	2020-11-30 18:46:27.185329	322
EUR	4499	CanvasPrint	64	\N	71	1	2020-11-30 18:46:27.185329	323
CAD	5999	CanvasPrint	64	\N	71	1	2020-11-30 18:46:27.185329	324
AUD	5999	CanvasPrint	64	\N	71	1	2020-11-30 18:46:27.185329	325
USD	5499	CanvasPrint	64	\N	72	1	2020-11-30 18:46:27.185329	326
GBP	3499	CanvasPrint	64	\N	72	1	2020-11-30 18:46:27.185329	327
EUR	4499	CanvasPrint	64	\N	72	1	2020-11-30 18:46:27.185329	328
CAD	5999	CanvasPrint	64	\N	72	1	2020-11-30 18:46:27.185329	329
AUD	5999	CanvasPrint	64	\N	72	1	2020-11-30 18:46:27.185329	330
USD	5999	CanvasPrint	64	\N	70	1	2020-11-30 18:46:27.185329	331
GBP	3999	CanvasPrint	64	\N	70	1	2020-11-30 18:46:27.185329	332
EUR	4999	CanvasPrint	64	\N	70	1	2020-11-30 18:46:27.185329	333
CAD	6999	CanvasPrint	64	\N	70	1	2020-11-30 18:46:27.185329	334
AUD	6999	CanvasPrint	64	\N	70	1	2020-11-30 18:46:27.185329	335
USD	7999	CanvasPrint	64	\N	73	1	2020-11-30 18:46:27.185329	336
GBP	4999	CanvasPrint	64	\N	73	1	2020-11-30 18:46:27.185329	337
EUR	7999	CanvasPrint	64	\N	73	1	2020-11-30 18:46:27.185329	338
CAD	9999	CanvasPrint	64	\N	73	1	2020-11-30 18:46:27.185329	339
AUD	10999	CanvasPrint	64	\N	73	1	2020-11-30 18:46:27.185329	340
USD	7999	CanvasPrint	64	\N	74	1	2020-11-30 18:46:27.185329	341
GBP	4999	CanvasPrint	64	\N	74	1	2020-11-30 18:46:27.185329	342
EUR	7999	CanvasPrint	64	\N	74	1	2020-11-30 18:46:27.185329	343
CAD	9999	CanvasPrint	64	\N	74	1	2020-11-30 18:46:27.185329	344
AUD	10999	CanvasPrint	64	\N	74	1	2020-11-30 18:46:27.185329	345
USD	9999	CanvasPrint	64	\N	76	1	2020-11-30 18:46:27.185329	346
GBP	5999	CanvasPrint	64	\N	76	1	2020-11-30 18:46:27.185329	347
EUR	9999	CanvasPrint	64	\N	76	1	2020-11-30 18:46:27.185329	348
CAD	11999	CanvasPrint	64	\N	76	1	2020-11-30 18:46:27.185329	349
AUD	14999	CanvasPrint	64	\N	76	1	2020-11-30 18:46:27.185329	350
USD	9999	CanvasPrint	64	\N	77	1	2020-11-30 18:46:27.185329	351
GBP	5999	CanvasPrint	64	\N	77	1	2020-11-30 18:46:27.185329	352
EUR	9999	CanvasPrint	64	\N	77	1	2020-11-30 18:46:27.185329	353
CAD	11999	CanvasPrint	64	\N	77	1	2020-11-30 18:46:27.185329	354
AUD	14999	CanvasPrint	64	\N	77	1	2020-11-30 18:46:27.185329	355
USD	11999	CanvasPrint	64	\N	78	1	2020-11-30 18:46:27.185329	356
GBP	7999	CanvasPrint	64	\N	78	1	2020-11-30 18:46:27.185329	357
EUR	11999	CanvasPrint	64	\N	78	1	2020-11-30 18:46:27.185329	358
CAD	13999	CanvasPrint	64	\N	78	1	2020-11-30 18:46:27.185329	359
AUD	18999	CanvasPrint	64	\N	78	1	2020-11-30 18:46:27.185329	360
USD	11999	CanvasPrint	64	\N	79	1	2020-11-30 18:46:27.185329	361
GBP	7999	CanvasPrint	64	\N	79	1	2020-11-30 18:46:27.185329	362
EUR	11999	CanvasPrint	64	\N	79	1	2020-11-30 18:46:27.185329	363
CAD	13999	CanvasPrint	64	\N	79	1	2020-11-30 18:46:27.185329	364
AUD	18999	CanvasPrint	64	\N	79	1	2020-11-30 18:46:27.185329	365
USD	6999	AcrylicPrint	62	61	68	1	2020-11-30 18:46:27.185329	366
GBP	4999	AcrylicPrint	62	61	68	1	2020-11-30 18:46:27.185329	367
EUR	6999	AcrylicPrint	62	61	68	1	2020-11-30 18:46:27.185329	368
CAD	7999	AcrylicPrint	62	61	68	1	2020-11-30 18:46:27.185329	369
AUD	8999	AcrylicPrint	62	61	68	1	2020-11-30 18:46:27.185329	370
USD	6999	AcrylicPrint	62	61	69	1	2020-11-30 18:46:27.185329	371
GBP	4999	AcrylicPrint	62	61	69	1	2020-11-30 18:46:27.185329	372
EUR	6999	AcrylicPrint	62	61	69	1	2020-11-30 18:46:27.185329	373
CAD	7999	AcrylicPrint	62	61	69	1	2020-11-30 18:46:27.185329	374
AUD	8999	AcrylicPrint	62	61	69	1	2020-11-30 18:46:27.185329	375
USD	8999	AcrylicPrint	62	61	71	1	2020-11-30 18:46:27.185329	376
GBP	5999	AcrylicPrint	62	61	71	1	2020-11-30 18:46:27.185329	377
EUR	8999	AcrylicPrint	62	61	71	1	2020-11-30 18:46:27.185329	378
CAD	10999	AcrylicPrint	62	61	71	1	2020-11-30 18:46:27.185329	379
AUD	11999	AcrylicPrint	62	61	71	1	2020-11-30 18:46:27.185329	380
USD	8999	AcrylicPrint	62	61	72	1	2020-11-30 18:46:27.185329	381
GBP	5999	AcrylicPrint	62	61	72	1	2020-11-30 18:46:27.185329	382
EUR	8999	AcrylicPrint	62	61	72	1	2020-11-30 18:46:27.185329	383
CAD	10999	AcrylicPrint	62	61	72	1	2020-11-30 18:46:27.185329	384
AUD	11999	AcrylicPrint	62	61	72	1	2020-11-30 18:46:27.185329	385
USD	9999	AcrylicPrint	62	61	70	1	2020-11-30 18:46:27.185329	386
GBP	6499	AcrylicPrint	62	61	70	1	2020-11-30 18:46:27.185329	387
EUR	9999	AcrylicPrint	62	61	70	1	2020-11-30 18:46:27.185329	388
CAD	11999	AcrylicPrint	62	61	70	1	2020-11-30 18:46:27.185329	389
AUD	12999	AcrylicPrint	62	61	70	1	2020-11-30 18:46:27.185329	390
USD	14999	AcrylicPrint	62	61	73	1	2020-11-30 18:46:27.185329	391
GBP	11999	AcrylicPrint	62	61	73	1	2020-11-30 18:46:27.185329	392
EUR	14999	AcrylicPrint	62	61	73	1	2020-11-30 18:46:27.185329	393
CAD	17999	AcrylicPrint	62	61	73	1	2020-11-30 18:46:27.185329	394
AUD	20999	AcrylicPrint	62	61	73	1	2020-11-30 18:46:27.185329	395
USD	14999	AcrylicPrint	62	61	74	1	2020-11-30 18:46:27.185329	396
GBP	11999	AcrylicPrint	62	61	74	1	2020-11-30 18:46:27.185329	397
EUR	14999	AcrylicPrint	62	61	74	1	2020-11-30 18:46:27.185329	398
CAD	17999	AcrylicPrint	62	61	74	1	2020-11-30 18:46:27.185329	399
AUD	20999	AcrylicPrint	62	61	74	1	2020-11-30 18:46:27.185329	400
USD	18999	AcrylicPrint	62	61	75	1	2020-11-30 18:46:27.185329	401
GBP	13999	AcrylicPrint	62	61	75	1	2020-11-30 18:46:27.185329	402
EUR	17999	AcrylicPrint	62	61	75	1	2020-11-30 18:46:27.185329	403
CAD	21999	AcrylicPrint	62	61	75	1	2020-11-30 18:46:27.185329	404
AUD	24999	AcrylicPrint	62	61	75	1	2020-11-30 18:46:27.185329	405
USD	22999	AcrylicPrint	62	61	78	1	2020-11-30 18:46:27.185329	406
GBP	16999	AcrylicPrint	62	61	78	1	2020-11-30 18:46:27.185329	407
EUR	19999	AcrylicPrint	62	61	78	1	2020-11-30 18:46:27.185329	408
CAD	29999	AcrylicPrint	62	61	78	1	2020-11-30 18:46:27.185329	409
AUD	32999	AcrylicPrint	62	61	78	1	2020-11-30 18:46:27.185329	410
USD	22999	AcrylicPrint	62	61	79	1	2020-11-30 18:46:27.185329	411
GBP	16999	AcrylicPrint	62	61	79	1	2020-11-30 18:46:27.185329	412
EUR	19999	AcrylicPrint	62	61	79	1	2020-11-30 18:46:27.185329	413
CAD	29999	AcrylicPrint	62	61	79	1	2020-11-30 18:46:27.185329	414
AUD	32999	AcrylicPrint	62	61	79	1	2020-11-30 18:46:27.185329	415
USD	3999	MetalPrint	63	\N	68	1	2020-11-30 18:46:27.185329	416
GBP	3499	MetalPrint	63	\N	68	1	2020-11-30 18:46:27.185329	417
EUR	4499	MetalPrint	63	\N	68	1	2020-11-30 18:46:27.185329	418
CAD	4999	MetalPrint	63	\N	68	1	2020-11-30 18:46:27.185329	419
AUD	5999	MetalPrint	63	\N	68	1	2020-11-30 18:46:27.185329	420
USD	3999	MetalPrint	63	\N	69	1	2020-11-30 18:46:27.185329	421
GBP	3499	MetalPrint	63	\N	69	1	2020-11-30 18:46:27.185329	422
EUR	4499	MetalPrint	63	\N	69	1	2020-11-30 18:46:27.185329	423
CAD	4999	MetalPrint	63	\N	69	1	2020-11-30 18:46:27.185329	424
AUD	5999	MetalPrint	63	\N	69	1	2020-11-30 18:46:27.185329	425
USD	4999	MetalPrint	63	\N	71	1	2020-11-30 18:46:27.185329	426
GBP	3999	MetalPrint	63	\N	71	1	2020-11-30 18:46:27.185329	427
EUR	4999	MetalPrint	63	\N	71	1	2020-11-30 18:46:27.185329	428
CAD	6999	MetalPrint	63	\N	71	1	2020-11-30 18:46:27.185329	429
AUD	6999	MetalPrint	63	\N	71	1	2020-11-30 18:46:27.185329	430
USD	4999	MetalPrint	63	\N	72	1	2020-11-30 18:46:27.185329	431
GBP	3999	MetalPrint	63	\N	72	1	2020-11-30 18:46:27.185329	432
EUR	4999	MetalPrint	63	\N	72	1	2020-11-30 18:46:27.185329	433
CAD	6999	MetalPrint	63	\N	72	1	2020-11-30 18:46:27.185329	434
AUD	6999	MetalPrint	63	\N	72	1	2020-11-30 18:46:27.185329	435
USD	5999	MetalPrint	63	\N	70	1	2020-11-30 18:46:27.185329	436
GBP	4999	MetalPrint	63	\N	70	1	2020-11-30 18:46:27.185329	437
EUR	5999	MetalPrint	63	\N	70	1	2020-11-30 18:46:27.185329	438
CAD	7999	MetalPrint	63	\N	70	1	2020-11-30 18:46:27.185329	439
AUD	7999	MetalPrint	63	\N	70	1	2020-11-30 18:46:27.185329	440
USD	10999	MetalPrint	63	\N	73	1	2020-11-30 18:46:27.185329	441
GBP	7999	MetalPrint	63	\N	73	1	2020-11-30 18:46:27.185329	442
EUR	10999	MetalPrint	63	\N	73	1	2020-11-30 18:46:27.185329	443
CAD	13999	MetalPrint	63	\N	73	1	2020-11-30 18:46:27.185329	444
AUD	14999	MetalPrint	63	\N	73	1	2020-11-30 18:46:27.185329	445
USD	10999	MetalPrint	63	\N	74	1	2020-11-30 18:46:27.185329	446
GBP	7999	MetalPrint	63	\N	74	1	2020-11-30 18:46:27.185329	447
EUR	10999	MetalPrint	63	\N	74	1	2020-11-30 18:46:27.185329	448
CAD	13999	MetalPrint	63	\N	74	1	2020-11-30 18:46:27.185329	449
AUD	14999	MetalPrint	63	\N	74	1	2020-11-30 18:46:27.185329	450
USD	13999	MetalPrint	63	\N	75	1	2020-11-30 18:46:27.185329	451
GBP	9999	MetalPrint	63	\N	75	1	2020-11-30 18:46:27.185329	452
EUR	13999	MetalPrint	63	\N	75	1	2020-11-30 18:46:27.185329	453
CAD	16999	MetalPrint	63	\N	75	1	2020-11-30 18:46:27.185329	454
AUD	19999	MetalPrint	63	\N	75	1	2020-11-30 18:46:27.185329	455
USD	17999	MetalPrint	63	\N	78	1	2020-11-30 18:46:27.185329	456
GBP	12999	MetalPrint	63	\N	78	1	2020-11-30 18:46:27.185329	457
EUR	17999	MetalPrint	63	\N	78	1	2020-11-30 18:46:27.185329	458
CAD	22999	MetalPrint	63	\N	78	1	2020-11-30 18:46:27.185329	459
AUD	25999	MetalPrint	63	\N	78	1	2020-11-30 18:46:27.185329	460
USD	17999	MetalPrint	63	\N	79	1	2020-11-30 18:46:27.185329	461
GBP	12999	MetalPrint	63	\N	79	1	2020-11-30 18:46:27.185329	462
EUR	17999	MetalPrint	63	\N	79	1	2020-11-30 18:46:27.185329	463
CAD	22999	MetalPrint	63	\N	79	1	2020-11-30 18:46:27.185329	464
AUD	25999	MetalPrint	63	\N	79	1	2020-11-30 18:46:27.185329	465
USD	1011	PosterPrint	85	83	68	1	2020-11-30 18:46:27.723129	466
GBP	1022	PosterPrint	85	83	68	1	2020-11-30 18:46:27.723129	467
EUR	1033	PosterPrint	85	83	68	1	2020-11-30 18:46:27.723129	468
CAD	1044	PosterPrint	85	83	68	1	2020-11-30 18:46:27.723129	469
AUD	1055	PosterPrint	85	83	68	1	2020-11-30 18:46:27.723129	470
USD	1011	PosterPrint	85	83	69	1	2020-11-30 18:46:27.723129	471
GBP	1022	PosterPrint	85	83	69	1	2020-11-30 18:46:27.723129	472
EUR	1033	PosterPrint	85	83	69	1	2020-11-30 18:46:27.723129	473
CAD	1044	PosterPrint	85	83	69	1	2020-11-30 18:46:27.723129	474
AUD	1055	PosterPrint	85	83	69	1	2020-11-30 18:46:27.723129	475
USD	1211	PosterPrint	85	83	70	1	2020-11-30 18:46:27.723129	476
GBP	1222	PosterPrint	85	83	70	1	2020-11-30 18:46:27.723129	477
EUR	1233	PosterPrint	85	83	70	1	2020-11-30 18:46:27.723129	478
CAD	1244	PosterPrint	85	83	70	1	2020-11-30 18:46:27.723129	479
AUD	1255	PosterPrint	85	83	70	1	2020-11-30 18:46:27.723129	480
USD	1411	PosterPrint	85	83	71	1	2020-11-30 18:46:27.723129	481
GBP	1422	PosterPrint	85	83	71	1	2020-11-30 18:46:27.723129	482
EUR	1433	PosterPrint	85	83	71	1	2020-11-30 18:46:27.723129	483
CAD	1444	PosterPrint	85	83	71	1	2020-11-30 18:46:27.723129	484
AUD	1455	PosterPrint	85	83	71	1	2020-11-30 18:46:27.723129	485
USD	1411	PosterPrint	85	83	72	1	2020-11-30 18:46:27.723129	486
GBP	1422	PosterPrint	85	83	72	1	2020-11-30 18:46:27.723129	487
EUR	1433	PosterPrint	85	83	72	1	2020-11-30 18:46:27.723129	488
CAD	1444	PosterPrint	85	83	72	1	2020-11-30 18:46:27.723129	489
AUD	1455	PosterPrint	85	83	72	1	2020-11-30 18:46:27.723129	490
USD	1611	PosterPrint	85	83	73	1	2020-11-30 18:46:27.723129	491
GBP	1622	PosterPrint	85	83	73	1	2020-11-30 18:46:27.723129	492
EUR	1633	PosterPrint	85	83	73	1	2020-11-30 18:46:27.723129	493
CAD	1644	PosterPrint	85	83	73	1	2020-11-30 18:46:27.723129	494
AUD	1655	PosterPrint	85	83	73	1	2020-11-30 18:46:27.723129	495
USD	1611	PosterPrint	85	83	74	1	2020-11-30 18:46:27.723129	496
GBP	1622	PosterPrint	85	83	74	1	2020-11-30 18:46:27.723129	497
EUR	1633	PosterPrint	85	83	74	1	2020-11-30 18:46:27.723129	498
CAD	1644	PosterPrint	85	83	74	1	2020-11-30 18:46:27.723129	499
AUD	1655	PosterPrint	85	83	74	1	2020-11-30 18:46:27.723129	500
USD	2011	PosterPrint	85	83	75	1	2020-11-30 18:46:27.723129	501
GBP	2022	PosterPrint	85	83	75	1	2020-11-30 18:46:27.723129	502
EUR	2033	PosterPrint	85	83	75	1	2020-11-30 18:46:27.723129	503
CAD	2044	PosterPrint	85	83	75	1	2020-11-30 18:46:27.723129	504
AUD	2055	PosterPrint	85	83	75	1	2020-11-30 18:46:27.723129	505
USD	2411	PosterPrint	85	83	76	1	2020-11-30 18:46:27.723129	506
GBP	2422	PosterPrint	85	83	76	1	2020-11-30 18:46:27.723129	507
EUR	2433	PosterPrint	85	83	76	1	2020-11-30 18:46:27.723129	508
CAD	2444	PosterPrint	85	83	76	1	2020-11-30 18:46:27.723129	509
AUD	2455	PosterPrint	85	83	76	1	2020-11-30 18:46:27.723129	510
USD	2411	PosterPrint	85	83	77	1	2020-11-30 18:46:27.723129	511
GBP	2422	PosterPrint	85	83	77	1	2020-11-30 18:46:27.723129	512
EUR	2433	PosterPrint	85	83	77	1	2020-11-30 18:46:27.723129	513
CAD	2444	PosterPrint	85	83	77	1	2020-11-30 18:46:27.723129	514
AUD	2455	PosterPrint	85	83	77	1	2020-11-30 18:46:27.723129	515
USD	3011	PosterPrint	85	83	78	1	2020-11-30 18:46:27.723129	516
GBP	3022	PosterPrint	85	83	78	1	2020-11-30 18:46:27.723129	517
EUR	3033	PosterPrint	85	83	78	1	2020-11-30 18:46:27.723129	518
CAD	3044	PosterPrint	85	83	78	1	2020-11-30 18:46:27.723129	519
AUD	3055	PosterPrint	85	83	78	1	2020-11-30 18:46:27.723129	520
USD	3011	PosterPrint	85	83	79	1	2020-11-30 18:46:27.723129	521
GBP	3022	PosterPrint	85	83	79	1	2020-11-30 18:46:27.723129	522
EUR	3033	PosterPrint	85	83	79	1	2020-11-30 18:46:27.723129	523
CAD	3044	PosterPrint	85	83	79	1	2020-11-30 18:46:27.723129	524
AUD	3055	PosterPrint	85	83	79	1	2020-11-30 18:46:27.723129	525
USD	4011	MountedBlockPrint	84	83	68	1	2020-11-30 18:46:27.723129	526
GBP	4022	MountedBlockPrint	84	83	68	1	2020-11-30 18:46:27.723129	527
EUR	4033	MountedBlockPrint	84	83	68	1	2020-11-30 18:46:27.723129	528
CAD	4044	MountedBlockPrint	84	83	68	1	2020-11-30 18:46:27.723129	529
AUD	4055	MountedBlockPrint	84	83	68	1	2020-11-30 18:46:27.723129	530
USD	4011	MountedBlockPrint	84	83	69	1	2020-11-30 18:46:27.723129	531
GBP	4022	MountedBlockPrint	84	83	69	1	2020-11-30 18:46:27.723129	532
EUR	4033	MountedBlockPrint	84	83	69	1	2020-11-30 18:46:27.723129	533
CAD	4044	MountedBlockPrint	84	83	69	1	2020-11-30 18:46:27.723129	534
AUD	4055	MountedBlockPrint	84	83	69	1	2020-11-30 18:46:27.723129	535
USD	4511	MountedBlockPrint	84	83	70	1	2020-11-30 18:46:27.723129	536
GBP	4522	MountedBlockPrint	84	83	70	1	2020-11-30 18:46:27.723129	537
EUR	4533	MountedBlockPrint	84	83	70	1	2020-11-30 18:46:27.723129	538
CAD	4544	MountedBlockPrint	84	83	70	1	2020-11-30 18:46:27.723129	539
AUD	4555	MountedBlockPrint	84	83	70	1	2020-11-30 18:46:27.723129	540
USD	5011	MountedBlockPrint	84	83	71	1	2020-11-30 18:46:27.723129	541
GBP	5022	MountedBlockPrint	84	83	71	1	2020-11-30 18:46:27.723129	542
EUR	5033	MountedBlockPrint	84	83	71	1	2020-11-30 18:46:27.723129	543
CAD	5044	MountedBlockPrint	84	83	71	1	2020-11-30 18:46:27.723129	544
AUD	5055	MountedBlockPrint	84	83	71	1	2020-11-30 18:46:27.723129	545
USD	5011	MountedBlockPrint	84	83	72	1	2020-11-30 18:46:27.723129	546
GBP	5022	MountedBlockPrint	84	83	72	1	2020-11-30 18:46:27.723129	547
EUR	5033	MountedBlockPrint	84	83	72	1	2020-11-30 18:46:27.723129	548
CAD	5044	MountedBlockPrint	84	83	72	1	2020-11-30 18:46:27.723129	549
AUD	5055	MountedBlockPrint	84	83	72	1	2020-11-30 18:46:27.723129	550
USD	7011	MountedBlockPrint	84	83	73	1	2020-11-30 18:46:27.723129	551
GBP	7022	MountedBlockPrint	84	83	73	1	2020-11-30 18:46:27.723129	552
EUR	7033	MountedBlockPrint	84	83	73	1	2020-11-30 18:46:27.723129	553
CAD	7044	MountedBlockPrint	84	83	73	1	2020-11-30 18:46:27.723129	554
AUD	7055	MountedBlockPrint	84	83	73	1	2020-11-30 18:46:27.723129	555
USD	7011	MountedBlockPrint	84	83	74	1	2020-11-30 18:46:27.723129	556
GBP	7022	MountedBlockPrint	84	83	74	1	2020-11-30 18:46:27.723129	557
EUR	7033	MountedBlockPrint	84	83	74	1	2020-11-30 18:46:27.723129	558
CAD	7044	MountedBlockPrint	84	83	74	1	2020-11-30 18:46:27.723129	559
AUD	7055	MountedBlockPrint	84	83	74	1	2020-11-30 18:46:27.723129	560
USD	9011	MountedBlockPrint	84	83	78	1	2020-11-30 18:46:27.723129	561
GBP	9022	MountedBlockPrint	84	83	78	1	2020-11-30 18:46:27.723129	562
EUR	9033	MountedBlockPrint	84	83	78	1	2020-11-30 18:46:27.723129	563
CAD	9044	MountedBlockPrint	84	83	78	1	2020-11-30 18:46:27.723129	564
AUD	9055	MountedBlockPrint	84	83	78	1	2020-11-30 18:46:27.723129	565
USD	9011	MountedBlockPrint	84	83	79	1	2020-11-30 18:46:27.723129	566
GBP	9022	MountedBlockPrint	84	83	79	1	2020-11-30 18:46:27.723129	567
EUR	9033	MountedBlockPrint	84	83	79	1	2020-11-30 18:46:27.723129	568
CAD	9044	MountedBlockPrint	84	83	79	1	2020-11-30 18:46:27.723129	569
AUD	9055	MountedBlockPrint	84	83	79	1	2020-11-30 18:46:27.723129	570
\.


--
-- Name: printable_product_base_prices_id_seq; Type: SEQUENCE SET; Schema: blurby; Owner: -
--

SELECT pg_catalog.setval('printable_product_base_prices_id_seq', 570, true);


--
-- Data for Name: printable_product_weights; Type: TABLE DATA; Schema: blurby; Owner: -
--

COPY printable_product_weights (printable_product_type, printable_product_dimension_id, weight_constant, id) FROM stdin;
AcrylicPrint	68	1.27000000000000002	1
AcrylicPrint	69	1.27000000000000002	2
AcrylicPrint	71	2.47999999999999998	3
AcrylicPrint	72	2.47999999999999998	4
AcrylicPrint	70	2.35000000000000009	5
AcrylicPrint	73	6.08000000000000007	6
AcrylicPrint	74	6.08000000000000007	7
AcrylicPrint	78	11.2300000000000004	8
AcrylicPrint	79	11.2300000000000004	9
AcrylicPrint	75	7.12000000000000011	10
MetalPrint	75	4.95000000000000018	11
MetalPrint	71	1.70999999999999996	12
MetalPrint	72	1.70999999999999996	13
MetalPrint	68	1.37999999999999989	14
MetalPrint	69	1.37999999999999989	15
MetalPrint	70	1.62000000000000011	16
MetalPrint	73	4.37999999999999989	17
MetalPrint	74	4.37999999999999989	18
MetalPrint	78	8.08999999999999986	19
MetalPrint	79	8.08999999999999986	20
CanvasPrint	68	1.29000000000000004	21
CanvasPrint	69	1.29000000000000004	22
CanvasPrint	71	1.95999999999999996	23
CanvasPrint	72	1.95999999999999996	24
CanvasPrint	70	2.12000000000000011	25
CanvasPrint	73	3.06000000000000005	26
CanvasPrint	74	3.06000000000000005	27
CanvasPrint	76	4.50999999999999979	28
CanvasPrint	77	4.50999999999999979	29
CanvasPrint	78	5.12000000000000011	30
CanvasPrint	79	5.12000000000000011	31
MountedBlockPrint	68	1.10000000000000009	32
MountedBlockPrint	69	1.10000000000000009	33
MountedBlockPrint	71	2.10999999999999988	34
MountedBlockPrint	72	2.10999999999999988	35
MountedBlockPrint	70	2.06999999999999984	36
MountedBlockPrint	73	3.91999999999999993	37
MountedBlockPrint	74	3.91999999999999993	38
MountedBlockPrint	78	7.04999999999999982	39
MountedBlockPrint	79	7.04999999999999982	40
PosterPrint	68	0.0800000000000000017	41
PosterPrint	69	0.0800000000000000017	42
PosterPrint	71	0.340000000000000024	43
PosterPrint	72	0.340000000000000024	44
PosterPrint	70	0.369999999999999996	45
PosterPrint	73	0.650000000000000022	46
PosterPrint	74	0.650000000000000022	47
PosterPrint	75	0.650000000000000022	48
PosterPrint	76	0.640000000000000013	49
PosterPrint	77	0.640000000000000013	50
PosterPrint	78	0.709999999999999964	51
PosterPrint	79	0.709999999999999964	52
\.


--
-- Name: printable_product_weights_id_seq; Type: SEQUENCE SET; Schema: blurby; Owner: -
--

SELECT pg_catalog.setval('printable_product_weights_id_seq', 52, true);


--
-- Name: printable_products_id_seq; Type: SEQUENCE SET; Schema: blurby; Owner: -
--

SELECT pg_catalog.setval('printable_products_id_seq', 1, false);


--
-- Data for Name: printable_products_product_options; Type: TABLE DATA; Schema: blurby; Owner: -
--

COPY printable_products_product_options (printable_product_id, product_option_id, id) FROM stdin;
\.


--
-- Name: printable_products_product_options_id_seq; Type: SEQUENCE SET; Schema: blurby; Owner: -
--

SELECT pg_catalog.setval('printable_products_product_options_id_seq', 1, false);


--
-- Data for Name: printer_capacities; Type: TABLE DATA; Schema: blurby; Owner: -
--

COPY printer_capacities (id, printer_id, minimum, maximum, created_on, printer_type) FROM stdin;
\.


--
-- Name: printer_capacities_id_seq; Type: SEQUENCE SET; Schema: blurby; Owner: -
--

SELECT pg_catalog.setval('printer_capacities_id_seq', 1, false);


--
-- Data for Name: printer_outputs; Type: TABLE DATA; Schema: blurby; Owner: -
--

COPY printer_outputs (id, printer_id, printer_type, quantity, created_at, updated_at) FROM stdin;
1	14	StandardColor	0	2014-02-20 11:34:59.00924	2014-02-20 11:34:59.00924
2	13	StandardColor	0	2014-02-20 11:34:59.013732	2014-02-20 11:34:59.013732
3	12	StandardColor	0	2014-02-20 11:34:59.015325	2014-02-20 11:34:59.015325
4	8	StandardColor	0	2014-02-20 11:34:59.016996	2014-02-20 11:34:59.016996
5	9	StandardColor	0	2014-02-20 11:34:59.018585	2014-02-20 11:34:59.018585
6	4	StandardColor	0	2014-02-20 11:34:59.020159	2014-02-20 11:34:59.020159
7	6	StandardColor	0	2014-02-20 11:34:59.021706	2014-02-20 11:34:59.021706
8	5	StandardColor	0	2014-02-20 11:34:59.023257	2014-02-20 11:34:59.023257
9	3	StandardColor	0	2014-02-20 11:34:59.024803	2014-02-20 11:34:59.024803
10	11	StandardColor	0	2014-02-20 11:34:59.026356	2014-02-20 11:34:59.026356
11	10	StandardColor	0	2014-02-20 11:34:59.027923	2014-02-20 11:34:59.027923
12	2	StandardColor	0	2014-02-20 11:34:59.029447	2014-02-20 11:34:59.029447
13	1	StandardColor	0	2014-02-20 11:34:59.030925	2014-02-20 11:34:59.030925
14	7	StandardColor	0	2014-02-20 11:34:59.032483	2014-02-20 11:34:59.032483
15	14	ColorPocketAndTrade	0	2014-02-20 11:34:59.034774	2014-02-20 11:34:59.034774
16	13	ColorPocketAndTrade	0	2014-02-20 11:34:59.036358	2014-02-20 11:34:59.036358
17	12	ColorPocketAndTrade	0	2014-02-20 11:34:59.037938	2014-02-20 11:34:59.037938
18	8	ColorPocketAndTrade	0	2014-02-20 11:34:59.039707	2014-02-20 11:34:59.039707
19	9	ColorPocketAndTrade	0	2014-02-20 11:34:59.04166	2014-02-20 11:34:59.04166
20	4	ColorPocketAndTrade	0	2014-02-20 11:34:59.044002	2014-02-20 11:34:59.044002
21	6	ColorPocketAndTrade	0	2014-02-20 11:34:59.04631	2014-02-20 11:34:59.04631
22	5	ColorPocketAndTrade	0	2014-02-20 11:34:59.048592	2014-02-20 11:34:59.048592
23	3	ColorPocketAndTrade	0	2014-02-20 11:34:59.050748	2014-02-20 11:34:59.050748
24	11	ColorPocketAndTrade	0	2014-02-20 11:34:59.052572	2014-02-20 11:34:59.052572
25	10	ColorPocketAndTrade	0	2014-02-20 11:34:59.054063	2014-02-20 11:34:59.054063
26	2	ColorPocketAndTrade	0	2014-02-20 11:34:59.055665	2014-02-20 11:34:59.055665
27	1	ColorPocketAndTrade	0	2014-02-20 11:34:59.057194	2014-02-20 11:34:59.057194
28	7	ColorPocketAndTrade	0	2014-02-20 11:34:59.058763	2014-02-20 11:34:59.058763
29	14	Black&White	0	2014-02-20 11:34:59.06103	2014-02-20 11:34:59.06103
30	13	Black&White	0	2014-02-20 11:34:59.062701	2014-02-20 11:34:59.062701
31	12	Black&White	0	2014-02-20 11:34:59.064328	2014-02-20 11:34:59.064328
32	8	Black&White	0	2014-02-20 11:34:59.065927	2014-02-20 11:34:59.065927
33	9	Black&White	0	2014-02-20 11:34:59.067394	2014-02-20 11:34:59.067394
34	4	Black&White	0	2014-02-20 11:34:59.068974	2014-02-20 11:34:59.068974
35	6	Black&White	0	2014-02-20 11:34:59.070545	2014-02-20 11:34:59.070545
36	5	Black&White	0	2014-02-20 11:34:59.072012	2014-02-20 11:34:59.072012
37	3	Black&White	0	2014-02-20 11:34:59.073546	2014-02-20 11:34:59.073546
38	11	Black&White	0	2014-02-20 11:34:59.075048	2014-02-20 11:34:59.075048
39	10	Black&White	0	2014-02-20 11:34:59.07663	2014-02-20 11:34:59.07663
40	2	Black&White	0	2014-02-20 11:34:59.07817	2014-02-20 11:34:59.07817
41	1	Black&White	0	2014-02-20 11:34:59.07976	2014-02-20 11:34:59.07976
42	7	Black&White	0	2014-02-20 11:34:59.245607	2014-02-20 11:34:59.245607
43	14	ProLine	0	2014-02-20 11:34:59.24883	2014-02-20 11:34:59.24883
44	13	ProLine	0	2014-02-20 11:34:59.251752	2014-02-20 11:34:59.251752
45	12	ProLine	0	2014-02-20 11:34:59.254156	2014-02-20 11:34:59.254156
46	8	ProLine	0	2014-02-20 11:34:59.255933	2014-02-20 11:34:59.255933
47	9	ProLine	0	2014-02-20 11:34:59.257714	2014-02-20 11:34:59.257714
48	4	ProLine	0	2014-02-20 11:34:59.259433	2014-02-20 11:34:59.259433
49	6	ProLine	0	2014-02-20 11:34:59.260987	2014-02-20 11:34:59.260987
50	5	ProLine	0	2014-02-20 11:34:59.262566	2014-02-20 11:34:59.262566
51	3	ProLine	0	2014-02-20 11:34:59.264136	2014-02-20 11:34:59.264136
52	11	ProLine	0	2014-02-20 11:34:59.265771	2014-02-20 11:34:59.265771
53	10	ProLine	0	2014-02-20 11:34:59.267494	2014-02-20 11:34:59.267494
54	2	ProLine	0	2014-02-20 11:34:59.269139	2014-02-20 11:34:59.269139
55	1	ProLine	0	2014-02-20 11:34:59.27075	2014-02-20 11:34:59.27075
56	7	ProLine	0	2014-02-20 11:34:59.27237	2014-02-20 11:34:59.27237
57	14	PoweredByBlurbBizDev	0	2014-02-20 11:34:59.274745	2014-02-20 11:34:59.274745
58	13	PoweredByBlurbBizDev	0	2014-02-20 11:34:59.276377	2014-02-20 11:34:59.276377
59	12	PoweredByBlurbBizDev	0	2014-02-20 11:34:59.278193	2014-02-20 11:34:59.278193
60	8	PoweredByBlurbBizDev	0	2014-02-20 11:34:59.280035	2014-02-20 11:34:59.280035
61	9	PoweredByBlurbBizDev	0	2014-02-20 11:34:59.281713	2014-02-20 11:34:59.281713
62	4	PoweredByBlurbBizDev	0	2014-02-20 11:34:59.283469	2014-02-20 11:34:59.283469
63	6	PoweredByBlurbBizDev	0	2014-02-20 11:34:59.28517	2014-02-20 11:34:59.28517
64	5	PoweredByBlurbBizDev	0	2014-02-20 11:34:59.286725	2014-02-20 11:34:59.286725
65	3	PoweredByBlurbBizDev	0	2014-02-20 11:34:59.288388	2014-02-20 11:34:59.288388
66	11	PoweredByBlurbBizDev	0	2014-02-20 11:34:59.290051	2014-02-20 11:34:59.290051
67	10	PoweredByBlurbBizDev	0	2014-02-20 11:34:59.291686	2014-02-20 11:34:59.291686
68	2	PoweredByBlurbBizDev	0	2014-02-20 11:34:59.293273	2014-02-20 11:34:59.293273
69	1	PoweredByBlurbBizDev	0	2014-02-20 11:34:59.29493	2014-02-20 11:34:59.29493
70	7	PoweredByBlurbBizDev	0	2014-02-20 11:34:59.296557	2014-02-20 11:34:59.296557
\.


--
-- Name: printer_outputs_id_seq; Type: SEQUENCE SET; Schema: blurby; Owner: -
--

SELECT pg_catalog.setval('printer_outputs_id_seq', 70, true);


--
-- Data for Name: printer_slas; Type: TABLE DATA; Schema: blurby; Owner: -
--

COPY printer_slas (id, printer_id, delivery_method_id, days_for_sla, created_at, updated_at) FROM stdin;
1	14	2	6	2014-02-20 11:34:21.371556	2014-02-20 11:34:21.371556
2	14	3	6	2014-02-20 11:34:21.377137	2014-02-20 11:34:21.377137
3	14	4	6	2014-02-20 11:34:21.379419	2014-02-20 11:34:21.379419
4	13	2	6	2014-02-20 11:34:21.381372	2014-02-20 11:34:21.381372
5	13	3	6	2014-02-20 11:34:21.383295	2014-02-20 11:34:21.383295
6	13	4	6	2014-02-20 11:34:21.385695	2014-02-20 11:34:21.385695
7	12	2	6	2014-02-20 11:34:21.388057	2014-02-20 11:34:21.388057
8	12	3	6	2014-02-20 11:34:21.390351	2014-02-20 11:34:21.390351
9	12	4	6	2014-02-20 11:34:21.392968	2014-02-20 11:34:21.392968
10	8	2	6	2014-02-20 11:34:21.39555	2014-02-20 11:34:21.39555
11	8	3	6	2014-02-20 11:34:21.397751	2014-02-20 11:34:21.397751
12	8	4	6	2014-02-20 11:34:21.399646	2014-02-20 11:34:21.399646
13	9	2	6	2014-02-20 11:34:21.402386	2014-02-20 11:34:21.402386
14	9	3	6	2014-02-20 11:34:21.404886	2014-02-20 11:34:21.404886
15	9	4	6	2014-02-20 11:34:21.407193	2014-02-20 11:34:21.407193
16	4	2	6	2014-02-20 11:34:21.409271	2014-02-20 11:34:21.409271
17	4	3	6	2014-02-20 11:34:21.411252	2014-02-20 11:34:21.411252
18	4	4	6	2014-02-20 11:34:21.412939	2014-02-20 11:34:21.412939
19	6	2	6	2014-02-20 11:34:21.41469	2014-02-20 11:34:21.41469
20	6	3	6	2014-02-20 11:34:21.41664	2014-02-20 11:34:21.41664
21	6	4	6	2014-02-20 11:34:21.418419	2014-02-20 11:34:21.418419
22	5	2	6	2014-02-20 11:34:21.420183	2014-02-20 11:34:21.420183
23	5	3	6	2014-02-20 11:34:21.421998	2014-02-20 11:34:21.421998
24	5	4	6	2014-02-20 11:34:21.423949	2014-02-20 11:34:21.423949
25	3	2	6	2014-02-20 11:34:21.425807	2014-02-20 11:34:21.425807
26	3	3	6	2014-02-20 11:34:21.427459	2014-02-20 11:34:21.427459
27	3	4	6	2014-02-20 11:34:21.429179	2014-02-20 11:34:21.429179
28	11	2	6	2014-02-20 11:34:21.430865	2014-02-20 11:34:21.430865
29	11	3	6	2014-02-20 11:34:21.432557	2014-02-20 11:34:21.432557
30	11	4	6	2014-02-20 11:34:21.434227	2014-02-20 11:34:21.434227
31	10	2	6	2014-02-20 11:34:21.436082	2014-02-20 11:34:21.436082
32	10	3	6	2014-02-20 11:34:21.437786	2014-02-20 11:34:21.437786
33	10	4	6	2014-02-20 11:34:21.43943	2014-02-20 11:34:21.43943
34	2	2	6	2014-02-20 11:34:21.441146	2014-02-20 11:34:21.441146
35	2	3	6	2014-02-20 11:34:21.442859	2014-02-20 11:34:21.442859
36	2	4	6	2014-02-20 11:34:21.444455	2014-02-20 11:34:21.444455
37	1	2	6	2014-02-20 11:34:21.446195	2014-02-20 11:34:21.446195
38	1	3	6	2014-02-20 11:34:21.447798	2014-02-20 11:34:21.447798
39	1	4	6	2014-02-20 11:34:21.449599	2014-02-20 11:34:21.449599
40	7	2	6	2014-02-20 11:34:21.451384	2014-02-20 11:34:21.451384
41	7	3	6	2014-02-20 11:34:21.453104	2014-02-20 11:34:21.453104
42	7	4	6	2014-02-20 11:34:21.454842	2014-02-20 11:34:21.454842
43	15	2	6	2014-03-27 10:43:09.721474	2014-03-27 10:43:09.721474
44	16	2	6	2014-03-27 10:43:09.727544	2014-03-27 10:43:09.727544
45	17	2	6	2014-03-27 10:43:09.730692	2014-03-27 10:43:09.730692
46	16	3	6	2014-05-14 12:02:59.354508	2014-05-14 12:02:59.354508
47	16	4	6	2014-05-14 12:02:59.357297	2014-05-14 12:02:59.357297
48	15	3	6	2014-05-14 12:02:59.359099	2014-05-14 12:02:59.359099
49	15	4	6	2014-05-14 12:02:59.360667	2014-05-14 12:02:59.360667
50	17	3	6	2014-05-14 12:02:59.362487	2014-05-14 12:02:59.362487
51	17	4	6	2014-05-14 12:02:59.364034	2014-05-14 12:02:59.364034
52	18	2	5	2014-07-11 13:20:19.484214	2014-07-11 13:20:19.484214
53	18	3	5	2014-07-11 13:20:19.487488	2014-07-11 13:20:19.487488
54	18	4	5	2014-07-11 13:20:19.489224	2014-07-11 13:20:19.489224
\.


--
-- Name: printer_slas_id_seq; Type: SEQUENCE SET; Schema: blurby; Owner: -
--

SELECT pg_catalog.setval('printer_slas_id_seq', 54, true);


--
-- Data for Name: printer_to_delivery_methods; Type: TABLE DATA; Schema: blurby; Owner: -
--

COPY printer_to_delivery_methods (id, printer_id, delivery_method_id, enabled, created_at, updated_at) FROM stdin;
1	14	2	t	2014-02-20 11:34:21.460366	2014-02-20 11:34:21.460366
2	14	3	t	2014-02-20 11:34:21.465937	2014-02-20 11:34:21.465937
3	14	4	t	2014-02-20 11:34:21.467847	2014-02-20 11:34:21.467847
4	13	2	t	2014-02-20 11:34:21.469965	2014-02-20 11:34:21.469965
5	13	3	t	2014-02-20 11:34:21.471796	2014-02-20 11:34:21.471796
6	13	4	t	2014-02-20 11:34:21.473572	2014-02-20 11:34:21.473572
7	12	2	t	2014-02-20 11:34:21.475365	2014-02-20 11:34:21.475365
8	12	3	t	2014-02-20 11:34:21.477056	2014-02-20 11:34:21.477056
9	12	4	t	2014-02-20 11:34:21.478727	2014-02-20 11:34:21.478727
10	8	2	t	2014-02-20 11:34:21.480422	2014-02-20 11:34:21.480422
11	8	3	t	2014-02-20 11:34:21.48208	2014-02-20 11:34:21.48208
12	8	4	t	2014-02-20 11:34:21.483767	2014-02-20 11:34:21.483767
13	9	2	t	2014-02-20 11:34:21.485943	2014-02-20 11:34:21.485943
14	9	3	t	2014-02-20 11:34:21.488214	2014-02-20 11:34:21.488214
15	9	4	t	2014-02-20 11:34:21.48995	2014-02-20 11:34:21.48995
16	4	2	t	2014-02-20 11:34:21.492156	2014-02-20 11:34:21.492156
17	4	3	t	2014-02-20 11:34:21.494708	2014-02-20 11:34:21.494708
18	4	4	t	2014-02-20 11:34:21.497461	2014-02-20 11:34:21.497461
19	6	2	t	2014-02-20 11:34:21.499267	2014-02-20 11:34:21.499267
20	6	3	t	2014-02-20 11:34:21.501002	2014-02-20 11:34:21.501002
21	6	4	t	2014-02-20 11:34:21.502712	2014-02-20 11:34:21.502712
22	5	2	t	2014-02-20 11:34:21.504432	2014-02-20 11:34:21.504432
23	5	3	t	2014-02-20 11:34:21.506076	2014-02-20 11:34:21.506076
24	5	4	t	2014-02-20 11:34:21.508102	2014-02-20 11:34:21.508102
25	3	2	t	2014-02-20 11:34:21.676196	2014-02-20 11:34:21.676196
26	3	3	t	2014-02-20 11:34:21.678201	2014-02-20 11:34:21.678201
27	3	4	t	2014-02-20 11:34:21.68025	2014-02-20 11:34:21.68025
28	11	2	t	2014-02-20 11:34:21.681985	2014-02-20 11:34:21.681985
29	11	3	t	2014-02-20 11:34:21.68383	2014-02-20 11:34:21.68383
30	11	4	t	2014-02-20 11:34:21.685709	2014-02-20 11:34:21.685709
31	10	2	t	2014-02-20 11:34:21.687423	2014-02-20 11:34:21.687423
32	10	3	t	2014-02-20 11:34:21.689199	2014-02-20 11:34:21.689199
33	10	4	t	2014-02-20 11:34:21.690892	2014-02-20 11:34:21.690892
34	2	2	t	2014-02-20 11:34:21.693261	2014-02-20 11:34:21.693261
35	2	3	t	2014-02-20 11:34:21.695783	2014-02-20 11:34:21.695783
36	2	4	t	2014-02-20 11:34:21.698332	2014-02-20 11:34:21.698332
37	1	2	t	2014-02-20 11:34:21.70045	2014-02-20 11:34:21.70045
38	1	3	t	2014-02-20 11:34:21.702378	2014-02-20 11:34:21.702378
39	1	4	t	2014-02-20 11:34:21.704218	2014-02-20 11:34:21.704218
40	7	2	t	2014-02-20 11:34:21.706297	2014-02-20 11:34:21.706297
41	7	3	t	2014-02-20 11:34:21.708215	2014-02-20 11:34:21.708215
42	7	4	t	2014-02-20 11:34:21.709946	2014-02-20 11:34:21.709946
43	15	2	t	2014-05-14 12:02:56.103979	2014-05-14 12:02:56.103979
44	15	3	t	2014-05-14 12:02:56.106714	2014-05-14 12:02:56.106714
45	15	4	t	2014-05-14 12:02:56.107955	2014-05-14 12:02:56.107955
46	16	2	t	2014-07-11 13:19:59.994597	2014-07-11 13:19:59.998139
47	16	3	t	2014-07-11 13:20:00.000221	2014-07-11 13:20:00.001718
48	16	4	t	2014-07-11 13:20:00.003742	2014-07-11 13:20:00.005164
49	17	2	t	2014-07-11 13:20:00.00682	2014-07-11 13:20:00.008235
50	17	3	t	2014-07-11 13:20:00.009948	2014-07-11 13:20:00.011187
51	18	3	t	2014-07-11 13:20:19.810022	2014-07-11 13:20:19.811331
52	18	4	t	2014-07-11 13:20:19.812772	2014-07-11 13:20:19.813874
\.


--
-- Name: printer_to_delivery_methods_id_seq; Type: SEQUENCE SET; Schema: blurby; Owner: -
--

SELECT pg_catalog.setval('printer_to_delivery_methods_id_seq', 52, true);


--
-- Data for Name: printer_to_shipper_account_informations; Type: TABLE DATA; Schema: blurby; Owner: -
--

COPY printer_to_shipper_account_informations (id, printer_id, shipper_account_information_id) FROM stdin;
1	14	1
2	14	2
3	14	3
4	14	4
5	14	5
6	14	6
7	14	7
8	14	8
9	14	9
10	14	10
11	13	1
12	13	2
13	13	3
14	13	4
15	13	5
16	13	6
17	13	7
18	13	8
19	13	9
20	13	10
21	12	1
22	12	2
23	12	3
24	12	4
25	12	5
26	12	6
27	12	7
28	12	8
29	12	9
30	12	10
31	8	1
32	8	2
33	8	3
34	8	4
35	8	5
36	8	6
37	8	7
38	8	8
39	8	9
40	8	10
41	9	1
42	9	2
43	9	3
44	9	4
45	9	5
46	9	6
47	9	7
48	9	8
49	9	9
50	9	10
51	4	1
52	4	2
53	4	3
54	4	4
55	4	5
56	4	6
57	4	7
58	4	8
59	4	9
60	4	10
61	6	1
62	6	2
63	6	3
64	6	4
65	6	5
66	6	6
67	6	7
68	6	8
69	6	9
70	6	10
71	5	1
72	5	2
73	5	3
74	5	4
75	5	5
76	5	6
77	5	7
78	5	8
79	5	9
80	5	10
81	3	1
82	3	2
83	3	3
84	3	4
85	3	5
86	3	6
87	3	7
88	3	8
89	3	9
90	3	10
91	11	1
92	11	2
93	11	3
94	11	4
95	11	5
96	11	6
97	11	7
98	11	8
99	11	9
100	11	10
101	10	1
102	10	2
103	10	3
104	10	4
105	10	5
106	10	6
107	10	7
108	10	8
109	10	9
110	10	10
111	2	1
112	2	2
113	2	3
114	2	4
115	2	5
116	2	6
117	2	7
118	2	8
119	2	9
120	2	10
121	1	1
122	1	2
123	1	3
124	1	4
125	1	5
126	1	6
127	1	7
128	1	8
129	1	9
130	1	10
131	7	1
132	7	2
133	7	3
134	7	4
135	7	5
136	7	6
137	7	7
138	7	8
139	7	9
140	7	10
141	18	1
142	18	2
143	18	6
144	18	4
\.


--
-- Name: printer_to_shipper_account_informations_id_seq; Type: SEQUENCE SET; Schema: blurby; Owner: -
--

SELECT pg_catalog.setval('printer_to_shipper_account_informations_id_seq', 144, true);


--
-- Data for Name: printer_to_shipper_delivery_methods; Type: TABLE DATA; Schema: blurby; Owner: -
--

COPY printer_to_shipper_delivery_methods (id, printer_id, shipper_delivery_method_id) FROM stdin;
1	1	20
2	1	22
3	1	11
4	1	14
5	1	12
6	1	26
7	1	6
8	1	25
9	1	13
10	1	24
11	1	23
12	1	19
13	1	15
14	1	21
15	3	11
16	3	15
17	3	23
18	3	14
19	3	24
20	3	22
21	3	26
22	3	25
23	3	13
24	3	12
25	3	21
26	3	20
27	3	19
28	3	23
29	5	27
30	5	10
31	5	4
32	5	25
33	5	26
34	4	1
35	4	12
36	4	13
37	4	21
38	4	20
39	4	22
40	4	19
41	4	23
42	4	24
43	4	14
44	4	15
45	4	26
46	4	25
47	4	6
48	6	21
49	6	20
50	6	19
51	6	22
52	6	13
53	6	15
54	6	12
55	6	14
56	6	11
57	6	26
58	6	25
59	6	6
60	6	24
61	6	23
62	7	13
63	7	23
64	7	21
65	7	20
66	7	19
67	7	25
68	7	26
69	7	6
70	7	14
71	7	15
72	7	11
73	7	24
74	7	12
75	7	22
76	2	28
77	2	29
78	2	33
79	2	34
80	2	35
81	2	36
82	15	1
83	15	2
84	15	3
85	16	60
86	16	61
87	16	62
88	17	63
89	15	6
90	15	10
91	17	64
92	9	20
93	9	21
94	9	22
95	9	25
96	9	26
97	18	8
98	18	10
99	14	58
100	12	58
101	9	58
102	6	58
103	5	58
104	3	58
105	11	58
106	10	58
107	2	58
108	1	58
109	7	58
110	15	58
111	15	65
\.


--
-- Name: printer_to_shipper_delivery_methods_id_seq; Type: SEQUENCE SET; Schema: blurby; Owner: -
--

SELECT pg_catalog.setval('printer_to_shipper_delivery_methods_id_seq', 111, true);


--
-- Data for Name: printers; Type: TABLE DATA; Schema: blurby; Owner: -
--

COPY printers (id, name, address_id, "default", supports_custom_workflow, utc_offset, pickup_time, currency_id, order_method_id) FROM stdin;
14	MOCK_PRINTER	14	f	f	-8	61200	\N	1
13	PCP	3	f	f	10	61200	AUD	1
12	CGX-NIES-FULFILLMENT	12	f	f	-6	61200	USD	1
8	CCC-WC	4	f	f	-7	61200	CAD	1
9	CGX-CDS	9	f	f	-8	61200	USD	1
4	PARO	2	f	t	1	61200	EUR	1
6	CGX-NIES	7	f	f	-6	61200	USD	1
5	CCC-NY	6	f	f	-5	61200	USD	1
3	RPI	5	f	f	-8	61200	USD	1
11	CGX-FRED	11	f	f	-7	61200	USD	1
10	CGX-TAYL	10	f	f	-6	61200	USD	1
2	NO_PRINTER	13	t	f	-8	61200	USD	1
1	BNB	1	f	t	-5	61200	USD	1
7	CGX-MERC	8	f	f	-6	61200	USD	1
15	LSI-US	16	f	f	-6	61200	USD	2
17	LSI-AU	17	f	f	11	61200	AUD	2
18	CGX-PRH	18	f	f	1	61200	\N	1
16	LSI-UK	15	f	f	0	61200	GBP	2
19	OGI-1010	19	f	t	8	61200	USD	1
20	EB-MALLOY	20	f	t	-5	61200	USD	1
21	PRECISION	21	f	t	-8	61200	GBP	1
22	RRD-OFFSET	22	f	t	-8	61200	USD	1
23	RRD-10000	23	f	t	-6	61200	USD	1
24	RPI-ATL	24	f	f	-5	61200	\N	1
25	JOSTENS	25	f	t	-5	61200	USD	1
26	Fuji	26	f	f	-5	61200	USD	1
28	HUDSON	28	f	f	-7	61200	USD	1
29	PANO	29	f	f	-7	61200	USD	1
30	PMI	30	f	f	10	61200	AUD	1
31	Fuji-EU	31	f	f	2	61200	EUR	1
32	Marathon	32	f	f	-5	61200	USD	1
33	OD-DAS	33	f	f	-5	61200	USD	1
27	Linemark	27	f	f	-5	61200	USD	1
34	DL-MAHWAH	34	f	f	-5	61200	USD	1
\.


--
-- Name: printers_id_seq; Type: SEQUENCE SET; Schema: blurby; Owner: -
--

SELECT pg_catalog.setval('printers_id_seq', 34, true);


--
-- Data for Name: product_categories; Type: TABLE DATA; Schema: blurby; Owner: -
--

COPY product_categories (id, product_id, category_id, category_type, created_at, updated_at) FROM stdin;
\.


--
-- Name: product_categories_id_seq; Type: SEQUENCE SET; Schema: blurby; Owner: -
--

SELECT pg_catalog.setval('product_categories_id_seq', 1, false);


--
-- Data for Name: product_customizations; Type: TABLE DATA; Schema: blurby; Owner: -
--

COPY product_customizations (id, product_id, has_custom_cover_text) FROM stdin;
\.


--
-- Name: product_customizations_id_seq; Type: SEQUENCE SET; Schema: blurby; Owner: -
--

SELECT pg_catalog.setval('product_customizations_id_seq', 1, false);


--
-- Name: product_dimensions_id_seq; Type: SEQUENCE SET; Schema: blurby; Owner: -
--

SELECT pg_catalog.setval('product_dimensions_id_seq', 10, true);


--
-- Data for Name: product_offerings; Type: TABLE DATA; Schema: blurby; Owner: -
--

COPY product_offerings (id, name, product_dimension_id, created_at, updated_at) FROM stdin;
1	letter	8	2014-02-20 11:33:36.906918	2014-02-20 11:33:36.906918
2	small_square	3	2014-02-20 11:33:36.913866	2014-02-20 11:33:36.913866
3	standard_portrait	2	2014-02-20 11:33:36.917211	2014-02-20 11:33:36.917211
4	standard_landscape	1	2014-02-20 11:33:36.920122	2014-02-20 11:33:36.920122
5	large_format_landscape	4	2014-02-20 11:33:36.922508	2014-02-20 11:33:36.922508
6	large_square	6	2014-02-20 11:33:36.924574	2014-02-20 11:33:36.924574
7	pocket	5	2014-02-20 11:33:36.926657	2014-02-20 11:33:36.926657
8	trade	7	2014-02-20 11:33:36.928595	2014-02-20 11:33:36.928595
9	brochure	8	2014-02-20 11:33:36.930182	2014-02-20 11:33:36.930182
10	magazine	8	2014-02-20 11:33:36.931773	2014-02-20 11:33:36.931773
11	standard_portrait_true8x10	10	2014-02-20 11:33:36.933707	2014-02-20 11:33:36.933707
12	premium_magazine	8	2014-07-11 13:20:15.43328	2014-07-11 13:20:15.443193
13	ingram5x8	5	2015-01-05 16:04:15.592523	2015-01-05 16:04:15.592523
14	ingram6x9	7	2015-01-05 16:04:15.595444	2015-01-05 16:04:15.595444
15	ingram8x10	10	2015-01-05 16:04:15.5969	2015-01-05 16:04:15.5969
\.


--
-- Name: product_offerings_id_seq; Type: SEQUENCE SET; Schema: blurby; Owner: -
--

SELECT pg_catalog.setval('product_offerings_id_seq', 15, true);


--
-- Name: product_options_id_seq; Type: SEQUENCE SET; Schema: blurby; Owner: -
--

SELECT pg_catalog.setval('product_options_id_seq', 86, true);


--
-- Data for Name: product_page_visits; Type: TABLE DATA; Schema: blurby; Owner: -
--

COPY product_page_visits (id, product_id, created_on, views, sales) FROM stdin;
\.


--
-- Name: product_page_visits_id_seq; Type: SEQUENCE SET; Schema: blurby; Owner: -
--

SELECT pg_catalog.setval('product_page_visits_id_seq', 1, false);


--
-- Data for Name: product_sales; Type: TABLE DATA; Schema: blurby; Owner: -
--

COPY product_sales (id, created_at, settled_at, line_item_id, author_profit, author_profit_usd, markupable_history_id, statement_id, settled_currency_id, settled_exchange_rate_id, settled_author_profit, settled_author_profit_usd, markupable_history_type) FROM stdin;
\.


--
-- Name: product_sales_id_seq; Type: SEQUENCE SET; Schema: blurby; Owner: -
--

SELECT pg_catalog.setval('product_sales_id_seq', 1, false);


--
-- Name: products_id_seq; Type: SEQUENCE SET; Schema: blurby; Owner: -
--

SELECT pg_catalog.setval('products_id_seq', 1, false);


--
-- Data for Name: profile_answers; Type: TABLE DATA; Schema: blurby; Owner: -
--

COPY profile_answers (id, profile_id, profile_question_id, value, updated_at) FROM stdin;
\.


--
-- Name: profile_answers_id_seq; Type: SEQUENCE SET; Schema: blurby; Owner: -
--

SELECT pg_catalog.setval('profile_answers_id_seq', 1, false);


--
-- Data for Name: profile_questions; Type: TABLE DATA; Schema: blurby; Owner: -
--

COPY profile_questions (id, label, "position", label_i18n_key) FROM stdin;
1	Spoiler alert: I'm thinking my next book will be about...	1	spoiler_alert_im_thinking_my_next_book_will_be_about
2	Everyone needs to know about these authors and artists...	2	everyone_needs_to_know_about_these_authors_and_artists
3	This book is addictive. Read it. (At your own risk.)	3	this_book_is_addictive_read_it_at_your_own_risk
4	What is the air speed of an unladen swallow?	4	what_is_the_air_speed_of_an_unladen_swallow
\.


--
-- Name: profile_questions_id_seq; Type: SEQUENCE SET; Schema: blurby; Owner: -
--

SELECT pg_catalog.setval('profile_questions_id_seq', 4, true);


--
-- Data for Name: profiles; Type: TABLE DATA; Schema: blurby; Owner: -
--

COPY profiles (id, user_id, business, firstname, lastname, url, location, gender, occupation, about, phone, competencies, affiliations, business_name, business_url, business_location, business_about, updated_at, business_email, country_id, state_id, city, zip) FROM stdin;
\.


--
-- Name: profiles_id_seq; Type: SEQUENCE SET; Schema: blurby; Owner: -
--

SELECT pg_catalog.setval('profiles_id_seq', 1, false);


--
-- Name: project_format_types_id_seq; Type: SEQUENCE SET; Schema: blurby; Owner: -
--

SELECT pg_catalog.setval('project_format_types_id_seq', 14, true);


--
-- Name: project_formats_id_seq; Type: SEQUENCE SET; Schema: blurby; Owner: -
--

SELECT pg_catalog.setval('project_formats_id_seq', 1, false);


--
-- Data for Name: project_members; Type: TABLE DATA; Schema: blurby; Owner: -
--

COPY project_members (id, project_id, purchasable_id, purchasable_type, created_at, updated_at) FROM stdin;
\.


--
-- Name: project_members_id_seq; Type: SEQUENCE SET; Schema: blurby; Owner: -
--

SELECT pg_catalog.setval('project_members_id_seq', 1, false);


--
-- Name: projects_id_seq; Type: SEQUENCE SET; Schema: blurby; Owner: -
--

SELECT pg_catalog.setval('projects_id_seq', 1, false);


--
-- Data for Name: purchased_product_options; Type: TABLE DATA; Schema: blurby; Owner: -
--

COPY purchased_product_options (id, line_item_id, product_option_id, price, price_usd) FROM stdin;
\.


--
-- Name: purchased_product_options_id_seq; Type: SEQUENCE SET; Schema: blurby; Owner: -
--

SELECT pg_catalog.setval('purchased_product_options_id_seq', 1, false);


--
-- Data for Name: queued_mails; Type: TABLE DATA; Schema: blurby; Owner: -
--

COPY queued_mails (id, object, mailer, created_at, updated_at, failure_reason, type) FROM stdin;
\.


--
-- Name: queued_mails_id_seq; Type: SEQUENCE SET; Schema: blurby; Owner: -
--

SELECT pg_catalog.setval('queued_mails_id_seq', 1, false);


--
-- Data for Name: ranged_static_shipping_costs; Type: TABLE DATA; Schema: blurby; Owner: -
--

COPY ranged_static_shipping_costs (id, shipper_delivery_method_id, zone, low_weight, high_weight, cost_in_cents, currency_id) FROM stdin;
1	51	1	0	1.69999999999999996	387	CAD
2	51	2	0	1.69999999999999996	447	CAD
3	51	3	0	1.69999999999999996	471	CAD
4	51	4	0	1.69999999999999996	417	CAD
5	51	5	0	1.69999999999999996	418	CAD
6	51	6	0	1.69999999999999996	434	CAD
7	51	7	0	1.69999999999999996	445	CAD
8	51	8	0	1.69999999999999996	459	CAD
9	51	9	0	1.69999999999999996	484	CAD
10	51	11	0	1.69999999999999996	573	CAD
11	51	12	0	1.69999999999999996	601	CAD
12	51	13	0	1.69999999999999996	567	CAD
13	51	14	0	1.69999999999999996	600	CAD
14	51	15	0	1.69999999999999996	445	CAD
15	51	16	0	1.69999999999999996	459	CAD
16	51	18	0	1.69999999999999996	567	CAD
17	51	19	0	1.69999999999999996	600	CAD
18	51	21	0	1.69999999999999996	838	CAD
19	51	22	0	1.69999999999999996	924	CAD
20	51	23	0	1.69999999999999996	1085	CAD
21	51	24	0	1.69999999999999996	1118	CAD
22	51	31	0	1.69999999999999996	857	CAD
23	51	32	0	1.69999999999999996	950	CAD
24	51	33	0	1.69999999999999996	1112	CAD
25	51	34	0	1.69999999999999996	1145	CAD
26	51	41	0	1.69999999999999996	1588	CAD
27	51	42	0	1.69999999999999996	1958	CAD
28	51	1	1.69999999999999996	2.20000000000000018	406	CAD
29	51	2	1.69999999999999996	2.20000000000000018	479	CAD
30	51	3	1.69999999999999996	2.20000000000000018	499	CAD
31	51	4	1.69999999999999996	2.20000000000000018	453	CAD
32	51	5	1.69999999999999996	2.20000000000000018	454	CAD
33	51	6	1.69999999999999996	2.20000000000000018	470	CAD
34	51	7	1.69999999999999996	2.20000000000000018	476	CAD
35	51	8	1.69999999999999996	2.20000000000000018	486	CAD
36	51	9	1.69999999999999996	2.20000000000000018	505	CAD
37	51	11	1.69999999999999996	2.20000000000000018	648	CAD
38	51	12	1.69999999999999996	2.20000000000000018	688	CAD
39	51	13	1.69999999999999996	2.20000000000000018	630	CAD
40	51	14	1.69999999999999996	2.20000000000000018	681	CAD
41	51	15	1.69999999999999996	2.20000000000000018	476	CAD
42	51	16	1.69999999999999996	2.20000000000000018	486	CAD
43	51	18	1.69999999999999996	2.20000000000000018	630	CAD
44	51	19	1.69999999999999996	2.20000000000000018	681	CAD
45	51	21	1.69999999999999996	2.20000000000000018	926	CAD
46	51	22	1.69999999999999996	2.20000000000000018	1036	CAD
47	51	23	1.69999999999999996	2.20000000000000018	1263	CAD
48	51	24	1.69999999999999996	2.20000000000000018	1301	CAD
49	51	31	1.69999999999999996	2.20000000000000018	1012	CAD
50	51	32	1.69999999999999996	2.20000000000000018	1184	CAD
51	51	33	1.69999999999999996	2.20000000000000018	1550	CAD
52	51	34	1.69999999999999996	2.20000000000000018	1597	CAD
53	51	41	1.69999999999999996	2.20000000000000018	2560	CAD
54	51	42	1.69999999999999996	2.20000000000000018	2958	CAD
55	51	1	2.20000000000000018	3.29999999999999982	423	CAD
56	51	2	2.20000000000000018	3.29999999999999982	499	CAD
57	51	3	2.20000000000000018	3.29999999999999982	534	CAD
58	51	4	2.20000000000000018	3.29999999999999982	470	CAD
59	51	5	2.20000000000000018	3.29999999999999982	463	CAD
60	51	6	2.20000000000000018	3.29999999999999982	489	CAD
61	51	7	2.20000000000000018	3.29999999999999982	495	CAD
62	51	8	2.20000000000000018	3.29999999999999982	505	CAD
63	51	9	2.20000000000000018	3.29999999999999982	541	CAD
64	51	11	2.20000000000000018	3.29999999999999982	675	CAD
65	51	12	2.20000000000000018	3.29999999999999982	726	CAD
66	51	13	2.20000000000000018	3.29999999999999982	660	CAD
67	51	14	2.20000000000000018	3.29999999999999982	723	CAD
68	51	15	2.20000000000000018	3.29999999999999982	495	CAD
69	51	16	2.20000000000000018	3.29999999999999982	505	CAD
70	51	18	2.20000000000000018	3.29999999999999982	660	CAD
71	51	19	2.20000000000000018	3.29999999999999982	723	CAD
72	51	21	2.20000000000000018	3.29999999999999982	1030	CAD
73	51	22	2.20000000000000018	3.29999999999999982	1149	CAD
74	51	23	2.20000000000000018	3.29999999999999982	1469	CAD
75	51	24	2.20000000000000018	3.29999999999999982	1513	CAD
76	51	31	2.20000000000000018	3.29999999999999982	1273	CAD
77	51	32	2.20000000000000018	3.29999999999999982	1423	CAD
78	51	33	2.20000000000000018	3.29999999999999982	1697	CAD
79	51	34	2.20000000000000018	3.29999999999999982	1748	CAD
80	51	41	2.20000000000000018	3.29999999999999982	2876	CAD
81	51	42	2.20000000000000018	3.29999999999999982	3440	CAD
82	51	1	3.29999999999999982	4.40000000000000036	437	CAD
83	51	2	3.29999999999999982	4.40000000000000036	514	CAD
84	51	3	3.29999999999999982	4.40000000000000036	560	CAD
85	51	4	3.29999999999999982	4.40000000000000036	489	CAD
86	51	5	3.29999999999999982	4.40000000000000036	477	CAD
87	51	6	3.29999999999999982	4.40000000000000036	526	CAD
88	51	7	3.29999999999999982	4.40000000000000036	531	CAD
89	51	8	3.29999999999999982	4.40000000000000036	542	CAD
90	51	9	3.29999999999999982	4.40000000000000036	567	CAD
91	51	11	3.29999999999999982	4.40000000000000036	702	CAD
92	51	12	3.29999999999999982	4.40000000000000036	756	CAD
93	51	13	3.29999999999999982	4.40000000000000036	680	CAD
94	51	14	3.29999999999999982	4.40000000000000036	754	CAD
95	51	15	3.29999999999999982	4.40000000000000036	531	CAD
96	51	16	3.29999999999999982	4.40000000000000036	542	CAD
97	51	18	3.29999999999999982	4.40000000000000036	680	CAD
98	51	19	3.29999999999999982	4.40000000000000036	754	CAD
99	51	21	3.29999999999999982	4.40000000000000036	1162	CAD
100	51	22	3.29999999999999982	4.40000000000000036	1250	CAD
101	51	23	3.29999999999999982	4.40000000000000036	1555	CAD
102	51	24	3.29999999999999982	4.40000000000000036	1602	CAD
103	51	31	3.29999999999999982	4.40000000000000036	1383	CAD
104	51	32	3.29999999999999982	4.40000000000000036	1629	CAD
105	51	33	3.29999999999999982	4.40000000000000036	1951	CAD
106	51	34	3.29999999999999982	4.40000000000000036	2010	CAD
107	51	41	3.29999999999999982	4.40000000000000036	3217	CAD
108	51	42	3.29999999999999982	4.40000000000000036	3926	CAD
109	51	1	4.40000000000000036	5.5	461	CAD
110	51	2	4.40000000000000036	5.5	536	CAD
111	51	3	4.40000000000000036	5.5	594	CAD
112	51	4	4.40000000000000036	5.5	509	CAD
113	51	5	4.40000000000000036	5.5	494	CAD
114	51	6	4.40000000000000036	5.5	563	CAD
115	51	7	4.40000000000000036	5.5	569	CAD
116	51	8	4.40000000000000036	5.5	581	CAD
117	51	9	4.40000000000000036	5.5	601	CAD
118	51	11	4.40000000000000036	5.5	744	CAD
119	51	12	4.40000000000000036	5.5	797	CAD
120	51	13	4.40000000000000036	5.5	734	CAD
121	51	14	4.40000000000000036	5.5	783	CAD
122	51	15	4.40000000000000036	5.5	569	CAD
123	51	16	4.40000000000000036	5.5	581	CAD
124	51	18	4.40000000000000036	5.5	734	CAD
125	51	19	4.40000000000000036	5.5	783	CAD
126	51	21	4.40000000000000036	5.5	1302	CAD
127	51	22	4.40000000000000036	5.5	1456	CAD
128	51	23	4.40000000000000036	5.5	1740	CAD
129	51	24	4.40000000000000036	5.5	1792	CAD
130	51	31	4.40000000000000036	5.5	1673	CAD
131	51	32	4.40000000000000036	5.5	1852	CAD
132	51	33	4.40000000000000036	5.5	2204	CAD
133	51	34	4.40000000000000036	5.5	2270	CAD
134	51	41	4.40000000000000036	5.5	3525	CAD
135	51	42	4.40000000000000036	5.5	4367	CAD
136	51	1	5.5	6.59999999999999964	477	CAD
137	51	2	5.5	6.59999999999999964	558	CAD
138	51	3	5.5	6.59999999999999964	617	CAD
139	51	4	5.5	6.59999999999999964	528	CAD
140	51	5	5.5	6.59999999999999964	514	CAD
141	51	6	5.5	6.59999999999999964	585	CAD
142	51	7	5.5	6.59999999999999964	591	CAD
143	51	8	5.5	6.59999999999999964	603	CAD
144	51	9	5.5	6.59999999999999964	624	CAD
145	51	11	5.5	6.59999999999999964	773	CAD
146	51	12	5.5	6.59999999999999964	830	CAD
147	51	13	5.5	6.59999999999999964	760	CAD
148	51	14	5.5	6.59999999999999964	816	CAD
149	51	15	5.5	6.59999999999999964	591	CAD
150	51	16	5.5	6.59999999999999964	603	CAD
151	51	18	5.5	6.59999999999999964	760	CAD
152	51	19	5.5	6.59999999999999964	816	CAD
153	51	21	5.5	6.59999999999999964	1402	CAD
154	51	22	5.5	6.59999999999999964	1566	CAD
155	51	23	5.5	6.59999999999999964	1870	CAD
156	51	24	5.5	6.59999999999999964	1926	CAD
157	51	31	5.5	6.59999999999999964	1867	CAD
158	51	32	5.5	6.59999999999999964	2069	CAD
159	51	33	5.5	6.59999999999999964	2462	CAD
160	51	34	5.5	6.59999999999999964	2536	CAD
161	51	41	5.5	6.59999999999999964	3850	CAD
162	51	42	5.5	6.59999999999999964	4852	CAD
163	51	1	6.59999999999999964	7.70000000000000018	493	CAD
164	51	2	6.59999999999999964	7.70000000000000018	580	CAD
165	51	3	6.59999999999999964	7.70000000000000018	640	CAD
166	51	4	6.59999999999999964	7.70000000000000018	547	CAD
167	51	5	6.59999999999999964	7.70000000000000018	534	CAD
168	51	6	6.59999999999999964	7.70000000000000018	607	CAD
169	51	7	6.59999999999999964	7.70000000000000018	613	CAD
170	51	8	6.59999999999999964	7.70000000000000018	625	CAD
171	51	9	6.59999999999999964	7.70000000000000018	647	CAD
172	51	11	6.59999999999999964	7.70000000000000018	802	CAD
173	51	12	6.59999999999999964	7.70000000000000018	863	CAD
174	51	13	6.59999999999999964	7.70000000000000018	786	CAD
175	51	14	6.59999999999999964	7.70000000000000018	849	CAD
176	51	15	6.59999999999999964	7.70000000000000018	613	CAD
177	51	16	6.59999999999999964	7.70000000000000018	625	CAD
178	51	18	6.59999999999999964	7.70000000000000018	786	CAD
179	51	19	6.59999999999999964	7.70000000000000018	849	CAD
180	51	21	6.59999999999999964	7.70000000000000018	1502	CAD
181	51	22	6.59999999999999964	7.70000000000000018	1676	CAD
182	51	23	6.59999999999999964	7.70000000000000018	2000	CAD
183	51	24	6.59999999999999964	7.70000000000000018	2060	CAD
184	51	31	6.59999999999999964	7.70000000000000018	2061	CAD
185	51	32	6.59999999999999964	7.70000000000000018	2286	CAD
186	51	33	6.59999999999999964	7.70000000000000018	2720	CAD
187	51	34	6.59999999999999964	7.70000000000000018	2802	CAD
188	51	41	6.59999999999999964	7.70000000000000018	4175	CAD
189	51	42	6.59999999999999964	7.70000000000000018	5337	CAD
190	51	1	7.70000000000000018	8.80000000000000071	509	CAD
191	51	2	7.70000000000000018	8.80000000000000071	602	CAD
192	51	3	7.70000000000000018	8.80000000000000071	663	CAD
193	51	4	7.70000000000000018	8.80000000000000071	566	CAD
194	51	5	7.70000000000000018	8.80000000000000071	554	CAD
195	51	6	7.70000000000000018	8.80000000000000071	629	CAD
196	51	7	7.70000000000000018	8.80000000000000071	635	CAD
197	51	8	7.70000000000000018	8.80000000000000071	647	CAD
198	51	9	7.70000000000000018	8.80000000000000071	670	CAD
199	51	11	7.70000000000000018	8.80000000000000071	831	CAD
200	51	12	7.70000000000000018	8.80000000000000071	896	CAD
201	51	13	7.70000000000000018	8.80000000000000071	812	CAD
202	51	14	7.70000000000000018	8.80000000000000071	882	CAD
203	51	15	7.70000000000000018	8.80000000000000071	635	CAD
204	51	16	7.70000000000000018	8.80000000000000071	647	CAD
205	51	18	7.70000000000000018	8.80000000000000071	812	CAD
206	51	19	7.70000000000000018	8.80000000000000071	882	CAD
207	51	21	7.70000000000000018	8.80000000000000071	1602	CAD
208	51	22	7.70000000000000018	8.80000000000000071	1786	CAD
209	51	23	7.70000000000000018	8.80000000000000071	2130	CAD
210	51	24	7.70000000000000018	8.80000000000000071	2194	CAD
211	51	31	7.70000000000000018	8.80000000000000071	2255	CAD
212	51	32	7.70000000000000018	8.80000000000000071	2503	CAD
213	51	33	7.70000000000000018	8.80000000000000071	2978	CAD
214	51	34	7.70000000000000018	8.80000000000000071	3068	CAD
215	51	41	7.70000000000000018	8.80000000000000071	4500	CAD
216	51	42	7.70000000000000018	8.80000000000000071	5822	CAD
217	51	1	8.80000000000000071	9.90000000000000036	525	CAD
218	51	2	8.80000000000000071	9.90000000000000036	624	CAD
219	51	3	8.80000000000000071	9.90000000000000036	686	CAD
220	51	4	8.80000000000000071	9.90000000000000036	585	CAD
221	51	5	8.80000000000000071	9.90000000000000036	574	CAD
222	51	6	8.80000000000000071	9.90000000000000036	651	CAD
223	51	7	8.80000000000000071	9.90000000000000036	657	CAD
224	51	8	8.80000000000000071	9.90000000000000036	669	CAD
225	51	9	8.80000000000000071	9.90000000000000036	693	CAD
226	51	11	8.80000000000000071	9.90000000000000036	860	CAD
227	51	12	8.80000000000000071	9.90000000000000036	929	CAD
228	51	13	8.80000000000000071	9.90000000000000036	838	CAD
229	51	14	8.80000000000000071	9.90000000000000036	915	CAD
230	51	15	8.80000000000000071	9.90000000000000036	657	CAD
231	51	16	8.80000000000000071	9.90000000000000036	669	CAD
232	51	18	8.80000000000000071	9.90000000000000036	838	CAD
233	51	19	8.80000000000000071	9.90000000000000036	915	CAD
234	51	21	8.80000000000000071	9.90000000000000036	1702	CAD
235	51	22	8.80000000000000071	9.90000000000000036	1896	CAD
236	51	23	8.80000000000000071	9.90000000000000036	2260	CAD
237	51	24	8.80000000000000071	9.90000000000000036	2328	CAD
238	51	31	8.80000000000000071	9.90000000000000036	2449	CAD
239	51	32	8.80000000000000071	9.90000000000000036	2720	CAD
240	51	33	8.80000000000000071	9.90000000000000036	3236	CAD
241	51	34	8.80000000000000071	9.90000000000000036	3334	CAD
242	51	41	8.80000000000000071	9.90000000000000036	4825	CAD
243	51	42	8.80000000000000071	9.90000000000000036	6307	CAD
244	51	1	9.90000000000000036	11	541	CAD
245	51	2	9.90000000000000036	11	646	CAD
246	51	3	9.90000000000000036	11	709	CAD
247	51	4	9.90000000000000036	11	604	CAD
248	51	5	9.90000000000000036	11	594	CAD
249	51	6	9.90000000000000036	11	673	CAD
250	51	7	9.90000000000000036	11	679	CAD
251	51	8	9.90000000000000036	11	691	CAD
252	51	9	9.90000000000000036	11	716	CAD
253	51	11	9.90000000000000036	11	889	CAD
254	51	12	9.90000000000000036	11	962	CAD
255	51	13	9.90000000000000036	11	864	CAD
256	51	14	9.90000000000000036	11	948	CAD
257	51	15	9.90000000000000036	11	679	CAD
258	51	16	9.90000000000000036	11	691	CAD
259	51	18	9.90000000000000036	11	864	CAD
260	51	19	9.90000000000000036	11	948	CAD
261	51	21	9.90000000000000036	11	1802	CAD
262	51	22	9.90000000000000036	11	2006	CAD
263	51	23	9.90000000000000036	11	2390	CAD
264	51	24	9.90000000000000036	11	2462	CAD
265	51	31	9.90000000000000036	11	2643	CAD
266	51	32	9.90000000000000036	11	2937	CAD
267	51	33	9.90000000000000036	11	3494	CAD
268	51	34	9.90000000000000036	11	3600	CAD
269	51	41	9.90000000000000036	11	5150	CAD
270	51	42	9.90000000000000036	11	6792	CAD
271	52	1	0	1.69999999999999996	381	CAD
272	52	2	0	1.69999999999999996	437	CAD
273	52	3	0	1.69999999999999996	461	CAD
274	52	4	0	1.69999999999999996	407	CAD
275	52	5	0	1.69999999999999996	39	CAD
276	52	6	0	1.69999999999999996	426	CAD
277	52	7	0	1.69999999999999996	43	CAD
278	52	8	0	1.69999999999999996	438	CAD
279	52	9	0	1.69999999999999996	474	CAD
280	52	11	0	1.69999999999999996	556	CAD
281	52	12	0	1.69999999999999996	583	CAD
282	52	13	0	1.69999999999999996	544	CAD
283	52	14	0	1.69999999999999996	589	CAD
284	52	15	0	1.69999999999999996	43	CAD
285	52	16	0	1.69999999999999996	438	CAD
286	52	18	0	1.69999999999999996	544	CAD
287	52	19	0	1.69999999999999996	589	CAD
288	52	21	0	1.69999999999999996	628	CAD
289	52	22	0	1.69999999999999996	648	CAD
290	52	23	0	1.69999999999999996	679	CAD
291	52	24	0	1.69999999999999996	699	CAD
292	52	31	0	1.69999999999999996	716	CAD
293	52	32	0	1.69999999999999996	758	CAD
294	52	33	0	1.69999999999999996	849	CAD
295	52	34	0	1.69999999999999996	874	CAD
296	52	41	0	1.69999999999999996	1237	CAD
297	52	42	0	1.69999999999999996	1544	CAD
298	52	1	1.69999999999999996	2.20000000000000018	398	CAD
299	52	2	1.69999999999999996	2.20000000000000018	47	CAD
300	52	3	1.69999999999999996	2.20000000000000018	487	CAD
301	52	4	1.69999999999999996	2.20000000000000018	446	CAD
302	52	5	1.69999999999999996	2.20000000000000018	416	CAD
303	52	6	1.69999999999999996	2.20000000000000018	449	CAD
304	52	7	1.69999999999999996	2.20000000000000018	452	CAD
305	52	8	1.69999999999999996	2.20000000000000018	464	CAD
306	52	9	1.69999999999999996	2.20000000000000018	495	CAD
307	52	11	1.69999999999999996	2.20000000000000018	637	CAD
308	52	12	1.69999999999999996	2.20000000000000018	667	CAD
309	52	13	1.69999999999999996	2.20000000000000018	622	CAD
310	52	14	1.69999999999999996	2.20000000000000018	659	CAD
311	52	15	1.69999999999999996	2.20000000000000018	452	CAD
312	52	16	1.69999999999999996	2.20000000000000018	464	CAD
313	52	18	1.69999999999999996	2.20000000000000018	622	CAD
314	52	19	1.69999999999999996	2.20000000000000018	659	CAD
315	52	21	1.69999999999999996	2.20000000000000018	723	CAD
316	52	22	1.69999999999999996	2.20000000000000018	74	CAD
317	52	23	1.69999999999999996	2.20000000000000018	836	CAD
318	52	24	1.69999999999999996	2.20000000000000018	861	CAD
319	52	31	1.69999999999999996	2.20000000000000018	786	CAD
320	52	32	1.69999999999999996	2.20000000000000018	837	CAD
321	52	33	1.69999999999999996	2.20000000000000018	979	CAD
322	52	34	1.69999999999999996	2.20000000000000018	1008	CAD
323	52	41	1.69999999999999996	2.20000000000000018	1367	CAD
324	52	42	1.69999999999999996	2.20000000000000018	1618	CAD
325	52	1	2.20000000000000018	3.29999999999999982	418	CAD
326	52	2	2.20000000000000018	3.29999999999999982	493	CAD
327	52	3	2.20000000000000018	3.29999999999999982	527	CAD
328	52	4	2.20000000000000018	3.29999999999999982	465	CAD
329	52	5	2.20000000000000018	3.29999999999999982	435	CAD
330	52	6	2.20000000000000018	3.29999999999999982	473	CAD
331	52	7	2.20000000000000018	3.29999999999999982	481	CAD
332	52	8	2.20000000000000018	3.29999999999999982	491	CAD
333	52	9	2.20000000000000018	3.29999999999999982	534	CAD
334	52	11	2.20000000000000018	3.29999999999999982	664	CAD
335	52	12	2.20000000000000018	3.29999999999999982	706	CAD
336	52	13	2.20000000000000018	3.29999999999999982	65	CAD
337	52	14	2.20000000000000018	3.29999999999999982	709	CAD
338	52	15	2.20000000000000018	3.29999999999999982	481	CAD
339	52	16	2.20000000000000018	3.29999999999999982	491	CAD
340	52	18	2.20000000000000018	3.29999999999999982	65	CAD
341	52	19	2.20000000000000018	3.29999999999999982	709	CAD
342	52	21	2.20000000000000018	3.29999999999999982	734	CAD
343	52	22	2.20000000000000018	3.29999999999999982	777	CAD
344	52	23	2.20000000000000018	3.29999999999999982	907	CAD
345	52	24	2.20000000000000018	3.29999999999999982	934	CAD
346	52	31	2.20000000000000018	3.29999999999999982	84	CAD
347	52	32	2.20000000000000018	3.29999999999999982	899	CAD
348	52	33	2.20000000000000018	3.29999999999999982	1047	CAD
349	52	34	2.20000000000000018	3.29999999999999982	1078	CAD
350	52	41	2.20000000000000018	3.29999999999999982	1488	CAD
351	52	42	2.20000000000000018	3.29999999999999982	1859	CAD
352	52	1	3.29999999999999982	4.40000000000000036	431	CAD
353	52	2	3.29999999999999982	4.40000000000000036	504	CAD
354	52	3	3.29999999999999982	4.40000000000000036	553	CAD
355	52	4	3.29999999999999982	4.40000000000000036	471	CAD
356	52	5	3.29999999999999982	4.40000000000000036	451	CAD
357	52	6	3.29999999999999982	4.40000000000000036	496	CAD
358	52	7	3.29999999999999982	4.40000000000000036	504	CAD
359	52	8	3.29999999999999982	4.40000000000000036	514	CAD
360	52	9	3.29999999999999982	4.40000000000000036	563	CAD
361	52	11	3.29999999999999982	4.40000000000000036	691	CAD
362	52	12	3.29999999999999982	4.40000000000000036	748	CAD
363	52	13	3.29999999999999982	4.40000000000000036	677	CAD
364	52	14	3.29999999999999982	4.40000000000000036	742	CAD
365	52	15	3.29999999999999982	4.40000000000000036	504	CAD
366	52	16	3.29999999999999982	4.40000000000000036	514	CAD
367	52	18	3.29999999999999982	4.40000000000000036	677	CAD
368	52	19	3.29999999999999982	4.40000000000000036	742	CAD
369	52	21	3.29999999999999982	4.40000000000000036	785	CAD
370	52	22	3.29999999999999982	4.40000000000000036	805	CAD
371	52	23	3.29999999999999982	4.40000000000000036	919	CAD
372	52	24	3.29999999999999982	4.40000000000000036	947	CAD
373	52	31	3.29999999999999982	4.40000000000000036	903	CAD
374	52	32	3.29999999999999982	4.40000000000000036	966	CAD
375	52	33	3.29999999999999982	4.40000000000000036	1106	CAD
376	52	34	3.29999999999999982	4.40000000000000036	1139	CAD
377	52	41	3.29999999999999982	4.40000000000000036	1735	CAD
378	52	42	3.29999999999999982	4.40000000000000036	2168	CAD
379	52	1	4.40000000000000036	5.5	449	CAD
380	52	2	4.40000000000000036	5.5	528	CAD
381	52	3	4.40000000000000036	5.5	585	CAD
382	52	4	4.40000000000000036	5.5	481	CAD
383	52	5	4.40000000000000036	5.5	469	CAD
384	52	6	4.40000000000000036	5.5	52	CAD
385	52	7	4.40000000000000036	5.5	528	CAD
386	52	8	4.40000000000000036	5.5	538	CAD
387	52	9	4.40000000000000036	5.5	596	CAD
388	52	11	4.40000000000000036	5.5	728	CAD
389	52	12	4.40000000000000036	5.5	771	CAD
390	52	13	4.40000000000000036	5.5	72	CAD
391	52	14	4.40000000000000036	5.5	773	CAD
392	52	15	4.40000000000000036	5.5	528	CAD
393	52	16	4.40000000000000036	5.5	538	CAD
394	52	18	4.40000000000000036	5.5	72	CAD
395	52	19	4.40000000000000036	5.5	773	CAD
396	52	21	4.40000000000000036	5.5	826	CAD
397	52	22	4.40000000000000036	5.5	869	CAD
398	52	23	4.40000000000000036	5.5	1008	CAD
399	52	24	4.40000000000000036	5.5	1038	CAD
400	52	31	4.40000000000000036	5.5	952	CAD
401	52	32	4.40000000000000036	5.5	1032	CAD
402	52	33	4.40000000000000036	5.5	1227	CAD
403	52	34	4.40000000000000036	5.5	1264	CAD
404	52	41	4.40000000000000036	5.5	1988	CAD
405	52	42	4.40000000000000036	5.5	2486	CAD
406	52	1	5.5	6.59999999999999964	463	CAD
407	52	2	5.5	6.59999999999999964	548	CAD
408	52	3	5.5	6.59999999999999964	608	CAD
409	52	4	5.5	6.59999999999999964	495	CAD
410	52	5	5.5	6.59999999999999964	487	CAD
411	52	6	5.5	6.59999999999999964	542	CAD
412	52	7	5.5	6.59999999999999964	55	CAD
413	52	8	5.5	6.59999999999999964	56	CAD
414	52	9	5.5	6.59999999999999964	619	CAD
415	52	11	5.5	6.59999999999999964	754	CAD
416	52	12	5.5	6.59999999999999964	8	CAD
417	52	13	5.5	6.59999999999999964	746	CAD
418	52	14	5.5	6.59999999999999964	802	CAD
419	52	15	5.5	6.59999999999999964	55	CAD
420	52	16	5.5	6.59999999999999964	56	CAD
421	52	18	5.5	6.59999999999999964	746	CAD
422	52	19	5.5	6.59999999999999964	802	CAD
423	52	21	5.5	6.59999999999999964	859	CAD
424	52	22	5.5	6.59999999999999964	902	CAD
425	52	23	5.5	6.59999999999999964	1047	CAD
426	52	24	5.5	6.59999999999999964	1078	CAD
427	52	31	5.5	6.59999999999999964	1007	CAD
428	52	32	5.5	6.59999999999999964	1091	CAD
429	52	33	5.5	6.59999999999999964	1293	CAD
430	52	34	5.5	6.59999999999999964	1332	CAD
431	52	41	5.5	6.59999999999999964	2251	CAD
432	52	42	5.5	6.59999999999999964	2813	CAD
433	52	1	6.59999999999999964	7.70000000000000018	477	CAD
434	52	2	6.59999999999999964	7.70000000000000018	568	CAD
435	52	3	6.59999999999999964	7.70000000000000018	631	CAD
436	52	4	6.59999999999999964	7.70000000000000018	509	CAD
437	52	5	6.59999999999999964	7.70000000000000018	505	CAD
438	52	6	6.59999999999999964	7.70000000000000018	564	CAD
439	52	7	6.59999999999999964	7.70000000000000018	572	CAD
440	52	8	6.59999999999999964	7.70000000000000018	582	CAD
441	52	9	6.59999999999999964	7.70000000000000018	642	CAD
442	52	11	6.59999999999999964	7.70000000000000018	78	CAD
443	52	12	6.59999999999999964	7.70000000000000018	829	CAD
444	52	13	6.59999999999999964	7.70000000000000018	772	CAD
445	52	14	6.59999999999999964	7.70000000000000018	831	CAD
446	52	15	6.59999999999999964	7.70000000000000018	572	CAD
447	52	16	6.59999999999999964	7.70000000000000018	582	CAD
448	52	18	6.59999999999999964	7.70000000000000018	772	CAD
449	52	19	6.59999999999999964	7.70000000000000018	831	CAD
450	52	21	6.59999999999999964	7.70000000000000018	892	CAD
451	52	22	6.59999999999999964	7.70000000000000018	935	CAD
452	52	23	6.59999999999999964	7.70000000000000018	1086	CAD
453	52	24	6.59999999999999964	7.70000000000000018	1118	CAD
454	52	31	6.59999999999999964	7.70000000000000018	1062	CAD
455	52	32	6.59999999999999964	7.70000000000000018	115	CAD
456	52	33	6.59999999999999964	7.70000000000000018	1359	CAD
457	52	34	6.59999999999999964	7.70000000000000018	14	CAD
458	52	41	6.59999999999999964	7.70000000000000018	2514	CAD
459	52	42	6.59999999999999964	7.70000000000000018	314	CAD
460	52	1	7.70000000000000018	8.80000000000000071	491	CAD
461	52	2	7.70000000000000018	8.80000000000000071	588	CAD
462	52	3	7.70000000000000018	8.80000000000000071	654	CAD
463	52	4	7.70000000000000018	8.80000000000000071	523	CAD
464	52	5	7.70000000000000018	8.80000000000000071	523	CAD
465	52	6	7.70000000000000018	8.80000000000000071	586	CAD
466	52	7	7.70000000000000018	8.80000000000000071	594	CAD
467	52	8	7.70000000000000018	8.80000000000000071	604	CAD
468	52	9	7.70000000000000018	8.80000000000000071	665	CAD
469	52	11	7.70000000000000018	8.80000000000000071	806	CAD
470	52	12	7.70000000000000018	8.80000000000000071	858	CAD
471	52	13	7.70000000000000018	8.80000000000000071	798	CAD
472	52	14	7.70000000000000018	8.80000000000000071	86	CAD
473	52	15	7.70000000000000018	8.80000000000000071	594	CAD
474	52	16	7.70000000000000018	8.80000000000000071	604	CAD
475	52	18	7.70000000000000018	8.80000000000000071	798	CAD
476	52	19	7.70000000000000018	8.80000000000000071	86	CAD
477	52	21	7.70000000000000018	8.80000000000000071	925	CAD
478	52	22	7.70000000000000018	8.80000000000000071	968	CAD
479	52	23	7.70000000000000018	8.80000000000000071	1125	CAD
480	52	24	7.70000000000000018	8.80000000000000071	1158	CAD
481	52	31	7.70000000000000018	8.80000000000000071	1117	CAD
482	52	32	7.70000000000000018	8.80000000000000071	1209	CAD
483	52	33	7.70000000000000018	8.80000000000000071	1425	CAD
484	52	34	7.70000000000000018	8.80000000000000071	1468	CAD
485	52	41	7.70000000000000018	8.80000000000000071	2777	CAD
486	52	42	7.70000000000000018	8.80000000000000071	3467	CAD
487	52	1	8.80000000000000071	9.90000000000000036	505	CAD
488	52	2	8.80000000000000071	9.90000000000000036	608	CAD
489	52	3	8.80000000000000071	9.90000000000000036	677	CAD
490	52	4	8.80000000000000071	9.90000000000000036	537	CAD
491	52	5	8.80000000000000071	9.90000000000000036	541	CAD
492	52	6	8.80000000000000071	9.90000000000000036	608	CAD
493	52	7	8.80000000000000071	9.90000000000000036	616	CAD
494	52	8	8.80000000000000071	9.90000000000000036	626	CAD
495	52	9	8.80000000000000071	9.90000000000000036	688	CAD
496	52	11	8.80000000000000071	9.90000000000000036	832	CAD
497	52	12	8.80000000000000071	9.90000000000000036	887	CAD
498	52	13	8.80000000000000071	9.90000000000000036	824	CAD
499	52	14	8.80000000000000071	9.90000000000000036	889	CAD
500	52	15	8.80000000000000071	9.90000000000000036	616	CAD
501	52	16	8.80000000000000071	9.90000000000000036	626	CAD
502	52	18	8.80000000000000071	9.90000000000000036	824	CAD
503	52	19	8.80000000000000071	9.90000000000000036	889	CAD
504	52	21	8.80000000000000071	9.90000000000000036	958	CAD
505	52	22	8.80000000000000071	9.90000000000000036	1001	CAD
506	52	23	8.80000000000000071	9.90000000000000036	1164	CAD
507	52	24	8.80000000000000071	9.90000000000000036	1198	CAD
508	52	31	8.80000000000000071	9.90000000000000036	1172	CAD
509	52	32	8.80000000000000071	9.90000000000000036	1268	CAD
510	52	33	8.80000000000000071	9.90000000000000036	1491	CAD
511	52	34	8.80000000000000071	9.90000000000000036	1536	CAD
512	52	41	8.80000000000000071	9.90000000000000036	304	CAD
513	52	42	8.80000000000000071	9.90000000000000036	3794	CAD
514	52	1	9.90000000000000036	11	519	CAD
515	52	2	9.90000000000000036	11	628	CAD
516	52	3	9.90000000000000036	11	7	CAD
517	52	4	9.90000000000000036	11	551	CAD
518	52	5	9.90000000000000036	11	559	CAD
519	52	6	9.90000000000000036	11	63	CAD
520	52	7	9.90000000000000036	11	638	CAD
521	52	8	9.90000000000000036	11	648	CAD
522	52	9	9.90000000000000036	11	711	CAD
523	52	11	9.90000000000000036	11	858	CAD
524	52	12	9.90000000000000036	11	916	CAD
525	52	13	9.90000000000000036	11	85	CAD
526	52	14	9.90000000000000036	11	918	CAD
527	52	15	9.90000000000000036	11	638	CAD
528	52	16	9.90000000000000036	11	648	CAD
529	52	18	9.90000000000000036	11	85	CAD
530	52	19	9.90000000000000036	11	918	CAD
531	52	21	9.90000000000000036	11	991	CAD
532	52	22	9.90000000000000036	11	1034	CAD
533	52	23	9.90000000000000036	11	1203	CAD
534	52	24	9.90000000000000036	11	1238	CAD
535	52	31	9.90000000000000036	11	1227	CAD
536	52	32	9.90000000000000036	11	1327	CAD
537	52	33	9.90000000000000036	11	1557	CAD
538	52	34	9.90000000000000036	11	1604	CAD
539	52	41	9.90000000000000036	11	3303	CAD
540	52	42	9.90000000000000036	11	4121	CAD
\.


--
-- Name: ranged_static_shipping_costs_id_seq; Type: SEQUENCE SET; Schema: blurby; Owner: -
--

SELECT pg_catalog.setval('ranged_static_shipping_costs_id_seq', 540, true);


--
-- Data for Name: reference_postal_codes; Type: TABLE DATA; Schema: blurby; Owner: -
--

COPY reference_postal_codes (id, postal_code, state_id) FROM stdin;
1	94104	ca
2	35004	al
3	99501	ak
4	96799	as
5	85001	az
6	71601	ar
7	90001	ca
8	94002	ca
9	94005	ca
10	94010	ca
11	94011	ca
12	94013	ca
13	94014	ca
14	94015	ca
15	94016	ca
16	94017	ca
17	94018	ca
18	94019	ca
19	94020	ca
20	94021	ca
21	94023	ca
22	94024	ca
23	94025	ca
24	94026	ca
25	94027	ca
26	94028	ca
27	94030	ca
28	94035	ca
29	94037	ca
30	94038	ca
31	94039	ca
32	94040	ca
33	94041	ca
34	94042	ca
35	94043	ca
36	94044	ca
37	94060	ca
38	94061	ca
39	94062	ca
40	94063	ca
41	94064	ca
42	94065	ca
43	94066	ca
44	94070	ca
45	94074	ca
46	94080	ca
47	94083	ca
48	94085	ca
49	94086	ca
50	94087	ca
51	94088	ca
52	94089	ca
53	94101	ca
54	94102	ca
55	94103	ca
56	94105	ca
57	94107	ca
58	94108	ca
59	94109	ca
60	94110	ca
61	94111	ca
62	94112	ca
63	94114	ca
64	94115	ca
65	94116	ca
66	94117	ca
67	94118	ca
68	94119	ca
69	94120	ca
70	94121	ca
71	94122	ca
72	94123	ca
73	94124	ca
74	94125	ca
75	94126	ca
76	94127	ca
77	94128	ca
78	94129	ca
79	94130	ca
80	94131	ca
81	94132	ca
82	94133	ca
83	94134	ca
84	94137	ca
85	94139	ca
86	94140	ca
87	94141	ca
88	94142	ca
89	94143	ca
90	94144	ca
91	94145	ca
92	94146	ca
93	94147	ca
94	94151	ca
95	94153	ca
96	94154	ca
97	94156	ca
98	94158	ca
99	94159	ca
100	94160	ca
101	94161	ca
102	94162	ca
103	94163	ca
104	94164	ca
105	94171	ca
106	94172	ca
107	94177	ca
108	94188	ca
109	94199	ca
110	80001	co
111	06001	ct
112	19701	de
113	20001	dc
114	96941	fm
115	32003	fl
116	30002	ga
117	96910	gu
118	96701	hi
119	96898	hi
120	83201	id
121	60001	il
122	60601	il
123	46001	in
124	50001	ia
125	66002	ks
126	40003	ky
127	70001	la
128	03901	me
129	96960	mh
130	20588	md
131	01001	ma
132	48001	mi
133	55001	mn
134	38601	ms
135	63001	mo
136	59001	mt
137	68001	ne
138	88901	nv
139	03031	nh
140	07001	nj
141	07853	nj
142	87001	nm
143	10001	ny
144	10002	ny
145	10003	ny
146	10004	ny
147	10005	ny
148	10006	ny
149	10007	ny
150	10008	ny
151	10009	ny
152	10010	ny
153	10011	ny
154	10012	ny
155	10013	ny
156	10014	ny
157	10016	ny
158	10017	ny
159	10018	ny
160	10019	ny
161	10020	ny
162	10021	ny
163	10022	ny
164	10023	ny
165	10024	ny
166	10025	ny
167	10026	ny
168	10027	ny
169	10028	ny
170	10029	ny
171	10030	ny
172	10031	ny
173	10032	ny
174	10033	ny
175	10034	ny
176	10035	ny
177	10036	ny
178	10037	ny
179	10038	ny
180	10039	ny
181	10040	ny
182	10041	ny
183	10043	ny
184	10044	ny
185	10045	ny
186	10046	ny
187	10055	ny
188	10060	ny
189	10065	ny
190	10069	ny
191	10072	ny
192	10075	ny
193	10079	ny
194	10080	ny
195	10081	ny
196	10082	ny
197	10087	ny
198	10090	ny
199	10094	ny
200	10095	ny
201	10096	ny
202	10098	ny
203	10099	ny
204	27006	nc
205	58001	nd
206	96950	mp
207	43001	oh
208	73001	ok
209	73003	ok
210	97001	or
211	97201	or
212	97202	or
213	96939	pw
214	15001	pa
215	00601	pr
216	02801	ri
217	29001	sc
218	57001	sd
219	37010	tn
220	75001	tx
221	84001	ut
222	05001	vt
223	00801	vi
224	20101	va
225	98001	wa
226	98002	wa
227	98003	wa
228	98004	wa
229	98005	wa
230	98006	wa
231	98007	wa
232	98008	wa
233	98009	wa
234	98010	wa
235	98011	wa
236	98012	wa
237	98013	wa
238	98014	wa
239	98015	wa
240	98019	wa
241	98020	wa
242	98021	wa
243	98022	wa
244	98023	wa
245	98024	wa
246	98025	wa
247	98026	wa
248	98027	wa
249	98028	wa
250	98029	wa
251	98030	wa
252	98031	wa
253	98032	wa
254	98033	wa
255	98034	wa
256	98035	wa
257	98036	wa
258	98037	wa
259	98038	wa
260	98039	wa
261	98040	wa
262	98041	wa
263	98042	wa
264	98043	wa
265	98045	wa
266	98046	wa
267	98047	wa
268	98050	wa
269	98051	wa
270	98052	wa
271	98053	wa
272	98054	wa
273	98055	wa
274	98056	wa
275	98057	wa
276	98058	wa
277	98059	wa
278	98061	wa
279	98062	wa
280	98063	wa
281	98064	wa
282	98065	wa
283	98068	wa
284	98070	wa
285	98071	wa
286	98072	wa
287	98073	wa
288	98074	wa
289	98075	wa
290	98077	wa
291	98082	wa
292	98083	wa
293	98087	wa
294	98089	wa
295	98092	wa
296	98093	wa
297	98101	wa
298	98102	wa
299	98103	wa
300	98104	wa
301	98105	wa
302	98106	wa
303	98107	wa
304	98108	wa
305	98109	wa
306	98110	wa
307	98111	wa
308	98112	wa
309	98113	wa
310	98114	wa
311	98115	wa
312	98116	wa
313	98117	wa
314	98118	wa
315	98119	wa
316	98121	wa
317	98122	wa
318	98124	wa
319	98125	wa
320	98126	wa
321	98127	wa
322	98129	wa
323	98131	wa
324	98132	wa
325	98133	wa
326	98134	wa
327	98136	wa
328	98138	wa
329	98139	wa
330	98141	wa
331	98144	wa
332	98145	wa
333	98146	wa
334	98148	wa
335	98154	wa
336	98155	wa
337	98158	wa
338	98160	wa
339	98161	wa
340	98164	wa
341	98165	wa
342	98166	wa
343	98168	wa
344	98170	wa
345	98171	wa
346	98174	wa
347	98175	wa
348	98177	wa
349	98178	wa
350	98181	wa
351	98184	wa
352	98185	wa
353	98188	wa
354	98190	wa
355	98191	wa
356	98194	wa
357	98195	wa
358	98198	wa
359	98199	wa
360	24701	wv
361	53001	wi
362	82001	wy
363	97501	or
364	75235	tx
365	80011	co
366	63139	mo
367	63088	mo
368	14610	ny
369	38118	tn
370	A0A1A0	nl
371	B0C1C0	ns
372	C0A1A0	pe
373	E1A0A1	nb
374	G0A1A0	qc
375	H0M1A0	qc
376	J0A1A0	qc
377	K0A1A0	on
378	L0A1A0	on
379	M1B0A1	on
380	N0A1C0	on
381	P0A1A0	on
382	P9N4T1	on
383	R0A0A1	mb
384	S0A0A0	sk
385	T0A0A0	ab
386	V0A1A0	bc
387	V9Z0V3	bc
388	X0A0A0	nu
389	Y0A1B0	yt
390	T2G0H4	ab
391	37086	tn
392	48103	mi
393	63103	mo
394	30144	ga
395	37040	tn
\.


--
-- Name: reference_postal_codes_id_seq; Type: SEQUENCE SET; Schema: blurby; Owner: -
--

SELECT pg_catalog.setval('reference_postal_codes_id_seq', 395, true);


--
-- Data for Name: regional_attributes; Type: TABLE DATA; Schema: blurby; Owner: -
--

COPY regional_attributes (id, name) FROM stdin;
1	Include VAT in Prices
2	Reg Privacy Agree
3	Opt-In for Book Reminder Emails Required
4	Booksmart EULA Agreement Required
5	Reg Italian
6	Don't Display Inches in Measurements
7	Booksmart EULA Notice Required
8	Terms and Conditions Notice Required
9	EULA Law Agreement Required
10	Terms and Conditions PDF Offered
11	Place Order Checkbox Required
12	Contact Info Required
13	Reg Privacy Click
14	Reg Email Includes Partners
15	Unchecked Register Checkbox Required
16	Delivery Range Notice Required
17	Direct Debit
18	ASP EULA Notice Required
\.


--
-- Name: regional_attributes_id_seq; Type: SEQUENCE SET; Schema: blurby; Owner: -
--

SELECT pg_catalog.setval('regional_attributes_id_seq', 18, true);


--
-- Data for Name: regional_sites_attributes; Type: TABLE DATA; Schema: blurby; Owner: -
--

COPY regional_sites_attributes (regional_site_id, regional_attribute_id) FROM stdin;
5	1
6	1
9	1
4	1
7	1
8	1
2	1
9	2
8	3
5	4
3	4
8	4
4	5
8	6
8	7
8	8
4	9
5	10
5	11
9	12
5	12
8	13
3	13
5	13
9	14
8	14
8	15
5	15
3	15
4	15
8	16
8	17
8	18
9	18
10	15
\.


--
-- Data for Name: regional_sites_currencies; Type: TABLE DATA; Schema: blurby; Owner: -
--

COPY regional_sites_currencies (regional_site_id, currency_id) FROM stdin;
10	CAD
11	JPY
5	EUR
13	USD
6	GBP
7	EUR
4	EUR
1	USD
1	EUR
8	EUR
2	AUD
9	EUR
12	KRW
3	USD
3	EUR
\.


--
-- Name: regional_sites_id_seq; Type: SEQUENCE SET; Schema: blurby; Owner: -
--

SELECT pg_catalog.setval('regional_sites_id_seq', 13, true);


--
-- Data for Name: regional_sites_languages; Type: TABLE DATA; Schema: blurby; Owner: -
--

COPY regional_sites_languages (id, regional_site_id, language_id, www_url, subdomain) FROM stdin;
1	1	3	www.blurb.com	www
2	1	9	la.blurb.com	la
3	2	3	au.blurb.com	au
4	3	7	br.blurb.com	br
5	4	8	it.blurb.com	it
6	5	6	nl.blurb.com	nl
7	6	3	www.blurb.co.uk	www
8	7	2	www.blurb.fr	www
9	8	5	www.blurb.de	www
10	9	9	www.blurb.es	www
11	10	3	www.blurb.ca	www
12	10	2	fr.blurb.ca	fr
13	11	10	www.blurb.jp	www
14	12	11	www.blurb.kr	www
15	13	12	cn.blurb.com	cn
\.


--
-- Name: regional_sites_languages_id_seq; Type: SEQUENCE SET; Schema: blurby; Owner: -
--

SELECT pg_catalog.setval('regional_sites_languages_id_seq', 15, true);


--
-- Name: release_histories_seq; Type: SEQUENCE SET; Schema: blurby; Owner: -
--

SELECT pg_catalog.setval('release_histories_seq', 1718, false);


--
-- Data for Name: responsys_opt_ins; Type: TABLE DATA; Schema: blurby; Owner: -
--

COPY responsys_opt_ins (id, created_at, email) FROM stdin;
\.


--
-- Name: responsys_opt_ins_id_seq; Type: SEQUENCE SET; Schema: blurby; Owner: -
--

SELECT pg_catalog.setval('responsys_opt_ins_id_seq', 1, false);


--
-- Data for Name: responsys_opt_outs; Type: TABLE DATA; Schema: blurby; Owner: -
--

COPY responsys_opt_outs (id, created_at, email) FROM stdin;
\.


--
-- Name: responsys_opt_outs_id_seq; Type: SEQUENCE SET; Schema: blurby; Owner: -
--

SELECT pg_catalog.setval('responsys_opt_outs_id_seq', 1, false);


--
-- Data for Name: responsys_recipients; Type: TABLE DATA; Schema: blurby; Owner: -
--

COPY responsys_recipients (id, user_id, recipient_id, created_at, updated_at) FROM stdin;
\.


--
-- Name: responsys_recipients_id_seq; Type: SEQUENCE SET; Schema: blurby; Owner: -
--

SELECT pg_catalog.setval('responsys_recipients_id_seq', 1, false);


--
-- Data for Name: rights; Type: TABLE DATA; Schema: blurby; Owner: -
--

COPY rights (id, name, controller, action) FROM stdin;
1	large order	large_order	*
2	\N	epubs	*
3	\N	blurb_mobile	*
4	\N	base	index
5	\N	fixed_prices	*
6	book metrics	metrics	*
7	distributed task policies	distributed_task_policies	*
8	\N	cogs	*
9	\N	cog_discounts	*
10	\N	cog_handlings	*
11	\N	cog_pro_options	*
12	\N	cog_uploads	*
13	swearch bbf2 converter	swearch	bbf2_reconvert
14	view bbf2 projects	bbf2_projects	*
15	\N	syp_percentages	*
16	edit custhelp domains	custhelp_domain	*
17	view campaigns	campaigns	index
18	view channels	channels	index
19	view partner_codes	partner_codes	index
20	edit campaigns	campaigns	*
21	edit channels	channels	*
22	edit partner_codes	partner_codes	*
23	view cog estimator	cogs_estimator	*
24	\N	samsung_orders	*
25	Support Tools Access	base	index
26	"Upload/Download Translated Addresses"	translated_addresses	*
27	Manage Amazon Distribution	entries	*
28	Mangage content submissions	content_submissions_controller	*
29	configure holidays	holidays	*
30	configure shipping prices	prices	*
31	configure printer slas	printer_slas	*
32	configure ship methods	ship_methods	*
33	configure shipping priorities	transit_times_and_priorities	*
34	configure purchase gift card	purchase_gift_card	*
35	view/edit spam tin	spam_tin	*
36	view/edit spam tin filters	spam_tin_filters	*
37	configure postal codes	postal_codes	*
\.


--
-- Name: rights_id_seq; Type: SEQUENCE SET; Schema: blurby; Owner: -
--

SELECT pg_catalog.setval('rights_id_seq', 37, true);


--
-- Data for Name: rights_roles; Type: TABLE DATA; Schema: blurby; Owner: -
--

COPY rights_roles (right_id, role_id) FROM stdin;
1	1
2	2
3	3
4	3
5	4
6	5
7	6
8	7
9	7
10	7
11	7
12	7
14	8
15	9
16	10
17	12
18	12
19	12
20	13
21	13
22	13
23	14
24	15
25	16
26	16
27	17
28	18
29	20
30	20
31	20
32	20
33	20
34	21
37	23
\.


--
-- Data for Name: roles; Type: TABLE DATA; Schema: blurby; Owner: -
--

COPY roles (id, name) FROM stdin;
1	large order
2	Ebook Beta
3	Mobile Support
4	Fixed price edit/view
5	book metrics support
6	workflow adjuster
7	COGS
8	view tasks
9	SYP Percentage edit/view
10	CustHelp Domain
11	IbookstoreSupport
12	view partner
13	edit partner
14	Cog Estimator
15	Samsung Orders
16	Translated Address Maintainer
17	Amazon Operations Associate
18	Content Submission Maintainer
19	INTERNAL_BIZDEV Credit Card
20	edit shipping
21	purchase gift card
22	edit spam tin
23	edit postal codes
\.


--
-- Name: roles_id_seq; Type: SEQUENCE SET; Schema: blurby; Owner: -
--

SELECT pg_catalog.setval('roles_id_seq', 23, true);


--
-- Data for Name: routing_printer_to_region_versions; Type: TABLE DATA; Schema: blurby; Owner: -
--

COPY routing_printer_to_region_versions (id, created_on, username) FROM stdin;
1	2014-02-20 11:33:55.369748	system
2	2014-05-14 12:02:56.628149	WT3027
3	2014-07-11 13:20:16.134005	WT4411
\.


--
-- Name: routing_printer_to_region_versions_id_seq; Type: SEQUENCE SET; Schema: blurby; Owner: -
--

SELECT pg_catalog.setval('routing_printer_to_region_versions_id_seq', 3, true);


--
-- Data for Name: routing_printer_to_regions; Type: TABLE DATA; Schema: blurby; Owner: -
--

COPY routing_printer_to_regions (id, printer_id, region_id, priority, printer_to_region_version_id) FROM stdin;
1	7	1	0	1
2	6	1	1	1
3	5	1	2	1
4	1	1	3	1
5	3	1	4	1
6	5	2	0	1
7	6	2	1	1
8	7	2	2	1
9	1	2	3	1
10	3	2	4	1
11	6	3	0	1
12	3	3	1	1
13	5	3	2	1
14	7	3	3	1
15	1	3	4	1
16	6	4	0	1
17	7	4	1	1
18	5	4	2	1
19	1	4	3	1
20	3	4	4	1
21	3	5	0	1
22	6	5	1	1
23	5	5	2	1
24	7	5	3	1
25	1	5	4	1
26	6	6	0	1
27	3	6	1	1
28	5	6	2	1
29	7	6	3	1
30	1	6	4	1
31	1	7	0	1
32	5	7	1	1
33	6	7	2	1
34	7	7	3	1
35	3	7	4	1
36	5	8	0	1
37	1	8	1	1
38	6	8	2	1
39	7	8	3	1
40	3	8	4	1
41	5	9	0	1
42	1	9	1	1
43	6	9	2	1
44	7	9	3	1
45	3	9	4	1
46	7	10	0	1
47	6	10	1	1
48	5	10	2	1
49	1	10	3	1
50	3	10	4	1
51	7	11	0	1
52	6	11	1	1
53	5	11	2	1
54	1	11	3	1
55	3	11	4	1
56	5	12	0	1
57	6	12	1	1
58	7	12	2	1
59	1	12	3	1
60	3	12	4	1
61	6	13	0	1
62	3	13	1	1
63	5	13	2	1
64	7	13	3	1
65	1	13	4	1
66	6	14	0	1
67	7	14	1	1
68	5	14	2	1
69	1	14	3	1
70	3	14	4	1
71	5	15	0	1
72	6	15	1	1
73	7	15	2	1
74	1	15	3	1
75	3	15	4	1
76	6	16	0	1
77	7	16	1	1
78	5	16	2	1
79	1	16	3	1
80	3	16	4	1
81	6	17	0	1
82	7	17	1	1
83	5	17	2	1
84	1	17	3	1
85	3	17	4	1
86	5	18	0	1
87	6	18	1	1
88	7	18	2	1
89	1	18	3	1
90	3	18	4	1
91	6	19	0	1
92	7	19	1	1
93	5	19	2	1
94	1	19	3	1
95	3	19	4	1
96	1	20	0	1
97	5	20	1	1
98	6	20	2	1
99	7	20	3	1
100	3	20	4	1
101	5	21	0	1
102	1	21	1	1
103	6	21	2	1
104	7	21	3	1
105	3	21	4	1
106	1	22	0	1
107	5	22	1	1
108	6	22	2	1
109	7	22	3	1
110	3	22	4	1
111	5	23	0	1
112	6	23	1	1
113	7	23	2	1
114	1	23	3	1
115	3	23	4	1
116	6	24	0	1
117	7	24	1	1
118	5	24	2	1
119	1	24	3	1
120	3	24	4	1
121	7	25	0	1
122	6	25	1	1
123	5	25	2	1
124	1	25	3	1
125	3	25	4	1
126	6	26	0	1
127	7	26	1	1
128	5	26	2	1
129	1	26	3	1
130	3	26	4	1
131	6	27	0	1
132	7	27	1	1
133	5	27	2	1
134	1	27	3	1
135	3	27	4	1
136	6	28	0	1
137	7	28	1	1
138	5	28	2	1
139	1	28	3	1
140	3	28	4	1
141	6	29	0	1
142	3	29	1	1
143	5	29	2	1
144	7	29	3	1
145	1	29	4	1
146	1	30	0	1
147	5	30	1	1
148	6	30	2	1
149	7	30	3	1
150	3	30	4	1
151	5	31	0	1
152	1	31	1	1
153	6	31	2	1
154	7	31	3	1
155	3	31	4	1
156	6	32	0	1
157	3	32	1	1
158	5	32	2	1
159	7	32	3	1
160	1	32	4	1
161	5	33	0	1
162	1	33	1	1
163	6	33	2	1
164	7	33	3	1
165	3	33	4	1
166	5	34	0	1
167	1	34	1	1
168	6	34	2	1
169	7	34	3	1
170	3	34	4	1
171	6	35	0	1
172	7	35	1	1
173	5	35	2	1
174	1	35	3	1
175	3	35	4	1
176	5	36	0	1
177	6	36	1	1
178	7	36	2	1
179	1	36	3	1
180	3	36	4	1
181	6	37	0	1
182	7	37	1	1
183	5	37	2	1
184	1	37	3	1
185	3	37	4	1
186	3	38	0	1
187	6	38	1	1
188	5	38	2	1
189	7	38	3	1
190	1	38	4	1
191	5	39	0	1
192	1	39	1	1
193	6	39	2	1
194	7	39	3	1
195	3	39	4	1
196	1	40	0	1
197	5	40	1	1
198	6	40	2	1
199	7	40	3	1
200	3	40	4	1
201	5	41	0	1
202	1	41	1	1
203	6	41	2	1
204	7	41	3	1
205	3	41	4	1
206	6	42	0	1
207	7	42	1	1
208	5	42	2	1
209	1	42	3	1
210	3	42	4	1
211	7	43	0	1
212	6	43	1	1
213	5	43	2	1
214	1	43	3	1
215	3	43	4	1
216	6	44	0	1
217	7	44	1	1
218	5	44	2	1
219	1	44	3	1
220	3	44	4	1
221	6	45	0	1
222	3	45	1	1
223	5	45	2	1
224	7	45	3	1
225	1	45	4	1
226	1	46	0	1
227	5	46	1	1
228	6	46	2	1
229	7	46	3	1
230	3	46	4	1
231	5	47	0	1
232	1	47	1	1
233	6	47	2	1
234	7	47	3	1
235	3	47	4	1
236	3	48	0	1
237	6	48	1	1
238	5	48	2	1
239	7	48	3	1
240	1	48	4	1
241	5	49	0	1
242	1	49	1	1
243	6	49	2	1
244	7	49	3	1
245	3	49	4	1
246	6	50	0	1
247	7	50	1	1
248	5	50	2	1
249	1	50	3	1
250	3	50	4	1
251	6	51	0	1
252	3	51	1	1
253	5	51	2	1
254	7	51	3	1
255	1	51	4	1
256	5	52	0	1
257	6	52	1	1
258	7	52	2	1
259	1	52	3	1
260	3	52	4	1
261	5	53	0	1
262	6	53	1	1
263	7	53	2	1
264	1	53	3	1
265	3	53	4	1
266	5	54	0	1
267	6	54	1	1
268	7	54	2	1
269	1	54	3	1
270	3	54	4	1
271	5	55	0	1
272	6	55	1	1
273	7	55	2	1
274	1	55	3	1
275	3	55	4	1
276	5	56	0	1
277	6	56	1	1
278	7	56	2	1
279	1	56	3	1
280	3	56	4	1
281	5	57	0	1
282	6	57	1	1
283	7	57	2	1
284	1	57	3	1
285	3	57	4	1
286	5	58	0	1
287	6	58	1	1
288	7	58	2	1
289	1	58	3	1
290	3	58	4	1
291	5	59	0	1
292	6	59	1	1
293	7	59	2	1
294	1	59	3	1
295	3	59	4	1
296	3	60	0	1
297	5	60	1	1
298	6	60	2	1
299	7	60	3	1
300	1	60	4	1
301	3	61	0	1
302	5	61	1	1
303	6	61	2	1
304	7	61	3	1
305	1	61	4	1
306	3	62	0	1
307	5	62	1	1
308	6	62	2	1
309	7	62	3	1
310	1	62	4	1
311	5	63	0	1
312	6	63	1	1
313	7	63	2	1
314	1	63	3	1
315	3	63	4	1
316	5	64	0	1
317	6	64	1	1
318	7	64	2	1
319	1	64	3	1
320	3	64	4	1
321	5	65	0	1
322	6	65	1	1
323	7	65	2	1
324	1	65	3	1
325	3	65	4	1
326	5	66	0	1
327	6	66	1	1
328	7	66	2	1
329	1	66	3	1
330	3	66	4	1
331	5	67	0	1
332	6	67	1	1
333	7	67	2	1
334	1	67	3	1
335	3	67	4	1
336	5	68	0	1
337	6	68	1	1
338	7	68	2	1
339	1	68	3	1
340	3	68	4	1
341	3	69	0	1
342	5	69	1	1
343	6	69	2	1
344	7	69	3	1
345	1	69	4	1
346	3	70	0	1
347	5	70	1	1
348	6	70	2	1
349	7	70	3	1
350	1	70	4	1
351	3	71	0	1
352	5	71	1	1
353	6	71	2	1
354	7	71	3	1
355	1	71	4	1
356	3	72	0	1
357	5	72	1	1
358	6	72	2	1
359	7	72	3	1
360	1	72	4	1
361	3	73	0	1
362	1	73	1	1
363	3	74	0	1
364	1	74	1	1
365	3	75	0	1
366	1	75	1	1
367	3	76	0	1
368	1	76	1	1
369	3	77	0	1
370	1	77	1	1
371	3	78	0	1
372	1	78	1	1
373	3	79	0	1
374	1	79	1	1
375	4	80	0	1
376	3	80	1	1
377	1	80	2	1
378	4	81	0	1
379	3	81	1	1
380	1	81	2	1
381	4	82	0	1
382	3	82	1	1
383	1	82	2	1
384	4	83	0	1
385	3	83	1	1
386	1	83	2	1
387	4	84	0	1
388	3	84	1	1
389	1	84	2	1
390	4	85	0	1
391	3	85	1	1
392	1	85	2	1
393	4	86	0	1
394	3	86	1	1
395	1	86	2	1
396	4	87	0	1
397	3	87	1	1
398	1	87	2	1
399	4	88	0	1
400	3	88	1	1
401	1	88	2	1
402	4	89	0	1
403	3	89	1	1
404	1	89	2	1
405	4	90	0	1
406	3	90	1	1
407	1	90	2	1
408	4	91	0	1
409	3	91	1	1
410	1	91	2	1
411	3	92	0	1
412	1	92	1	1
413	4	93	0	1
414	3	93	1	1
415	1	93	2	1
416	3	94	0	1
417	1	94	1	1
418	4	95	0	1
419	3	95	1	1
420	1	95	2	1
421	4	96	0	1
422	3	96	1	1
423	1	96	2	1
424	4	97	0	1
425	3	97	1	1
426	1	97	2	1
427	4	98	0	1
428	3	98	1	1
429	1	98	2	1
430	4	99	0	1
431	3	99	1	1
432	1	99	2	1
433	4	100	0	1
434	3	100	1	1
435	1	100	2	1
436	3	101	0	1
437	1	101	1	1
438	4	102	0	1
439	3	102	1	1
440	1	102	2	1
441	4	103	0	1
442	3	103	1	1
443	1	103	2	1
444	4	104	0	1
445	3	104	1	1
446	1	104	2	1
447	4	105	0	1
448	3	105	1	1
449	1	105	2	1
450	4	106	0	1
451	3	106	1	1
452	1	106	2	1
453	4	107	0	1
454	3	107	1	1
455	1	107	2	1
456	4	108	0	1
457	3	108	1	1
458	1	108	2	1
459	3	109	0	1
460	1	109	1	1
461	3	110	0	1
462	1	110	1	1
463	4	111	0	1
464	3	111	1	1
465	1	111	2	1
466	3	112	0	1
467	1	112	1	1
468	3	113	0	1
469	1	113	1	1
470	3	114	0	1
471	1	114	1	1
472	3	115	0	1
473	1	115	1	1
474	3	116	0	1
475	1	116	1	1
476	3	117	0	1
477	1	117	1	1
478	3	118	0	1
479	1	118	1	1
480	3	119	0	1
481	1	119	1	1
482	3	120	0	1
483	1	120	1	1
484	3	121	0	1
485	1	121	1	1
486	3	122	0	1
487	1	122	1	1
488	3	123	0	1
489	1	123	1	1
490	3	124	0	1
491	1	124	1	1
492	3	125	0	1
493	1	125	1	1
494	3	126	0	1
495	1	126	1	1
496	3	127	0	1
497	1	127	1	1
498	3	128	0	1
499	1	128	1	1
500	3	129	0	1
501	1	129	1	1
502	3	130	0	1
503	1	130	1	1
504	5	41	0	2
505	1	41	1	2
506	6	41	2	2
507	7	41	3	2
508	3	41	4	2
509	15	41	5	2
510	6	29	0	2
511	3	29	1	2
512	5	29	2	2
513	7	29	3	2
514	1	29	4	2
515	15	29	5	2
516	6	4	0	2
517	7	4	1	2
518	5	4	2	2
519	1	4	3	2
520	3	4	4	2
521	15	4	5	2
522	6	35	0	2
523	7	35	1	2
524	5	35	2	2
525	1	35	3	2
526	3	35	4	2
527	15	35	5	2
528	6	26	0	2
529	7	26	1	2
530	5	26	2	2
531	1	26	3	2
532	3	26	4	2
533	15	26	5	2
534	7	1	0	2
535	6	1	1	2
536	5	1	2	2
537	1	1	3	2
538	3	1	4	2
539	15	1	5	2
540	6	32	0	2
541	3	32	1	2
542	5	32	2	2
543	7	32	3	2
544	1	32	4	2
545	15	32	5	2
546	4	97	0	2
547	3	97	1	2
548	1	97	2	2
549	16	97	3	2
550	3	127	0	2
551	1	127	1	2
552	17	127	2	2
553	4	88	0	2
554	3	88	1	2
555	1	88	2	2
556	16	88	3	2
557	6	17	0	2
558	7	17	1	2
559	5	17	2	2
560	1	17	3	2
561	3	17	4	2
562	15	17	5	2
563	3	94	0	2
564	1	94	1	2
565	16	94	2	2
566	5	23	0	2
567	6	23	1	2
568	7	23	2	2
569	1	23	3	2
570	3	23	4	2
571	15	23	5	2
572	3	130	0	2
573	1	130	1	2
574	15	130	2	2
575	3	124	0	2
576	1	124	1	2
577	15	124	2	2
578	3	118	0	2
579	1	118	1	2
580	15	118	2	2
581	4	85	0	2
582	3	85	1	2
583	1	85	2	2
584	16	85	3	2
585	6	14	0	2
586	7	14	1	2
587	5	14	2	2
588	1	14	3	2
589	3	14	4	2
590	15	14	5	2
591	4	91	0	2
592	3	91	1	2
593	1	91	2	2
594	16	91	3	2
595	3	79	0	2
596	1	79	1	2
597	15	79	2	2
598	1	20	0	2
599	5	20	1	2
600	6	20	2	2
601	7	20	3	2
602	3	20	4	2
603	15	20	5	2
604	3	121	0	2
605	1	121	1	2
606	15	121	2	2
607	3	115	0	2
608	1	115	1	2
609	15	115	2	2
610	4	82	0	2
611	3	82	1	2
612	1	82	2	2
613	16	82	3	2
614	7	11	0	2
615	6	11	1	2
616	5	11	2	2
617	1	11	3	2
618	3	11	4	2
619	15	11	5	2
620	3	76	0	2
621	1	76	1	2
622	15	76	2	2
623	3	109	0	2
624	1	109	1	2
625	16	109	2	2
626	3	73	0	2
627	1	73	1	2
628	15	73	2	2
629	4	106	0	2
630	3	106	1	2
631	1	106	2	2
632	16	106	3	2
633	3	112	0	2
634	1	112	1	2
635	16	112	2	2
636	3	70	0	2
637	5	70	1	2
638	6	70	2	2
639	7	70	3	2
640	1	70	4	2
641	15	70	5	2
642	4	103	0	2
643	3	103	1	2
644	1	103	2	2
645	16	103	3	2
646	4	100	0	2
647	3	100	1	2
648	1	100	2	2
649	16	100	3	2
650	3	69	0	2
651	5	69	1	2
652	6	69	2	2
653	7	69	3	2
654	1	69	4	2
655	15	69	5	2
656	5	66	0	2
657	6	66	1	2
658	7	66	2	2
659	1	66	3	2
660	3	66	4	2
661	15	66	5	2
662	5	57	0	2
663	6	57	1	2
664	7	57	2	2
665	1	57	3	2
666	3	57	4	2
667	15	57	5	2
668	5	63	0	2
669	6	63	1	2
670	7	63	2	2
671	1	63	3	2
672	3	63	4	2
673	15	63	5	2
674	5	54	0	2
675	6	54	1	2
676	7	54	2	2
677	1	54	3	2
678	3	54	4	2
679	15	54	5	2
680	3	60	0	2
681	5	60	1	2
682	6	60	2	2
683	7	60	3	2
684	1	60	4	2
685	15	60	5	2
686	3	48	0	2
687	6	48	1	2
688	5	48	2	2
689	7	48	3	2
690	1	48	4	2
691	15	48	5	2
692	6	51	0	2
693	3	51	1	2
694	5	51	2	2
695	7	51	3	2
696	1	51	4	2
697	15	51	5	2
698	5	39	0	2
699	1	39	1	2
700	6	39	2	2
701	7	39	3	2
702	3	39	4	2
703	15	39	5	2
704	6	45	0	2
705	3	45	1	2
706	5	45	2	2
707	7	45	3	2
708	1	45	4	2
709	15	45	5	2
710	5	8	0	2
711	1	8	1	2
712	6	8	2	2
713	7	8	3	2
714	3	8	4	2
715	15	8	5	2
716	6	42	0	2
717	7	42	1	2
718	5	42	2	2
719	1	42	3	2
720	3	42	4	2
721	15	42	5	2
722	3	5	0	2
723	6	5	1	2
724	5	5	2	2
725	7	5	3	2
726	1	5	4	2
727	15	5	5	2
728	5	36	0	2
729	6	36	1	2
730	7	36	2	2
731	1	36	3	2
732	3	36	4	2
733	15	36	5	2
734	4	98	0	2
735	3	98	1	2
736	1	98	2	2
737	16	98	3	2
738	6	27	0	2
739	7	27	1	2
740	5	27	2	2
741	1	27	3	2
742	3	27	4	2
743	15	27	5	2
744	5	2	0	2
745	6	2	1	2
746	7	2	2	2
747	1	2	3	2
748	3	2	4	2
749	15	2	5	2
750	5	33	0	2
751	1	33	1	2
752	6	33	2	2
753	7	33	3	2
754	3	33	4	2
755	15	33	5	2
756	3	128	0	2
757	1	128	1	2
758	15	128	2	2
759	4	95	0	2
760	3	95	1	2
761	1	95	2	2
762	16	95	3	2
763	6	24	0	2
764	7	24	1	2
765	5	24	2	2
766	1	24	3	2
767	3	24	4	2
768	15	24	5	2
769	4	89	0	2
770	3	89	1	2
771	1	89	2	2
772	16	89	3	2
773	1	30	0	2
774	5	30	1	2
775	6	30	2	2
776	7	30	3	2
777	3	30	4	2
778	15	30	5	2
779	5	18	0	2
780	6	18	1	2
781	7	18	2	2
782	1	18	3	2
783	3	18	4	2
784	15	18	5	2
785	3	125	0	2
786	1	125	1	2
787	15	125	2	2
788	3	119	0	2
789	1	119	1	2
790	15	119	2	2
791	3	92	0	2
792	1	92	1	2
793	16	92	2	2
794	5	21	0	2
795	1	21	1	2
796	6	21	2	2
797	7	21	3	2
798	3	21	4	2
799	15	21	5	2
800	4	86	0	2
801	3	86	1	2
802	1	86	2	2
803	16	86	3	2
804	5	15	0	2
805	6	15	1	2
806	7	15	2	2
807	1	15	3	2
808	3	15	4	2
809	15	15	5	2
810	3	122	0	2
811	1	122	1	2
812	15	122	2	2
813	3	116	0	2
814	1	116	1	2
815	15	116	2	2
816	4	83	0	2
817	3	83	1	2
818	1	83	2	2
819	16	83	3	2
820	5	12	0	2
821	6	12	1	2
822	7	12	2	2
823	1	12	3	2
824	3	12	4	2
825	15	12	5	2
826	3	77	0	2
827	1	77	1	2
828	15	77	2	2
829	4	80	0	2
830	3	80	1	2
831	1	80	2	2
832	16	80	3	2
833	3	113	0	2
834	1	113	1	2
835	15	113	2	2
836	3	74	0	2
837	1	74	1	2
838	15	74	2	2
839	4	107	0	2
840	3	107	1	2
841	1	107	2	2
842	16	107	3	2
843	3	110	0	2
844	1	110	1	2
845	16	110	2	2
846	3	71	0	2
847	5	71	1	2
848	6	71	2	2
849	7	71	3	2
850	1	71	4	2
851	15	71	5	2
852	4	104	0	2
853	3	104	1	2
854	1	104	2	2
855	16	104	3	2
856	3	101	0	2
857	1	101	1	2
858	16	101	2	2
859	5	67	0	2
860	6	67	1	2
861	7	67	2	2
862	1	67	3	2
863	3	67	4	2
864	15	67	5	2
865	5	64	0	2
866	6	64	1	2
867	7	64	2	2
868	1	64	3	2
869	3	64	4	2
870	15	64	5	2
871	5	58	0	2
872	6	58	1	2
873	7	58	2	2
874	1	58	3	2
875	3	58	4	2
876	15	58	5	2
877	5	49	0	2
878	1	49	1	2
879	6	49	2	2
880	7	49	3	2
881	3	49	4	2
882	15	49	5	2
883	5	55	0	2
884	6	55	1	2
885	7	55	2	2
886	1	55	3	2
887	3	55	4	2
888	15	55	5	2
889	3	61	0	2
890	5	61	1	2
891	6	61	2	2
892	7	61	3	2
893	1	61	4	2
894	15	61	5	2
895	5	9	0	2
896	1	9	1	2
897	6	9	2	2
898	7	9	3	2
899	3	9	4	2
900	15	9	5	2
901	5	52	0	2
902	6	52	1	2
903	7	52	2	2
904	1	52	3	2
905	3	52	4	2
906	15	52	5	2
907	1	46	0	2
908	5	46	1	2
909	6	46	2	2
910	7	46	3	2
911	3	46	4	2
912	15	46	5	2
913	6	37	0	2
914	7	37	1	2
915	5	37	2	2
916	1	37	3	2
917	3	37	4	2
918	15	37	5	2
919	7	43	0	2
920	6	43	1	2
921	5	43	2	2
922	1	43	3	2
923	3	43	4	2
924	15	43	5	2
925	6	6	0	2
926	3	6	1	2
927	5	6	2	2
928	7	6	3	2
929	1	6	4	2
930	15	6	5	2
931	5	34	0	2
932	1	34	1	2
933	6	34	2	2
934	7	34	3	2
935	3	34	4	2
936	15	34	5	2
937	4	99	0	2
938	3	99	1	2
939	1	99	2	2
940	16	99	3	2
941	1	40	0	2
942	5	40	1	2
943	6	40	2	2
944	7	40	3	2
945	3	40	4	2
946	15	40	5	2
947	6	28	0	2
948	7	28	1	2
949	5	28	2	2
950	1	28	3	2
951	3	28	4	2
952	15	28	5	2
953	6	3	0	2
954	3	3	1	2
955	5	3	2	2
956	7	3	3	2
957	1	3	4	2
958	15	3	5	2
959	3	129	0	2
960	1	129	1	2
961	15	129	2	2
962	5	31	0	2
963	1	31	1	2
964	6	31	2	2
965	7	31	3	2
966	3	31	4	2
967	15	31	5	2
968	6	19	0	2
969	7	19	1	2
970	5	19	2	2
971	1	19	3	2
972	3	19	4	2
973	15	19	5	2
974	4	96	0	2
975	3	96	1	2
976	1	96	2	2
977	16	96	3	2
978	7	25	0	2
979	6	25	1	2
980	5	25	2	2
981	1	25	3	2
982	3	25	4	2
983	15	25	5	2
984	3	126	0	2
985	1	126	1	2
986	17	126	2	2
987	6	16	0	2
988	7	16	1	2
989	5	16	2	2
990	1	16	3	2
991	3	16	4	2
992	15	16	5	2
993	4	93	0	2
994	3	93	1	2
995	1	93	2	2
996	16	93	3	2
997	1	22	0	2
998	5	22	1	2
999	6	22	2	2
1000	7	22	3	2
1001	3	22	4	2
1002	15	22	5	2
1003	4	87	0	2
1004	3	87	1	2
1005	1	87	2	2
1006	16	87	3	2
1007	3	123	0	2
1008	1	123	1	2
1009	15	123	2	2
1010	3	117	0	2
1011	1	117	1	2
1012	15	117	2	2
1013	4	90	0	2
1014	3	90	1	2
1015	1	90	2	2
1016	16	90	3	2
1017	3	78	0	2
1018	1	78	1	2
1019	15	78	2	2
1020	4	84	0	2
1021	3	84	1	2
1022	1	84	2	2
1023	16	84	3	2
1024	6	13	0	2
1025	3	13	1	2
1026	5	13	2	2
1027	7	13	3	2
1028	1	13	4	2
1029	15	13	5	2
1030	3	120	0	2
1031	1	120	1	2
1032	15	120	2	2
1033	3	75	0	2
1034	1	75	1	2
1035	15	75	2	2
1036	4	108	0	2
1037	3	108	1	2
1038	1	108	2	2
1039	16	108	3	2
1040	4	81	0	2
1041	3	81	1	2
1042	1	81	2	2
1043	16	81	3	2
1044	3	114	0	2
1045	1	114	1	2
1046	15	114	2	2
1047	7	10	0	2
1048	6	10	1	2
1049	5	10	2	2
1050	1	10	3	2
1051	3	10	4	2
1052	15	10	5	2
1053	3	72	0	2
1054	5	72	1	2
1055	6	72	2	2
1056	7	72	3	2
1057	1	72	4	2
1058	15	72	5	2
1059	4	105	0	2
1060	3	105	1	2
1061	1	105	2	2
1062	16	105	3	2
1063	4	111	0	2
1064	3	111	1	2
1065	1	111	2	2
1066	16	111	3	2
1067	4	102	0	2
1068	3	102	1	2
1069	1	102	2	2
1070	16	102	3	2
1071	5	68	0	2
1072	6	68	1	2
1073	7	68	2	2
1074	1	68	3	2
1075	3	68	4	2
1076	15	68	5	2
1077	5	65	0	2
1078	6	65	1	2
1079	7	65	2	2
1080	1	65	3	2
1081	3	65	4	2
1082	15	65	5	2
1083	5	59	0	2
1084	6	59	1	2
1085	7	59	2	2
1086	1	59	3	2
1087	3	59	4	2
1088	15	59	5	2
1089	3	62	0	2
1090	5	62	1	2
1091	6	62	2	2
1092	7	62	3	2
1093	1	62	4	2
1094	15	62	5	2
1095	5	56	0	2
1096	6	56	1	2
1097	7	56	2	2
1098	1	56	3	2
1099	3	56	4	2
1100	15	56	5	2
1101	5	47	0	2
1102	1	47	1	2
1103	6	47	2	2
1104	7	47	3	2
1105	3	47	4	2
1106	15	47	5	2
1107	5	53	0	2
1108	6	53	1	2
1109	7	53	2	2
1110	1	53	3	2
1111	3	53	4	2
1112	15	53	5	2
1113	6	44	0	2
1114	7	44	1	2
1115	5	44	2	2
1116	1	44	3	2
1117	3	44	4	2
1118	15	44	5	2
1119	1	7	0	2
1120	5	7	1	2
1121	6	7	2	2
1122	7	7	3	2
1123	3	7	4	2
1124	15	7	5	2
1125	6	50	0	2
1126	7	50	1	2
1127	5	50	2	2
1128	1	50	3	2
1129	3	50	4	2
1130	15	50	5	2
1131	3	38	0	2
1132	6	38	1	2
1133	5	38	2	2
1134	7	38	3	2
1135	1	38	4	2
1136	15	38	5	2
1137	9	127	0	3
1138	3	127	1	3
1139	1	127	2	3
1140	17	127	3	3
1141	9	41	0	3
1142	5	41	1	3
1143	1	41	2	3
1144	6	41	3	3
1145	7	41	4	3
1146	3	41	5	3
1147	15	41	6	3
1148	9	29	0	3
1149	6	29	1	3
1150	3	29	2	3
1151	5	29	3	3
1152	7	29	4	3
1153	1	29	5	3
1154	15	29	6	3
1155	9	35	0	3
1156	6	35	1	3
1157	7	35	2	3
1158	5	35	3	3
1159	1	35	4	3
1160	3	35	5	3
1161	15	35	6	3
1162	18	130	0	3
1163	9	130	1	3
1164	3	130	2	3
1165	1	130	3	3
1166	15	130	4	3
1167	9	124	0	3
1168	3	124	1	3
1169	1	124	2	3
1170	15	124	3	3
1171	9	118	0	3
1172	3	118	1	3
1173	1	118	2	3
1174	15	118	3	3
1175	9	26	0	3
1176	6	26	1	3
1177	7	26	2	3
1178	5	26	3	3
1179	1	26	4	3
1180	3	26	5	3
1181	15	26	6	3
1182	9	32	0	3
1183	6	32	1	3
1184	3	32	2	3
1185	5	32	3	3
1186	7	32	4	3
1187	1	32	5	3
1188	15	32	6	3
1189	18	121	0	3
1190	9	121	1	3
1191	3	121	2	3
1192	1	121	3	3
1193	15	121	4	3
1194	9	115	0	3
1195	3	115	1	3
1196	1	115	2	3
1197	15	115	3	3
1198	18	109	0	3
1199	9	109	1	3
1200	3	109	2	3
1201	1	109	3	3
1202	16	109	4	3
1203	9	23	0	3
1204	5	23	1	3
1205	6	23	2	3
1206	7	23	3	3
1207	1	23	4	3
1208	3	23	5	3
1209	15	23	6	3
1210	9	17	0	3
1211	6	17	1	3
1212	7	17	2	3
1213	5	17	3	3
1214	1	17	4	3
1215	3	17	5	3
1216	15	17	6	3
1217	18	99	0	3
1218	9	99	1	3
1219	4	99	2	3
1220	3	99	3	3
1221	1	99	4	3
1222	16	99	5	3
1223	9	20	0	3
1224	1	20	1	3
1225	5	20	2	3
1226	6	20	3	3
1227	7	20	4	3
1228	3	20	5	3
1229	15	20	6	3
1230	9	112	0	3
1231	18	112	1	3
1232	3	112	2	3
1233	1	112	3	3
1234	16	112	4	3
1235	9	14	0	3
1236	6	14	1	3
1237	7	14	2	3
1238	5	14	3	3
1239	1	14	4	3
1240	3	14	5	3
1241	15	14	6	3
1242	18	106	0	3
1243	9	106	1	3
1244	4	106	2	3
1245	3	106	3	3
1246	1	106	4	3
1247	16	106	5	3
1248	9	11	0	3
1249	7	11	1	3
1250	6	11	2	3
1251	5	11	3	3
1252	1	11	4	3
1253	3	11	5	3
1254	15	11	6	3
1255	9	8	0	3
1256	5	8	1	3
1257	1	8	2	3
1258	6	8	3	3
1259	7	8	4	3
1260	3	8	5	3
1261	15	8	6	3
1262	18	103	0	3
1263	9	103	1	3
1264	4	103	2	3
1265	3	103	3	3
1266	1	103	4	3
1267	16	103	5	3
1268	18	96	0	3
1269	9	96	1	3
1270	4	96	2	3
1271	3	96	3	3
1272	1	96	4	3
1273	16	96	5	3
1274	18	87	0	3
1275	9	87	1	3
1276	4	87	2	3
1277	3	87	3	3
1278	1	87	4	3
1279	16	87	5	3
1280	9	5	0	3
1281	3	5	1	3
1282	6	5	2	3
1283	5	5	3	3
1284	7	5	4	3
1285	1	5	5	3
1286	15	5	6	3
1287	18	100	0	3
1288	9	100	1	3
1289	4	100	2	3
1290	3	100	3	3
1291	1	100	4	3
1292	16	100	5	3
1293	18	93	0	3
1294	9	93	1	3
1295	4	93	2	3
1296	3	93	3	3
1297	1	93	4	3
1298	16	93	5	3
1299	18	84	0	3
1300	9	84	1	3
1301	4	84	2	3
1302	3	84	3	3
1303	1	84	4	3
1304	16	84	5	3
1305	9	2	0	3
1306	5	2	1	3
1307	6	2	2	3
1308	7	2	3	3
1309	1	2	4	3
1310	3	2	5	3
1311	15	2	6	3
1312	18	90	0	3
1313	9	90	1	3
1314	4	90	2	3
1315	3	90	3	3
1316	1	90	4	3
1317	16	90	5	3
1318	9	78	0	3
1319	3	78	1	3
1320	1	78	2	3
1321	15	78	3	3
1322	18	81	0	3
1323	9	81	1	3
1324	4	81	2	3
1325	3	81	3	3
1326	1	81	4	3
1327	16	81	5	3
1328	9	69	0	3
1329	3	69	1	3
1330	5	69	2	3
1331	6	69	3	3
1332	7	69	4	3
1333	1	69	5	3
1334	15	69	6	3
1335	9	75	0	3
1336	3	75	1	3
1337	1	75	2	3
1338	15	75	3	3
1339	9	66	0	3
1340	5	66	1	3
1341	6	66	2	3
1342	7	66	3	3
1343	1	66	4	3
1344	3	66	5	3
1345	15	66	6	3
1346	9	72	0	3
1347	3	72	1	3
1348	5	72	2	3
1349	6	72	3	3
1350	7	72	4	3
1351	1	72	5	3
1352	15	72	6	3
1353	9	63	0	3
1354	5	63	1	3
1355	6	63	2	3
1356	7	63	3	3
1357	1	63	4	3
1358	3	63	5	3
1359	15	63	6	3
1360	9	57	0	3
1361	5	57	1	3
1362	6	57	2	3
1363	7	57	3	3
1364	1	57	4	3
1365	3	57	5	3
1366	15	57	6	3
1367	9	54	0	3
1368	5	54	1	3
1369	6	54	2	3
1370	7	54	3	3
1371	1	54	4	3
1372	3	54	5	3
1373	15	54	6	3
1374	9	60	0	3
1375	3	60	1	3
1376	5	60	2	3
1377	6	60	3	3
1378	7	60	4	3
1379	1	60	5	3
1380	15	60	6	3
1381	9	48	0	3
1382	3	48	1	3
1383	6	48	2	3
1384	5	48	3	3
1385	7	48	4	3
1386	1	48	5	3
1387	15	48	6	3
1388	9	51	0	3
1389	6	51	1	3
1390	3	51	2	3
1391	5	51	3	3
1392	7	51	4	3
1393	1	51	5	3
1394	15	51	6	3
1395	9	39	0	3
1396	5	39	1	3
1397	1	39	2	3
1398	6	39	3	3
1399	7	39	4	3
1400	3	39	5	3
1401	15	39	6	3
1402	9	45	0	3
1403	6	45	1	3
1404	3	45	2	3
1405	5	45	3	3
1406	7	45	4	3
1407	1	45	5	3
1408	15	45	6	3
1409	9	128	0	3
1410	3	128	1	3
1411	1	128	2	3
1412	15	128	3	3
1413	9	36	0	3
1414	5	36	1	3
1415	6	36	2	3
1416	7	36	3	3
1417	1	36	4	3
1418	3	36	5	3
1419	15	36	6	3
1420	9	42	0	3
1421	6	42	1	3
1422	7	42	2	3
1423	5	42	3	3
1424	1	42	4	3
1425	3	42	5	3
1426	15	42	6	3
1427	9	125	0	3
1428	3	125	1	3
1429	1	125	2	3
1430	15	125	3	3
1431	9	119	0	3
1432	3	119	1	3
1433	1	119	2	3
1434	15	119	3	3
1435	9	33	0	3
1436	5	33	1	3
1437	1	33	2	3
1438	6	33	3	3
1439	7	33	4	3
1440	3	33	5	3
1441	15	33	6	3
1442	9	27	0	3
1443	6	27	1	3
1444	7	27	2	3
1445	5	27	3	3
1446	1	27	4	3
1447	3	27	5	3
1448	15	27	6	3
1449	9	122	0	3
1450	3	122	1	3
1451	1	122	2	3
1452	15	122	3	3
1453	9	116	0	3
1454	3	116	1	3
1455	1	116	2	3
1456	15	116	3	3
1457	9	30	0	3
1458	1	30	1	3
1459	5	30	2	3
1460	6	30	3	3
1461	7	30	4	3
1462	3	30	5	3
1463	15	30	6	3
1464	9	18	0	3
1465	5	18	1	3
1466	6	18	2	3
1467	7	18	3	3
1468	1	18	4	3
1469	3	18	5	3
1470	15	18	6	3
1471	9	24	0	3
1472	6	24	1	3
1473	7	24	2	3
1474	5	24	3	3
1475	1	24	4	3
1476	3	24	5	3
1477	15	24	6	3
1478	9	15	0	3
1479	5	15	1	3
1480	6	15	2	3
1481	7	15	3	3
1482	1	15	4	3
1483	3	15	5	3
1484	15	15	6	3
1485	18	107	0	3
1486	9	107	1	3
1487	4	107	2	3
1488	3	107	3	3
1489	1	107	4	3
1490	16	107	5	3
1491	9	21	0	3
1492	5	21	1	3
1493	1	21	2	3
1494	6	21	3	3
1495	7	21	4	3
1496	3	21	5	3
1497	15	21	6	3
1498	9	113	0	3
1499	3	113	1	3
1500	1	113	2	3
1501	15	113	3	3
1502	18	104	0	3
1503	9	104	1	3
1504	4	104	2	3
1505	3	104	3	3
1506	1	104	4	3
1507	16	104	5	3
1508	18	97	0	3
1509	9	97	1	3
1510	4	97	2	3
1511	3	97	3	3
1512	1	97	4	3
1513	16	97	5	3
1514	18	110	0	3
1515	9	110	1	3
1516	3	110	2	3
1517	1	110	3	3
1518	16	110	4	3
1519	9	12	0	3
1520	5	12	1	3
1521	6	12	2	3
1522	7	12	3	3
1523	1	12	4	3
1524	3	12	5	3
1525	15	12	6	3
1526	9	9	0	3
1527	5	9	1	3
1528	1	9	2	3
1529	6	9	3	3
1530	7	9	4	3
1531	3	9	5	3
1532	15	9	6	3
1533	18	101	0	3
1534	9	101	1	3
1535	3	101	2	3
1536	1	101	3	3
1537	16	101	4	3
1538	9	94	0	3
1539	18	94	1	3
1540	3	94	2	3
1541	1	94	3	3
1542	16	94	4	3
1543	18	88	0	3
1544	9	88	1	3
1545	4	88	2	3
1546	3	88	3	3
1547	1	88	4	3
1548	16	88	5	3
1549	9	6	0	3
1550	6	6	1	3
1551	3	6	2	3
1552	5	6	3	3
1553	7	6	4	3
1554	1	6	5	3
1555	15	6	6	3
1556	18	91	0	3
1557	9	91	1	3
1558	4	91	2	3
1559	3	91	3	3
1560	1	91	4	3
1561	16	91	5	3
1562	9	79	0	3
1563	3	79	1	3
1564	1	79	2	3
1565	15	79	3	3
1566	18	85	0	3
1567	9	85	1	3
1568	4	85	2	3
1569	3	85	3	3
1570	1	85	4	3
1571	16	85	5	3
1572	9	3	0	3
1573	6	3	1	3
1574	3	3	2	3
1575	5	3	3	3
1576	7	3	4	3
1577	1	3	5	3
1578	15	3	6	3
1579	9	76	0	3
1580	3	76	1	3
1581	1	76	2	3
1582	15	76	3	3
1583	18	82	0	3
1584	9	82	1	3
1585	4	82	2	3
1586	3	82	3	3
1587	1	82	4	3
1588	16	82	5	3
1589	9	67	0	3
1590	5	67	1	3
1591	6	67	2	3
1592	7	67	3	3
1593	1	67	4	3
1594	3	67	5	3
1595	15	67	6	3
1596	9	73	0	3
1597	3	73	1	3
1598	1	73	2	3
1599	15	73	3	3
1600	9	64	0	3
1601	5	64	1	3
1602	6	64	2	3
1603	7	64	3	3
1604	1	64	4	3
1605	3	64	5	3
1606	15	64	6	3
1607	9	70	0	3
1608	3	70	1	3
1609	5	70	2	3
1610	6	70	3	3
1611	7	70	4	3
1612	1	70	5	3
1613	15	70	6	3
1614	9	58	0	3
1615	5	58	1	3
1616	6	58	2	3
1617	7	58	3	3
1618	1	58	4	3
1619	3	58	5	3
1620	15	58	6	3
1621	9	61	0	3
1622	3	61	1	3
1623	5	61	2	3
1624	6	61	3	3
1625	7	61	4	3
1626	1	61	5	3
1627	15	61	6	3
1628	9	49	0	3
1629	5	49	1	3
1630	1	49	2	3
1631	6	49	3	3
1632	7	49	4	3
1633	3	49	5	3
1634	15	49	6	3
1635	9	55	0	3
1636	5	55	1	3
1637	6	55	2	3
1638	7	55	3	3
1639	1	55	4	3
1640	3	55	5	3
1641	15	55	6	3
1642	9	46	0	3
1643	1	46	1	3
1644	5	46	2	3
1645	6	46	3	3
1646	7	46	4	3
1647	3	46	5	3
1648	15	46	6	3
1649	9	52	0	3
1650	5	52	1	3
1651	6	52	2	3
1652	7	52	3	3
1653	1	52	4	3
1654	3	52	5	3
1655	15	52	6	3
1656	9	129	0	3
1657	3	129	1	3
1658	1	129	2	3
1659	15	129	3	3
1660	9	43	0	3
1661	7	43	1	3
1662	6	43	2	3
1663	5	43	3	3
1664	1	43	4	3
1665	3	43	5	3
1666	15	43	6	3
1667	9	37	0	3
1668	6	37	1	3
1669	7	37	2	3
1670	5	37	3	3
1671	1	37	4	3
1672	3	37	5	3
1673	15	37	6	3
1674	9	126	0	3
1675	3	126	1	3
1676	1	126	2	3
1677	17	126	3	3
1678	9	40	0	3
1679	1	40	1	3
1680	5	40	2	3
1681	6	40	3	3
1682	7	40	4	3
1683	3	40	5	3
1684	15	40	6	3
1685	9	28	0	3
1686	6	28	1	3
1687	7	28	2	3
1688	5	28	3	3
1689	1	28	4	3
1690	3	28	5	3
1691	15	28	6	3
1692	9	34	0	3
1693	5	34	1	3
1694	1	34	2	3
1695	6	34	3	3
1696	7	34	4	3
1697	3	34	5	3
1698	15	34	6	3
1699	9	123	0	3
1700	3	123	1	3
1701	1	123	2	3
1702	15	123	3	3
1703	9	117	0	3
1704	3	117	1	3
1705	1	117	2	3
1706	15	117	3	3
1707	9	31	0	3
1708	5	31	1	3
1709	1	31	2	3
1710	6	31	3	3
1711	7	31	4	3
1712	3	31	5	3
1713	15	31	6	3
1714	9	19	0	3
1715	6	19	1	3
1716	7	19	2	3
1717	5	19	3	3
1718	1	19	4	3
1719	3	19	5	3
1720	15	19	6	3
1721	9	25	0	3
1722	7	25	1	3
1723	6	25	2	3
1724	5	25	3	3
1725	1	25	4	3
1726	3	25	5	3
1727	15	25	6	3
1728	9	120	0	3
1729	3	120	1	3
1730	1	120	2	3
1731	15	120	3	3
1732	9	114	0	3
1733	3	114	1	3
1734	1	114	2	3
1735	15	114	3	3
1736	9	16	0	3
1737	6	16	1	3
1738	7	16	2	3
1739	5	16	3	3
1740	1	16	4	3
1741	3	16	5	3
1742	15	16	6	3
1743	18	108	0	3
1744	9	108	1	3
1745	4	108	2	3
1746	3	108	3	3
1747	1	108	4	3
1748	16	108	5	3
1749	9	22	0	3
1750	1	22	1	3
1751	5	22	2	3
1752	6	22	3	3
1753	7	22	4	3
1754	3	22	5	3
1755	15	22	6	3
1756	18	111	0	3
1757	9	111	1	3
1758	4	111	2	3
1759	3	111	3	3
1760	1	111	4	3
1761	16	111	5	3
1762	9	13	0	3
1763	6	13	1	3
1764	3	13	2	3
1765	5	13	3	3
1766	7	13	4	3
1767	1	13	5	3
1768	15	13	6	3
1769	18	105	0	3
1770	9	105	1	3
1771	4	105	2	3
1772	3	105	3	3
1773	1	105	4	3
1774	16	105	5	3
1775	18	98	0	3
1776	9	98	1	3
1777	4	98	2	3
1778	3	98	3	3
1779	1	98	4	3
1780	16	98	5	3
1781	18	89	0	3
1782	9	89	1	3
1783	4	89	2	3
1784	3	89	3	3
1785	1	89	4	3
1786	16	89	5	3
1787	9	10	0	3
1788	7	10	1	3
1789	6	10	2	3
1790	5	10	3	3
1791	1	10	4	3
1792	3	10	5	3
1793	15	10	6	3
1794	9	7	0	3
1795	1	7	1	3
1796	5	7	2	3
1797	6	7	3	3
1798	7	7	4	3
1799	3	7	5	3
1800	15	7	6	3
1801	18	102	0	3
1802	9	102	1	3
1803	4	102	2	3
1804	3	102	3	3
1805	1	102	4	3
1806	16	102	5	3
1807	18	95	0	3
1808	9	95	1	3
1809	4	95	2	3
1810	3	95	3	3
1811	1	95	4	3
1812	16	95	5	3
1813	18	86	0	3
1814	9	86	1	3
1815	4	86	2	3
1816	3	86	3	3
1817	1	86	4	3
1818	16	86	5	3
1819	9	4	0	3
1820	6	4	1	3
1821	7	4	2	3
1822	5	4	3	3
1823	1	4	4	3
1824	3	4	5	3
1825	15	4	6	3
1826	18	92	0	3
1827	9	92	1	3
1828	3	92	2	3
1829	1	92	3	3
1830	16	92	4	3
1831	9	77	0	3
1832	3	77	1	3
1833	1	77	2	3
1834	15	77	3	3
1835	18	83	0	3
1836	9	83	1	3
1837	4	83	2	3
1838	3	83	3	3
1839	1	83	4	3
1840	16	83	5	3
1841	9	1	0	3
1842	7	1	1	3
1843	6	1	2	3
1844	5	1	3	3
1845	1	1	4	3
1846	3	1	5	3
1847	15	1	6	3
1848	9	74	0	3
1849	3	74	1	3
1850	1	74	2	3
1851	15	74	3	3
1852	18	80	0	3
1853	9	80	1	3
1854	4	80	2	3
1855	3	80	3	3
1856	1	80	4	3
1857	16	80	5	3
1858	9	68	0	3
1859	5	68	1	3
1860	6	68	2	3
1861	7	68	3	3
1862	1	68	4	3
1863	3	68	5	3
1864	15	68	6	3
1865	9	71	0	3
1866	3	71	1	3
1867	5	71	2	3
1868	6	71	3	3
1869	7	71	4	3
1870	1	71	5	3
1871	15	71	6	3
1872	9	59	0	3
1873	5	59	1	3
1874	6	59	2	3
1875	7	59	3	3
1876	1	59	4	3
1877	3	59	5	3
1878	15	59	6	3
1879	9	65	0	3
1880	5	65	1	3
1881	6	65	2	3
1882	7	65	3	3
1883	1	65	4	3
1884	3	65	5	3
1885	15	65	6	3
1886	9	56	0	3
1887	5	56	1	3
1888	6	56	2	3
1889	7	56	3	3
1890	1	56	4	3
1891	3	56	5	3
1892	15	56	6	3
1893	9	62	0	3
1894	3	62	1	3
1895	5	62	2	3
1896	6	62	3	3
1897	7	62	4	3
1898	1	62	5	3
1899	15	62	6	3
1900	9	53	0	3
1901	5	53	1	3
1902	6	53	2	3
1903	7	53	3	3
1904	1	53	4	3
1905	3	53	5	3
1906	15	53	6	3
1907	9	47	0	3
1908	5	47	1	3
1909	1	47	2	3
1910	6	47	3	3
1911	7	47	4	3
1912	3	47	5	3
1913	15	47	6	3
1914	9	38	0	3
1915	3	38	1	3
1916	6	38	2	3
1917	5	38	3	3
1918	7	38	4	3
1919	1	38	5	3
1920	15	38	6	3
1921	9	44	0	3
1922	6	44	1	3
1923	7	44	2	3
1924	5	44	3	3
1925	1	44	4	3
1926	3	44	5	3
1927	15	44	6	3
1928	9	50	0	3
1929	6	50	1	3
1930	7	50	2	3
1931	5	50	3	3
1932	1	50	4	3
1933	3	50	5	3
1934	15	50	6	3
\.


--
-- Name: routing_printer_to_regions_id_seq; Type: SEQUENCE SET; Schema: blurby; Owner: -
--

SELECT pg_catalog.setval('routing_printer_to_regions_id_seq', 1934, true);


--
-- Data for Name: routing_region_groups; Type: TABLE DATA; Schema: blurby; Owner: -
--

COPY routing_region_groups (id, name, sort_order) FROM stdin;
1	UNITES STATES + DC	0
2	UNITED STATES APO/FPO + TERRITORIES	1
3	CANADA	2
4	CENTRAL & SOUTH AMERICA	3
5	EUROPE	4
6	ASIA	5
7	OCEAN PACIFIC	6
8	MISC.	7
\.


--
-- Name: routing_region_groups_id_seq; Type: SEQUENCE SET; Schema: blurby; Owner: -
--

SELECT pg_catalog.setval('routing_region_groups_id_seq', 8, true);


--
-- Data for Name: routing_regions; Type: TABLE DATA; Schema: blurby; Owner: -
--

COPY routing_regions (id, region_id, region_type, region_group_id) FROM stdin;
1	al	State	1
2	ak	State	1
3	az	State	1
4	ar	State	1
5	ca	State	1
6	co	State	1
7	ct	State	1
8	de	State	1
9	dc	State	1
10	fl	State	1
11	ga	State	1
12	hi	State	1
13	id	State	1
14	il	State	1
15	in	State	1
16	ia	State	1
17	ks	State	1
18	ky	State	1
19	la	State	1
20	me	State	1
21	md	State	1
22	ma	State	1
23	mi	State	1
24	mn	State	1
25	ms	State	1
26	mo	State	1
27	mt	State	1
28	ne	State	1
29	nv	State	1
30	nh	State	1
31	nj	State	1
32	nm	State	1
33	ny	State	1
34	nc	State	1
35	nd	State	1
36	oh	State	1
37	ok	State	1
38	or	State	1
39	pa	State	1
40	ri	State	1
41	sc	State	1
42	sd	State	1
43	tn	State	1
44	tx	State	1
45	ut	State	1
46	vt	State	1
47	va	State	1
48	wa	State	1
49	wv	State	1
50	wi	State	1
51	wy	State	1
52	ae	State	2
53	aa	State	2
54	ap	State	2
55	gu	State	2
56	mh	State	2
57	mp	State	2
58	pr	State	2
59	vi	State	2
60	ab	State	3
61	bc	State	3
62	mb	State	3
63	nb	State	3
64	nl	State	3
65	ns	State	3
66	on	State	3
67	pe	State	3
68	qc	State	3
69	yt	State	3
70	nt	State	3
71	nu	State	3
72	sk	State	3
73	ar	Country	4
74	br	Country	4
75	ky	Country	4
76	co	Country	4
77	mx	Country	4
78	gp	Country	4
79	bl	Country	4
80	at	Country	5
81	be	Country	5
82	bg	Country	5
83	cy	Country	5
84	cz	Country	5
85	dk	Country	5
86	ee	Country	5
87	fi	Country	5
88	fr	Country	5
89	de	Country	5
90	gr	Country	5
91	hu	Country	5
92	is	Country	5
93	ie	Country	5
94	il	Country	5
95	it	Country	5
96	lv	Country	5
97	lt	Country	5
98	lu	Country	5
99	mt	Country	5
100	nl	Country	5
101	no	Country	5
102	pl	Country	5
103	pt	Country	5
104	ro	Country	5
105	sk	Country	5
106	si	Country	5
107	es	Country	5
108	se	Country	5
109	ch	Country	5
110	ua	Country	5
111	gb	Country	5
112	vg	Country	5
113	hk	Country	6
114	in	Country	6
115	id	Country	6
116	jp	Country	6
117	mo	Country	6
118	my	Country	6
119	fm	Country	6
120	ph	Country	6
121	ru	Country	6
122	sg	Country	6
123	kr	Country	6
124	tw	Country	6
125	th	Country	6
126	au	Country	7
127	nz	Country	7
128	za	Country	8
129	ae	Country	8
130	re	Country	8
\.


--
-- Name: routing_regions_id_seq; Type: SEQUENCE SET; Schema: blurby; Owner: -
--

SELECT pg_catalog.setval('routing_regions_id_seq', 130, true);


--
-- Data for Name: schema_migrations; Type: TABLE DATA; Schema: blurby; Owner: -
--

COPY schema_migrations (version) FROM stdin;
20180124164113
20180421003325
20180801221702
20180829221845
20180927035120
20181019221708
20181207150400
20181221140600
20190124000809
20190124001302
20190124001544
20190215000000
20190215001111
20190215002222
20190225150123
20190305230146
20190523143000
20190529234123
20190612180609
20190613222233
20190614124322
20190711120800
20190716214103
20190725002154
20190725235313
20190821171255
20190827013752
20190827190748
20190925053731
20191008235055
20191207005445
20200109154403
20200210201715
20200311222542
20200409223015
20200422213751
20200429152810
20200430104000
20200501191154
20200629214133
20200707185057
20200713190521
20200713192349
20200716232530
20200720185125
20200729062233
20200811125800
20200813231452
20200824105617
20200902215512
20200929010708
20200929192841
20201008204903
20201016231230
20201019003649
20201120011722
20201123231113
\.


--
-- Data for Name: search_pages; Type: TABLE DATA; Schema: blurby; Owner: -
--

COPY search_pages (id, title, body, custhelp_id, created_at, updated_at, keywords, url, type, language, path) FROM stdin;
\.


--
-- Name: search_pages_id_seq; Type: SEQUENCE SET; Schema: blurby; Owner: -
--

-- SELECT pg_catalog.setval('search_pages_id_seq', 1, false);


--
-- Name: seller_book_specifications_id_seq; Type: SEQUENCE SET; Schema: blurby; Owner: -
--

SELECT pg_catalog.setval('seller_book_specifications_id_seq', 1, false);


--
-- Data for Name: seller_product_option_histories; Type: TABLE DATA; Schema: blurby; Owner: -
--

COPY seller_product_option_histories (id, seller_product_option_id, created_at, markup_before, markup_after, markup_before_currency_id, markup_after_currency_id, markup_before_usd, markup_after_usd) FROM stdin;
\.


--
-- Name: seller_product_option_histories_id_seq; Type: SEQUENCE SET; Schema: blurby; Owner: -
--

SELECT pg_catalog.setval('seller_product_option_histories_id_seq', 1, false);


--
-- Data for Name: seller_product_options; Type: TABLE DATA; Schema: blurby; Owner: -
--

COPY seller_product_options (id, product_id, product_option_id, author_markup, fixed_price, currency_id, author_markup_usd, seller_book_specification_id) FROM stdin;
\.


--
-- Name: seller_product_options_id_seq; Type: SEQUENCE SET; Schema: blurby; Owner: -
--

SELECT pg_catalog.setval('seller_product_options_id_seq', 1, false);


--
-- Data for Name: sellers; Type: TABLE DATA; Schema: blurby; Owner: -
--

COPY sellers (id, user_id, created_at, tax_identifier_type, tax_identifier, payment_address_id, updated_at, currency_id, queued_currency_id, united_states_citizen, united_states_business_owner, united_states_resident, temp_address_id, failed_validity, payee_name_id, payment_type, paypal_email_id, agreed_to_ebook_syp_terms, deleted_at, trusted, nonreturnable) FROM stdin;
1	5	2014-02-20 11:34:22.55615	SSN	loi0SR5YccaK+JHYMSt4x6z9N1SKK0Hae211MJLVs+gy4TxwzrIIJCIaq4Uy\ngkWHjocQ/mS6JmXi4LwYP/563t8RXw1fhpQaHD2GWPKZiRxIss0F5x6Dlk2i\nWhdCUHyqMMjx8GrHG9YyVeMxJERS56zBzuO1vVGGcV48p95Uz+A=\n	1	2014-02-20 11:34:22.55615	USD	\N	t	\N	\N	\N	\N	\N	3	\N	f	\N	f	f
\.


--
-- Name: sellers_id_seq; Type: SEQUENCE SET; Schema: blurby; Owner: -
--

SELECT pg_catalog.setval('sellers_id_seq', 1, true);


--
-- Data for Name: sessions; Type: TABLE DATA; Schema: blurby; Owner: -
--

COPY sessions (id, session_id, data, updated_at, user_id, created_at) FROM stdin;
\.


--
-- Name: sessions_id_seq; Type: SEQUENCE SET; Schema: blurby; Owner: -
--

SELECT pg_catalog.setval('sessions_id_seq', 1, false);


--
-- Name: ship_methods_id_seq; Type: SEQUENCE SET; Schema: blurby; Owner: -
--

SELECT pg_catalog.setval('ship_methods_id_seq', 1, false);


--
-- Data for Name: shipper_account_informations; Type: TABLE DATA; Schema: blurby; Owner: -
--

-- COPY shipper_account_informations (id, shipper_id, shipper_number, access_license_for_rate_shop, user_name, password, access_license, for_returns, account_number, meter_number, blurb_account) FROM stdin;
-- 1	1	133R0R	6BF2A365CE6EB6D5	blurbAdmin	b00kified	\N	f	\N	\N	t
-- 2	1	HDHD	DHTNDNTDHNTD	blurbAdmin	book	\N	t	\N	\N	f
-- 3	3	957BLURB7019	\N	\N	\N	\N	f	\N	\N	f
-- 4	4	\N	\N	\N	\N	\N	f	\N	\N	f
-- 5	2	\N	\N	eqhKtVmUrrlXhnK8	JU7bZbXdkeSY4OaLaoDLXbjHl	\N	f	328078708	5413188	f
-- 6	1	311947	\N	\N	\N	\N	t	\N	\N	f
-- 7	2	\N	\N	0GnBZGUjg9Nv9mbx	sfHVk8QwEjUybnmaLvgzCQaCw	\N	f	476496489	101074157	f
-- 8	8	\N	\N	\N	\N	\N	f	\N	\N	f
-- 9	9	\N	\N	JkNNbg1vImUS3qEl	dlbMzNMQdf3F41T4SVOLt9PRG	\N	f	120635158	102114105	t
-- 10	10	\N	\N	\N	\N	\N	f	\N	\N	f
-- 11	11	\N	\N	\N	\N	\N	f	\N	\N	f
-- 12	12	\N	\N	\N	\N	\N	f	\N	\N	f
-- 13	13	\N	\N	\N	\N	\N	f	\N	\N	f
-- 14	14	\N	\N	\N	\N	\N	f	\N	\N	f
-- \.


--
-- Name: shipper_account_informations_id_seq; Type: SEQUENCE SET; Schema: blurby; Owner: -
--

SELECT pg_catalog.setval('shipper_account_informations_id_seq', 14, true);


--
-- Data for Name: shipper_capabilites_to_countries; Type: TABLE DATA; Schema: blurby; Owner: -
--

COPY shipper_capabilites_to_countries (id, shipper_capability_id, country_id) FROM stdin;
1	1	236
2	2	236
3	4	235
4	2	32
5	3	236
6	4	236
7	3	119
8	5	6
9	5	7
10	5	15
11	5	11
12	5	12
13	5	16
14	5	2
15	5	56
16	5	17
17	5	19
18	5	20
19	5	23
20	5	59
21	5	110
22	5	24
23	5	25
24	5	30
25	5	32
26	5	36
27	5	37
28	5	38
29	5	39
30	5	41
31	5	44
32	5	14
33	5	45
34	5	49
35	5	50
36	5	53
37	5	54
38	5	57
39	5	62
40	5	63
41	5	61
42	5	64
43	5	70
44	5	75
45	5	65
46	5	66
47	5	69
48	5	71
49	5	74
50	5	77
51	5	78
52	5	86
53	5	80
54	5	82
55	5	102
56	5	22
57	5	84
58	5	90
59	5	93
60	5	95
61	5	107
62	5	96
63	5	123
64	5	99
65	5	100
66	5	103
67	5	106
68	5	109
69	5	112
70	5	114
71	5	129
72	5	130
73	5	115
74	5	117
75	5	3
76	5	120
77	5	138
78	5	121
79	5	124
80	5	125
81	5	127
82	5	133
83	5	134
84	5	135
85	5	147
86	5	136
87	5	137
88	5	141
89	5	142
90	5	40
91	5	8
92	5	144
93	5	148
94	5	9
95	5	13
96	5	76
97	5	27
98	5	28
99	5	29
100	5	31
101	5	33
102	5	34
103	5	42
104	5	47
105	5	48
106	5	51
107	5	55
108	5	58
109	5	72
110	5	73
111	5	79
112	5	81
113	5	85
114	5	87
115	5	89
116	5	92
117	5	94
118	5	98
119	5	105
120	5	108
121	5	113
122	5	118
123	5	119
124	5	122
125	5	131
126	5	140
127	5	143
128	5	145
129	5	146
130	5	4
131	5	178
132	5	152
133	5	153
134	5	154
135	5	155
136	5	158
137	5	159
138	5	35
139	5	160
140	5	161
141	5	162
142	5	163
143	5	165
144	5	167
145	5	168
146	5	182
147	5	169
148	5	172
149	5	173
150	5	174
151	5	175
152	5	179
153	5	180
154	5	184
155	5	60
156	5	202
157	5	188
158	5	192
159	5	203
160	5	195
161	5	196
162	5	199
163	5	215
164	5	200
165	5	204
166	5	216
167	5	205
168	5	206
169	5	210
170	5	233
171	5	10
172	5	211
173	5	212
174	5	214
175	5	128
176	5	219
177	5	221
178	5	223
179	5	224
180	5	52
181	5	97
182	5	225
183	5	228
184	5	229
185	5	231
186	5	232
187	5	234
188	5	238
189	5	239
190	5	240
191	5	247
192	5	150
193	5	249
194	5	149
195	5	166
196	5	236
197	5	235
198	5	83
199	5	209
200	5	157
201	5	177
202	5	21
203	5	101
204	5	193
205	5	197
206	5	132
207	5	26
208	5	46
209	5	67
210	5	88
211	5	111
212	5	126
213	5	164
214	5	170
215	5	176
216	5	181
217	5	183
218	5	185
219	5	186
220	5	187
221	5	189
222	5	190
223	5	191
224	5	194
225	5	201
226	5	207
227	5	208
228	5	213
229	5	217
230	5	218
231	5	220
232	5	222
233	5	226
234	5	230
235	5	237
236	5	241
237	5	242
238	5	243
239	5	244
240	5	246
241	5	1
242	5	5
243	5	18
244	5	43
245	5	68
246	5	91
247	5	104
248	5	139
249	5	151
250	5	245
251	5	116
252	5	156
253	5	171
254	5	198
255	5	227
256	5	248
257	11	14
258	3	14
259	12	235
260	12	110
261	12	22
262	12	107
263	12	76
264	12	83
265	12	209
266	12	157
267	12	177
268	12	6
269	12	15
270	12	56
271	12	59
272	12	61
273	12	70
274	12	75
275	12	86
276	12	102
277	12	123
278	12	129
279	12	130
280	12	3
281	12	138
282	12	147
283	12	178
284	12	35
285	12	182
286	12	60
287	12	202
288	12	203
289	12	215
290	12	216
291	12	233
292	12	128
293	12	149
294	12	166
295	12	21
296	12	101
297	12	193
298	12	197
299	13	14
300	1	40
301	14	14
302	1	42
303	1	104
304	1	131
305	1	135
306	1	144
307	1	173
308	1	175
309	1	181
310	1	195
311	1	200
312	1	228
313	1	238
314	15	40
\.


--
-- Name: shipper_capabilites_to_countries_id_seq; Type: SEQUENCE SET; Schema: blurby; Owner: -
--

SELECT pg_catalog.setval('shipper_capabilites_to_countries_id_seq', 314, true);


--
-- Data for Name: shipper_capabilities; Type: TABLE DATA; Schema: blurby; Owner: -
--

COPY shipper_capabilities (id, shipper_id, supports_po_boxes, enabled) FROM stdin;
1	1	f	t
2	3	t	t
3	2	f	t
4	4	f	t
5	5	t	t
6	7	f	t
7	8	t	t
8	9	f	t
9	10	f	t
10	\N	t	t
11	6	t	t
12	11	t	t
13	12	t	t
14	13	t	t
15	14	t	t
\.


--
-- Name: shipper_capabilities_id_seq; Type: SEQUENCE SET; Schema: blurby; Owner: -
--

SELECT pg_catalog.setval('shipper_capabilities_id_seq', 15, true);


--
-- Data for Name: shipper_capabilities_to_states; Type: TABLE DATA; Schema: blurby; Owner: -
--

COPY shipper_capabilities_to_states (id, shipper_capability_id, state_id) FROM stdin;
1	1	1
2	7	2
3	1	10
4	1	9
5	1	43
6	3	6
7	3	43
8	4	6
9	5	1
10	5	2
11	5	3
12	5	4
13	5	5
14	5	6
15	5	7
16	5	8
17	5	9
18	5	10
19	5	11
20	5	12
21	5	13
22	5	14
23	5	15
24	5	16
25	5	17
26	5	18
27	5	19
28	5	20
29	5	21
30	5	22
31	5	23
32	5	24
33	5	25
34	5	26
35	5	27
36	5	28
37	5	29
38	5	30
39	5	31
40	5	32
41	5	33
42	5	34
43	5	35
44	5	36
45	5	37
46	5	38
47	5	39
48	5	40
49	5	41
50	5	42
51	5	43
52	5	44
53	5	45
54	5	46
55	5	47
56	5	48
57	5	49
58	5	50
59	5	51
60	5	52
61	5	53
62	5	54
63	5	55
64	5	56
65	5	57
66	5	58
67	5	59
68	5	60
69	5	61
70	5	62
71	5	63
72	5	64
73	5	65
74	5	66
75	5	67
76	5	68
77	5	69
78	5	70
79	5	71
80	5	72
81	5	73
82	5	74
83	5	75
84	5	76
85	5	77
86	5	78
87	5	79
88	5	80
89	5	81
90	5	82
91	5	83
92	5	84
\.


--
-- Name: shipper_capabilities_to_states_id_seq; Type: SEQUENCE SET; Schema: blurby; Owner: -
--

SELECT pg_catalog.setval('shipper_capabilities_to_states_id_seq', 92, true);


--
-- Data for Name: shipper_delivery_methods; Type: TABLE DATA; Schema: blurby; Owner: -
--

COPY shipper_delivery_methods (id, shipper_id, option_name, option_id, scope, surcharge, enabled, display_name, delivery_method_id, continental_us, priority, fuel_surcharge, commercial_residential_or_both, details_text, maximum_weight_usage, bookserve_key, minimum_package_weight, maximum_package_weight, display_name_i18n_key, details_text_i18n_key) FROM stdin;
26	2	INTERNATIONAL_PRIORITY	-1	international	1	t	FedEx International Priority	4	f	2	1	BOTH	\N	999999	26	0.00	10.00	fedex_international_priority	international_priority_details_text
25	2	INTERNATIONAL_ECONOMY	-1	international	1	t	FedEx International Economy	3	f	2	1	BOTH	\N	999999	25	0.00	10.00	fedex_international_economy	international_economy_details_text
1	1	UPS Ground	3	domestic	0.0625	t	UPS Ground	2	t	1	1.10499999999999998	BOTH	\N	999999	1	0.00	10.00	ups_ground	ups_ground_details_text
2	1	UPS Second Day Air	2	domestic	0.200000000000000011	t	UPS Second Day Air	3	t	1	1.34499999999999997	BOTH	\N	999999	2	0.00	10.00	ups_second_day_air	ups_second_day_air_details_text
3	1	UPS Next Day Air	1	domestic	0.200000000000000011	t	UPS Next Day Air	4	t	1	1.34499999999999997	BOTH	\N	999999	3	0.00	10.00	ups_next_day_air	ups_next_day_air_details_text
4	1	UPS Standard	11	international	0.0625	f	UPS Standard	2	f	99	1.10499999999999998	BOTH	\N	999999	4	0.00	10.00	ups_standard	ups_standard_details_text
5	1	UPS Express	7	international	0.200000000000000011	f	UPS Express	4	f	99	1.34499999999999997	BOTH	\N	999999	5	0.00	10.00	ups_express	ups_express_details_text
7	1	UPS Express Saver	65	international	0.200000000000000011	f	UPS Express Saver	4	f	1	1.34499999999999997	BOTH	\N	999999	10	0.00	10.00	ups_express_saver	ups_express_saver_details_text
8	1	UPS Standard	11	international	0.200000000000000011	t	UPS Standard	3	f	2	1.34499999999999997	BOTH	\N	999999	8	0.00	10.00	ups_standard	ups_standard_details_text
9	1	UPS Express	7	international	0.200000000000000011	f	UPS Express	4	f	99	1.34499999999999997	BOTH	\N	999999	9	0.00	10.00	ups_express	ups_express_details_text
10	1	UPS Express Saver	65	international	0.200000000000000011	t	UPS Express Saver	4	f	1	1.34499999999999997	BOTH	\N	999999	10	0.00	10.00	ups_express_saver	ups_express_saver_details_text
11	3	Media Mail	21	domestic	0	t	USPS Media Mail	2	t	2	1	BOTH	\N	999999	11	0.00	10.00	usps_media_mail	media_mail_details_text
12	3	Priority Mail	22	domestic	0	t	USPS Priority Mail	3	t	2	1	BOTH	\N	999999	12	0.00	10.00	usps_priority_mail	priority_mail_details_text
13	3	Express Mail	23	domestic	0	t	USPS Express Mail	4	t	2	1	BOTH	\N	999999	13	0.00	10.00	usps_express_mail	express_mail_details_text
14	3	USPS First Class Mail International Package	15	international	0	t	USPS First Class Mail International Package	2	f	2	1	BOTH	\N	4	14	0.00	4.00	usps_first_class_mail_international_package	usps_first_class_mail_international_package_details_text
15	3	USPS Priority Mail International	2	international	0	t	USPS Priority Mail International	3	f	4	1	BOTH	\N	999999	15	0.00	10.00	usps_priority_mail_international	usps_priority_mail_international_details_text
16	3	USPS Global Express Guaranteed	4	international	0	t	USPS Global Express Guaranteed	4	f	3	1	BOTH	\N	999999	16	0.00	10.00	usps_global_express_guaranteed	usps_global_express_guaranteed_details_text
17	4	Swiss Post Economy	1	international	1.06000000000000005	t	Swiss Post Economy	2	f	1	1	BOTH	\N	999999	17	2.20	10.00	swiss_post_economy	swiss_post_economy_details_text
18	4	Swiss Post Registered	2	international	6.05999999999999961	t	Swiss Post Priority	3	f	1	1	BOTH	\N	999999	18	2.20	10.00	swiss_post_priority	swiss_post_registered_details_text
19	2	GROUND_HOME_DELIVERY	-1	domestic	1	t	FedEx Ground	2	t	1	1	BOTH	\N	999999	19	0.00	10.00	fedex_ground	ground_home_delivery_details_text
20	2	FEDEX_GROUND	-1	domestic	1	t	FedEx Ground	2	t	1	1	BOTH	\N	999999	20	0.00	10.00	fedex_ground	fedex_ground_details_text
21	2	FEDEX_2_DAY	-1	domestic	1	t	FedEx 2Day	3	t	1	1	BOTH	\N	999999	21	0.00	10.00	fedex_2day	fedex_2_day_details_text
22	2	STANDARD_OVERNIGHT	-1	domestic	1	t	FedEx Overnight	4	t	1	1	BOTH	\N	999999	22	0.00	10.00	fedex_overnight	standard_overnight_details_text
23	2	FEDEX_2_DAY	-1	domestic	1	t	FedEx 2Day	3	t	1	1	BOTH	\N	999999	23	0.00	10.00	fedex_2day	fedex_2_day_details_text
24	2	STANDARD_OVERNIGHT	-1	domestic	1	t	FedEx Overnight	4	t	1	1	BOTH	\N	999999	24	0.00	10.00	fedex_overnight	standard_overnight_details_text
27	4	Swiss Post Priority	-1	international	1	t	Swiss Post Priority	2	f	1	1	BOTH	\N	999999	27	0.00	10.00	swiss_post_priority	swiss_post_priority_details_text
28	5	Ground	-1	domestic	1	t	Economy	2	f	1	1	BOTH	\N	999999	28	2.00	10.00	economy	ground_details_text
29	5	Ground	-1	international	1	t	Economy	2	t	1	1	BOTH	\N	999999	29	2.00	10.00	economy	ground_details_text
32	7	FIMS Rest of World Standard	-1	international	0	t	FedEx International Mail Service	2	f	99	1	BOTH	\N	999999	31	0.00	10.00	fedex_international_mail_service	fims_rest_of_world_standard_details_text
33	5	Ground	-1	domestic	1	t	2nd Day	3	f	1	1	BOTH	\N	999999	33	2.00	10.00	2nd_day	ground_details_text
34	5	Ground	-1	international	1	t	2nd Day	3	t	1	1	BOTH	\N	999999	34	2.00	10.00	2nd_day	ground_details_text
35	5	Ground	-1	domestic	1	t	Next Day	4	f	1	1	BOTH	\N	999999	35	2.00	10.00	next_day	ground_details_text
36	5	Ground	-1	international	1	t	Next Day	4	t	1	1	BOTH	\N	999999	36	2.00	10.00	next_day	ground_details_text
51	8	XpressPost	-1	international	1	t	Canada Post XpressPost	2	f	1	1	BOTH	\N	999999	51	2.00	10.00	canada_post_xpresspost	xpresspost_details_text
52	8	Expedited Parcel	-1	international	1	t	Canada Post Expedited Parcel	4	f	1	1	BOTH	\N	999999	52	2.00	10.00	canada_post_expedited_parcel	expedited_parcel_details_text
53	2	FEDEX_NATIONAL_FREIGHT	-1	domestic	1	t	FedEx Freight	6	t	1	1	BOTH	\N	999999	53	0.00	9999999.00	fedex_freight	fedex_national_freight_details_text
54	2	FEDEX_FREIGHT	-1	international	1	t	FedEx Int'l Freight	6	f	1	1	BOTH	\N	999999	54	0.00	9999999.00	fedex_intl_freight	fedex_freight_details_text
55	9	FEDEX_2_DAY	-1	international	1	t	FedEx 2Day	3	f	1	1	BOTH	\N	999999	55	0.00	9999999.00	fedex_2day	fedex_2_day_details_text
56	10	CGX_NIES_INTERNAL	-1	international	1	t	CGX-NIES internal freight	7	f	1	1	BOTH	\N	999999	56	0.00	9999999.00	cgxnies_internal_freight	cgx_nies_internal_details_text
57	3	FIRST CLASS	-1	domestic	0	t	USPS First Class	2	t	99	1	BOTH	\N	0.8125	57	0.00	0.81	usps_first_class	first_class_details_text
59	1	UPS Mail Innovations International	-1	international	1	t	UPS Mail Innovations International	2	t	99	1	BOTH	\N	999999	59	0.00	9999999.00	ups_mail_innovations_international	ups_mail_innovations_international_details_text
30	6	FIMS_ECONOMY	-1	international	2	t	Ground	2	f	1	1	BOTH	\N	50	30	0.00	50.00	\N	\N
31	6	FIMS_PRIORITY	-1	international	2	t	Second Day	3	f	1	1	BOTH	\N	50	31	0.00	50.00	\N	\N
60	11	LSI-UK Next Day	-1	international	0	t	LSI-UK Premium	4	f	1	1	BOTH	\N	9999999	60	0.00	9999999.00	lsiuk_premium	lsiuk_next_day_details_text
61	11	LSI-UK Second Day	-1	international	0	t	LSI-UK Standard	3	f	1	1	BOTH	\N	9999999	61	0.00	9999999.00	lsiuk_standard	lsiuk_second_day_details_text
62	11	LSI-UK Ground	-1	international	0	t	LSI-UK Economy	2	f	1	1	BOTH	\N	9999999	62	0.00	9999999.00	lsiuk_economy	lsiuk_ground_details_text
64	13	Star Track Second Day	-1	international	0	t	Star Track	3	f	1	1	BOTH	\N	9999999	71	0.00	9999999.00	star_track	star_track_second_day_details_text
63	12	DHL Global Economy Select	-1	international	0	t	DHL Global Economy Select	2	f	1	1	BOTH	\N	9999999	70	0.00	9999999.00	dhl_second_day	dhl_global_economy_select_details_text
6	1	UPS Expedited	8	international	0.200000000000000011	t	UPS Expedited	3	f	99	1.34499999999999997	BOTH	\N	999999	6	0.00	10.00	ups_expedited	ups_expedited_details_text
58	1	UPS Mail Innovations	-1	domestic	1	t	UPS Mail Innovations	2	t	99	1	BOTH	\N	13	58	0.00	9999999.00	ups_mail_innovations	ups_mail_innovations_details_text
65	14	IMEX - Rest of World	-1	international	0	t	IMEX - Rest Of World	3	f	1	1	BOTH	\N	9999999	93	0.00	9999999.00	imex__rest_of_world	imex__rest_of_world_details_text
\.


--
-- Name: shipper_delivery_methods_id_seq; Type: SEQUENCE SET; Schema: blurby; Owner: -
--

SELECT pg_catalog.setval('shipper_delivery_methods_id_seq', 65, true);


--
-- Data for Name: shippers; Type: TABLE DATA; Schema: blurby; Owner: -
--

COPY shippers (id, type, name, priority, cost_lookup_class) FROM stdin;
1	\N	UPS	\N	Shipping::UPS::Service
2	\N	FedEx	\N	Shipping::FedExShippingCostLookup
3	\N	USPS	\N	UspsShippingCostLookup
4	\N	SwissPost	\N	StaticShippingRateLookup
5	\N	NO_SHIPPER	\N	StaticShippingCostLookup
6	\N	AustralianFedEx	\N	StaticShippingCostLookup
7	\N	FimsRestOfWorld	\N	FimsRestOfWorldShippingCostLookup
8	\N	CanadaPost	\N	Shipping::CanadianPostCostLookup
9	\N	FedExCanada	\N	Shipping::FedExShippingCostLookup
10	\N	CGX_NIES_INTERNAL	\N	Shipping::ZeroCostLookup
11	\N	LSI-UK	\N	ZeroCostLookup
12	\N	DHL	\N	ZeroCostLookup
13	\N	StarTrack	\N	ZeroCostLookup
14	\N	IMEXRestOfWorld	\N	ZeroCostLookup
\.


--
-- Name: shippers_id_seq; Type: SEQUENCE SET; Schema: blurby; Owner: -
--

SELECT pg_catalog.setval('shippers_id_seq', 14, true);


--
-- Data for Name: shipping_datas; Type: TABLE DATA; Schema: blurby; Owner: -
--

COPY shipping_datas (id, source, cheap_cost, cheap_name, mid_cost, mid_name, expensive_cost, expensive_name, printer, country_code, zip, state_name, state_id, num_books, created_on, order_id, actual_rate_usd, mark_up_usd, handling_usd, shipping_discount_usd, actual_rate_cost_in_cents, actual_rate_currency, mark_up_cost_in_cents, mark_up_currency, handling_cost_in_cents, handling_currency, shipping_discount_cost_in_cents, shipping_discount_currency, number_of_boxes, weight, residential, po_box) FROM stdin;
\.


--
-- Name: shipping_datas_id_seq; Type: SEQUENCE SET; Schema: blurby; Owner: -
--

SELECT pg_catalog.setval('shipping_datas_id_seq', 1, false);


--
-- Data for Name: shipping_fixed_base_costs; Type: TABLE DATA; Schema: blurby; Owner: -
--

COPY shipping_fixed_base_costs (id, product_dimension_id, cover_type_id, shipper_delivery_method_id, price, product_type, currency_id, deleted_at, created_at, updated_at) FROM stdin;
1	9	2	58	215	Products::SamsungBook	USD	\N	2014-02-20 11:34:23.93388	2014-02-20 11:34:23.93388
2	3	2	58	240	Products::SamsungBook	USD	\N	2014-02-20 11:34:23.94097	2014-02-20 11:34:23.94097
3	3	6	58	299	Products::SamsungBook	USD	\N	2014-02-20 11:34:23.945261	2014-02-20 11:34:23.945261
4	9	2	58	109	Products::SamsungBook	GBP	\N	2014-02-20 11:34:23.949404	2014-02-20 11:34:23.949404
5	3	2	58	146	Products::SamsungBook	GBP	\N	2014-02-20 11:34:23.953458	2014-02-20 11:34:23.953458
6	3	6	58	231	Products::SamsungBook	GBP	\N	2014-02-20 11:34:23.957659	2014-02-20 11:34:23.957659
7	9	2	58	131	Products::SamsungBook	EUR	\N	2014-02-20 11:34:23.961859	2014-02-20 11:34:23.961859
8	3	2	58	177	Products::SamsungBook	EUR	\N	2014-02-20 11:34:23.966235	2014-02-20 11:34:23.966235
9	3	6	58	279	Products::SamsungBook	EUR	\N	2014-02-20 11:34:23.970545	2014-02-20 11:34:23.970545
10	9	2	58	171	Products::SamsungBook	CAD	\N	2014-02-20 11:34:23.974856	2014-02-20 11:34:23.974856
11	3	2	58	231	Products::SamsungBook	CAD	\N	2014-02-20 11:34:23.978863	2014-02-20 11:34:23.978863
12	3	6	58	363	Products::SamsungBook	CAD	\N	2014-02-20 11:34:23.982826	2014-02-20 11:34:23.982826
13	9	2	58	164	Products::SamsungBook	AUD	\N	2014-02-20 11:34:23.986635	2014-02-20 11:34:23.986635
14	3	2	58	221	Products::SamsungBook	AUD	\N	2014-02-20 11:34:23.990888	2014-02-20 11:34:23.990888
15	3	6	58	349	Products::SamsungBook	AUD	\N	2014-02-20 11:34:23.994915	2014-02-20 11:34:23.994915
16	9	2	58	14606	Products::SamsungBook	JPY	\N	2014-02-20 11:34:23.998862	2014-02-20 11:34:23.998862
17	3	2	58	19672	Products::SamsungBook	JPY	\N	2014-02-20 11:34:24.002535	2014-02-20 11:34:24.002535
18	3	6	58	30986	Products::SamsungBook	JPY	\N	2014-02-20 11:34:24.006673	2014-02-20 11:34:24.006673
19	9	2	26	185906	Products::SamsungBook	KRW	\N	2014-02-20 11:34:24.010571	2014-02-20 11:34:24.010571
20	3	2	26	250382	Products::SamsungBook	KRW	\N	2014-02-20 11:34:24.014487	2014-02-20 11:34:24.014487
21	3	6	26	394378	Products::SamsungBook	KRW	\N	2014-02-20 11:34:24.177988	2014-02-20 11:34:24.177988
22	8	2	58	287	Products::SamsungMagazine	USD	\N	2014-02-20 11:34:24.182833	2014-02-20 11:34:24.182833
23	8	2	58	211	Products::SamsungMagazine	GBP	\N	2014-02-20 11:34:24.187301	2014-02-20 11:34:24.187301
24	8	2	58	255	Products::SamsungMagazine	EUR	\N	2014-02-20 11:34:24.191569	2014-02-20 11:34:24.191569
25	8	2	58	332	Products::SamsungMagazine	CAD	\N	2014-02-20 11:34:24.196121	2014-02-20 11:34:24.196121
26	8	2	58	318	Products::SamsungMagazine	AUD	\N	2014-02-20 11:34:24.201454	2014-02-20 11:34:24.201454
27	8	2	58	28284	Products::SamsungMagazine	JPY	\N	2014-02-20 11:34:24.207695	2014-02-20 11:34:24.207695
28	8	2	26	359991	Products::SamsungMagazine	KRW	\N	2014-02-20 11:34:24.212813	2014-02-20 11:34:24.212813
29	3	2	58	299	Products::StandardBook	EUR	\N	2014-02-20 11:34:24.217531	2014-02-20 11:34:24.217531
30	3	6	58	299	Products::StandardBook	EUR	\N	2014-02-20 11:34:24.222127	2014-02-20 11:34:24.222127
31	3	2	58	299	Products::StandardBook	USD	\N	2014-02-20 11:34:24.226282	2014-02-20 11:34:24.226282
32	3	6	58	299	Products::StandardBook	USD	\N	2014-02-20 11:34:24.23029	2014-02-20 11:34:24.23029
33	3	2	58	399	Products::StandardBook	CAD	\N	2014-02-20 11:34:24.234201	2014-02-20 11:34:24.234201
34	3	6	58	399	Products::StandardBook	CAD	\N	2014-02-20 11:34:24.23821	2014-02-20 11:34:24.23821
35	3	2	58	399	Products::StandardBook	AUD	\N	2014-02-20 11:34:24.242174	2014-02-20 11:34:24.242174
36	3	6	58	399	Products::StandardBook	AUD	\N	2014-02-20 11:34:24.246172	2014-02-20 11:34:24.246172
37	3	2	58	259	Products::StandardBook	GBP	\N	2014-02-20 11:34:24.250085	2014-02-20 11:34:24.250085
38	3	6	58	259	Products::StandardBook	GBP	\N	2014-02-20 11:34:24.254025	2014-02-20 11:34:24.254025
39	10	6	58	499	Products::StandardBook	USD	\N	2014-02-20 11:34:24.257961	2014-02-20 11:34:24.257961
40	10	6	58	599	Products::StandardBook	CAD	\N	2014-02-20 11:34:24.261823	2014-02-20 11:34:24.261823
41	10	6	58	599	Products::StandardBook	AUD	\N	2014-02-20 11:34:24.265771	2014-02-20 11:34:24.265771
42	10	6	58	459	Products::StandardBook	GBP	\N	2014-02-20 11:34:24.269827	2014-02-20 11:34:24.269827
43	10	6	58	499	Products::StandardBook	EUR	\N	2014-02-20 11:34:24.273815	2014-02-20 11:34:24.273815
44	10	1	58	499	Products::StandardBook	USD	\N	2014-02-20 11:34:24.277608	2014-02-20 11:34:24.277608
45	10	1	58	599	Products::StandardBook	CAD	\N	2014-02-20 11:34:24.281628	2014-02-20 11:34:24.281628
46	10	1	58	599	Products::StandardBook	AUD	\N	2014-02-20 11:34:24.285573	2014-02-20 11:34:24.285573
47	10	1	58	459	Products::StandardBook	GBP	\N	2014-02-20 11:34:24.289709	2014-02-20 11:34:24.289709
48	10	1	58	499	Products::StandardBook	EUR	\N	2014-02-20 11:34:24.293711	2014-02-20 11:34:24.293711
49	10	2	58	499	Products::StandardBook	USD	\N	2014-02-20 11:34:24.297645	2014-02-20 11:34:24.297645
50	10	2	58	599	Products::StandardBook	CAD	\N	2014-02-20 11:34:24.301539	2014-02-20 11:34:24.301539
51	10	2	58	599	Products::StandardBook	AUD	\N	2014-02-20 11:34:24.305788	2014-02-20 11:34:24.305788
52	10	2	58	459	Products::StandardBook	GBP	\N	2014-02-20 11:34:24.309865	2014-02-20 11:34:24.309865
53	10	2	58	499	Products::StandardBook	EUR	\N	2014-02-20 11:34:24.313707	2014-02-20 11:34:24.313707
\.


--
-- Name: shipping_fixed_base_costs_id_seq; Type: SEQUENCE SET; Schema: blurby; Owner: -
--

SELECT pg_catalog.setval('shipping_fixed_base_costs_id_seq', 53, true);


--
-- Data for Name: shipping_fixed_costs; Type: TABLE DATA; Schema: blurby; Owner: -
--

COPY shipping_fixed_costs (id, delivery_method_id, created_by_user_id, shipping_region_id, start_unit_range, end_unit_range, base_unit_price_id, currency_id, price, price_usd, deleted_at, created_at, updated_at) FROM stdin;
1	3	1	6	1	1	\N	GBP	773	1267	2014-10-10 10:00:52.182338	2014-02-20 11:34:25.011708	2014-02-20 11:34:25.011708
2	3	1	6	1	1	\N	EUR	890	1112	2014-10-10 10:00:52.182338	2014-02-20 11:34:25.023422	2014-02-20 11:34:25.023422
3	3	1	6	1	1	\N	AUD	1099	964	2014-10-10 10:00:52.182338	2014-02-20 11:34:25.03095	2014-02-20 11:34:25.03095
4	3	1	6	1	1	\N	CAD	1199	1141	2014-10-10 10:00:52.182338	2014-02-20 11:34:25.037872	2014-02-20 11:34:25.037872
5	3	1	6	1	1	\N	USD	1250	1250	2014-10-10 10:00:52.182338	2014-02-20 11:34:25.043338	2014-02-20 11:34:25.043338
6	3	1	6	2	2	\N	GBP	902	1478	2014-10-10 10:00:52.182338	2014-02-20 11:34:25.049494	2014-02-20 11:34:25.049494
7	3	1	6	2	2	\N	EUR	1039	1298	2014-10-10 10:00:52.182338	2014-02-20 11:34:25.055326	2014-02-20 11:34:25.055326
8	3	1	6	2	2	\N	AUD	1399	1227	2014-10-10 10:00:52.182338	2014-02-20 11:34:25.060594	2014-02-20 11:34:25.060594
9	3	1	6	2	2	\N	CAD	1399	1332	2014-10-10 10:00:52.182338	2014-02-20 11:34:25.066379	2014-02-20 11:34:25.066379
10	3	1	6	2	2	\N	USD	1499	1499	2014-10-10 10:00:52.182338	2014-02-20 11:34:25.072506	2014-02-20 11:34:25.072506
11	3	1	6	3	3	\N	GBP	1031	1690	2014-10-10 10:00:52.182338	2014-02-20 11:34:25.078461	2014-02-20 11:34:25.078461
12	3	1	6	3	3	\N	EUR	1188	1485	2014-10-10 10:00:52.182338	2014-02-20 11:34:25.085194	2014-02-20 11:34:25.085194
13	3	1	6	3	3	\N	AUD	1599	1402	2014-10-10 10:00:52.182338	2014-02-20 11:34:25.090764	2014-02-20 11:34:25.090764
14	3	1	6	3	3	\N	CAD	1650	1571	2014-10-10 10:00:52.182338	2014-02-20 11:34:25.096818	2014-02-20 11:34:25.096818
15	3	1	6	3	3	\N	USD	1699	1699	2014-10-10 10:00:52.182338	2014-02-20 11:34:25.10404	2014-02-20 11:34:25.10404
16	3	1	6	4	\N	13	AUD	100	87	2014-10-10 10:00:52.182338	2014-02-20 11:34:25.111646	2014-02-20 11:34:25.111646
17	3	1	6	4	\N	14	CAD	100	95	2014-10-10 10:00:52.182338	2014-02-20 11:34:25.118893	2014-02-20 11:34:25.118893
18	3	1	6	4	\N	12	EUR	100	125	2014-10-10 10:00:52.182338	2014-02-20 11:34:25.125475	2014-02-20 11:34:25.125475
19	3	1	6	4	\N	11	GBP	100	163	2014-10-10 10:00:52.182338	2014-02-20 11:34:25.131004	2014-02-20 11:34:25.131004
20	3	1	6	4	\N	15	USD	100	100	2014-10-10 10:00:52.182338	2014-02-20 11:34:25.137861	2014-02-20 11:34:25.137861
21	3	1	5	1	1	\N	GBP	565	926	2014-10-10 10:00:52.182338	2014-02-20 11:34:25.143192	2014-02-20 11:34:25.143192
22	3	1	5	1	1	\N	EUR	650	812	2014-10-10 10:00:52.182338	2014-02-20 11:34:25.148522	2014-02-20 11:34:25.148522
23	3	1	5	1	1	\N	AUD	899	788	2014-10-10 10:00:52.182338	2014-02-20 11:34:25.152901	2014-02-20 11:34:25.152901
24	3	1	5	1	1	\N	CAD	899	856	2014-10-10 10:00:52.182338	2014-02-20 11:34:25.156758	2014-02-20 11:34:25.156758
25	3	1	5	1	1	\N	USD	899	899	2014-10-10 10:00:52.182338	2014-02-20 11:34:25.162229	2014-02-20 11:34:25.162229
26	3	1	5	2	2	\N	GBP	690	1131	2014-10-10 10:00:52.182338	2014-02-20 11:34:25.165886	2014-02-20 11:34:25.165886
27	3	1	5	2	2	\N	EUR	795	993	2014-10-10 10:00:52.182338	2014-02-20 11:34:25.169096	2014-02-20 11:34:25.169096
28	3	1	5	2	2	\N	CAD	999	951	2014-10-10 10:00:52.182338	2014-02-20 11:34:25.172162	2014-02-20 11:34:25.172162
29	3	1	5	2	2	\N	AUD	1099	964	2014-10-10 10:00:52.182338	2014-02-20 11:34:25.175109	2014-02-20 11:34:25.175109
30	3	1	5	2	2	\N	USD	1099	1099	2014-10-10 10:00:52.182338	2014-02-20 11:34:25.178218	2014-02-20 11:34:25.178218
31	3	1	5	3	3	\N	GBP	816	1337	2014-10-10 10:00:52.182338	2014-02-20 11:34:25.181331	2014-02-20 11:34:25.181331
32	3	1	5	3	3	\N	EUR	940	1175	2014-10-10 10:00:52.182338	2014-02-20 11:34:25.184439	2014-02-20 11:34:25.184439
33	3	1	5	3	3	\N	CAD	1099	1046	2014-10-10 10:00:52.182338	2014-02-20 11:34:25.187558	2014-02-20 11:34:25.187558
34	3	1	5	3	3	\N	AUD	1350	1184	2014-10-10 10:00:52.182338	2014-02-20 11:34:25.355268	2014-02-20 11:34:25.355268
35	3	1	5	3	3	\N	USD	1350	1350	2014-10-10 10:00:52.182338	2014-02-20 11:34:25.359477	2014-02-20 11:34:25.359477
36	3	1	5	4	100	31	GBP	94	154	2014-10-10 10:00:52.182338	2014-02-20 11:34:25.36401	2014-02-20 11:34:25.36401
37	3	1	5	4	100	32	EUR	108	135	2014-10-10 10:00:52.182338	2014-02-20 11:34:25.368366	2014-02-20 11:34:25.368366
38	3	1	5	4	100	34	AUD	150	131	2014-10-10 10:00:52.182338	2014-02-20 11:34:25.372394	2014-02-20 11:34:25.372394
39	3	1	5	4	100	33	CAD	150	142	2014-10-10 10:00:52.182338	2014-02-20 11:34:25.376919	2014-02-20 11:34:25.376919
40	3	1	5	4	100	35	USD	150	150	2014-10-10 10:00:52.182338	2014-02-20 11:34:25.381512	2014-02-20 11:34:25.381512
41	3	1	5	101	\N	38	AUD	0	0	2014-10-10 10:00:52.182338	2014-02-20 11:34:25.387594	2014-02-20 11:34:25.387594
42	3	1	5	101	\N	39	CAD	0	0	2014-10-10 10:00:52.182338	2014-02-20 11:34:25.392859	2014-02-20 11:34:25.392859
43	3	1	5	101	\N	37	EUR	0	0	2014-10-10 10:00:52.182338	2014-02-20 11:34:25.39696	2014-02-20 11:34:25.39696
44	3	1	5	101	\N	36	GBP	0	0	2014-10-10 10:00:52.182338	2014-02-20 11:34:25.400776	2014-02-20 11:34:25.400776
45	3	1	5	101	\N	40	USD	0	0	2014-10-10 10:00:52.182338	2014-02-20 11:34:25.404595	2014-02-20 11:34:25.404595
46	3	1	4	1	1	\N	GBP	999	1637	2014-10-10 10:00:52.182338	2014-02-20 11:34:25.408485	2014-02-20 11:34:25.408485
47	3	1	4	1	1	\N	EUR	1199	1498	2014-10-10 10:00:52.182338	2014-02-20 11:34:25.412373	2014-02-20 11:34:25.412373
48	3	1	4	1	1	\N	AUD	1599	1402	2014-10-10 10:00:52.182338	2014-02-20 11:34:25.415538	2014-02-20 11:34:25.415538
49	3	1	4	1	1	\N	CAD	1599	1522	2014-10-10 10:00:52.182338	2014-02-20 11:34:25.418677	2014-02-20 11:34:25.418677
50	3	1	4	1	1	\N	USD	1599	1599	2014-10-10 10:00:52.182338	2014-02-20 11:34:25.422669	2014-02-20 11:34:25.422669
51	3	1	4	2	10	46	GBP	129	211	2014-10-10 10:00:52.182338	2014-02-20 11:34:25.427601	2014-02-20 11:34:25.427601
52	3	1	4	2	10	47	EUR	149	186	2014-10-10 10:00:52.182338	2014-02-20 11:34:25.43174	2014-02-20 11:34:25.43174
53	3	1	4	2	10	48	AUD	199	174	2014-10-10 10:00:52.182338	2014-02-20 11:34:25.435984	2014-02-20 11:34:25.435984
54	3	1	4	2	10	49	CAD	199	189	2014-10-10 10:00:52.182338	2014-02-20 11:34:25.440072	2014-02-20 11:34:25.440072
55	3	1	4	2	10	50	USD	199	199	2014-10-10 10:00:52.182338	2014-02-20 11:34:25.443988	2014-02-20 11:34:25.443988
56	3	1	4	11	50	51	GBP	59	96	2014-10-10 10:00:52.182338	2014-02-20 11:34:25.447853	2014-02-20 11:34:25.447853
57	3	1	4	11	50	52	EUR	79	98	2014-10-10 10:00:52.182338	2014-02-20 11:34:25.451718	2014-02-20 11:34:25.451718
58	3	1	4	11	50	53	AUD	99	86	2014-10-10 10:00:52.182338	2014-02-20 11:34:25.455434	2014-02-20 11:34:25.455434
59	3	1	4	11	50	54	CAD	99	94	2014-10-10 10:00:52.182338	2014-02-20 11:34:25.46018	2014-02-20 11:34:25.46018
60	3	1	4	11	50	55	USD	99	99	2014-10-10 10:00:52.182338	2014-02-20 11:34:25.464407	2014-02-20 11:34:25.464407
61	3	1	4	51	100	56	GBP	29	47	2014-10-10 10:00:52.182338	2014-02-20 11:34:25.468328	2014-02-20 11:34:25.468328
62	3	1	4	51	100	57	EUR	39	48	2014-10-10 10:00:52.182338	2014-02-20 11:34:25.472155	2014-02-20 11:34:25.472155
63	3	1	4	51	100	58	AUD	49	42	2014-10-10 10:00:52.182338	2014-02-20 11:34:25.476058	2014-02-20 11:34:25.476058
64	3	1	4	51	100	59	CAD	49	46	2014-10-10 10:00:52.182338	2014-02-20 11:34:25.47992	2014-02-20 11:34:25.47992
65	3	1	4	51	100	60	USD	49	49	2014-10-10 10:00:52.182338	2014-02-20 11:34:25.48389	2014-02-20 11:34:25.48389
66	3	1	4	101	\N	63	AUD	0	0	2014-10-10 10:00:52.182338	2014-02-20 11:34:25.488187	2014-02-20 11:34:25.488187
67	3	1	4	101	\N	64	CAD	0	0	2014-10-10 10:00:52.182338	2014-02-20 11:34:25.492087	2014-02-20 11:34:25.492087
68	3	1	4	101	\N	62	EUR	0	0	2014-10-10 10:00:52.182338	2014-02-20 11:34:25.496021	2014-02-20 11:34:25.496021
69	3	1	4	101	\N	61	GBP	0	0	2014-10-10 10:00:52.182338	2014-02-20 11:34:25.499993	2014-02-20 11:34:25.499993
70	3	1	4	101	\N	65	USD	0	0	2014-10-10 10:00:52.182338	2014-02-20 11:34:25.503893	2014-02-20 11:34:25.503893
71	3	1	3	1	1	\N	GBP	499	818	2014-10-10 10:00:52.182338	2014-02-20 11:34:25.507037	2014-02-20 11:34:25.507037
72	3	1	3	1	1	\N	EUR	599	748	2014-10-10 10:00:52.182338	2014-02-20 11:34:25.510664	2014-02-20 11:34:25.510664
73	3	1	3	1	1	\N	AUD	799	700	2014-10-10 10:00:52.182338	2014-02-20 11:34:25.51419	2014-02-20 11:34:25.51419
74	3	1	3	1	1	\N	CAD	799	760	2014-10-10 10:00:52.182338	2014-02-20 11:34:25.685377	2014-02-20 11:34:25.685377
75	3	1	3	1	1	\N	USD	799	799	2014-10-10 10:00:52.182338	2014-02-20 11:34:25.689483	2014-02-20 11:34:25.689483
76	3	1	3	2	10	71	GBP	129	211	2014-10-10 10:00:52.182338	2014-02-20 11:34:25.694179	2014-02-20 11:34:25.694179
77	3	1	3	2	10	72	EUR	149	186	2014-10-10 10:00:52.182338	2014-02-20 11:34:25.69827	2014-02-20 11:34:25.69827
78	3	1	3	2	10	73	AUD	199	174	2014-10-10 10:00:52.182338	2014-02-20 11:34:25.702249	2014-02-20 11:34:25.702249
79	3	1	3	2	10	74	CAD	199	189	2014-10-10 10:00:52.182338	2014-02-20 11:34:25.70681	2014-02-20 11:34:25.70681
80	3	1	3	2	10	75	USD	199	199	2014-10-10 10:00:52.182338	2014-02-20 11:34:25.710943	2014-02-20 11:34:25.710943
81	3	1	3	11	50	76	GBP	59	96	2014-10-10 10:00:52.182338	2014-02-20 11:34:25.71472	2014-02-20 11:34:25.71472
82	3	1	3	11	50	77	EUR	79	98	2014-10-10 10:00:52.182338	2014-02-20 11:34:25.718667	2014-02-20 11:34:25.718667
83	3	1	3	11	50	78	AUD	99	86	2014-10-10 10:00:52.182338	2014-02-20 11:34:25.722543	2014-02-20 11:34:25.722543
84	3	1	3	11	50	79	CAD	99	94	2014-10-10 10:00:52.182338	2014-02-20 11:34:25.726485	2014-02-20 11:34:25.726485
85	3	1	3	11	50	80	USD	99	99	2014-10-10 10:00:52.182338	2014-02-20 11:34:25.730383	2014-02-20 11:34:25.730383
86	3	1	3	51	100	81	GBP	29	47	2014-10-10 10:00:52.182338	2014-02-20 11:34:25.7343	2014-02-20 11:34:25.7343
87	3	1	3	51	100	82	EUR	39	48	2014-10-10 10:00:52.182338	2014-02-20 11:34:25.738197	2014-02-20 11:34:25.738197
88	3	1	3	51	100	83	AUD	49	42	2014-10-10 10:00:52.182338	2014-02-20 11:34:25.742079	2014-02-20 11:34:25.742079
89	3	1	3	51	100	84	CAD	49	46	2014-10-10 10:00:52.182338	2014-02-20 11:34:25.745909	2014-02-20 11:34:25.745909
90	3	1	3	51	100	85	USD	49	49	2014-10-10 10:00:52.182338	2014-02-20 11:34:25.750298	2014-02-20 11:34:25.750298
91	3	1	3	101	\N	88	AUD	0	0	2014-10-10 10:00:52.182338	2014-02-20 11:34:25.754204	2014-02-20 11:34:25.754204
92	3	1	3	101	\N	89	CAD	0	0	2014-10-10 10:00:52.182338	2014-02-20 11:34:25.758131	2014-02-20 11:34:25.758131
93	3	1	3	101	\N	87	EUR	0	0	2014-10-10 10:00:52.182338	2014-02-20 11:34:25.762056	2014-02-20 11:34:25.762056
94	3	1	3	101	\N	86	GBP	0	0	2014-10-10 10:00:52.182338	2014-02-20 11:34:25.766606	2014-02-20 11:34:25.766606
95	3	1	3	101	\N	90	USD	0	0	2014-10-10 10:00:52.182338	2014-02-20 11:34:25.770939	2014-02-20 11:34:25.770939
96	3	1	7	1	1	\N	GBP	1999	3277	2014-10-10 10:00:52.182338	2014-02-20 11:34:25.774241	2014-02-20 11:34:25.774241
97	3	1	7	1	1	\N	EUR	2299	2873	2014-10-10 10:00:52.182338	2014-02-20 11:34:25.77755	2014-02-20 11:34:25.77755
98	3	1	7	1	1	\N	USD	3099	3099	2014-10-10 10:00:52.182338	2014-02-20 11:34:25.78185	2014-02-20 11:34:25.78185
99	3	1	7	1	1	\N	AUD	3199	2806	2014-10-10 10:00:52.182338	2014-02-20 11:34:25.785755	2014-02-20 11:34:25.785755
100	3	1	7	1	1	\N	CAD	3199	3046	2014-10-10 10:00:52.182338	2014-02-20 11:34:25.788887	2014-02-20 11:34:25.788887
101	3	1	7	2	10	97	EUR	199	248	2014-10-10 10:00:52.182338	2014-02-20 11:34:25.792797	2014-02-20 11:34:25.792797
102	3	1	7	2	10	96	GBP	199	326	2014-10-10 10:00:52.182338	2014-02-20 11:34:25.796609	2014-02-20 11:34:25.796609
103	3	1	7	2	10	99	AUD	299	262	2014-10-10 10:00:52.182338	2014-02-20 11:34:25.800405	2014-02-20 11:34:25.800405
104	3	1	7	2	10	100	CAD	299	284	2014-10-10 10:00:52.182338	2014-02-20 11:34:25.804263	2014-02-20 11:34:25.804263
105	3	1	7	2	10	98	USD	299	299	2014-10-10 10:00:52.182338	2014-02-20 11:34:25.808073	2014-02-20 11:34:25.808073
106	3	1	7	11	50	102	GBP	129	211	2014-10-10 10:00:52.182338	2014-02-20 11:34:25.812126	2014-02-20 11:34:25.812126
107	3	1	7	11	50	101	EUR	149	186	2014-10-10 10:00:52.182338	2014-02-20 11:34:25.817396	2014-02-20 11:34:25.817396
108	3	1	7	11	50	103	AUD	199	174	2014-10-10 10:00:52.182338	2014-02-20 11:34:25.822425	2014-02-20 11:34:25.822425
109	3	1	7	11	50	104	CAD	199	189	2014-10-10 10:00:52.182338	2014-02-20 11:34:25.826731	2014-02-20 11:34:25.826731
110	3	1	7	11	50	105	USD	199	199	2014-10-10 10:00:52.182338	2014-02-20 11:34:25.830608	2014-02-20 11:34:25.830608
111	3	1	7	51	100	107	EUR	99	123	2014-10-10 10:00:52.182338	2014-02-20 11:34:25.834513	2014-02-20 11:34:25.834513
112	3	1	7	51	100	106	GBP	99	162	2014-10-10 10:00:52.182338	2014-02-20 11:34:25.838392	2014-02-20 11:34:25.838392
113	3	1	7	51	100	108	AUD	149	130	2014-10-10 10:00:52.182338	2014-02-20 11:34:25.842244	2014-02-20 11:34:25.842244
114	3	1	7	51	100	109	CAD	149	141	2014-10-10 10:00:52.182338	2014-02-20 11:34:25.846103	2014-02-20 11:34:25.846103
115	3	1	7	51	100	110	USD	149	149	2014-10-10 10:00:52.182338	2014-02-20 11:34:26.027605	2014-02-20 11:34:26.027605
116	3	1	7	101	\N	113	AUD	0	0	2014-10-10 10:00:52.182338	2014-02-20 11:34:26.03188	2014-02-20 11:34:26.03188
117	3	1	7	101	\N	114	CAD	0	0	2014-10-10 10:00:52.182338	2014-02-20 11:34:26.035996	2014-02-20 11:34:26.035996
118	3	1	7	101	\N	111	EUR	0	0	2014-10-10 10:00:52.182338	2014-02-20 11:34:26.040037	2014-02-20 11:34:26.040037
119	3	1	7	101	\N	112	GBP	0	0	2014-10-10 10:00:52.182338	2014-02-20 11:34:26.04395	2014-02-20 11:34:26.04395
120	3	1	7	101	\N	115	USD	0	0	2014-10-10 10:00:52.182338	2014-02-20 11:34:26.047938	2014-02-20 11:34:26.047938
121	3	1	2	1	1	\N	GBP	499	818	2014-10-10 10:00:52.182338	2014-02-20 11:34:26.051144	2014-02-20 11:34:26.051144
122	3	1	2	1	1	\N	EUR	599	748	2014-10-10 10:00:52.182338	2014-02-20 11:34:26.054291	2014-02-20 11:34:26.054291
123	3	1	2	1	1	\N	AUD	799	700	2014-10-10 10:00:52.182338	2014-02-20 11:34:26.057523	2014-02-20 11:34:26.057523
124	3	1	2	1	1	\N	CAD	799	760	2014-10-10 10:00:52.182338	2014-02-20 11:34:26.060688	2014-02-20 11:34:26.060688
125	3	1	2	1	1	\N	USD	799	799	2014-10-10 10:00:52.182338	2014-02-20 11:34:26.06376	2014-02-20 11:34:26.06376
126	3	1	2	2	10	121	GBP	129	211	2014-10-10 10:00:52.182338	2014-02-20 11:34:26.06801	2014-02-20 11:34:26.06801
127	3	1	2	2	10	122	EUR	149	186	2014-10-10 10:00:52.182338	2014-02-20 11:34:26.073355	2014-02-20 11:34:26.073355
128	3	1	2	2	10	123	AUD	199	174	2014-10-10 10:00:52.182338	2014-02-20 11:34:26.077727	2014-02-20 11:34:26.077727
129	3	1	2	2	10	124	CAD	199	189	2014-10-10 10:00:52.182338	2014-02-20 11:34:26.08166	2014-02-20 11:34:26.08166
130	3	1	2	2	10	125	USD	199	199	2014-10-10 10:00:52.182338	2014-02-20 11:34:26.085978	2014-02-20 11:34:26.085978
131	3	1	2	11	50	126	GBP	59	96	2014-10-10 10:00:52.182338	2014-02-20 11:34:26.092343	2014-02-20 11:34:26.092343
132	3	1	2	11	50	127	EUR	79	98	2014-10-10 10:00:52.182338	2014-02-20 11:34:26.098069	2014-02-20 11:34:26.098069
133	3	1	2	11	50	128	AUD	99	86	2014-10-10 10:00:52.182338	2014-02-20 11:34:26.104025	2014-02-20 11:34:26.104025
134	3	1	2	11	50	129	CAD	99	94	2014-10-10 10:00:52.182338	2014-02-20 11:34:26.108425	2014-02-20 11:34:26.108425
135	3	1	2	11	50	130	USD	99	99	2014-10-10 10:00:52.182338	2014-02-20 11:34:26.112444	2014-02-20 11:34:26.112444
136	3	1	2	51	100	131	GBP	29	47	2014-10-10 10:00:52.182338	2014-02-20 11:34:26.116329	2014-02-20 11:34:26.116329
137	3	1	2	51	100	132	EUR	39	48	2014-10-10 10:00:52.182338	2014-02-20 11:34:26.120201	2014-02-20 11:34:26.120201
138	3	1	2	51	100	133	AUD	49	42	2014-10-10 10:00:52.182338	2014-02-20 11:34:26.124082	2014-02-20 11:34:26.124082
139	3	1	2	51	100	134	CAD	49	46	2014-10-10 10:00:52.182338	2014-02-20 11:34:26.1292	2014-02-20 11:34:26.1292
140	3	1	2	51	100	135	USD	49	49	2014-10-10 10:00:52.182338	2014-02-20 11:34:26.13456	2014-02-20 11:34:26.13456
141	3	1	2	101	\N	138	AUD	0	0	2014-10-10 10:00:52.182338	2014-02-20 11:34:26.138614	2014-02-20 11:34:26.138614
142	3	1	2	101	\N	139	CAD	0	0	2014-10-10 10:00:52.182338	2014-02-20 11:34:26.143148	2014-02-20 11:34:26.143148
143	3	1	2	101	\N	137	EUR	0	0	2014-10-10 10:00:52.182338	2014-02-20 11:34:26.147047	2014-02-20 11:34:26.147047
144	3	1	2	101	\N	136	GBP	0	0	2014-10-10 10:00:52.182338	2014-02-20 11:34:26.151045	2014-02-20 11:34:26.151045
145	3	1	2	101	\N	140	USD	0	0	2014-10-10 10:00:52.182338	2014-02-20 11:34:26.154908	2014-02-20 11:34:26.154908
146	3	1	1	1	1	\N	GBP	999	1637	2014-10-10 10:00:52.182338	2014-02-20 11:34:26.158018	2014-02-20 11:34:26.158018
147	3	1	1	1	1	\N	EUR	1199	1498	2014-10-10 10:00:52.182338	2014-02-20 11:34:26.161124	2014-02-20 11:34:26.161124
148	3	1	1	1	1	\N	AUD	1599	1402	2014-10-10 10:00:52.182338	2014-02-20 11:34:26.164188	2014-02-20 11:34:26.164188
149	3	1	1	1	1	\N	CAD	1599	1522	2014-10-10 10:00:52.182338	2014-02-20 11:34:26.167169	2014-02-20 11:34:26.167169
150	3	1	1	1	1	\N	USD	1599	1599	2014-10-10 10:00:52.182338	2014-02-20 11:34:26.170276	2014-02-20 11:34:26.170276
151	3	1	1	2	10	146	GBP	199	326	2014-10-10 10:00:52.182338	2014-02-20 11:34:26.174238	2014-02-20 11:34:26.174238
152	3	1	1	2	10	147	EUR	229	286	2014-10-10 10:00:52.182338	2014-02-20 11:34:26.178274	2014-02-20 11:34:26.178274
153	3	1	1	2	10	148	AUD	299	262	2014-10-10 10:00:52.182338	2014-02-20 11:34:26.182221	2014-02-20 11:34:26.182221
154	3	1	1	2	10	149	CAD	299	284	2014-10-10 10:00:52.182338	2014-02-20 11:34:26.186101	2014-02-20 11:34:26.186101
155	3	1	1	2	10	150	USD	299	299	2014-10-10 10:00:52.182338	2014-02-20 11:34:26.353595	2014-02-20 11:34:26.353595
156	3	1	1	11	50	151	GBP	129	211	2014-10-10 10:00:52.182338	2014-02-20 11:34:26.358588	2014-02-20 11:34:26.358588
157	3	1	1	11	50	152	EUR	149	186	2014-10-10 10:00:52.182338	2014-02-20 11:34:26.363308	2014-02-20 11:34:26.363308
158	3	1	1	11	50	153	AUD	199	174	2014-10-10 10:00:52.182338	2014-02-20 11:34:26.367618	2014-02-20 11:34:26.367618
159	3	1	1	11	50	154	CAD	199	189	2014-10-10 10:00:52.182338	2014-02-20 11:34:26.372075	2014-02-20 11:34:26.372075
160	3	1	1	11	50	155	USD	199	199	2014-10-10 10:00:52.182338	2014-02-20 11:34:26.377529	2014-02-20 11:34:26.377529
161	3	1	1	51	100	157	EUR	99	123	2014-10-10 10:00:52.182338	2014-02-20 11:34:26.383064	2014-02-20 11:34:26.383064
162	3	1	1	51	100	156	GBP	99	162	2014-10-10 10:00:52.182338	2014-02-20 11:34:26.389072	2014-02-20 11:34:26.389072
163	3	1	1	51	100	158	AUD	149	130	2014-10-10 10:00:52.182338	2014-02-20 11:34:26.393503	2014-02-20 11:34:26.393503
164	3	1	1	51	100	159	CAD	149	141	2014-10-10 10:00:52.182338	2014-02-20 11:34:26.398953	2014-02-20 11:34:26.398953
165	3	1	1	51	100	160	USD	149	149	2014-10-10 10:00:52.182338	2014-02-20 11:34:26.4037	2014-02-20 11:34:26.4037
166	3	1	1	101	\N	163	AUD	0	0	2014-10-10 10:00:52.182338	2014-02-20 11:34:26.407952	2014-02-20 11:34:26.407952
167	3	1	1	101	\N	164	CAD	0	0	2014-10-10 10:00:52.182338	2014-02-20 11:34:26.412303	2014-02-20 11:34:26.412303
168	3	1	1	101	\N	161	EUR	0	0	2014-10-10 10:00:52.182338	2014-02-20 11:34:26.41618	2014-02-20 11:34:26.41618
169	3	1	1	101	\N	162	GBP	0	0	2014-10-10 10:00:52.182338	2014-02-20 11:34:26.420125	2014-02-20 11:34:26.420125
170	3	1	1	101	\N	165	USD	0	0	2014-10-10 10:00:52.182338	2014-02-20 11:34:26.424318	2014-02-20 11:34:26.424318
171	2	1	6	1	1	\N	GBP	499	818	2014-10-10 10:00:52.182338	2014-02-20 11:34:26.427636	2014-02-20 11:34:26.427636
172	2	1	6	1	1	\N	EUR	599	748	2014-10-10 10:00:52.182338	2014-02-20 11:34:26.430773	2014-02-20 11:34:26.430773
173	2	1	6	1	1	\N	CAD	799	760	2014-10-10 10:00:52.182338	2014-02-20 11:34:26.433895	2014-02-20 11:34:26.433895
174	2	1	6	1	1	\N	USD	799	799	2014-10-10 10:00:52.182338	2014-02-20 11:34:26.437011	2014-02-20 11:34:26.437011
175	2	1	6	1	1	\N	AUD	1099	964	2014-10-10 10:00:52.182338	2014-02-20 11:34:26.440149	2014-02-20 11:34:26.440149
176	2	1	6	2	2	\N	GBP	599	981	2014-10-10 10:00:52.182338	2014-02-20 11:34:26.443333	2014-02-20 11:34:26.443333
177	2	1	6	2	2	\N	EUR	650	812	2014-10-10 10:00:52.182338	2014-02-20 11:34:26.446618	2014-02-20 11:34:26.446618
178	2	1	6	2	2	\N	CAD	899	856	2014-10-10 10:00:52.182338	2014-02-20 11:34:26.45214	2014-02-20 11:34:26.45214
179	2	1	6	2	2	\N	USD	899	899	2014-10-10 10:00:52.182338	2014-02-20 11:34:26.455533	2014-02-20 11:34:26.455533
180	2	1	6	2	2	\N	AUD	1399	1227	2014-10-10 10:00:52.182338	2014-02-20 11:34:26.458627	2014-02-20 11:34:26.458627
181	2	1	6	3	3	\N	EUR	699	873	2014-10-10 10:00:52.182338	2014-02-20 11:34:26.461873	2014-02-20 11:34:26.461873
182	2	1	6	3	3	\N	GBP	699	1145	2014-10-10 10:00:52.182338	2014-02-20 11:34:26.465064	2014-02-20 11:34:26.465064
183	2	1	6	3	3	\N	CAD	999	951	2014-10-10 10:00:52.182338	2014-02-20 11:34:26.468121	2014-02-20 11:34:26.468121
184	2	1	6	3	3	\N	USD	999	999	2014-10-10 10:00:52.182338	2014-02-20 11:34:26.471233	2014-02-20 11:34:26.471233
185	2	1	6	3	3	\N	AUD	1599	1402	2014-10-10 10:00:52.182338	2014-02-20 11:34:26.474818	2014-02-20 11:34:26.474818
186	2	1	6	4	\N	185	AUD	100	87	2014-10-10 10:00:52.182338	2014-02-20 11:34:26.478757	2014-02-20 11:34:26.478757
187	2	1	6	4	\N	183	CAD	100	95	2014-10-10 10:00:52.182338	2014-02-20 11:34:26.482664	2014-02-20 11:34:26.482664
188	2	1	6	4	\N	181	EUR	100	125	2014-10-10 10:00:52.182338	2014-02-20 11:34:26.486648	2014-02-20 11:34:26.486648
189	2	1	6	4	\N	182	GBP	100	163	2014-10-10 10:00:52.182338	2014-02-20 11:34:26.490558	2014-02-20 11:34:26.490558
190	2	1	6	4	\N	184	USD	100	100	2014-10-10 10:00:52.182338	2014-02-20 11:34:26.494418	2014-02-20 11:34:26.494418
191	2	1	5	1	1	\N	GBP	499	818	2014-10-10 10:00:52.182338	2014-02-20 11:34:26.498231	2014-02-20 11:34:26.498231
192	2	1	5	1	1	\N	EUR	599	748	2014-10-10 10:00:52.182338	2014-02-20 11:34:26.501533	2014-02-20 11:34:26.501533
193	2	1	5	1	1	\N	AUD	799	700	2014-10-10 10:00:52.182338	2014-02-20 11:34:26.50487	2014-02-20 11:34:26.50487
194	2	1	5	1	1	\N	USD	799	799	2014-10-10 10:00:52.182338	2014-02-20 11:34:26.508084	2014-02-20 11:34:26.508084
195	2	1	5	1	1	\N	CAD	899	856	2014-10-10 10:00:52.182338	2014-02-20 11:34:26.511277	2014-02-20 11:34:26.511277
196	2	1	5	2	2	\N	GBP	599	981	2014-10-10 10:00:52.182338	2014-02-20 11:34:26.514399	2014-02-20 11:34:26.514399
197	2	1	5	2	2	\N	EUR	650	812	2014-10-10 10:00:52.182338	2014-02-20 11:34:26.682491	2014-02-20 11:34:26.682491
198	2	1	5	2	2	\N	AUD	899	788	2014-10-10 10:00:52.182338	2014-02-20 11:34:26.686178	2014-02-20 11:34:26.686178
199	2	1	5	2	2	\N	USD	899	899	2014-10-10 10:00:52.182338	2014-02-20 11:34:26.689544	2014-02-20 11:34:26.689544
200	2	1	5	2	2	\N	CAD	999	951	2014-10-10 10:00:52.182338	2014-02-20 11:34:26.692715	2014-02-20 11:34:26.692715
201	2	1	5	3	3	\N	EUR	699	873	2014-10-10 10:00:52.182338	2014-02-20 11:34:26.697436	2014-02-20 11:34:26.697436
202	2	1	5	3	3	\N	GBP	699	1145	2014-10-10 10:00:52.182338	2014-02-20 11:34:26.702133	2014-02-20 11:34:26.702133
203	2	1	5	3	3	\N	AUD	999	876	2014-10-10 10:00:52.182338	2014-02-20 11:34:26.705656	2014-02-20 11:34:26.705656
204	2	1	5	3	3	\N	USD	999	999	2014-10-10 10:00:52.182338	2014-02-20 11:34:26.708841	2014-02-20 11:34:26.708841
205	2	1	5	3	3	\N	CAD	1099	1046	2014-10-10 10:00:52.182338	2014-02-20 11:34:26.71205	2014-02-20 11:34:26.71205
206	2	1	5	4	100	201	EUR	100	125	2014-10-10 10:00:52.182338	2014-02-20 11:34:26.716158	2014-02-20 11:34:26.716158
207	2	1	5	4	100	202	GBP	100	163	2014-10-10 10:00:52.182338	2014-02-20 11:34:26.720239	2014-02-20 11:34:26.720239
208	2	1	5	4	100	203	AUD	125	109	2014-10-10 10:00:52.182338	2014-02-20 11:34:26.724351	2014-02-20 11:34:26.724351
209	2	1	5	4	100	204	USD	125	125	2014-10-10 10:00:52.182338	2014-02-20 11:34:26.729551	2014-02-20 11:34:26.729551
210	2	1	5	4	100	205	CAD	150	142	2014-10-10 10:00:52.182338	2014-02-20 11:34:26.733457	2014-02-20 11:34:26.733457
211	2	1	5	101	\N	208	AUD	0	0	2014-10-10 10:00:52.182338	2014-02-20 11:34:26.737377	2014-02-20 11:34:26.737377
212	2	1	5	101	\N	210	CAD	0	0	2014-10-10 10:00:52.182338	2014-02-20 11:34:26.741296	2014-02-20 11:34:26.741296
213	2	1	5	101	\N	206	EUR	0	0	2014-10-10 10:00:52.182338	2014-02-20 11:34:26.745202	2014-02-20 11:34:26.745202
214	2	1	5	101	\N	207	GBP	0	0	2014-10-10 10:00:52.182338	2014-02-20 11:34:26.749123	2014-02-20 11:34:26.749123
215	2	1	5	101	\N	209	USD	0	0	2014-10-10 10:00:52.182338	2014-02-20 11:34:26.75444	2014-02-20 11:34:26.75444
216	2	1	7	1	1	\N	GBP	1199	1965	2014-10-10 10:00:52.182338	2014-02-20 11:34:26.757957	2014-02-20 11:34:26.757957
217	2	1	7	1	1	\N	EUR	1399	1748	2014-10-10 10:00:52.182338	2014-02-20 11:34:26.761531	2014-02-20 11:34:26.761531
218	2	1	7	1	1	\N	AUD	1799	1578	2014-10-10 10:00:52.182338	2014-02-20 11:34:26.765353	2014-02-20 11:34:26.765353
219	2	1	7	1	1	\N	CAD	1799	1713	2014-10-10 10:00:52.182338	2014-02-20 11:34:26.768911	2014-02-20 11:34:26.768911
220	2	1	7	1	1	\N	USD	1799	1799	2014-10-10 10:00:52.182338	2014-02-20 11:34:26.772237	2014-02-20 11:34:26.772237
221	2	1	7	2	10	216	GBP	129	211	2014-10-10 10:00:52.182338	2014-02-20 11:34:26.776299	2014-02-20 11:34:26.776299
222	2	1	7	2	10	217	EUR	149	186	2014-10-10 10:00:52.182338	2014-02-20 11:34:26.780048	2014-02-20 11:34:26.780048
223	2	1	7	2	10	218	AUD	199	174	2014-10-10 10:00:52.182338	2014-02-20 11:34:26.783858	2014-02-20 11:34:26.783858
224	2	1	7	2	10	219	CAD	199	189	2014-10-10 10:00:52.182338	2014-02-20 11:34:26.789025	2014-02-20 11:34:26.789025
225	2	1	7	2	10	220	USD	199	199	2014-10-10 10:00:52.182338	2014-02-20 11:34:26.793723	2014-02-20 11:34:26.793723
226	2	1	7	11	50	221	GBP	59	96	2014-10-10 10:00:52.182338	2014-02-20 11:34:26.797713	2014-02-20 11:34:26.797713
227	2	1	7	11	50	222	EUR	79	98	2014-10-10 10:00:52.182338	2014-02-20 11:34:26.801685	2014-02-20 11:34:26.801685
228	2	1	7	11	50	223	AUD	99	86	2014-10-10 10:00:52.182338	2014-02-20 11:34:26.805503	2014-02-20 11:34:26.805503
229	2	1	7	11	50	224	CAD	99	94	2014-10-10 10:00:52.182338	2014-02-20 11:34:26.809364	2014-02-20 11:34:26.809364
230	2	1	7	11	50	225	USD	99	99	2014-10-10 10:00:52.182338	2014-02-20 11:34:26.813478	2014-02-20 11:34:26.813478
231	2	1	7	51	100	226	GBP	29	47	2014-10-10 10:00:52.182338	2014-02-20 11:34:26.817448	2014-02-20 11:34:26.817448
232	2	1	7	51	100	227	EUR	39	48	2014-10-10 10:00:52.182338	2014-02-20 11:34:26.822064	2014-02-20 11:34:26.822064
233	2	1	7	51	100	228	AUD	49	42	2014-10-10 10:00:52.182338	2014-02-20 11:34:26.827578	2014-02-20 11:34:26.827578
234	2	1	7	51	100	229	CAD	49	46	2014-10-10 10:00:52.182338	2014-02-20 11:34:26.831776	2014-02-20 11:34:26.831776
235	2	1	7	51	100	230	USD	49	49	2014-10-10 10:00:52.182338	2014-02-20 11:34:26.835801	2014-02-20 11:34:26.835801
236	2	1	7	101	\N	233	AUD	0	0	2014-10-10 10:00:52.182338	2014-02-20 11:34:26.83972	2014-02-20 11:34:26.83972
237	2	1	7	101	\N	234	CAD	0	0	2014-10-10 10:00:52.182338	2014-02-20 11:34:27.006565	2014-02-20 11:34:27.006565
238	2	1	7	101	\N	232	EUR	0	0	2014-10-10 10:00:52.182338	2014-02-20 11:34:27.012666	2014-02-20 11:34:27.012666
239	2	1	7	101	\N	231	GBP	0	0	2014-10-10 10:00:52.182338	2014-02-20 11:34:27.018027	2014-02-20 11:34:27.018027
240	2	1	7	101	\N	235	USD	0	0	2014-10-10 10:00:52.182338	2014-02-20 11:34:27.022973	2014-02-20 11:34:27.022973
241	2	1	1	1	1	\N	GBP	499	818	2014-10-10 10:00:52.182338	2014-02-20 11:34:27.026883	2014-02-20 11:34:27.026883
242	2	1	1	1	1	\N	EUR	599	748	2014-10-10 10:00:52.182338	2014-02-20 11:34:27.030467	2014-02-20 11:34:27.030467
243	2	1	1	1	1	\N	AUD	799	700	2014-10-10 10:00:52.182338	2014-02-20 11:34:27.033892	2014-02-20 11:34:27.033892
244	2	1	1	1	1	\N	CAD	799	760	2014-10-10 10:00:52.182338	2014-02-20 11:34:27.037143	2014-02-20 11:34:27.037143
245	2	1	1	1	1	\N	USD	799	799	2014-10-10 10:00:52.182338	2014-02-20 11:34:27.040317	2014-02-20 11:34:27.040317
246	2	1	1	2	10	241	GBP	129	211	2014-10-10 10:00:52.182338	2014-02-20 11:34:27.04444	2014-02-20 11:34:27.04444
247	2	1	1	2	10	242	EUR	149	186	2014-10-10 10:00:52.182338	2014-02-20 11:34:27.048936	2014-02-20 11:34:27.048936
248	2	1	1	2	10	243	AUD	199	174	2014-10-10 10:00:52.182338	2014-02-20 11:34:27.053141	2014-02-20 11:34:27.053141
249	2	1	1	2	10	244	CAD	199	189	2014-10-10 10:00:52.182338	2014-02-20 11:34:27.057377	2014-02-20 11:34:27.057377
250	2	1	1	2	10	245	USD	199	199	2014-10-10 10:00:52.182338	2014-02-20 11:34:27.061356	2014-02-20 11:34:27.061356
251	2	1	1	11	50	246	GBP	59	96	2014-10-10 10:00:52.182338	2014-02-20 11:34:27.065954	2014-02-20 11:34:27.065954
252	2	1	1	11	50	247	EUR	79	98	2014-10-10 10:00:52.182338	2014-02-20 11:34:27.070117	2014-02-20 11:34:27.070117
253	2	1	1	11	50	248	AUD	99	86	2014-10-10 10:00:52.182338	2014-02-20 11:34:27.074017	2014-02-20 11:34:27.074017
254	2	1	1	11	50	249	CAD	99	94	2014-10-10 10:00:52.182338	2014-02-20 11:34:27.078257	2014-02-20 11:34:27.078257
255	2	1	1	11	50	250	USD	99	99	2014-10-10 10:00:52.182338	2014-02-20 11:34:27.082151	2014-02-20 11:34:27.082151
256	2	1	1	51	100	251	GBP	29	47	2014-10-10 10:00:52.182338	2014-02-20 11:34:27.086131	2014-02-20 11:34:27.086131
257	2	1	1	51	100	252	EUR	39	48	2014-10-10 10:00:52.182338	2014-02-20 11:34:27.090507	2014-02-20 11:34:27.090507
258	2	1	1	51	100	253	AUD	49	42	2014-10-10 10:00:52.182338	2014-02-20 11:34:27.094986	2014-02-20 11:34:27.094986
259	2	1	1	51	100	254	CAD	49	46	2014-10-10 10:00:52.182338	2014-02-20 11:34:27.09981	2014-02-20 11:34:27.09981
260	2	1	1	51	100	255	USD	49	49	2014-10-10 10:00:52.182338	2014-02-20 11:34:27.103906	2014-02-20 11:34:27.103906
261	2	1	1	101	\N	258	AUD	0	0	2014-10-10 10:00:52.182338	2014-02-20 11:34:27.108287	2014-02-20 11:34:27.108287
262	2	1	1	101	\N	259	CAD	0	0	2014-10-10 10:00:52.182338	2014-02-20 11:34:27.112387	2014-02-20 11:34:27.112387
263	2	1	1	101	\N	257	EUR	0	0	2014-10-10 10:00:52.182338	2014-02-20 11:34:27.117521	2014-02-20 11:34:27.117521
264	2	1	1	101	\N	256	GBP	0	0	2014-10-10 10:00:52.182338	2014-02-20 11:34:27.12182	2014-02-20 11:34:27.12182
265	2	1	1	101	\N	260	USD	0	0	2014-10-10 10:00:52.182338	2014-02-20 11:34:27.125851	2014-02-20 11:34:27.125851
266	2	1	4	1	1	\N	GBP	499	818	2014-10-10 10:00:52.182338	2014-02-20 11:34:27.129218	2014-02-20 11:34:27.129218
267	2	1	4	1	1	\N	EUR	599	748	2014-10-10 10:00:52.182338	2014-02-20 11:34:27.133211	2014-02-20 11:34:27.133211
268	2	1	4	1	1	\N	AUD	799	700	2014-10-10 10:00:52.182338	2014-02-20 11:34:27.136967	2014-02-20 11:34:27.136967
269	2	1	4	1	1	\N	CAD	799	760	2014-10-10 10:00:52.182338	2014-02-20 11:34:27.140344	2014-02-20 11:34:27.140344
270	2	1	4	1	1	\N	USD	799	799	2014-10-10 10:00:52.182338	2014-02-20 11:34:27.143688	2014-02-20 11:34:27.143688
271	2	1	4	2	2	\N	GBP	599	981	2014-10-10 10:00:52.182338	2014-02-20 11:34:27.146861	2014-02-20 11:34:27.146861
272	2	1	4	2	2	\N	EUR	699	873	2014-10-10 10:00:52.182338	2014-02-20 11:34:27.150508	2014-02-20 11:34:27.150508
273	2	1	4	2	2	\N	AUD	899	788	2014-10-10 10:00:52.182338	2014-02-20 11:34:27.153721	2014-02-20 11:34:27.153721
274	2	1	4	2	2	\N	CAD	899	856	2014-10-10 10:00:52.182338	2014-02-20 11:34:27.156817	2014-02-20 11:34:27.156817
275	2	1	4	2	2	\N	USD	899	899	2014-10-10 10:00:52.182338	2014-02-20 11:34:27.160227	2014-02-20 11:34:27.160227
276	2	1	4	3	3	\N	GBP	699	1145	2014-10-10 10:00:52.182338	2014-02-20 11:34:27.16337	2014-02-20 11:34:27.16337
277	2	1	4	3	3	\N	EUR	799	998	2014-10-10 10:00:52.182338	2014-02-20 11:34:27.166378	2014-02-20 11:34:27.166378
278	2	1	4	3	3	\N	AUD	999	876	2014-10-10 10:00:52.182338	2014-02-20 11:34:27.169454	2014-02-20 11:34:27.169454
279	2	1	4	3	3	\N	CAD	999	951	2014-10-10 10:00:52.182338	2014-02-20 11:34:27.333507	2014-02-20 11:34:27.333507
280	2	1	4	3	3	\N	USD	999	999	2014-10-10 10:00:52.182338	2014-02-20 11:34:27.337795	2014-02-20 11:34:27.337795
281	2	1	4	4	10	277	EUR	100	125	2014-10-10 10:00:52.182338	2014-02-20 11:34:27.343037	2014-02-20 11:34:27.343037
282	2	1	4	4	10	276	GBP	100	163	2014-10-10 10:00:52.182338	2014-02-20 11:34:27.347569	2014-02-20 11:34:27.347569
283	2	1	4	4	10	278	AUD	125	109	2014-10-10 10:00:52.182338	2014-02-20 11:34:27.351718	2014-02-20 11:34:27.351718
284	2	1	4	4	10	279	CAD	125	119	2014-10-10 10:00:52.182338	2014-02-20 11:34:27.355818	2014-02-20 11:34:27.355818
285	2	1	4	4	10	280	USD	125	125	2014-10-10 10:00:52.182338	2014-02-20 11:34:27.359969	2014-02-20 11:34:27.359969
286	2	1	4	11	\N	282	GBP	50	81	2014-10-10 10:00:52.182338	2014-02-20 11:34:27.364066	2014-02-20 11:34:27.364066
287	2	1	4	11	\N	283	AUD	85	74	2014-10-10 10:00:52.182338	2014-02-20 11:34:27.368299	2014-02-20 11:34:27.368299
288	2	1	4	11	\N	284	CAD	85	80	2014-10-10 10:00:52.182338	2014-02-20 11:34:27.372581	2014-02-20 11:34:27.372581
289	2	1	4	11	\N	285	USD	85	85	2014-10-10 10:00:52.182338	2014-02-20 11:34:27.376569	2014-02-20 11:34:27.376569
290	2	1	4	11	\N	281	EUR	200	250	2014-10-10 10:00:52.182338	2014-02-20 11:34:27.380702	2014-02-20 11:34:27.380702
291	2	1	3	1	1	\N	GBP	499	818	2014-10-10 10:00:52.182338	2014-02-20 11:34:27.383861	2014-02-20 11:34:27.383861
292	2	1	3	1	1	\N	EUR	599	748	2014-10-10 10:00:52.182338	2014-02-20 11:34:27.387042	2014-02-20 11:34:27.387042
293	2	1	3	1	1	\N	AUD	799	700	2014-10-10 10:00:52.182338	2014-02-20 11:34:27.391292	2014-02-20 11:34:27.391292
294	2	1	3	1	1	\N	CAD	799	760	2014-10-10 10:00:52.182338	2014-02-20 11:34:27.395196	2014-02-20 11:34:27.395196
295	2	1	3	1	1	\N	USD	799	799	2014-10-10 10:00:52.182338	2014-02-20 11:34:27.398482	2014-02-20 11:34:27.398482
296	2	1	3	2	2	\N	GBP	599	981	2014-10-10 10:00:52.182338	2014-02-20 11:34:27.401586	2014-02-20 11:34:27.401586
297	2	1	3	2	2	\N	EUR	699	873	2014-10-10 10:00:52.182338	2014-02-20 11:34:27.404949	2014-02-20 11:34:27.404949
298	2	1	3	2	2	\N	AUD	899	788	2014-10-10 10:00:52.182338	2014-02-20 11:34:27.408678	2014-02-20 11:34:27.408678
299	2	1	3	2	2	\N	CAD	899	856	2014-10-10 10:00:52.182338	2014-02-20 11:34:27.411922	2014-02-20 11:34:27.411922
300	2	1	3	2	2	\N	USD	899	899	2014-10-10 10:00:52.182338	2014-02-20 11:34:27.41581	2014-02-20 11:34:27.41581
301	2	1	3	3	3	\N	GBP	699	1145	2014-10-10 10:00:52.182338	2014-02-20 11:34:27.419264	2014-02-20 11:34:27.419264
302	2	1	3	3	3	\N	EUR	799	998	2014-10-10 10:00:52.182338	2014-02-20 11:34:27.422601	2014-02-20 11:34:27.422601
303	2	1	3	3	3	\N	AUD	999	876	2014-10-10 10:00:52.182338	2014-02-20 11:34:27.426556	2014-02-20 11:34:27.426556
304	2	1	3	3	3	\N	CAD	999	951	2014-10-10 10:00:52.182338	2014-02-20 11:34:27.429967	2014-02-20 11:34:27.429967
305	2	1	3	3	3	\N	USD	999	999	2014-10-10 10:00:52.182338	2014-02-20 11:34:27.433862	2014-02-20 11:34:27.433862
306	2	1	3	4	10	302	EUR	100	125	2014-10-10 10:00:52.182338	2014-02-20 11:34:27.438257	2014-02-20 11:34:27.438257
307	2	1	3	4	10	301	GBP	100	163	2014-10-10 10:00:52.182338	2014-02-20 11:34:27.442754	2014-02-20 11:34:27.442754
308	2	1	3	4	10	303	AUD	125	109	2014-10-10 10:00:52.182338	2014-02-20 11:34:27.44828	2014-02-20 11:34:27.44828
309	2	1	3	4	10	304	CAD	125	119	2014-10-10 10:00:52.182338	2014-02-20 11:34:27.454702	2014-02-20 11:34:27.454702
310	2	1	3	4	10	305	USD	125	125	2014-10-10 10:00:52.182338	2014-02-20 11:34:27.459587	2014-02-20 11:34:27.459587
311	2	1	3	11	\N	306	EUR	120	150	2014-10-10 10:00:52.182338	2014-02-20 11:34:27.464208	2014-02-20 11:34:27.464208
312	2	1	3	11	\N	307	GBP	50	81	2014-10-10 10:00:52.182338	2014-02-20 11:34:27.46848	2014-02-20 11:34:27.46848
313	2	1	3	11	\N	308	AUD	85	74	2014-10-10 10:00:52.182338	2014-02-20 11:34:27.472652	2014-02-20 11:34:27.472652
314	2	1	3	11	\N	309	CAD	85	80	2014-10-10 10:00:52.182338	2014-02-20 11:34:27.477296	2014-02-20 11:34:27.477296
315	2	1	3	11	\N	310	USD	85	85	2014-10-10 10:00:52.182338	2014-02-20 11:34:27.483765	2014-02-20 11:34:27.483765
316	2	1	2	1	1	\N	GBP	499	818	2014-10-10 10:00:52.182338	2014-02-20 11:34:27.487886	2014-02-20 11:34:27.487886
317	2	1	2	1	1	\N	EUR	599	748	2014-10-10 10:00:52.182338	2014-02-20 11:34:27.49095	2014-02-20 11:34:27.49095
318	2	1	2	1	1	\N	AUD	799	700	2014-10-10 10:00:52.182338	2014-02-20 11:34:27.494477	2014-02-20 11:34:27.494477
319	2	1	2	1	1	\N	CAD	799	760	2014-10-10 10:00:52.182338	2014-02-20 11:34:27.498907	2014-02-20 11:34:27.498907
320	2	1	2	1	1	\N	USD	799	799	2014-10-10 10:00:52.182338	2014-02-20 11:34:27.673786	2014-02-20 11:34:27.673786
321	2	1	2	2	2	\N	GBP	599	981	2014-10-10 10:00:52.182338	2014-02-20 11:34:27.67918	2014-02-20 11:34:27.67918
322	2	1	2	2	2	\N	EUR	650	812	2014-10-10 10:00:52.182338	2014-02-20 11:34:27.684158	2014-02-20 11:34:27.684158
323	2	1	2	2	2	\N	AUD	899	788	2014-10-10 10:00:52.182338	2014-02-20 11:34:27.688543	2014-02-20 11:34:27.688543
324	2	1	2	2	2	\N	CAD	899	856	2014-10-10 10:00:52.182338	2014-02-20 11:34:27.692106	2014-02-20 11:34:27.692106
325	2	1	2	2	2	\N	USD	899	899	2014-10-10 10:00:52.182338	2014-02-20 11:34:27.695413	2014-02-20 11:34:27.695413
326	2	1	2	3	3	\N	EUR	699	873	2014-10-10 10:00:52.182338	2014-02-20 11:34:27.700297	2014-02-20 11:34:27.700297
327	2	1	2	3	3	\N	GBP	699	1145	2014-10-10 10:00:52.182338	2014-02-20 11:34:27.705028	2014-02-20 11:34:27.705028
328	2	1	2	3	3	\N	AUD	999	876	2014-10-10 10:00:52.182338	2014-02-20 11:34:27.708497	2014-02-20 11:34:27.708497
329	2	1	2	3	3	\N	CAD	999	951	2014-10-10 10:00:52.182338	2014-02-20 11:34:27.711723	2014-02-20 11:34:27.711723
330	2	1	2	3	3	\N	USD	999	999	2014-10-10 10:00:52.182338	2014-02-20 11:34:27.7149	2014-02-20 11:34:27.7149
331	2	1	2	4	\N	326	EUR	100	125	2014-10-10 10:00:52.182338	2014-02-20 11:34:27.720946	2014-02-20 11:34:27.720946
332	2	1	2	4	\N	327	GBP	100	163	2014-10-10 10:00:52.182338	2014-02-20 11:34:27.725338	2014-02-20 11:34:27.725338
333	2	1	2	4	\N	328	AUD	125	109	2014-10-10 10:00:52.182338	2014-02-20 11:34:27.729704	2014-02-20 11:34:27.729704
334	2	1	2	4	\N	329	CAD	125	119	2014-10-10 10:00:52.182338	2014-02-20 11:34:27.734098	2014-02-20 11:34:27.734098
335	2	1	2	4	\N	330	USD	125	125	2014-10-10 10:00:52.182338	2014-02-20 11:34:27.738093	2014-02-20 11:34:27.738093
336	4	1	6	1	1	\N	GBP	1612	2642	2014-10-10 10:00:52.182338	2014-02-20 11:34:27.742044	2014-02-20 11:34:27.742044
337	4	1	6	1	1	\N	EUR	1856	2320	2014-10-10 10:00:52.182338	2014-02-20 11:34:27.745977	2014-02-20 11:34:27.745977
338	4	1	6	1	1	\N	AUD	2499	2192	2014-10-10 10:00:52.182338	2014-02-20 11:34:27.749121	2014-02-20 11:34:27.749121
339	4	1	6	1	1	\N	CAD	2599	2475	2014-10-10 10:00:52.182338	2014-02-20 11:34:27.752362	2014-02-20 11:34:27.752362
340	4	1	6	1	1	\N	USD	2599	2599	2014-10-10 10:00:52.182338	2014-02-20 11:34:27.756652	2014-02-20 11:34:27.756652
341	4	1	6	2	2	\N	GBP	1934	3170	2014-10-10 10:00:52.182338	2014-02-20 11:34:27.760481	2014-02-20 11:34:27.760481
342	4	1	6	2	2	\N	EUR	2227	2783	2014-10-10 10:00:52.182338	2014-02-20 11:34:27.763703	2014-02-20 11:34:27.763703
343	4	1	6	2	2	\N	AUD	2999	2630	2014-10-10 10:00:52.182338	2014-02-20 11:34:27.766853	2014-02-20 11:34:27.766853
344	4	1	6	2	2	\N	CAD	3099	2951	2014-10-10 10:00:52.182338	2014-02-20 11:34:27.770391	2014-02-20 11:34:27.770391
345	4	1	6	2	2	\N	USD	3099	3099	2014-10-10 10:00:52.182338	2014-02-20 11:34:27.775704	2014-02-20 11:34:27.775704
346	4	1	6	3	3	\N	GBP	2257	3700	2014-10-10 10:00:52.182338	2014-02-20 11:34:27.780125	2014-02-20 11:34:27.780125
347	4	1	6	3	3	\N	EUR	2599	3248	2014-10-10 10:00:52.182338	2014-02-20 11:34:27.783315	2014-02-20 11:34:27.783315
348	4	1	6	3	3	\N	AUD	3499	3069	2014-10-10 10:00:52.182338	2014-02-20 11:34:27.786475	2014-02-20 11:34:27.786475
349	4	1	6	3	3	\N	CAD	3599	3427	2014-10-10 10:00:52.182338	2014-02-20 11:34:27.789622	2014-02-20 11:34:27.789622
350	4	1	6	3	3	\N	USD	3699	3699	2014-10-10 10:00:52.182338	2014-02-20 11:34:27.793568	2014-02-20 11:34:27.793568
351	4	1	6	4	\N	348	AUD	100	87	2014-10-10 10:00:52.182338	2014-02-20 11:34:27.798225	2014-02-20 11:34:27.798225
352	4	1	6	4	\N	349	CAD	100	95	2014-10-10 10:00:52.182338	2014-02-20 11:34:27.803198	2014-02-20 11:34:27.803198
353	4	1	6	4	\N	347	EUR	100	125	2014-10-10 10:00:52.182338	2014-02-20 11:34:27.810049	2014-02-20 11:34:27.810049
354	4	1	6	4	\N	346	GBP	100	163	2014-10-10 10:00:52.182338	2014-02-20 11:34:27.816667	2014-02-20 11:34:27.816667
355	4	1	6	4	\N	350	USD	100	100	2014-10-10 10:00:52.182338	2014-02-20 11:34:27.822682	2014-02-20 11:34:27.822682
356	4	1	5	1	1	\N	GBP	879	1440	2014-10-10 10:00:52.182338	2014-02-20 11:34:27.826012	2014-02-20 11:34:27.826012
357	4	1	5	1	1	\N	EUR	1012	1265	2014-10-10 10:00:52.182338	2014-02-20 11:34:27.829119	2014-02-20 11:34:27.829119
358	4	1	5	1	1	\N	CAD	1299	1237	2014-10-10 10:00:52.182338	2014-02-20 11:34:27.833978	2014-02-20 11:34:27.833978
359	4	1	5	1	1	\N	AUD	1399	1227	2014-10-10 10:00:52.182338	2014-02-20 11:34:27.838037	2014-02-20 11:34:27.838037
360	4	1	5	1	1	\N	USD	1450	1450	2014-10-10 10:00:52.182338	2014-02-20 11:34:27.841923	2014-02-20 11:34:27.841923
361	4	1	5	2	2	\N	GBP	1004	1645	2014-10-10 10:00:52.182338	2014-02-20 11:34:27.846828	2014-02-20 11:34:27.846828
362	4	1	5	2	2	\N	EUR	1157	1446	2014-10-10 10:00:52.182338	2014-02-20 11:34:27.852097	2014-02-20 11:34:27.852097
363	4	1	5	2	2	\N	CAD	1499	1427	2014-10-10 10:00:52.182338	2014-02-20 11:34:28.029666	2014-02-20 11:34:28.029666
364	4	1	5	2	2	\N	AUD	1599	1402	2014-10-10 10:00:52.182338	2014-02-20 11:34:28.033944	2014-02-20 11:34:28.033944
365	4	1	5	2	2	\N	USD	1650	1650	2014-10-10 10:00:52.182338	2014-02-20 11:34:28.038122	2014-02-20 11:34:28.038122
366	4	1	5	3	3	\N	GBP	1130	1852	2014-10-10 10:00:52.182338	2014-02-20 11:34:28.043098	2014-02-20 11:34:28.043098
367	4	1	5	3	3	\N	EUR	1301	1626	2014-10-10 10:00:52.182338	2014-02-20 11:34:28.048554	2014-02-20 11:34:28.048554
368	4	1	5	3	3	\N	AUD	1799	1578	2014-10-10 10:00:52.182338	2014-02-20 11:34:28.053442	2014-02-20 11:34:28.053442
369	4	1	5	3	3	\N	CAD	1799	1713	2014-10-10 10:00:52.182338	2014-02-20 11:34:28.05756	2014-02-20 11:34:28.05756
370	4	1	5	3	3	\N	USD	1850	1850	2014-10-10 10:00:52.182338	2014-02-20 11:34:28.062005	2014-02-20 11:34:28.062005
371	4	1	5	4	100	366	GBP	126	206	2014-10-10 10:00:52.182338	2014-02-20 11:34:28.068821	2014-02-20 11:34:28.068821
372	4	1	5	4	100	367	EUR	145	181	2014-10-10 10:00:52.182338	2014-02-20 11:34:28.073316	2014-02-20 11:34:28.073316
373	4	1	5	4	100	368	AUD	200	175	2014-10-10 10:00:52.182338	2014-02-20 11:34:28.07762	2014-02-20 11:34:28.07762
374	4	1	5	4	100	369	CAD	200	190	2014-10-10 10:00:52.182338	2014-02-20 11:34:28.081722	2014-02-20 11:34:28.081722
375	4	1	5	4	100	370	USD	200	200	2014-10-10 10:00:52.182338	2014-02-20 11:34:28.085707	2014-02-20 11:34:28.085707
376	4	1	5	101	\N	371	GBP	141	231	2014-10-10 10:00:52.182338	2014-02-20 11:34:28.089701	2014-02-20 11:34:28.089701
377	4	1	5	101	\N	372	EUR	163	203	2014-10-10 10:00:52.182338	2014-02-20 11:34:28.093703	2014-02-20 11:34:28.093703
378	4	1	5	101	\N	373	AUD	225	197	2014-10-10 10:00:52.182338	2014-02-20 11:34:28.097644	2014-02-20 11:34:28.097644
379	4	1	5	101	\N	374	CAD	225	214	2014-10-10 10:00:52.182338	2014-02-20 11:34:28.101422	2014-02-20 11:34:28.101422
380	4	1	5	101	\N	375	USD	225	225	2014-10-10 10:00:52.182338	2014-02-20 11:34:28.105336	2014-02-20 11:34:28.105336
381	4	1	4	1	1	\N	GBP	2299	3768	2014-10-10 10:00:52.182338	2014-02-20 11:34:28.108427	2014-02-20 11:34:28.108427
382	4	1	4	1	1	\N	EUR	2699	3373	2014-10-10 10:00:52.182338	2014-02-20 11:34:28.112105	2014-02-20 11:34:28.112105
383	4	1	4	1	1	\N	USD	3599	3599	2014-10-10 10:00:52.182338	2014-02-20 11:34:28.116358	2014-02-20 11:34:28.116358
384	4	1	4	1	1	\N	AUD	3699	3244	2014-10-10 10:00:52.182338	2014-02-20 11:34:28.120497	2014-02-20 11:34:28.120497
385	4	1	4	1	1	\N	CAD	3699	3522	2014-10-10 10:00:52.182338	2014-02-20 11:34:28.123679	2014-02-20 11:34:28.123679
386	4	1	4	2	10	381	GBP	199	326	2014-10-10 10:00:52.182338	2014-02-20 11:34:28.127597	2014-02-20 11:34:28.127597
387	4	1	4	2	10	382	EUR	229	286	2014-10-10 10:00:52.182338	2014-02-20 11:34:28.131511	2014-02-20 11:34:28.131511
388	4	1	4	2	10	384	AUD	299	262	2014-10-10 10:00:52.182338	2014-02-20 11:34:28.135514	2014-02-20 11:34:28.135514
389	4	1	4	2	10	385	CAD	299	284	2014-10-10 10:00:52.182338	2014-02-20 11:34:28.139433	2014-02-20 11:34:28.139433
390	4	1	4	2	10	383	USD	299	299	2014-10-10 10:00:52.182338	2014-02-20 11:34:28.143612	2014-02-20 11:34:28.143612
391	4	1	4	11	50	386	GBP	129	211	2014-10-10 10:00:52.182338	2014-02-20 11:34:28.147702	2014-02-20 11:34:28.147702
392	4	1	4	11	50	387	EUR	149	186	2014-10-10 10:00:52.182338	2014-02-20 11:34:28.152095	2014-02-20 11:34:28.152095
393	4	1	4	11	50	388	AUD	199	174	2014-10-10 10:00:52.182338	2014-02-20 11:34:28.156598	2014-02-20 11:34:28.156598
394	4	1	4	11	50	389	CAD	199	189	2014-10-10 10:00:52.182338	2014-02-20 11:34:28.161531	2014-02-20 11:34:28.161531
395	4	1	4	11	50	390	USD	199	199	2014-10-10 10:00:52.182338	2014-02-20 11:34:28.166112	2014-02-20 11:34:28.166112
396	4	1	4	51	100	392	EUR	99	123	2014-10-10 10:00:52.182338	2014-02-20 11:34:28.170132	2014-02-20 11:34:28.170132
397	4	1	4	51	100	391	GBP	99	162	2014-10-10 10:00:52.182338	2014-02-20 11:34:28.174121	2014-02-20 11:34:28.174121
398	4	1	4	51	100	393	AUD	149	130	2014-10-10 10:00:52.182338	2014-02-20 11:34:28.178496	2014-02-20 11:34:28.178496
399	4	1	4	51	100	394	CAD	149	141	2014-10-10 10:00:52.182338	2014-02-20 11:34:28.182513	2014-02-20 11:34:28.182513
400	4	1	4	51	100	395	USD	149	149	2014-10-10 10:00:52.182338	2014-02-20 11:34:28.187283	2014-02-20 11:34:28.187283
401	4	1	4	101	\N	398	AUD	0	0	2014-10-10 10:00:52.182338	2014-02-20 11:34:28.191646	2014-02-20 11:34:28.191646
402	4	1	4	101	\N	399	CAD	0	0	2014-10-10 10:00:52.182338	2014-02-20 11:34:28.196643	2014-02-20 11:34:28.196643
403	4	1	4	101	\N	396	EUR	0	0	2014-10-10 10:00:52.182338	2014-02-20 11:34:28.200739	2014-02-20 11:34:28.200739
404	4	1	4	101	\N	397	GBP	0	0	2014-10-10 10:00:52.182338	2014-02-20 11:34:28.370454	2014-02-20 11:34:28.370454
405	4	1	4	101	\N	400	USD	0	0	2014-10-10 10:00:52.182338	2014-02-20 11:34:28.375003	2014-02-20 11:34:28.375003
406	4	1	3	1	1	\N	GBP	1399	2293	2014-10-10 10:00:52.182338	2014-02-20 11:34:28.378562	2014-02-20 11:34:28.378562
407	4	1	3	1	1	\N	EUR	1599	1998	2014-10-10 10:00:52.182338	2014-02-20 11:34:28.381965	2014-02-20 11:34:28.381965
408	4	1	3	1	1	\N	USD	2099	2099	2014-10-10 10:00:52.182338	2014-02-20 11:34:28.385262	2014-02-20 11:34:28.385262
409	4	1	3	1	1	\N	AUD	2149	1885	2014-10-10 10:00:52.182338	2014-02-20 11:34:28.388977	2014-02-20 11:34:28.388977
410	4	1	3	1	1	\N	CAD	2149	2046	2014-10-10 10:00:52.182338	2014-02-20 11:34:28.394195	2014-02-20 11:34:28.394195
411	4	1	3	2	10	406	GBP	199	326	2014-10-10 10:00:52.182338	2014-02-20 11:34:28.400502	2014-02-20 11:34:28.400502
412	4	1	3	2	10	407	EUR	229	286	2014-10-10 10:00:52.182338	2014-02-20 11:34:28.404883	2014-02-20 11:34:28.404883
413	4	1	3	2	10	409	AUD	299	262	2014-10-10 10:00:52.182338	2014-02-20 11:34:28.409156	2014-02-20 11:34:28.409156
414	4	1	3	2	10	410	CAD	299	284	2014-10-10 10:00:52.182338	2014-02-20 11:34:28.413744	2014-02-20 11:34:28.413744
415	4	1	3	2	10	408	USD	299	299	2014-10-10 10:00:52.182338	2014-02-20 11:34:28.418148	2014-02-20 11:34:28.418148
416	4	1	3	11	50	411	GBP	129	211	2014-10-10 10:00:52.182338	2014-02-20 11:34:28.422527	2014-02-20 11:34:28.422527
417	4	1	3	11	50	412	EUR	149	186	2014-10-10 10:00:52.182338	2014-02-20 11:34:28.42765	2014-02-20 11:34:28.42765
418	4	1	3	11	50	413	AUD	199	174	2014-10-10 10:00:52.182338	2014-02-20 11:34:28.43172	2014-02-20 11:34:28.43172
419	4	1	3	11	50	414	CAD	199	189	2014-10-10 10:00:52.182338	2014-02-20 11:34:28.435568	2014-02-20 11:34:28.435568
420	4	1	3	11	50	415	USD	199	199	2014-10-10 10:00:52.182338	2014-02-20 11:34:28.439563	2014-02-20 11:34:28.439563
421	4	1	3	51	100	417	EUR	99	123	2014-10-10 10:00:52.182338	2014-02-20 11:34:28.443657	2014-02-20 11:34:28.443657
422	4	1	3	51	100	416	GBP	99	162	2014-10-10 10:00:52.182338	2014-02-20 11:34:28.448013	2014-02-20 11:34:28.448013
423	4	1	3	51	100	418	AUD	149	130	2014-10-10 10:00:52.182338	2014-02-20 11:34:28.45217	2014-02-20 11:34:28.45217
424	4	1	3	51	100	419	CAD	149	141	2014-10-10 10:00:52.182338	2014-02-20 11:34:28.456242	2014-02-20 11:34:28.456242
425	4	1	3	51	100	420	USD	149	149	2014-10-10 10:00:52.182338	2014-02-20 11:34:28.460457	2014-02-20 11:34:28.460457
426	4	1	3	101	\N	423	AUD	0	0	2014-10-10 10:00:52.182338	2014-02-20 11:34:28.464645	2014-02-20 11:34:28.464645
427	4	1	3	101	\N	424	CAD	0	0	2014-10-10 10:00:52.182338	2014-02-20 11:34:28.468623	2014-02-20 11:34:28.468623
428	4	1	3	101	\N	421	EUR	0	0	2014-10-10 10:00:52.182338	2014-02-20 11:34:28.473203	2014-02-20 11:34:28.473203
429	4	1	3	101	\N	422	GBP	0	0	2014-10-10 10:00:52.182338	2014-02-20 11:34:28.478179	2014-02-20 11:34:28.478179
430	4	1	3	101	\N	425	USD	0	0	2014-10-10 10:00:52.182338	2014-02-20 11:34:28.482593	2014-02-20 11:34:28.482593
431	4	1	7	1	1	\N	GBP	2299	3768	2014-10-10 10:00:52.182338	2014-02-20 11:34:28.485719	2014-02-20 11:34:28.485719
432	4	1	7	1	1	\N	EUR	2699	3373	2014-10-10 10:00:52.182338	2014-02-20 11:34:28.488825	2014-02-20 11:34:28.488825
433	4	1	7	1	1	\N	USD	3599	3599	2014-10-10 10:00:52.182338	2014-02-20 11:34:28.492379	2014-02-20 11:34:28.492379
434	4	1	7	1	1	\N	AUD	3699	3244	2014-10-10 10:00:52.182338	2014-02-20 11:34:28.495931	2014-02-20 11:34:28.495931
435	4	1	7	1	1	\N	CAD	3699	3522	2014-10-10 10:00:52.182338	2014-02-20 11:34:28.499146	2014-02-20 11:34:28.499146
436	4	1	7	2	10	431	GBP	259	424	2014-10-10 10:00:52.182338	2014-02-20 11:34:28.503345	2014-02-20 11:34:28.503345
437	4	1	7	2	10	432	EUR	299	373	2014-10-10 10:00:52.182338	2014-02-20 11:34:28.507619	2014-02-20 11:34:28.507619
438	4	1	7	2	10	434	AUD	399	350	2014-10-10 10:00:52.182338	2014-02-20 11:34:28.51186	2014-02-20 11:34:28.51186
439	4	1	7	2	10	435	CAD	399	380	2014-10-10 10:00:52.182338	2014-02-20 11:34:28.515883	2014-02-20 11:34:28.515883
440	4	1	7	2	10	433	USD	399	399	2014-10-10 10:00:52.182338	2014-02-20 11:34:28.520292	2014-02-20 11:34:28.520292
441	4	1	7	11	50	437	EUR	199	248	2014-10-10 10:00:52.182338	2014-02-20 11:34:28.524446	2014-02-20 11:34:28.524446
442	4	1	7	11	50	436	GBP	199	326	2014-10-10 10:00:52.182338	2014-02-20 11:34:28.528655	2014-02-20 11:34:28.528655
443	4	1	7	11	50	438	AUD	299	262	2014-10-10 10:00:52.182338	2014-02-20 11:34:28.532603	2014-02-20 11:34:28.532603
444	4	1	7	11	50	439	CAD	299	284	2014-10-10 10:00:52.182338	2014-02-20 11:34:28.700125	2014-02-20 11:34:28.700125
445	4	1	7	11	50	440	USD	299	299	2014-10-10 10:00:52.182338	2014-02-20 11:34:28.705529	2014-02-20 11:34:28.705529
446	4	1	7	51	100	441	EUR	199	248	2014-10-10 10:00:52.182338	2014-02-20 11:34:28.710028	2014-02-20 11:34:28.710028
447	4	1	7	51	100	442	GBP	199	326	2014-10-10 10:00:52.182338	2014-02-20 11:34:28.714956	2014-02-20 11:34:28.714956
448	4	1	7	51	100	445	USD	249	249	2014-10-10 10:00:52.182338	2014-02-20 11:34:28.720452	2014-02-20 11:34:28.720452
449	4	1	7	51	100	443	AUD	259	227	2014-10-10 10:00:52.182338	2014-02-20 11:34:28.72478	2014-02-20 11:34:28.72478
450	4	1	7	51	100	444	CAD	259	246	2014-10-10 10:00:52.182338	2014-02-20 11:34:28.730023	2014-02-20 11:34:28.730023
451	4	1	7	101	\N	449	AUD	0	0	2014-10-10 10:00:52.182338	2014-02-20 11:34:28.734261	2014-02-20 11:34:28.734261
452	4	1	7	101	\N	450	CAD	0	0	2014-10-10 10:00:52.182338	2014-02-20 11:34:28.738427	2014-02-20 11:34:28.738427
453	4	1	7	101	\N	446	EUR	0	0	2014-10-10 10:00:52.182338	2014-02-20 11:34:28.742639	2014-02-20 11:34:28.742639
454	4	1	7	101	\N	447	GBP	0	0	2014-10-10 10:00:52.182338	2014-02-20 11:34:28.746983	2014-02-20 11:34:28.746983
455	4	1	7	101	\N	448	USD	0	0	2014-10-10 10:00:52.182338	2014-02-20 11:34:28.751096	2014-02-20 11:34:28.751096
456	4	1	2	1	1	\N	GBP	1399	2293	2014-10-10 10:00:52.182338	2014-02-20 11:34:28.754284	2014-02-20 11:34:28.754284
457	4	1	2	1	1	\N	EUR	1599	1998	2014-10-10 10:00:52.182338	2014-02-20 11:34:28.757436	2014-02-20 11:34:28.757436
458	4	1	2	1	1	\N	USD	2099	2099	2014-10-10 10:00:52.182338	2014-02-20 11:34:28.760789	2014-02-20 11:34:28.760789
459	4	1	2	1	1	\N	AUD	2199	1928	2014-10-10 10:00:52.182338	2014-02-20 11:34:28.763786	2014-02-20 11:34:28.763786
460	4	1	2	1	1	\N	CAD	2199	2094	2014-10-10 10:00:52.182338	2014-02-20 11:34:28.766897	2014-02-20 11:34:28.766897
461	4	1	2	2	10	457	EUR	199	248	2014-10-10 10:00:52.182338	2014-02-20 11:34:28.771277	2014-02-20 11:34:28.771277
462	4	1	2	2	10	456	GBP	199	326	2014-10-10 10:00:52.182338	2014-02-20 11:34:28.775426	2014-02-20 11:34:28.775426
463	4	1	2	2	10	459	AUD	299	262	2014-10-10 10:00:52.182338	2014-02-20 11:34:28.779649	2014-02-20 11:34:28.779649
464	4	1	2	2	10	460	CAD	299	284	2014-10-10 10:00:52.182338	2014-02-20 11:34:28.783643	2014-02-20 11:34:28.783643
465	4	1	2	2	10	458	USD	299	299	2014-10-10 10:00:52.182338	2014-02-20 11:34:28.787604	2014-02-20 11:34:28.787604
466	4	1	2	11	50	462	GBP	129	211	2014-10-10 10:00:52.182338	2014-02-20 11:34:28.791621	2014-02-20 11:34:28.791621
467	4	1	2	11	50	461	EUR	149	186	2014-10-10 10:00:52.182338	2014-02-20 11:34:28.796366	2014-02-20 11:34:28.796366
468	4	1	2	11	50	463	AUD	199	174	2014-10-10 10:00:52.182338	2014-02-20 11:34:28.800871	2014-02-20 11:34:28.800871
469	4	1	2	11	50	464	CAD	199	189	2014-10-10 10:00:52.182338	2014-02-20 11:34:28.804981	2014-02-20 11:34:28.804981
470	4	1	2	11	50	465	USD	199	199	2014-10-10 10:00:52.182338	2014-02-20 11:34:28.809155	2014-02-20 11:34:28.809155
471	4	1	2	51	100	467	EUR	99	123	2014-10-10 10:00:52.182338	2014-02-20 11:34:28.813238	2014-02-20 11:34:28.813238
472	4	1	2	51	100	466	GBP	99	162	2014-10-10 10:00:52.182338	2014-02-20 11:34:28.817224	2014-02-20 11:34:28.817224
473	4	1	2	51	100	468	AUD	149	130	2014-10-10 10:00:52.182338	2014-02-20 11:34:28.821362	2014-02-20 11:34:28.821362
474	4	1	2	51	100	469	CAD	149	141	2014-10-10 10:00:52.182338	2014-02-20 11:34:28.825575	2014-02-20 11:34:28.825575
475	4	1	2	51	100	470	USD	149	149	2014-10-10 10:00:52.182338	2014-02-20 11:34:28.829726	2014-02-20 11:34:28.829726
476	4	1	2	101	\N	473	AUD	0	0	2014-10-10 10:00:52.182338	2014-02-20 11:34:28.833842	2014-02-20 11:34:28.833842
477	4	1	2	101	\N	474	CAD	0	0	2014-10-10 10:00:52.182338	2014-02-20 11:34:28.837857	2014-02-20 11:34:28.837857
478	4	1	2	101	\N	471	EUR	0	0	2014-10-10 10:00:52.182338	2014-02-20 11:34:28.841896	2014-02-20 11:34:28.841896
479	4	1	2	101	\N	472	GBP	0	0	2014-10-10 10:00:52.182338	2014-02-20 11:34:28.845987	2014-02-20 11:34:28.845987
480	4	1	2	101	\N	475	USD	0	0	2014-10-10 10:00:52.182338	2014-02-20 11:34:28.850304	2014-02-20 11:34:28.850304
481	4	1	1	1	1	\N	GBP	1399	2293	2014-10-10 10:00:52.182338	2014-02-20 11:34:28.853619	2014-02-20 11:34:28.853619
482	4	1	1	1	1	\N	EUR	1699	2123	2014-10-10 10:00:52.182338	2014-02-20 11:34:28.856892	2014-02-20 11:34:28.856892
483	4	1	1	1	1	\N	USD	2199	2199	2014-10-10 10:00:52.182338	2014-02-20 11:34:28.860083	2014-02-20 11:34:28.860083
484	4	1	1	1	1	\N	AUD	2249	1972	2014-10-10 10:00:52.182338	2014-02-20 11:34:28.863392	2014-02-20 11:34:28.863392
485	4	1	1	1	1	\N	CAD	2249	2141	2014-10-10 10:00:52.182338	2014-02-20 11:34:29.05343	2014-02-20 11:34:29.05343
486	4	1	1	2	10	481	GBP	259	424	2014-10-10 10:00:52.182338	2014-02-20 11:34:29.058556	2014-02-20 11:34:29.058556
487	4	1	1	2	10	482	EUR	299	373	2014-10-10 10:00:52.182338	2014-02-20 11:34:29.063294	2014-02-20 11:34:29.063294
488	4	1	1	2	10	484	AUD	399	350	2014-10-10 10:00:52.182338	2014-02-20 11:34:29.067908	2014-02-20 11:34:29.067908
489	4	1	1	2	10	485	CAD	399	380	2014-10-10 10:00:52.182338	2014-02-20 11:34:29.073674	2014-02-20 11:34:29.073674
490	4	1	1	2	10	483	USD	399	399	2014-10-10 10:00:52.182338	2014-02-20 11:34:29.078903	2014-02-20 11:34:29.078903
491	4	1	1	11	50	486	GBP	199	326	2014-10-10 10:00:52.182338	2014-02-20 11:34:29.083393	2014-02-20 11:34:29.083393
492	4	1	1	11	50	487	EUR	229	286	2014-10-10 10:00:52.182338	2014-02-20 11:34:29.087942	2014-02-20 11:34:29.087942
493	4	1	1	11	50	488	AUD	299	262	2014-10-10 10:00:52.182338	2014-02-20 11:34:29.093492	2014-02-20 11:34:29.093492
494	4	1	1	11	50	489	CAD	299	284	2014-10-10 10:00:52.182338	2014-02-20 11:34:29.099097	2014-02-20 11:34:29.099097
495	4	1	1	11	50	490	USD	299	299	2014-10-10 10:00:52.182338	2014-02-20 11:34:29.104607	2014-02-20 11:34:29.104607
496	4	1	1	51	100	491	GBP	159	260	2014-10-10 10:00:52.182338	2014-02-20 11:34:29.11044	2014-02-20 11:34:29.11044
497	4	1	1	51	100	492	EUR	199	248	2014-10-10 10:00:52.182338	2014-02-20 11:34:29.116227	2014-02-20 11:34:29.116227
498	4	1	1	51	100	495	USD	249	249	2014-10-10 10:00:52.182338	2014-02-20 11:34:29.120859	2014-02-20 11:34:29.120859
499	4	1	1	51	100	493	AUD	259	227	2014-10-10 10:00:52.182338	2014-02-20 11:34:29.125209	2014-02-20 11:34:29.125209
500	4	1	1	51	100	494	CAD	259	246	2014-10-10 10:00:52.182338	2014-02-20 11:34:29.129614	2014-02-20 11:34:29.129614
501	4	1	1	101	\N	499	AUD	0	0	2014-10-10 10:00:52.182338	2014-02-20 11:34:29.135134	2014-02-20 11:34:29.135134
502	4	1	1	101	\N	500	CAD	0	0	2014-10-10 10:00:52.182338	2014-02-20 11:34:29.142333	2014-02-20 11:34:29.142333
503	4	1	1	101	\N	497	EUR	0	0	2014-10-10 10:00:52.182338	2014-02-20 11:34:29.147827	2014-02-20 11:34:29.147827
504	4	1	1	101	\N	496	GBP	0	0	2014-10-10 10:00:52.182338	2014-02-20 11:34:29.152881	2014-02-20 11:34:29.152881
505	4	1	1	101	\N	498	USD	0	0	2014-10-10 10:00:52.182338	2014-02-20 11:34:29.157512	2014-02-20 11:34:29.157512
506	2	1	6	1	1	\N	JPY	25000	296	2014-10-10 10:00:52.182338	2014-02-20 11:34:29.160668	2014-02-20 11:34:29.160668
507	2	1	6	1	1	\N	KRW	314900	293	2014-10-10 10:00:52.182338	2014-02-20 11:34:29.163868	2014-02-20 11:34:29.163868
508	2	1	6	2	\N	506	JPY	12500	148	2014-10-10 10:00:52.182338	2014-02-20 11:34:29.169523	2014-02-20 11:34:29.169523
509	2	1	6	2	\N	507	KRW	157400	146	2014-10-10 10:00:52.182338	2014-02-20 11:34:29.175714	2014-02-20 11:34:29.175714
510	2	1	5	1	1	\N	JPY	25000	296	2014-10-10 10:00:52.182338	2014-02-20 11:34:29.179355	2014-02-20 11:34:29.179355
511	2	1	5	1	1	\N	KRW	314900	293	2014-10-10 10:00:52.182338	2014-02-20 11:34:29.182517	2014-02-20 11:34:29.182517
512	2	1	5	2	\N	510	JPY	12500	148	2014-10-10 10:00:52.182338	2014-02-20 11:34:29.186502	2014-02-20 11:34:29.186502
513	2	1	5	2	\N	511	KRW	157400	146	2014-10-10 10:00:52.182338	2014-02-20 11:34:29.190688	2014-02-20 11:34:29.190688
514	2	1	4	1	1	\N	JPY	25000	296	2014-10-10 10:00:52.182338	2014-02-20 11:34:29.195151	2014-02-20 11:34:29.195151
515	2	1	4	1	1	\N	KRW	314900	293	2014-10-10 10:00:52.182338	2014-02-20 11:34:29.200401	2014-02-20 11:34:29.200401
516	2	1	4	2	\N	514	JPY	12500	148	2014-10-10 10:00:52.182338	2014-02-20 11:34:29.20513	2014-02-20 11:34:29.20513
517	2	1	4	2	\N	515	KRW	157400	146	2014-10-10 10:00:52.182338	2014-02-20 11:34:29.209322	2014-02-20 11:34:29.209322
518	2	1	3	1	1	\N	JPY	25000	296	2014-10-10 10:00:52.182338	2014-02-20 11:34:29.212829	2014-02-20 11:34:29.212829
519	2	1	3	1	1	\N	KRW	314900	293	2014-10-10 10:00:52.182338	2014-02-20 11:34:29.217428	2014-02-20 11:34:29.217428
520	2	1	3	2	\N	518	JPY	12500	148	2014-10-10 10:00:52.182338	2014-02-20 11:34:29.222815	2014-02-20 11:34:29.222815
521	2	1	3	2	\N	519	KRW	157400	146	2014-10-10 10:00:52.182338	2014-02-20 11:34:29.228092	2014-02-20 11:34:29.228092
522	2	1	7	1	1	\N	JPY	25000	296	2014-10-10 10:00:52.182338	2014-02-20 11:34:29.23329	2014-02-20 11:34:29.23329
523	2	1	7	1	1	\N	KRW	314900	293	2014-10-10 10:00:52.182338	2014-02-20 11:34:29.238212	2014-02-20 11:34:29.238212
524	2	1	7	2	\N	522	JPY	12500	148	2014-10-10 10:00:52.182338	2014-02-20 11:34:29.243123	2014-02-20 11:34:29.243123
525	2	1	7	2	\N	523	KRW	157400	146	2014-10-10 10:00:52.182338	2014-02-20 11:34:29.432839	2014-02-20 11:34:29.432839
526	2	1	2	1	1	\N	JPY	25000	296	2014-10-10 10:00:52.182338	2014-02-20 11:34:29.437286	2014-02-20 11:34:29.437286
527	2	1	2	1	1	\N	KRW	314900	293	2014-10-10 10:00:52.182338	2014-02-20 11:34:29.441471	2014-02-20 11:34:29.441471
528	2	1	2	2	\N	526	JPY	12500	148	2014-10-10 10:00:52.182338	2014-02-20 11:34:29.449285	2014-02-20 11:34:29.449285
529	2	1	2	2	\N	527	KRW	157400	146	2014-10-10 10:00:52.182338	2014-02-20 11:34:29.456908	2014-02-20 11:34:29.456908
530	2	1	1	1	1	\N	JPY	25000	296	2014-10-10 10:00:52.182338	2014-02-20 11:34:29.463538	2014-02-20 11:34:29.463538
531	2	1	1	1	1	\N	KRW	314900	293	2014-10-10 10:00:52.182338	2014-02-20 11:34:29.470018	2014-02-20 11:34:29.470018
532	2	1	1	2	\N	530	JPY	12500	148	2014-10-10 10:00:52.182338	2014-02-20 11:34:29.478341	2014-02-20 11:34:29.478341
533	2	1	1	2	\N	531	KRW	157400	146	2014-10-10 10:00:52.182338	2014-02-20 11:34:29.484077	2014-02-20 11:34:29.484077
534	3	1	6	1	1	\N	GBP	799	1337	\N	2014-10-10 10:00:52.203332	2014-10-10 10:00:52.203332
535	3	1	6	1	1	\N	EUR	899	1223	\N	2014-10-10 10:00:52.375064	2014-10-10 10:00:52.375064
536	3	1	6	1	1	\N	AUD	1399	1302	\N	2014-10-10 10:00:52.378141	2014-10-10 10:00:52.378141
537	3	1	6	1	1	\N	CAD	1399	1290	\N	2014-10-10 10:00:52.380499	2014-10-10 10:00:52.380499
538	3	1	6	1	1	\N	USD	1199	1199	\N	2014-10-10 10:00:52.383037	2014-10-10 10:00:52.383037
539	3	1	6	2	2	\N	GBP	789	1320	\N	2014-10-10 10:00:52.385962	2014-10-10 10:00:52.385962
540	3	1	6	2	2	\N	EUR	949	1292	\N	2014-10-10 10:00:52.388571	2014-10-10 10:00:52.388571
541	3	1	6	2	2	\N	AUD	1439	1339	\N	2014-10-10 10:00:52.391157	2014-10-10 10:00:52.391157
542	3	1	6	2	2	\N	CAD	1439	1327	\N	2014-10-10 10:00:52.393769	2014-10-10 10:00:52.393769
543	3	1	6	2	2	\N	USD	1299	1299	\N	2014-10-10 10:00:52.396291	2014-10-10 10:00:52.396291
544	3	1	6	3	3	\N	GBP	859	1438	\N	2014-10-10 10:00:52.398768	2014-10-10 10:00:52.398768
545	3	1	6	3	3	\N	EUR	1039	1414	\N	2014-10-10 10:00:52.401321	2014-10-10 10:00:52.401321
546	3	1	6	3	3	\N	AUD	1569	1460	\N	2014-10-10 10:00:52.40401	2014-10-10 10:00:52.40401
547	3	1	6	3	3	\N	CAD	1569	1447	\N	2014-10-10 10:00:52.406811	2014-10-10 10:00:52.406811
548	3	1	6	3	3	\N	USD	1417	1417	\N	2014-10-10 10:00:52.409557	2014-10-10 10:00:52.409557
549	3	1	6	4	300	546	AUD	99	92	\N	2014-10-10 10:00:52.413045	2014-10-10 10:00:52.413045
550	3	1	6	4	300	547	CAD	99	91	\N	2014-10-10 10:00:52.416325	2014-10-10 10:00:52.416325
551	3	1	6	4	300	545	EUR	69	93	\N	2014-10-10 10:00:52.419577	2014-10-10 10:00:52.419577
552	3	1	6	4	300	544	GBP	59	98	\N	2014-10-10 10:00:52.42263	2014-10-10 10:00:52.42263
553	3	1	6	4	300	548	USD	89	89	\N	2014-10-10 10:00:52.426826	2014-10-10 10:00:52.426826
554	3	1	5	1	1	\N	GBP	599	1002	\N	2014-10-10 10:00:52.430096	2014-10-10 10:00:52.430096
555	3	1	5	1	1	\N	EUR	699	951	\N	2014-10-10 10:00:52.433515	2014-10-10 10:00:52.433515
556	3	1	5	1	1	\N	AUD	999	929	\N	2014-10-10 10:00:52.436426	2014-10-10 10:00:52.436426
557	3	1	5	1	1	\N	CAD	999	921	\N	2014-10-10 10:00:52.439772	2014-10-10 10:00:52.439772
558	3	1	5	1	1	\N	USD	899	899	\N	2014-10-10 10:00:52.442766	2014-10-10 10:00:52.442766
559	3	1	5	2	2	\N	GBP	609	1019	\N	2014-10-10 10:00:52.445567	2014-10-10 10:00:52.445567
560	3	1	5	2	2	\N	EUR	729	992	\N	2014-10-10 10:00:52.448432	2014-10-10 10:00:52.448432
561	3	1	5	2	2	\N	CAD	1109	1022	\N	2014-10-10 10:00:52.451518	2014-10-10 10:00:52.451518
562	3	1	5	2	2	\N	AUD	1109	1032	\N	2014-10-10 10:00:52.454445	2014-10-10 10:00:52.454445
563	3	1	5	2	2	\N	USD	999	999	\N	2014-10-10 10:00:52.457138	2014-10-10 10:00:52.457138
564	3	1	5	3	3	\N	GBP	669	1120	\N	2014-10-10 10:00:52.459919	2014-10-10 10:00:52.459919
565	3	1	5	3	3	\N	EUR	809	1101	\N	2014-10-10 10:00:52.462607	2014-10-10 10:00:52.462607
566	3	1	5	3	3	\N	CAD	1219	1124	\N	2014-10-10 10:00:52.465199	2014-10-10 10:00:52.465199
567	3	1	5	3	3	\N	AUD	1219	1134	\N	2014-10-10 10:00:52.46793	2014-10-10 10:00:52.46793
568	3	1	5	3	3	\N	USD	1099	1099	\N	2014-10-10 10:00:52.471051	2014-10-10 10:00:52.471051
569	3	1	5	4	100	564	GBP	119	199	\N	2014-10-10 10:00:52.474838	2014-10-10 10:00:52.474838
570	3	1	5	4	100	565	EUR	149	202	\N	2014-10-10 10:00:52.47858	2014-10-10 10:00:52.47858
571	3	1	5	4	100	567	AUD	219	203	\N	2014-10-10 10:00:52.481919	2014-10-10 10:00:52.481919
572	3	1	5	4	100	566	CAD	219	202	\N	2014-10-10 10:00:52.485281	2014-10-10 10:00:52.485281
573	3	1	5	4	100	568	USD	199	199	\N	2014-10-10 10:00:52.488487	2014-10-10 10:00:52.488487
574	3	1	5	101	300	571	AUD	219	203	\N	2014-10-10 10:00:52.684421	2014-10-10 10:00:52.684421
575	3	1	5	101	300	572	CAD	219	202	\N	2014-10-10 10:00:52.689128	2014-10-10 10:00:52.689128
576	3	1	5	101	300	570	EUR	149	202	\N	2014-10-10 10:00:52.692749	2014-10-10 10:00:52.692749
577	3	1	5	101	300	569	GBP	119	199	\N	2014-10-10 10:00:52.696295	2014-10-10 10:00:52.696295
578	3	1	5	101	300	573	USD	199	199	\N	2014-10-10 10:00:52.699428	2014-10-10 10:00:52.699428
579	3	1	4	1	1	\N	GBP	999	1672	\N	2014-10-10 10:00:52.70186	2014-10-10 10:00:52.70186
580	3	1	4	1	1	\N	EUR	1199	1632	\N	2014-10-10 10:00:52.704519	2014-10-10 10:00:52.704519
581	3	1	4	1	1	\N	AUD	1899	1767	\N	2014-10-10 10:00:52.707184	2014-10-10 10:00:52.707184
582	3	1	4	1	1	\N	CAD	1899	1751	\N	2014-10-10 10:00:52.709907	2014-10-10 10:00:52.709907
583	3	1	4	1	1	\N	USD	1649	1649	\N	2014-10-10 10:00:52.712885	2014-10-10 10:00:52.712885
584	3	1	4	2	10	579	GBP	129	215	\N	2014-10-10 10:00:52.716489	2014-10-10 10:00:52.716489
585	3	1	4	2	10	580	EUR	149	202	\N	2014-10-10 10:00:52.720997	2014-10-10 10:00:52.720997
586	3	1	4	2	10	581	AUD	229	213	\N	2014-10-10 10:00:52.724332	2014-10-10 10:00:52.724332
587	3	1	4	2	10	582	CAD	229	211	\N	2014-10-10 10:00:52.727748	2014-10-10 10:00:52.727748
588	3	1	4	2	10	583	USD	200	200	\N	2014-10-10 10:00:52.730866	2014-10-10 10:00:52.730866
589	3	1	4	11	50	584	GBP	129	215	\N	2014-10-10 10:00:52.733907	2014-10-10 10:00:52.733907
590	3	1	4	11	50	585	EUR	149	202	\N	2014-10-10 10:00:52.737287	2014-10-10 10:00:52.737287
591	3	1	4	11	50	586	AUD	229	213	\N	2014-10-10 10:00:52.741039	2014-10-10 10:00:52.741039
592	3	1	4	11	50	587	CAD	229	211	\N	2014-10-10 10:00:52.746454	2014-10-10 10:00:52.746454
593	3	1	4	11	50	588	USD	200	200	\N	2014-10-10 10:00:52.749965	2014-10-10 10:00:52.749965
594	3	1	4	51	100	589	GBP	129	215	\N	2014-10-10 10:00:52.753368	2014-10-10 10:00:52.753368
595	3	1	4	51	100	590	EUR	149	202	\N	2014-10-10 10:00:52.75657	2014-10-10 10:00:52.75657
596	3	1	4	51	100	591	AUD	229	213	\N	2014-10-10 10:00:52.760226	2014-10-10 10:00:52.760226
597	3	1	4	51	100	592	CAD	229	211	\N	2014-10-10 10:00:52.763353	2014-10-10 10:00:52.763353
598	3	1	4	51	100	593	USD	200	200	\N	2014-10-10 10:00:52.766822	2014-10-10 10:00:52.766822
599	3	1	4	101	300	596	AUD	229	213	\N	2014-10-10 10:00:52.769946	2014-10-10 10:00:52.769946
600	3	1	4	101	300	597	CAD	229	211	\N	2014-10-10 10:00:52.77414	2014-10-10 10:00:52.77414
601	3	1	4	101	300	595	EUR	149	202	\N	2014-10-10 10:00:52.778008	2014-10-10 10:00:52.778008
602	3	1	4	101	300	594	GBP	129	215	\N	2014-10-10 10:00:52.781466	2014-10-10 10:00:52.781466
603	3	1	4	101	300	598	USD	200	200	\N	2014-10-10 10:00:52.78535	2014-10-10 10:00:52.78535
604	3	1	3	1	1	\N	GBP	599	1002	\N	2014-10-10 10:00:52.788559	2014-10-10 10:00:52.788559
605	3	1	3	1	1	\N	EUR	699	951	\N	2014-10-10 10:00:52.791696	2014-10-10 10:00:52.791696
606	3	1	3	1	1	\N	AUD	1099	1022	\N	2014-10-10 10:00:52.794783	2014-10-10 10:00:52.794783
607	3	1	3	1	1	\N	CAD	1099	1013	\N	2014-10-10 10:00:52.798276	2014-10-10 10:00:52.798276
608	3	1	3	1	1	\N	USD	949	949	\N	2014-10-10 10:00:52.801013	2014-10-10 10:00:52.801013
609	3	1	3	2	10	604	GBP	149	249	\N	2014-10-10 10:00:52.804373	2014-10-10 10:00:52.804373
610	3	1	3	2	10	605	EUR	179	243	\N	2014-10-10 10:00:52.807909	2014-10-10 10:00:52.807909
611	3	1	3	2	10	606	AUD	259	241	\N	2014-10-10 10:00:53.001844	2014-10-10 10:00:53.001844
612	3	1	3	2	10	607	CAD	259	238	\N	2014-10-10 10:00:53.006423	2014-10-10 10:00:53.006423
613	3	1	3	2	10	608	USD	235	235	\N	2014-10-10 10:00:53.011202	2014-10-10 10:00:53.011202
614	3	1	3	11	50	609	GBP	149	249	\N	2014-10-10 10:00:53.014924	2014-10-10 10:00:53.014924
615	3	1	3	11	50	610	EUR	179	243	\N	2014-10-10 10:00:53.018499	2014-10-10 10:00:53.018499
616	3	1	3	11	50	611	AUD	259	241	\N	2014-10-10 10:00:53.022163	2014-10-10 10:00:53.022163
617	3	1	3	11	50	612	CAD	259	238	\N	2014-10-10 10:00:53.025658	2014-10-10 10:00:53.025658
618	3	1	3	11	50	613	USD	235	235	\N	2014-10-10 10:00:53.028917	2014-10-10 10:00:53.028917
619	3	1	3	51	100	614	GBP	149	249	\N	2014-10-10 10:00:53.032398	2014-10-10 10:00:53.032398
620	3	1	3	51	100	615	EUR	179	243	\N	2014-10-10 10:00:53.035956	2014-10-10 10:00:53.035956
621	3	1	3	51	100	616	AUD	259	241	\N	2014-10-10 10:00:53.039156	2014-10-10 10:00:53.039156
622	3	1	3	51	100	617	CAD	259	238	\N	2014-10-10 10:00:53.042563	2014-10-10 10:00:53.042563
623	3	1	3	51	100	618	USD	235	235	\N	2014-10-10 10:00:53.045985	2014-10-10 10:00:53.045985
624	3	1	3	101	300	621	AUD	259	241	\N	2014-10-10 10:00:53.049952	2014-10-10 10:00:53.049952
625	3	1	3	101	300	622	CAD	259	238	\N	2014-10-10 10:00:53.053076	2014-10-10 10:00:53.053076
626	3	1	3	101	300	620	EUR	179	243	\N	2014-10-10 10:00:53.056214	2014-10-10 10:00:53.056214
627	3	1	3	101	300	619	GBP	149	249	\N	2014-10-10 10:00:53.059353	2014-10-10 10:00:53.059353
628	3	1	3	101	300	623	USD	235	235	\N	2014-10-10 10:00:53.062847	2014-10-10 10:00:53.062847
629	3	1	7	1	1	\N	GBP	2499	4183	\N	2014-10-10 10:00:53.06593	2014-10-10 10:00:53.06593
630	3	1	7	1	1	\N	EUR	2999	4083	\N	2014-10-10 10:00:53.068851	2014-10-10 10:00:53.068851
631	3	1	7	1	1	\N	USD	4099	4099	\N	2014-10-10 10:00:53.071612	2014-10-10 10:00:53.071612
632	3	1	7	1	1	\N	AUD	4599	4280	\N	2014-10-10 10:00:53.074246	2014-10-10 10:00:53.074246
633	3	1	7	1	1	\N	CAD	4599	4242	\N	2014-10-10 10:00:53.076663	2014-10-10 10:00:53.076663
634	3	1	7	2	10	630	EUR	219	298	\N	2014-10-10 10:00:53.079766	2014-10-10 10:00:53.079766
635	3	1	7	2	10	629	GBP	189	316	\N	2014-10-10 10:00:53.084584	2014-10-10 10:00:53.084584
636	3	1	7	2	10	632	AUD	339	315	\N	2014-10-10 10:00:53.088033	2014-10-10 10:00:53.088033
637	3	1	7	2	10	633	CAD	329	303	\N	2014-10-10 10:00:53.091322	2014-10-10 10:00:53.091322
638	3	1	7	2	10	631	USD	299	299	\N	2014-10-10 10:00:53.094461	2014-10-10 10:00:53.094461
639	3	1	7	11	50	635	GBP	189	316	\N	2014-10-10 10:00:53.097671	2014-10-10 10:00:53.097671
640	3	1	7	11	50	634	EUR	219	298	\N	2014-10-10 10:00:53.10069	2014-10-10 10:00:53.10069
641	3	1	7	11	50	636	AUD	339	315	\N	2014-10-10 10:00:53.104001	2014-10-10 10:00:53.104001
642	3	1	7	11	50	637	CAD	329	303	\N	2014-10-10 10:00:53.107159	2014-10-10 10:00:53.107159
643	3	1	7	11	50	638	USD	299	299	\N	2014-10-10 10:00:53.110491	2014-10-10 10:00:53.110491
644	3	1	7	51	100	640	EUR	219	298	\N	2014-10-10 10:00:53.113981	2014-10-10 10:00:53.113981
645	3	1	7	51	100	639	GBP	189	316	\N	2014-10-10 10:00:53.117206	2014-10-10 10:00:53.117206
646	3	1	7	51	100	641	AUD	339	315	\N	2014-10-10 10:00:53.120411	2014-10-10 10:00:53.120411
647	3	1	7	51	100	642	CAD	329	303	\N	2014-10-10 10:00:53.309094	2014-10-10 10:00:53.309094
648	3	1	7	51	100	643	USD	299	299	\N	2014-10-10 10:00:53.313393	2014-10-10 10:00:53.313393
649	3	1	7	101	300	646	AUD	339	315	\N	2014-10-10 10:00:53.317732	2014-10-10 10:00:53.317732
650	3	1	7	101	300	647	CAD	329	303	\N	2014-10-10 10:00:53.322964	2014-10-10 10:00:53.322964
651	3	1	7	101	300	644	EUR	219	298	\N	2014-10-10 10:00:53.327468	2014-10-10 10:00:53.327468
652	3	1	7	101	300	645	GBP	189	316	\N	2014-10-10 10:00:53.331763	2014-10-10 10:00:53.331763
653	3	1	7	101	300	648	USD	299	299	\N	2014-10-10 10:00:53.335538	2014-10-10 10:00:53.335538
654	3	1	2	1	1	\N	GBP	599	1002	\N	2014-10-10 10:00:53.338227	2014-10-10 10:00:53.338227
655	3	1	2	1	1	\N	EUR	799	1087	\N	2014-10-10 10:00:53.341128	2014-10-10 10:00:53.341128
656	3	1	2	1	1	\N	AUD	1099	1022	\N	2014-10-10 10:00:53.343845	2014-10-10 10:00:53.343845
657	3	1	2	1	1	\N	CAD	1099	1013	\N	2014-10-10 10:00:53.346465	2014-10-10 10:00:53.346465
658	3	1	2	1	1	\N	USD	999	999	\N	2014-10-10 10:00:53.349375	2014-10-10 10:00:53.349375
659	3	1	2	2	10	654	GBP	119	199	\N	2014-10-10 10:00:53.352633	2014-10-10 10:00:53.352633
660	3	1	2	2	10	655	EUR	149	202	\N	2014-10-10 10:00:53.355956	2014-10-10 10:00:53.355956
661	3	1	2	2	10	656	AUD	219	203	\N	2014-10-10 10:00:53.359492	2014-10-10 10:00:53.359492
662	3	1	2	2	10	657	CAD	219	202	\N	2014-10-10 10:00:53.363014	2014-10-10 10:00:53.363014
663	3	1	2	2	10	658	USD	199	199	\N	2014-10-10 10:00:53.366632	2014-10-10 10:00:53.366632
664	3	1	2	11	50	659	GBP	59	98	\N	2014-10-10 10:00:53.369906	2014-10-10 10:00:53.369906
665	3	1	2	11	50	660	EUR	79	107	\N	2014-10-10 10:00:53.373503	2014-10-10 10:00:53.373503
666	3	1	2	11	50	661	AUD	109	101	\N	2014-10-10 10:00:53.377105	2014-10-10 10:00:53.377105
667	3	1	2	11	50	662	CAD	109	100	\N	2014-10-10 10:00:53.380709	2014-10-10 10:00:53.380709
668	3	1	2	11	50	663	USD	99	99	\N	2014-10-10 10:00:53.38497	2014-10-10 10:00:53.38497
669	3	1	2	51	100	664	GBP	29	48	\N	2014-10-10 10:00:53.388905	2014-10-10 10:00:53.388905
670	3	1	2	51	100	665	EUR	39	53	\N	2014-10-10 10:00:53.392648	2014-10-10 10:00:53.392648
671	3	1	2	51	100	666	AUD	59	54	\N	2014-10-10 10:00:53.396016	2014-10-10 10:00:53.396016
672	3	1	2	51	100	667	CAD	59	54	\N	2014-10-10 10:00:53.399447	2014-10-10 10:00:53.399447
673	3	1	2	51	100	668	USD	49	49	\N	2014-10-10 10:00:53.402686	2014-10-10 10:00:53.402686
674	3	1	2	101	300	671	AUD	59	54	\N	2014-10-10 10:00:53.40596	2014-10-10 10:00:53.40596
675	3	1	2	101	300	672	CAD	59	54	\N	2014-10-10 10:00:53.409692	2014-10-10 10:00:53.409692
676	3	1	2	101	300	670	EUR	39	53	\N	2014-10-10 10:00:53.413507	2014-10-10 10:00:53.413507
677	3	1	2	101	300	669	GBP	29	48	\N	2014-10-10 10:00:53.417207	2014-10-10 10:00:53.417207
678	3	1	2	101	300	673	USD	49	49	\N	2014-10-10 10:00:53.420955	2014-10-10 10:00:53.420955
679	3	1	1	1	1	\N	GBP	999	1672	\N	2014-10-10 10:00:53.424473	2014-10-10 10:00:53.424473
680	3	1	1	1	1	\N	EUR	1199	1632	\N	2014-10-10 10:00:53.427715	2014-10-10 10:00:53.427715
681	3	1	1	1	1	\N	AUD	1599	1488	\N	2014-10-10 10:00:53.430553	2014-10-10 10:00:53.430553
682	3	1	1	1	1	\N	CAD	1599	1474	\N	2014-10-10 10:00:53.434057	2014-10-10 10:00:53.434057
683	3	1	1	1	1	\N	USD	1599	1599	\N	2014-10-10 10:00:53.437677	2014-10-10 10:00:53.437677
684	3	1	1	2	10	679	GBP	199	333	\N	2014-10-10 10:00:53.643271	2014-10-10 10:00:53.643271
685	3	1	1	2	10	680	EUR	229	311	\N	2014-10-10 10:00:53.650438	2014-10-10 10:00:53.650438
686	3	1	1	2	10	681	AUD	299	278	\N	2014-10-10 10:00:53.657037	2014-10-10 10:00:53.657037
687	3	1	1	2	10	682	CAD	299	275	\N	2014-10-10 10:00:53.663442	2014-10-10 10:00:53.663442
688	3	1	1	2	10	683	USD	299	299	\N	2014-10-10 10:00:53.669506	2014-10-10 10:00:53.669506
689	3	1	1	11	50	684	GBP	129	215	\N	2014-10-10 10:00:53.675821	2014-10-10 10:00:53.675821
690	3	1	1	11	50	685	EUR	149	202	\N	2014-10-10 10:00:53.680914	2014-10-10 10:00:53.680914
691	3	1	1	11	50	686	AUD	199	185	\N	2014-10-10 10:00:53.686031	2014-10-10 10:00:53.686031
692	3	1	1	11	50	687	CAD	199	183	\N	2014-10-10 10:00:53.691211	2014-10-10 10:00:53.691211
693	3	1	1	11	50	688	USD	199	199	\N	2014-10-10 10:00:53.694695	2014-10-10 10:00:53.694695
694	3	1	1	51	100	690	EUR	99	134	\N	2014-10-10 10:00:53.698456	2014-10-10 10:00:53.698456
695	3	1	1	51	100	689	GBP	99	165	\N	2014-10-10 10:00:53.703239	2014-10-10 10:00:53.703239
696	3	1	1	51	100	691	AUD	149	138	\N	2014-10-10 10:00:53.706493	2014-10-10 10:00:53.706493
697	3	1	1	51	100	692	CAD	149	137	\N	2014-10-10 10:00:53.70965	2014-10-10 10:00:53.70965
698	3	1	1	51	100	693	USD	149	149	\N	2014-10-10 10:00:53.712971	2014-10-10 10:00:53.712971
699	3	1	1	101	300	696	AUD	149	138	\N	2014-10-10 10:00:53.71623	2014-10-10 10:00:53.71623
700	3	1	1	101	300	697	CAD	149	137	\N	2014-10-10 10:00:53.719662	2014-10-10 10:00:53.719662
701	3	1	1	101	300	694	EUR	99	134	\N	2014-10-10 10:00:53.722765	2014-10-10 10:00:53.722765
702	3	1	1	101	300	695	GBP	99	165	\N	2014-10-10 10:00:53.726368	2014-10-10 10:00:53.726368
703	3	1	1	101	300	698	USD	149	149	\N	2014-10-10 10:00:53.729748	2014-10-10 10:00:53.729748
704	2	1	6	1	1	\N	GBP	499	835	\N	2014-10-10 10:00:53.732509	2014-10-10 10:00:53.732509
705	2	1	6	1	1	\N	EUR	599	815	\N	2014-10-10 10:00:53.735851	2014-10-10 10:00:53.735851
706	2	1	6	1	1	\N	CAD	799	737	\N	2014-10-10 10:00:53.739046	2014-10-10 10:00:53.739046
707	2	1	6	1	1	\N	USD	799	799	\N	2014-10-10 10:00:53.742582	2014-10-10 10:00:53.742582
708	2	1	6	1	1	\N	AUD	1099	1022	\N	2014-10-10 10:00:53.745867	2014-10-10 10:00:53.745867
709	2	1	6	2	2	\N	GBP	599	1002	\N	2014-10-10 10:00:53.748783	2014-10-10 10:00:53.748783
710	2	1	6	2	2	\N	EUR	650	884	\N	2014-10-10 10:00:53.751505	2014-10-10 10:00:53.751505
711	2	1	6	2	2	\N	CAD	899	829	\N	2014-10-10 10:00:53.754164	2014-10-10 10:00:53.754164
712	2	1	6	2	2	\N	USD	899	899	\N	2014-10-10 10:00:53.757249	2014-10-10 10:00:53.757249
713	2	1	6	2	2	\N	AUD	1399	1302	\N	2014-10-10 10:00:53.760696	2014-10-10 10:00:53.760696
714	2	1	6	3	3	\N	EUR	699	951	\N	2014-10-10 10:00:53.763821	2014-10-10 10:00:53.763821
715	2	1	6	3	3	\N	GBP	699	1170	\N	2014-10-10 10:00:53.766446	2014-10-10 10:00:53.766446
716	2	1	6	3	3	\N	CAD	999	921	\N	2014-10-10 10:00:53.769445	2014-10-10 10:00:53.769445
717	2	1	6	3	3	\N	USD	999	999	\N	2014-10-10 10:00:53.772255	2014-10-10 10:00:53.772255
718	2	1	6	3	3	\N	AUD	1599	1488	\N	2014-10-10 10:00:53.77536	2014-10-10 10:00:53.77536
719	2	1	6	4	\N	718	AUD	100	93	\N	2014-10-10 10:00:53.779533	2014-10-10 10:00:53.779533
720	2	1	6	4	\N	716	CAD	100	92	\N	2014-10-10 10:00:53.783336	2014-10-10 10:00:53.783336
721	2	1	6	4	\N	714	EUR	100	136	\N	2014-10-10 10:00:53.787196	2014-10-10 10:00:53.787196
722	2	1	6	4	\N	715	GBP	100	167	\N	2014-10-10 10:00:53.982845	2014-10-10 10:00:53.982845
723	2	1	6	4	\N	717	USD	100	100	\N	2014-10-10 10:00:53.986471	2014-10-10 10:00:53.986471
724	2	1	5	1	1	\N	GBP	499	835	\N	2014-10-10 10:00:53.989402	2014-10-10 10:00:53.989402
725	2	1	5	1	1	\N	EUR	599	815	\N	2014-10-10 10:00:53.992281	2014-10-10 10:00:53.992281
726	2	1	5	1	1	\N	AUD	799	743	\N	2014-10-10 10:00:53.99499	2014-10-10 10:00:53.99499
727	2	1	5	1	1	\N	USD	799	799	\N	2014-10-10 10:00:53.998063	2014-10-10 10:00:53.998063
728	2	1	5	1	1	\N	CAD	899	829	\N	2014-10-10 10:00:54.001167	2014-10-10 10:00:54.001167
729	2	1	5	2	2	\N	GBP	599	1002	\N	2014-10-10 10:00:54.003888	2014-10-10 10:00:54.003888
730	2	1	5	2	2	\N	EUR	650	884	\N	2014-10-10 10:00:54.006969	2014-10-10 10:00:54.006969
731	2	1	5	2	2	\N	AUD	899	836	\N	2014-10-10 10:00:54.009845	2014-10-10 10:00:54.009845
732	2	1	5	2	2	\N	USD	899	899	\N	2014-10-10 10:00:54.013592	2014-10-10 10:00:54.013592
733	2	1	5	2	2	\N	CAD	999	921	\N	2014-10-10 10:00:54.017505	2014-10-10 10:00:54.017505
734	2	1	5	3	3	\N	EUR	699	951	\N	2014-10-10 10:00:54.020722	2014-10-10 10:00:54.020722
735	2	1	5	3	3	\N	GBP	699	1170	\N	2014-10-10 10:00:54.02402	2014-10-10 10:00:54.02402
736	2	1	5	3	3	\N	AUD	999	929	\N	2014-10-10 10:00:54.027006	2014-10-10 10:00:54.027006
737	2	1	5	3	3	\N	USD	999	999	\N	2014-10-10 10:00:54.029907	2014-10-10 10:00:54.029907
738	2	1	5	3	3	\N	CAD	1099	1013	\N	2014-10-10 10:00:54.033153	2014-10-10 10:00:54.033153
739	2	1	5	4	100	734	EUR	100	136	\N	2014-10-10 10:00:54.036569	2014-10-10 10:00:54.036569
740	2	1	5	4	100	735	GBP	100	167	\N	2014-10-10 10:00:54.040129	2014-10-10 10:00:54.040129
741	2	1	5	4	100	736	AUD	125	116	\N	2014-10-10 10:00:54.043835	2014-10-10 10:00:54.043835
742	2	1	5	4	100	737	USD	125	125	\N	2014-10-10 10:00:54.047577	2014-10-10 10:00:54.047577
743	2	1	5	4	100	738	CAD	150	138	\N	2014-10-10 10:00:54.051604	2014-10-10 10:00:54.051604
744	2	1	5	101	300	741	AUD	125	116	\N	2014-10-10 10:00:54.055073	2014-10-10 10:00:54.055073
745	2	1	5	101	300	743	CAD	150	138	\N	2014-10-10 10:00:54.059142	2014-10-10 10:00:54.059142
746	2	1	5	101	300	739	EUR	100	136	\N	2014-10-10 10:00:54.062655	2014-10-10 10:00:54.062655
747	2	1	5	101	300	740	GBP	100	167	\N	2014-10-10 10:00:54.066358	2014-10-10 10:00:54.066358
748	2	1	5	101	300	742	USD	125	125	\N	2014-10-10 10:00:54.069747	2014-10-10 10:00:54.069747
749	2	1	7	1	1	\N	GBP	1399	2342	\N	2014-10-10 10:00:54.072775	2014-10-10 10:00:54.072775
750	2	1	7	1	1	\N	EUR	1699	2313	\N	2014-10-10 10:00:54.075593	2014-10-10 10:00:54.075593
751	2	1	7	1	1	\N	AUD	2599	2419	\N	2014-10-10 10:00:54.078194	2014-10-10 10:00:54.078194
752	2	1	7	1	1	\N	CAD	2599	2397	\N	2014-10-10 10:00:54.08072	2014-10-10 10:00:54.08072
753	2	1	7	1	1	\N	USD	2299	2299	\N	2014-10-10 10:00:54.083306	2014-10-10 10:00:54.083306
754	2	1	7	2	10	749	GBP	119	199	\N	2014-10-10 10:00:54.086567	2014-10-10 10:00:54.086567
755	2	1	7	2	10	750	EUR	149	202	\N	2014-10-10 10:00:54.089776	2014-10-10 10:00:54.089776
756	2	1	7	2	10	751	AUD	219	203	\N	2014-10-10 10:00:54.09411	2014-10-10 10:00:54.09411
757	2	1	7	2	10	752	CAD	219	202	\N	2014-10-10 10:00:54.097768	2014-10-10 10:00:54.097768
758	2	1	7	2	10	753	USD	199	199	\N	2014-10-10 10:00:54.100934	2014-10-10 10:00:54.100934
759	2	1	7	11	50	754	GBP	119	199	\N	2014-10-10 10:00:54.104028	2014-10-10 10:00:54.104028
760	2	1	7	11	50	755	EUR	149	202	\N	2014-10-10 10:00:54.284925	2014-10-10 10:00:54.284925
761	2	1	7	11	50	756	AUD	219	203	\N	2014-10-10 10:00:54.288588	2014-10-10 10:00:54.288588
762	2	1	7	11	50	757	CAD	219	202	\N	2014-10-10 10:00:54.292341	2014-10-10 10:00:54.292341
763	2	1	7	11	50	758	USD	199	199	\N	2014-10-10 10:00:54.2961	2014-10-10 10:00:54.2961
764	2	1	7	51	100	759	GBP	119	199	\N	2014-10-10 10:00:54.299526	2014-10-10 10:00:54.299526
765	2	1	7	51	100	760	EUR	149	202	\N	2014-10-10 10:00:54.302925	2014-10-10 10:00:54.302925
766	2	1	7	51	100	761	AUD	219	203	\N	2014-10-10 10:00:54.306342	2014-10-10 10:00:54.306342
767	2	1	7	51	100	762	CAD	219	202	\N	2014-10-10 10:00:54.309512	2014-10-10 10:00:54.309512
768	2	1	7	51	100	763	USD	199	199	\N	2014-10-10 10:00:54.313094	2014-10-10 10:00:54.313094
769	2	1	7	101	300	766	AUD	219	203	\N	2014-10-10 10:00:54.316479	2014-10-10 10:00:54.316479
770	2	1	7	101	300	767	CAD	219	202	\N	2014-10-10 10:00:54.319569	2014-10-10 10:00:54.319569
771	2	1	7	101	300	765	EUR	149	202	\N	2014-10-10 10:00:54.323063	2014-10-10 10:00:54.323063
772	2	1	7	101	300	764	GBP	119	199	\N	2014-10-10 10:00:54.326901	2014-10-10 10:00:54.326901
773	2	1	7	101	300	768	USD	199	199	\N	2014-10-10 10:00:54.331514	2014-10-10 10:00:54.331514
774	2	1	1	1	1	\N	GBP	499	835	\N	2014-10-10 10:00:54.334237	2014-10-10 10:00:54.334237
775	2	1	1	1	1	\N	EUR	599	815	\N	2014-10-10 10:00:54.336867	2014-10-10 10:00:54.336867
776	2	1	1	1	1	\N	AUD	799	743	\N	2014-10-10 10:00:54.339484	2014-10-10 10:00:54.339484
777	2	1	1	1	1	\N	CAD	799	737	\N	2014-10-10 10:00:54.342056	2014-10-10 10:00:54.342056
778	2	1	1	1	1	\N	USD	799	799	\N	2014-10-10 10:00:54.344577	2014-10-10 10:00:54.344577
779	2	1	1	2	10	774	GBP	129	215	\N	2014-10-10 10:00:54.347882	2014-10-10 10:00:54.347882
780	2	1	1	2	10	775	EUR	149	202	\N	2014-10-10 10:00:54.350958	2014-10-10 10:00:54.350958
781	2	1	1	2	10	776	AUD	199	185	\N	2014-10-10 10:00:54.353943	2014-10-10 10:00:54.353943
782	2	1	1	2	10	777	CAD	199	183	\N	2014-10-10 10:00:54.357022	2014-10-10 10:00:54.357022
783	2	1	1	2	10	778	USD	199	199	\N	2014-10-10 10:00:54.360064	2014-10-10 10:00:54.360064
784	2	1	1	11	50	779	GBP	59	98	\N	2014-10-10 10:00:54.363147	2014-10-10 10:00:54.363147
785	2	1	1	11	50	780	EUR	79	107	\N	2014-10-10 10:00:54.366477	2014-10-10 10:00:54.366477
786	2	1	1	11	50	781	AUD	99	92	\N	2014-10-10 10:00:54.369954	2014-10-10 10:00:54.369954
787	2	1	1	11	50	782	CAD	99	91	\N	2014-10-10 10:00:54.373102	2014-10-10 10:00:54.373102
788	2	1	1	11	50	783	USD	99	99	\N	2014-10-10 10:00:54.376279	2014-10-10 10:00:54.376279
789	2	1	1	51	100	784	GBP	29	48	\N	2014-10-10 10:00:54.379519	2014-10-10 10:00:54.379519
790	2	1	1	51	100	785	EUR	39	53	\N	2014-10-10 10:00:54.382757	2014-10-10 10:00:54.382757
791	2	1	1	51	100	786	AUD	49	45	\N	2014-10-10 10:00:54.386035	2014-10-10 10:00:54.386035
792	2	1	1	51	100	787	CAD	49	45	\N	2014-10-10 10:00:54.389168	2014-10-10 10:00:54.389168
793	2	1	1	51	100	788	USD	49	49	\N	2014-10-10 10:00:54.392442	2014-10-10 10:00:54.392442
794	2	1	1	101	300	791	AUD	49	45	\N	2014-10-10 10:00:54.395679	2014-10-10 10:00:54.395679
795	2	1	1	101	300	792	CAD	49	45	\N	2014-10-10 10:00:54.398839	2014-10-10 10:00:54.398839
796	2	1	1	101	300	790	EUR	39	53	\N	2014-10-10 10:00:54.590379	2014-10-10 10:00:54.590379
797	2	1	1	101	300	789	GBP	29	48	\N	2014-10-10 10:00:54.595813	2014-10-10 10:00:54.595813
798	2	1	1	101	300	793	USD	49	49	\N	2014-10-10 10:00:54.600802	2014-10-10 10:00:54.600802
799	2	1	4	1	1	\N	GBP	499	835	\N	2014-10-10 10:00:54.604973	2014-10-10 10:00:54.604973
800	2	1	4	1	1	\N	EUR	599	815	\N	2014-10-10 10:00:54.609186	2014-10-10 10:00:54.609186
801	2	1	4	1	1	\N	AUD	799	743	\N	2014-10-10 10:00:54.612442	2014-10-10 10:00:54.612442
802	2	1	4	1	1	\N	CAD	799	737	\N	2014-10-10 10:00:54.615116	2014-10-10 10:00:54.615116
803	2	1	4	1	1	\N	USD	799	799	\N	2014-10-10 10:00:54.618021	2014-10-10 10:00:54.618021
804	2	1	4	2	2	\N	GBP	599	1002	\N	2014-10-10 10:00:54.621338	2014-10-10 10:00:54.621338
805	2	1	4	2	2	\N	EUR	699	951	\N	2014-10-10 10:00:54.625306	2014-10-10 10:00:54.625306
806	2	1	4	2	2	\N	AUD	899	836	\N	2014-10-10 10:00:54.629289	2014-10-10 10:00:54.629289
807	2	1	4	2	2	\N	CAD	899	829	\N	2014-10-10 10:00:54.633068	2014-10-10 10:00:54.633068
808	2	1	4	2	2	\N	USD	899	899	\N	2014-10-10 10:00:54.636924	2014-10-10 10:00:54.636924
809	2	1	4	3	3	\N	GBP	699	1170	\N	2014-10-10 10:00:54.641114	2014-10-10 10:00:54.641114
810	2	1	4	3	3	\N	EUR	799	1087	\N	2014-10-10 10:00:54.645252	2014-10-10 10:00:54.645252
811	2	1	4	3	3	\N	AUD	999	929	\N	2014-10-10 10:00:54.649208	2014-10-10 10:00:54.649208
812	2	1	4	3	3	\N	CAD	999	921	\N	2014-10-10 10:00:54.652725	2014-10-10 10:00:54.652725
813	2	1	4	3	3	\N	USD	999	999	\N	2014-10-10 10:00:54.656436	2014-10-10 10:00:54.656436
814	2	1	4	4	10	810	EUR	100	136	\N	2014-10-10 10:00:54.661367	2014-10-10 10:00:54.661367
815	2	1	4	4	10	809	GBP	100	167	\N	2014-10-10 10:00:54.665167	2014-10-10 10:00:54.665167
816	2	1	4	4	10	811	AUD	125	116	\N	2014-10-10 10:00:54.668445	2014-10-10 10:00:54.668445
817	2	1	4	4	10	812	CAD	125	115	\N	2014-10-10 10:00:54.672079	2014-10-10 10:00:54.672079
818	2	1	4	4	10	813	USD	125	125	\N	2014-10-10 10:00:54.675336	2014-10-10 10:00:54.675336
819	2	1	4	11	\N	815	GBP	50	83	\N	2014-10-10 10:00:54.678431	2014-10-10 10:00:54.678431
820	2	1	4	11	\N	816	AUD	85	79	\N	2014-10-10 10:00:54.6816	2014-10-10 10:00:54.6816
821	2	1	4	11	\N	817	CAD	85	78	\N	2014-10-10 10:00:54.684681	2014-10-10 10:00:54.684681
822	2	1	4	11	\N	818	USD	85	85	\N	2014-10-10 10:00:54.687845	2014-10-10 10:00:54.687845
823	2	1	4	11	\N	814	EUR	200	272	\N	2014-10-10 10:00:54.691101	2014-10-10 10:00:54.691101
824	2	1	3	1	1	\N	GBP	499	835	\N	2014-10-10 10:00:54.693927	2014-10-10 10:00:54.693927
825	2	1	3	1	1	\N	EUR	599	815	\N	2014-10-10 10:00:54.697186	2014-10-10 10:00:54.697186
826	2	1	3	1	1	\N	AUD	799	743	\N	2014-10-10 10:00:54.700112	2014-10-10 10:00:54.700112
827	2	1	3	1	1	\N	CAD	799	737	\N	2014-10-10 10:00:54.703313	2014-10-10 10:00:54.703313
828	2	1	3	1	1	\N	USD	799	799	\N	2014-10-10 10:00:54.706765	2014-10-10 10:00:54.706765
829	2	1	3	2	2	\N	GBP	599	1002	\N	2014-10-10 10:00:54.709856	2014-10-10 10:00:54.709856
830	2	1	3	2	2	\N	EUR	699	951	\N	2014-10-10 10:00:54.712428	2014-10-10 10:00:54.712428
831	2	1	3	2	2	\N	AUD	899	836	\N	2014-10-10 10:00:54.714886	2014-10-10 10:00:54.714886
832	2	1	3	2	2	\N	CAD	899	829	\N	2014-10-10 10:00:54.717846	2014-10-10 10:00:54.717846
833	2	1	3	2	2	\N	USD	899	899	\N	2014-10-10 10:00:54.720476	2014-10-10 10:00:54.720476
834	2	1	3	3	3	\N	GBP	699	1170	\N	2014-10-10 10:00:54.723302	2014-10-10 10:00:54.723302
835	2	1	3	3	3	\N	EUR	799	1087	\N	2014-10-10 10:00:54.901608	2014-10-10 10:00:54.901608
836	2	1	3	3	3	\N	AUD	999	929	\N	2014-10-10 10:00:54.904945	2014-10-10 10:00:54.904945
837	2	1	3	3	3	\N	CAD	999	921	\N	2014-10-10 10:00:54.908802	2014-10-10 10:00:54.908802
838	2	1	3	3	3	\N	USD	999	999	\N	2014-10-10 10:00:54.915065	2014-10-10 10:00:54.915065
839	2	1	3	4	10	835	EUR	100	136	\N	2014-10-10 10:00:54.919977	2014-10-10 10:00:54.919977
840	2	1	3	4	10	834	GBP	100	167	\N	2014-10-10 10:00:54.924083	2014-10-10 10:00:54.924083
841	2	1	3	4	10	836	AUD	125	116	\N	2014-10-10 10:00:54.930054	2014-10-10 10:00:54.930054
842	2	1	3	4	10	837	CAD	125	115	\N	2014-10-10 10:00:54.933726	2014-10-10 10:00:54.933726
843	2	1	3	4	10	838	USD	125	125	\N	2014-10-10 10:00:54.937877	2014-10-10 10:00:54.937877
844	2	1	3	11	\N	839	EUR	120	163	\N	2014-10-10 10:00:54.943244	2014-10-10 10:00:54.943244
845	2	1	3	11	\N	840	GBP	50	83	\N	2014-10-10 10:00:54.953422	2014-10-10 10:00:54.953422
846	2	1	3	11	\N	841	AUD	85	79	\N	2014-10-10 10:00:54.958455	2014-10-10 10:00:54.958455
847	2	1	3	11	\N	842	CAD	85	78	\N	2014-10-10 10:00:54.96497	2014-10-10 10:00:54.96497
848	2	1	3	11	\N	843	USD	85	85	\N	2014-10-10 10:00:54.970781	2014-10-10 10:00:54.970781
849	2	1	2	1	1	\N	GBP	499	835	\N	2014-10-10 10:00:54.974837	2014-10-10 10:00:54.974837
850	2	1	2	1	1	\N	EUR	599	815	\N	2014-10-10 10:00:54.978927	2014-10-10 10:00:54.978927
851	2	1	2	1	1	\N	AUD	799	743	\N	2014-10-10 10:00:54.98393	2014-10-10 10:00:54.98393
852	2	1	2	1	1	\N	CAD	799	737	\N	2014-10-10 10:00:54.988846	2014-10-10 10:00:54.988846
853	2	1	2	1	1	\N	USD	799	799	\N	2014-10-10 10:00:54.991874	2014-10-10 10:00:54.991874
854	2	1	2	2	2	\N	GBP	599	1002	\N	2014-10-10 10:00:54.995549	2014-10-10 10:00:54.995549
855	2	1	2	2	2	\N	EUR	650	884	\N	2014-10-10 10:00:54.998303	2014-10-10 10:00:54.998303
856	2	1	2	2	2	\N	AUD	899	836	\N	2014-10-10 10:00:55.001061	2014-10-10 10:00:55.001061
857	2	1	2	2	2	\N	CAD	899	829	\N	2014-10-10 10:00:55.004386	2014-10-10 10:00:55.004386
858	2	1	2	2	2	\N	USD	899	899	\N	2014-10-10 10:00:55.007463	2014-10-10 10:00:55.007463
859	2	1	2	3	3	\N	EUR	699	951	\N	2014-10-10 10:00:55.014978	2014-10-10 10:00:55.014978
860	2	1	2	3	3	\N	GBP	699	1170	\N	2014-10-10 10:00:55.021088	2014-10-10 10:00:55.021088
861	2	1	2	3	3	\N	AUD	999	929	\N	2014-10-10 10:00:55.024321	2014-10-10 10:00:55.024321
862	2	1	2	3	3	\N	CAD	999	921	\N	2014-10-10 10:00:55.029483	2014-10-10 10:00:55.029483
863	2	1	2	3	3	\N	USD	999	999	\N	2014-10-10 10:00:55.035096	2014-10-10 10:00:55.035096
864	2	1	2	4	\N	859	EUR	100	136	\N	2014-10-10 10:00:55.041633	2014-10-10 10:00:55.041633
865	2	1	2	4	\N	860	GBP	100	167	\N	2014-10-10 10:00:55.048785	2014-10-10 10:00:55.048785
866	2	1	2	4	\N	861	AUD	125	116	\N	2014-10-10 10:00:55.05698	2014-10-10 10:00:55.05698
867	2	1	2	4	\N	862	CAD	125	115	\N	2014-10-10 10:00:55.061278	2014-10-10 10:00:55.061278
868	2	1	2	4	\N	863	USD	125	125	\N	2014-10-10 10:00:55.070755	2014-10-10 10:00:55.070755
869	4	1	6	1	1	\N	GBP	1399	2342	\N	2014-10-10 10:00:55.076188	2014-10-10 10:00:55.076188
870	4	1	6	1	1	\N	EUR	1699	2313	\N	2014-10-10 10:00:55.081933	2014-10-10 10:00:55.081933
871	4	1	6	1	1	\N	AUD	2599	2419	\N	2014-10-10 10:00:55.088996	2014-10-10 10:00:55.088996
872	4	1	6	1	1	\N	CAD	2599	2397	\N	2014-10-10 10:00:55.092359	2014-10-10 10:00:55.092359
873	4	1	6	1	1	\N	USD	2299	2299	\N	2014-10-10 10:00:55.311728	2014-10-10 10:00:55.311728
874	4	1	6	2	2	\N	GBP	1629	2727	\N	2014-10-10 10:00:55.314935	2014-10-10 10:00:55.314935
875	4	1	6	2	2	\N	EUR	1969	2680	\N	2014-10-10 10:00:55.31869	2014-10-10 10:00:55.31869
876	4	1	6	2	2	\N	AUD	2989	2782	\N	2014-10-10 10:00:55.321847	2014-10-10 10:00:55.321847
877	4	1	6	2	2	\N	CAD	2979	2747	\N	2014-10-10 10:00:55.325002	2014-10-10 10:00:55.325002
878	4	1	6	2	2	\N	USD	2699	2699	\N	2014-10-10 10:00:55.328202	2014-10-10 10:00:55.328202
879	4	1	6	3	3	\N	GBP	1869	3129	\N	2014-10-10 10:00:55.331097	2014-10-10 10:00:55.331097
880	4	1	6	3	3	\N	EUR	2259	3075	\N	2014-10-10 10:00:55.333762	2014-10-10 10:00:55.333762
881	4	1	6	3	3	\N	AUD	3429	3191	\N	2014-10-10 10:00:55.336405	2014-10-10 10:00:55.336405
882	4	1	6	3	3	\N	CAD	3419	3153	\N	2014-10-10 10:00:55.339136	2014-10-10 10:00:55.339136
883	4	1	6	3	3	\N	USD	3100	3100	\N	2014-10-10 10:00:55.342207	2014-10-10 10:00:55.342207
884	4	1	6	4	300	881	AUD	99	92	\N	2014-10-10 10:00:55.346305	2014-10-10 10:00:55.346305
885	4	1	6	4	300	882	CAD	99	91	\N	2014-10-10 10:00:55.349623	2014-10-10 10:00:55.349623
886	4	1	6	4	300	880	EUR	69	93	\N	2014-10-10 10:00:55.353514	2014-10-10 10:00:55.353514
887	4	1	6	4	300	879	GBP	59	98	\N	2014-10-10 10:00:55.357575	2014-10-10 10:00:55.357575
888	4	1	6	4	300	883	USD	89	89	\N	2014-10-10 10:00:55.360851	2014-10-10 10:00:55.360851
889	4	1	5	1	1	\N	GBP	799	1337	\N	2014-10-10 10:00:55.363441	2014-10-10 10:00:55.363441
890	4	1	5	1	1	\N	EUR	899	1223	\N	2014-10-10 10:00:55.365912	2014-10-10 10:00:55.365912
891	4	1	5	1	1	\N	CAD	1399	1290	\N	2014-10-10 10:00:55.368434	2014-10-10 10:00:55.368434
892	4	1	5	1	1	\N	AUD	1399	1302	\N	2014-10-10 10:00:55.371017	2014-10-10 10:00:55.371017
893	4	1	5	1	1	\N	USD	1199	1199	\N	2014-10-10 10:00:55.373995	2014-10-10 10:00:55.373995
894	4	1	5	2	2	\N	GBP	849	1421	\N	2014-10-10 10:00:55.376974	2014-10-10 10:00:55.376974
895	4	1	5	2	2	\N	EUR	1019	1387	\N	2014-10-10 10:00:55.380117	2014-10-10 10:00:55.380117
896	4	1	5	2	2	\N	CAD	1549	1428	\N	2014-10-10 10:00:55.383731	2014-10-10 10:00:55.383731
897	4	1	5	2	2	\N	AUD	1549	1441	\N	2014-10-10 10:00:55.386862	2014-10-10 10:00:55.386862
898	4	1	5	2	2	\N	USD	1399	1399	\N	2014-10-10 10:00:55.389648	2014-10-10 10:00:55.389648
899	4	1	5	3	3	\N	GBP	969	1622	\N	2014-10-10 10:00:55.392339	2014-10-10 10:00:55.392339
900	4	1	5	3	3	\N	EUR	1169	1591	\N	2014-10-10 10:00:55.394948	2014-10-10 10:00:55.394948
901	4	1	5	3	3	\N	AUD	1769	1646	\N	2014-10-10 10:00:55.397399	2014-10-10 10:00:55.397399
902	4	1	5	3	3	\N	CAD	1769	1631	\N	2014-10-10 10:00:55.39995	2014-10-10 10:00:55.39995
903	4	1	5	3	3	\N	USD	1599	1599	\N	2014-10-10 10:00:55.402642	2014-10-10 10:00:55.402642
904	4	1	5	4	100	899	GBP	189	316	\N	2014-10-10 10:00:55.40581	2014-10-10 10:00:55.40581
905	4	1	5	4	100	900	EUR	219	298	\N	2014-10-10 10:00:55.408997	2014-10-10 10:00:55.408997
906	4	1	5	4	100	901	AUD	339	315	\N	2014-10-10 10:00:55.412194	2014-10-10 10:00:55.412194
907	4	1	5	4	100	902	CAD	329	303	\N	2014-10-10 10:00:55.415408	2014-10-10 10:00:55.415408
908	4	1	5	4	100	903	USD	299	299	\N	2014-10-10 10:00:55.41925	2014-10-10 10:00:55.41925
909	4	1	5	101	300	904	GBP	189	316	\N	2014-10-10 10:00:55.42288	2014-10-10 10:00:55.42288
910	4	1	5	101	300	905	EUR	219	298	\N	2014-10-10 10:00:55.426235	2014-10-10 10:00:55.426235
911	4	1	5	101	300	906	AUD	339	315	\N	2014-10-10 10:00:55.429549	2014-10-10 10:00:55.429549
912	4	1	5	101	300	907	CAD	329	303	\N	2014-10-10 10:00:55.652533	2014-10-10 10:00:55.652533
913	4	1	5	101	300	908	USD	299	299	\N	2014-10-10 10:00:55.658049	2014-10-10 10:00:55.658049
914	4	1	4	1	1	\N	GBP	2299	3848	\N	2014-10-10 10:00:55.662458	2014-10-10 10:00:55.662458
915	4	1	4	1	1	\N	EUR	2699	3674	\N	2014-10-10 10:00:55.665963	2014-10-10 10:00:55.665963
916	4	1	4	1	1	\N	USD	3699	3699	\N	2014-10-10 10:00:55.668753	2014-10-10 10:00:55.668753
917	4	1	4	1	1	\N	AUD	4099	3815	\N	2014-10-10 10:00:55.671658	2014-10-10 10:00:55.671658
918	4	1	4	1	1	\N	CAD	4099	3781	\N	2014-10-10 10:00:55.674871	2014-10-10 10:00:55.674871
919	4	1	4	2	10	914	GBP	189	316	\N	2014-10-10 10:00:55.678628	2014-10-10 10:00:55.678628
920	4	1	4	2	10	915	EUR	229	311	\N	2014-10-10 10:00:55.682657	2014-10-10 10:00:55.682657
921	4	1	4	2	10	917	AUD	349	324	\N	2014-10-10 10:00:55.68627	2014-10-10 10:00:55.68627
922	4	1	4	2	10	918	CAD	349	321	\N	2014-10-10 10:00:55.690413	2014-10-10 10:00:55.690413
923	4	1	4	2	10	916	USD	315	315	\N	2014-10-10 10:00:55.69412	2014-10-10 10:00:55.69412
924	4	1	4	11	50	919	GBP	189	316	\N	2014-10-10 10:00:55.698969	2014-10-10 10:00:55.698969
925	4	1	4	11	50	920	EUR	229	311	\N	2014-10-10 10:00:55.702552	2014-10-10 10:00:55.702552
926	4	1	4	11	50	921	AUD	349	324	\N	2014-10-10 10:00:55.70569	2014-10-10 10:00:55.70569
927	4	1	4	11	50	922	CAD	349	321	\N	2014-10-10 10:00:55.709047	2014-10-10 10:00:55.709047
928	4	1	4	11	50	923	USD	315	315	\N	2014-10-10 10:00:55.712515	2014-10-10 10:00:55.712515
929	4	1	4	51	100	925	EUR	229	311	\N	2014-10-10 10:00:55.716497	2014-10-10 10:00:55.716497
930	4	1	4	51	100	924	GBP	189	316	\N	2014-10-10 10:00:55.719875	2014-10-10 10:00:55.719875
931	4	1	4	51	100	926	AUD	349	324	\N	2014-10-10 10:00:55.723649	2014-10-10 10:00:55.723649
932	4	1	4	51	100	927	CAD	349	321	\N	2014-10-10 10:00:55.726885	2014-10-10 10:00:55.726885
933	4	1	4	51	100	928	USD	315	315	\N	2014-10-10 10:00:55.730024	2014-10-10 10:00:55.730024
934	4	1	4	101	300	931	AUD	349	324	\N	2014-10-10 10:00:55.733061	2014-10-10 10:00:55.733061
935	4	1	4	101	300	932	CAD	349	321	\N	2014-10-10 10:00:55.736478	2014-10-10 10:00:55.736478
936	4	1	4	101	300	929	EUR	229	311	\N	2014-10-10 10:00:55.739582	2014-10-10 10:00:55.739582
937	4	1	4	101	300	930	GBP	189	316	\N	2014-10-10 10:00:55.742798	2014-10-10 10:00:55.742798
938	4	1	4	101	300	933	USD	315	315	\N	2014-10-10 10:00:55.746297	2014-10-10 10:00:55.746297
939	4	1	3	1	1	\N	GBP	1399	2342	\N	2014-10-10 10:00:55.749392	2014-10-10 10:00:55.749392
940	4	1	3	1	1	\N	EUR	1699	2313	\N	2014-10-10 10:00:55.752093	2014-10-10 10:00:55.752093
941	4	1	3	1	1	\N	USD	2299	2299	\N	2014-10-10 10:00:55.754711	2014-10-10 10:00:55.754711
942	4	1	3	1	1	\N	AUD	2599	2419	\N	2014-10-10 10:00:55.757232	2014-10-10 10:00:55.757232
943	4	1	3	1	1	\N	CAD	2599	2397	\N	2014-10-10 10:00:55.759632	2014-10-10 10:00:55.759632
944	4	1	3	2	10	939	GBP	199	333	\N	2014-10-10 10:00:55.76303	2014-10-10 10:00:55.76303
945	4	1	3	2	10	940	EUR	239	325	\N	2014-10-10 10:00:55.766346	2014-10-10 10:00:55.766346
946	4	1	3	2	10	942	AUD	369	343	\N	2014-10-10 10:00:55.769341	2014-10-10 10:00:55.769341
947	4	1	3	2	10	943	CAD	369	340	\N	2014-10-10 10:00:55.772503	2014-10-10 10:00:55.772503
948	4	1	3	2	10	941	USD	329	329	\N	2014-10-10 10:00:55.775781	2014-10-10 10:00:55.775781
949	4	1	3	11	50	944	GBP	199	333	\N	2014-10-10 10:00:55.958334	2014-10-10 10:00:55.958334
950	4	1	3	11	50	945	EUR	239	325	\N	2014-10-10 10:00:55.961957	2014-10-10 10:00:55.961957
951	4	1	3	11	50	946	AUD	369	343	\N	2014-10-10 10:00:55.965465	2014-10-10 10:00:55.965465
952	4	1	3	11	50	947	CAD	369	340	\N	2014-10-10 10:00:55.969498	2014-10-10 10:00:55.969498
953	4	1	3	11	50	948	USD	329	329	\N	2014-10-10 10:00:55.97467	2014-10-10 10:00:55.97467
954	4	1	3	51	100	950	EUR	239	325	\N	2014-10-10 10:00:55.979042	2014-10-10 10:00:55.979042
955	4	1	3	51	100	949	GBP	199	333	\N	2014-10-10 10:00:55.98281	2014-10-10 10:00:55.98281
956	4	1	3	51	100	951	AUD	369	343	\N	2014-10-10 10:00:55.986385	2014-10-10 10:00:55.986385
957	4	1	3	51	100	952	CAD	369	340	\N	2014-10-10 10:00:55.989808	2014-10-10 10:00:55.989808
958	4	1	3	51	100	953	USD	329	329	\N	2014-10-10 10:00:55.993066	2014-10-10 10:00:55.993066
959	4	1	3	101	300	956	AUD	369	343	\N	2014-10-10 10:00:55.996149	2014-10-10 10:00:55.996149
960	4	1	3	101	300	957	CAD	369	340	\N	2014-10-10 10:00:56.00052	2014-10-10 10:00:56.00052
961	4	1	3	101	300	954	EUR	239	325	\N	2014-10-10 10:00:56.005263	2014-10-10 10:00:56.005263
962	4	1	3	101	300	955	GBP	199	333	\N	2014-10-10 10:00:56.009226	2014-10-10 10:00:56.009226
963	4	1	3	101	300	958	USD	329	329	\N	2014-10-10 10:00:56.012549	2014-10-10 10:00:56.012549
964	4	1	7	1	1	\N	GBP	2799	4686	\N	2014-10-10 10:00:56.015081	2014-10-10 10:00:56.015081
965	4	1	7	1	1	\N	EUR	3399	4627	\N	2014-10-10 10:00:56.017502	2014-10-10 10:00:56.017502
966	4	1	7	1	1	\N	USD	4599	4599	\N	2014-10-10 10:00:56.021079	2014-10-10 10:00:56.021079
967	4	1	7	1	1	\N	AUD	5099	4745	\N	2014-10-10 10:00:56.024392	2014-10-10 10:00:56.024392
968	4	1	7	1	1	\N	CAD	5099	4703	\N	2014-10-10 10:00:56.027372	2014-10-10 10:00:56.027372
969	4	1	7	2	10	964	GBP	249	416	\N	2014-10-10 10:00:56.032555	2014-10-10 10:00:56.032555
970	4	1	7	2	10	965	EUR	299	407	\N	2014-10-10 10:00:56.036822	2014-10-10 10:00:56.036822
971	4	1	7	2	10	967	AUD	449	417	\N	2014-10-10 10:00:56.041274	2014-10-10 10:00:56.041274
972	4	1	7	2	10	968	CAD	439	404	\N	2014-10-10 10:00:56.045397	2014-10-10 10:00:56.045397
973	4	1	7	2	10	966	USD	399	399	\N	2014-10-10 10:00:56.049486	2014-10-10 10:00:56.049486
974	4	1	7	11	50	970	EUR	299	407	\N	2014-10-10 10:00:56.053612	2014-10-10 10:00:56.053612
975	4	1	7	11	50	969	GBP	249	416	\N	2014-10-10 10:00:56.057275	2014-10-10 10:00:56.057275
976	4	1	7	11	50	971	AUD	449	417	\N	2014-10-10 10:00:56.060908	2014-10-10 10:00:56.060908
977	4	1	7	11	50	972	CAD	439	404	\N	2014-10-10 10:00:56.065216	2014-10-10 10:00:56.065216
978	4	1	7	11	50	973	USD	399	399	\N	2014-10-10 10:00:56.068607	2014-10-10 10:00:56.068607
979	4	1	7	51	100	974	EUR	299	407	\N	2014-10-10 10:00:56.07344	2014-10-10 10:00:56.07344
980	4	1	7	51	100	975	GBP	249	416	\N	2014-10-10 10:00:56.077478	2014-10-10 10:00:56.077478
981	4	1	7	51	100	978	USD	399	399	\N	2014-10-10 10:00:56.081043	2014-10-10 10:00:56.081043
982	4	1	7	51	100	976	AUD	449	417	\N	2014-10-10 10:00:56.08444	2014-10-10 10:00:56.08444
983	4	1	7	51	100	977	CAD	439	404	\N	2014-10-10 10:00:56.08801	2014-10-10 10:00:56.08801
984	4	1	7	101	300	982	AUD	449	417	\N	2014-10-10 10:00:56.091525	2014-10-10 10:00:56.091525
985	4	1	7	101	300	983	CAD	439	404	\N	2014-10-10 10:00:56.272523	2014-10-10 10:00:56.272523
986	4	1	7	101	300	979	EUR	299	407	\N	2014-10-10 10:00:56.276055	2014-10-10 10:00:56.276055
987	4	1	7	101	300	980	GBP	249	416	\N	2014-10-10 10:00:56.279805	2014-10-10 10:00:56.279805
988	4	1	7	101	300	981	USD	399	399	\N	2014-10-10 10:00:56.283395	2014-10-10 10:00:56.283395
989	4	1	2	1	1	\N	GBP	1499	2509	\N	2014-10-10 10:00:56.286307	2014-10-10 10:00:56.286307
990	4	1	2	1	1	\N	EUR	1799	2449	\N	2014-10-10 10:00:56.288934	2014-10-10 10:00:56.288934
991	4	1	2	1	1	\N	USD	2399	2399	\N	2014-10-10 10:00:56.291507	2014-10-10 10:00:56.291507
992	4	1	2	1	1	\N	AUD	2699	2512	\N	2014-10-10 10:00:56.294179	2014-10-10 10:00:56.294179
993	4	1	2	1	1	\N	CAD	2699	2489	\N	2014-10-10 10:00:56.297054	2014-10-10 10:00:56.297054
994	4	1	2	2	10	990	EUR	299	407	\N	2014-10-10 10:00:56.300529	2014-10-10 10:00:56.300529
995	4	1	2	2	10	989	GBP	249	416	\N	2014-10-10 10:00:56.303813	2014-10-10 10:00:56.303813
996	4	1	2	2	10	992	AUD	449	417	\N	2014-10-10 10:00:56.307263	2014-10-10 10:00:56.307263
997	4	1	2	2	10	993	CAD	439	404	\N	2014-10-10 10:00:56.3107	2014-10-10 10:00:56.3107
998	4	1	2	2	10	991	USD	399	399	\N	2014-10-10 10:00:56.314189	2014-10-10 10:00:56.314189
999	4	1	2	11	50	995	GBP	189	316	\N	2014-10-10 10:00:56.317688	2014-10-10 10:00:56.317688
1000	4	1	2	11	50	994	EUR	219	298	\N	2014-10-10 10:00:56.320951	2014-10-10 10:00:56.320951
1001	4	1	2	11	50	996	AUD	339	315	\N	2014-10-10 10:00:56.324667	2014-10-10 10:00:56.324667
1002	4	1	2	11	50	997	CAD	329	303	\N	2014-10-10 10:00:56.328024	2014-10-10 10:00:56.328024
1003	4	1	2	11	50	998	USD	299	299	\N	2014-10-10 10:00:56.332178	2014-10-10 10:00:56.332178
1004	4	1	2	51	100	1000	EUR	149	202	\N	2014-10-10 10:00:56.336002	2014-10-10 10:00:56.336002
1005	4	1	2	51	100	999	GBP	119	199	\N	2014-10-10 10:00:56.339545	2014-10-10 10:00:56.339545
1006	4	1	2	51	100	1001	AUD	219	203	\N	2014-10-10 10:00:56.342945	2014-10-10 10:00:56.342945
1007	4	1	2	51	100	1002	CAD	219	202	\N	2014-10-10 10:00:56.346787	2014-10-10 10:00:56.346787
1008	4	1	2	51	100	1003	USD	199	199	\N	2014-10-10 10:00:56.350993	2014-10-10 10:00:56.350993
1009	4	1	2	101	300	1006	AUD	219	203	\N	2014-10-10 10:00:56.354669	2014-10-10 10:00:56.354669
1010	4	1	2	101	300	1007	CAD	219	202	\N	2014-10-10 10:00:56.35835	2014-10-10 10:00:56.35835
1011	4	1	2	101	300	1004	EUR	149	202	\N	2014-10-10 10:00:56.362888	2014-10-10 10:00:56.362888
1012	4	1	2	101	300	1005	GBP	119	199	\N	2014-10-10 10:00:56.367482	2014-10-10 10:00:56.367482
1013	4	1	2	101	300	1008	USD	199	199	\N	2014-10-10 10:00:56.370999	2014-10-10 10:00:56.370999
1014	4	1	1	1	1	\N	GBP	1399	2342	\N	2014-10-10 10:00:56.375214	2014-10-10 10:00:56.375214
1015	4	1	1	1	1	\N	EUR	1699	2313	\N	2014-10-10 10:00:56.37865	2014-10-10 10:00:56.37865
1016	4	1	1	1	1	\N	USD	2199	2199	\N	2014-10-10 10:00:56.38169	2014-10-10 10:00:56.38169
1017	4	1	1	1	1	\N	AUD	2249	2093	\N	2014-10-10 10:00:56.384622	2014-10-10 10:00:56.384622
1018	4	1	1	1	1	\N	CAD	2249	2074	\N	2014-10-10 10:00:56.387158	2014-10-10 10:00:56.387158
1019	4	1	1	2	10	1014	GBP	259	433	\N	2014-10-10 10:00:56.390487	2014-10-10 10:00:56.390487
1020	4	1	1	2	10	1015	EUR	299	407	\N	2014-10-10 10:00:56.39366	2014-10-10 10:00:56.39366
1021	4	1	1	2	10	1017	AUD	399	371	\N	2014-10-10 10:00:56.397078	2014-10-10 10:00:56.397078
1022	4	1	1	2	10	1018	CAD	399	368	\N	2014-10-10 10:00:56.600909	2014-10-10 10:00:56.600909
1023	4	1	1	2	10	1016	USD	399	399	\N	2014-10-10 10:00:56.605725	2014-10-10 10:00:56.605725
1024	4	1	1	11	50	1019	GBP	199	333	\N	2014-10-10 10:00:56.610972	2014-10-10 10:00:56.610972
1025	4	1	1	11	50	1020	EUR	229	311	\N	2014-10-10 10:00:56.616714	2014-10-10 10:00:56.616714
1026	4	1	1	11	50	1021	AUD	299	278	\N	2014-10-10 10:00:56.622333	2014-10-10 10:00:56.622333
1027	4	1	1	11	50	1022	CAD	299	275	\N	2014-10-10 10:00:56.627906	2014-10-10 10:00:56.627906
1028	4	1	1	11	50	1023	USD	299	299	\N	2014-10-10 10:00:56.633319	2014-10-10 10:00:56.633319
1029	4	1	1	51	100	1024	GBP	159	266	\N	2014-10-10 10:00:56.639231	2014-10-10 10:00:56.639231
1030	4	1	1	51	100	1025	EUR	199	270	\N	2014-10-10 10:00:56.644198	2014-10-10 10:00:56.644198
1031	4	1	1	51	100	1028	USD	249	249	\N	2014-10-10 10:00:56.649755	2014-10-10 10:00:56.649755
1032	4	1	1	51	100	1026	AUD	259	241	\N	2014-10-10 10:00:56.655027	2014-10-10 10:00:56.655027
1033	4	1	1	51	100	1027	CAD	259	238	\N	2014-10-10 10:00:56.660242	2014-10-10 10:00:56.660242
1034	4	1	1	101	300	1032	AUD	259	241	\N	2014-10-10 10:00:56.664837	2014-10-10 10:00:56.664837
1035	4	1	1	101	300	1033	CAD	259	238	\N	2014-10-10 10:00:56.669321	2014-10-10 10:00:56.669321
1036	4	1	1	101	300	1030	EUR	199	270	\N	2014-10-10 10:00:56.674659	2014-10-10 10:00:56.674659
1037	4	1	1	101	300	1029	GBP	159	266	\N	2014-10-10 10:00:56.678344	2014-10-10 10:00:56.678344
1038	4	1	1	101	300	1031	USD	249	249	\N	2014-10-10 10:00:56.682016	2014-10-10 10:00:56.682016
1039	2	1	6	1	1	\N	JPY	25000	296	\N	2014-10-10 10:00:56.685057	2014-10-10 10:00:56.685057
1040	2	1	6	1	1	\N	KRW	314900	293	\N	2014-10-10 10:00:56.688835	2014-10-10 10:00:56.688835
1041	2	1	6	2	\N	1039	JPY	12500	148	\N	2014-10-10 10:00:56.692719	2014-10-10 10:00:56.692719
1042	2	1	6	2	\N	1040	KRW	157400	146	\N	2014-10-10 10:00:56.695815	2014-10-10 10:00:56.695815
1043	2	1	5	1	1	\N	JPY	25000	296	\N	2014-10-10 10:00:56.698402	2014-10-10 10:00:56.698402
1044	2	1	5	1	1	\N	KRW	314900	293	\N	2014-10-10 10:00:56.701133	2014-10-10 10:00:56.701133
1045	2	1	5	2	\N	1043	JPY	12500	148	\N	2014-10-10 10:00:56.705093	2014-10-10 10:00:56.705093
1046	2	1	5	2	\N	1044	KRW	157400	146	\N	2014-10-10 10:00:56.709391	2014-10-10 10:00:56.709391
1047	2	1	4	1	1	\N	JPY	25000	296	\N	2014-10-10 10:00:56.713489	2014-10-10 10:00:56.713489
1048	2	1	4	1	1	\N	KRW	314900	293	\N	2014-10-10 10:00:56.716307	2014-10-10 10:00:56.716307
1049	2	1	4	2	\N	1047	JPY	12500	148	\N	2014-10-10 10:00:56.719741	2014-10-10 10:00:56.719741
1050	2	1	4	2	\N	1048	KRW	157400	146	\N	2014-10-10 10:00:56.723203	2014-10-10 10:00:56.723203
1051	2	1	3	1	1	\N	JPY	25000	296	\N	2014-10-10 10:00:56.725752	2014-10-10 10:00:56.725752
1052	2	1	3	1	1	\N	KRW	314900	293	\N	2014-10-10 10:00:56.728493	2014-10-10 10:00:56.728493
1053	2	1	3	2	\N	1051	JPY	12500	148	\N	2014-10-10 10:00:56.73198	2014-10-10 10:00:56.73198
1054	2	1	3	2	\N	1052	KRW	157400	146	\N	2014-10-10 10:00:56.73547	2014-10-10 10:00:56.73547
1055	2	1	7	1	1	\N	JPY	25000	296	\N	2014-10-10 10:00:56.738146	2014-10-10 10:00:56.738146
1056	2	1	7	1	1	\N	KRW	314900	293	\N	2014-10-10 10:00:56.740568	2014-10-10 10:00:56.740568
1057	2	1	7	2	\N	1055	JPY	12500	148	\N	2014-10-10 10:00:56.744238	2014-10-10 10:00:56.744238
1058	2	1	7	2	\N	1056	KRW	157400	146	\N	2014-10-10 10:00:56.748153	2014-10-10 10:00:56.748153
1059	2	1	2	1	1	\N	JPY	25000	296	\N	2014-10-10 10:00:56.920222	2014-10-10 10:00:56.920222
1060	2	1	2	1	1	\N	KRW	314900	293	\N	2014-10-10 10:00:56.923446	2014-10-10 10:00:56.923446
1061	2	1	2	2	\N	1059	JPY	12500	148	\N	2014-10-10 10:00:56.926955	2014-10-10 10:00:56.926955
1062	2	1	2	2	\N	1060	KRW	157400	146	\N	2014-10-10 10:00:56.930324	2014-10-10 10:00:56.930324
1063	2	1	1	1	1	\N	JPY	25000	296	\N	2014-10-10 10:00:56.933519	2014-10-10 10:00:56.933519
1064	2	1	1	1	1	\N	KRW	314900	293	\N	2014-10-10 10:00:56.937029	2014-10-10 10:00:56.937029
1065	2	1	1	2	\N	1063	JPY	12500	148	\N	2014-10-10 10:00:56.941319	2014-10-10 10:00:56.941319
1066	2	1	1	2	\N	1064	KRW	157400	146	\N	2014-10-10 10:00:56.944971	2014-10-10 10:00:56.944971
1067	3	1	6	301	\N	549	AUD	0	0	\N	2014-10-10 10:00:56.948407	2014-10-10 10:00:56.948407
1068	3	1	6	301	\N	550	CAD	0	0	\N	2014-10-10 10:00:56.951727	2014-10-10 10:00:56.951727
1069	3	1	6	301	\N	551	EUR	0	0	\N	2014-10-10 10:00:56.955031	2014-10-10 10:00:56.955031
1070	3	1	6	301	\N	552	GBP	0	0	\N	2014-10-10 10:00:56.958205	2014-10-10 10:00:56.958205
1071	3	1	6	301	\N	553	USD	0	0	\N	2014-10-10 10:00:56.961335	2014-10-10 10:00:56.961335
1072	3	1	5	301	\N	574	AUD	0	0	\N	2014-10-10 10:00:56.964561	2014-10-10 10:00:56.964561
1073	3	1	5	301	\N	575	CAD	0	0	\N	2014-10-10 10:00:56.96763	2014-10-10 10:00:56.96763
1074	3	1	5	301	\N	576	EUR	0	0	\N	2014-10-10 10:00:56.970637	2014-10-10 10:00:56.970637
1075	3	1	5	301	\N	577	GBP	0	0	\N	2014-10-10 10:00:56.973795	2014-10-10 10:00:56.973795
1076	3	1	5	301	\N	578	USD	0	0	\N	2014-10-10 10:00:56.97688	2014-10-10 10:00:56.97688
1077	3	1	4	301	\N	599	AUD	0	0	\N	2014-10-10 10:00:56.980127	2014-10-10 10:00:56.980127
1078	3	1	4	301	\N	600	CAD	0	0	\N	2014-10-10 10:00:56.98318	2014-10-10 10:00:56.98318
1079	3	1	4	301	\N	601	EUR	0	0	\N	2014-10-10 10:00:56.986156	2014-10-10 10:00:56.986156
1080	3	1	4	301	\N	602	GBP	0	0	\N	2014-10-10 10:00:56.989489	2014-10-10 10:00:56.989489
1081	3	1	4	301	\N	603	USD	0	0	\N	2014-10-10 10:00:56.992829	2014-10-10 10:00:56.992829
1082	3	1	3	301	\N	624	AUD	0	0	\N	2014-10-10 10:00:56.996153	2014-10-10 10:00:56.996153
1083	3	1	3	301	\N	625	CAD	0	0	\N	2014-10-10 10:00:57.000121	2014-10-10 10:00:57.000121
1084	3	1	3	301	\N	626	EUR	0	0	\N	2014-10-10 10:00:57.003921	2014-10-10 10:00:57.003921
1085	3	1	3	301	\N	627	GBP	0	0	\N	2014-10-10 10:00:57.007268	2014-10-10 10:00:57.007268
1086	3	1	3	301	\N	628	USD	0	0	\N	2014-10-10 10:00:57.010426	2014-10-10 10:00:57.010426
1087	3	1	7	301	\N	649	AUD	0	0	\N	2014-10-10 10:00:57.013739	2014-10-10 10:00:57.013739
1088	3	1	7	301	\N	650	CAD	0	0	\N	2014-10-10 10:00:57.017227	2014-10-10 10:00:57.017227
1089	3	1	7	301	\N	651	EUR	0	0	\N	2014-10-10 10:00:57.020429	2014-10-10 10:00:57.020429
1090	3	1	7	301	\N	652	GBP	0	0	\N	2014-10-10 10:00:57.023529	2014-10-10 10:00:57.023529
1091	3	1	7	301	\N	653	USD	0	0	\N	2014-10-10 10:00:57.026745	2014-10-10 10:00:57.026745
1092	3	1	2	301	\N	674	AUD	0	0	\N	2014-10-10 10:00:57.03007	2014-10-10 10:00:57.03007
1093	3	1	2	301	\N	675	CAD	0	0	\N	2014-10-10 10:00:57.033803	2014-10-10 10:00:57.033803
1094	3	1	2	301	\N	676	EUR	0	0	\N	2014-10-10 10:00:57.037441	2014-10-10 10:00:57.037441
1095	3	1	2	301	\N	677	GBP	0	0	\N	2014-10-10 10:00:57.221811	2014-10-10 10:00:57.221811
1096	3	1	2	301	\N	678	USD	0	0	\N	2014-10-10 10:00:57.225704	2014-10-10 10:00:57.225704
1097	3	1	1	301	\N	699	AUD	0	0	\N	2014-10-10 10:00:57.228974	2014-10-10 10:00:57.228974
1098	3	1	1	301	\N	700	CAD	0	0	\N	2014-10-10 10:00:57.23272	2014-10-10 10:00:57.23272
1099	3	1	1	301	\N	701	EUR	0	0	\N	2014-10-10 10:00:57.23671	2014-10-10 10:00:57.23671
1100	3	1	1	301	\N	702	GBP	0	0	\N	2014-10-10 10:00:57.240867	2014-10-10 10:00:57.240867
1101	3	1	1	301	\N	703	USD	0	0	\N	2014-10-10 10:00:57.244236	2014-10-10 10:00:57.244236
1102	2	1	5	301	\N	744	AUD	0	0	\N	2014-10-10 10:00:57.247547	2014-10-10 10:00:57.247547
1103	2	1	5	301	\N	745	CAD	0	0	\N	2014-10-10 10:00:57.250685	2014-10-10 10:00:57.250685
1104	2	1	5	301	\N	746	EUR	0	0	\N	2014-10-10 10:00:57.253946	2014-10-10 10:00:57.253946
1105	2	1	5	301	\N	747	GBP	0	0	\N	2014-10-10 10:00:57.257019	2014-10-10 10:00:57.257019
1106	2	1	5	301	\N	748	USD	0	0	\N	2014-10-10 10:00:57.260359	2014-10-10 10:00:57.260359
1107	2	1	7	301	\N	769	AUD	0	0	\N	2014-10-10 10:00:57.263833	2014-10-10 10:00:57.263833
1108	2	1	7	301	\N	770	CAD	0	0	\N	2014-10-10 10:00:57.266886	2014-10-10 10:00:57.266886
1109	2	1	7	301	\N	771	EUR	0	0	\N	2014-10-10 10:00:57.270107	2014-10-10 10:00:57.270107
1110	2	1	7	301	\N	772	GBP	0	0	\N	2014-10-10 10:00:57.273158	2014-10-10 10:00:57.273158
1111	2	1	7	301	\N	773	USD	0	0	\N	2014-10-10 10:00:57.276334	2014-10-10 10:00:57.276334
1112	2	1	1	301	\N	794	AUD	0	0	\N	2014-10-10 10:00:57.27944	2014-10-10 10:00:57.27944
1113	2	1	1	301	\N	795	CAD	0	0	\N	2014-10-10 10:00:57.282712	2014-10-10 10:00:57.282712
1114	2	1	1	301	\N	796	EUR	0	0	\N	2014-10-10 10:00:57.285976	2014-10-10 10:00:57.285976
1115	2	1	1	301	\N	797	GBP	0	0	\N	2014-10-10 10:00:57.289348	2014-10-10 10:00:57.289348
1116	2	1	1	301	\N	798	USD	0	0	\N	2014-10-10 10:00:57.292912	2014-10-10 10:00:57.292912
1117	4	1	6	301	\N	884	AUD	0	0	\N	2014-10-10 10:00:57.295889	2014-10-10 10:00:57.295889
1118	4	1	6	301	\N	885	CAD	0	0	\N	2014-10-10 10:00:57.298928	2014-10-10 10:00:57.298928
1119	4	1	6	301	\N	886	EUR	0	0	\N	2014-10-10 10:00:57.301945	2014-10-10 10:00:57.301945
1120	4	1	6	301	\N	887	GBP	0	0	\N	2014-10-10 10:00:57.304912	2014-10-10 10:00:57.304912
1121	4	1	6	301	\N	888	USD	0	0	\N	2014-10-10 10:00:57.308905	2014-10-10 10:00:57.308905
1122	4	1	5	301	\N	909	GBP	0	0	\N	2014-10-10 10:00:57.312151	2014-10-10 10:00:57.312151
1123	4	1	5	301	\N	910	EUR	0	0	\N	2014-10-10 10:00:57.315581	2014-10-10 10:00:57.315581
1124	4	1	5	301	\N	911	AUD	0	0	\N	2014-10-10 10:00:57.319028	2014-10-10 10:00:57.319028
1125	4	1	5	301	\N	912	CAD	0	0	\N	2014-10-10 10:00:57.32223	2014-10-10 10:00:57.32223
1126	4	1	5	301	\N	913	USD	0	0	\N	2014-10-10 10:00:57.32584	2014-10-10 10:00:57.32584
1127	4	1	4	301	\N	934	AUD	0	0	\N	2014-10-10 10:00:57.329281	2014-10-10 10:00:57.329281
1128	4	1	4	301	\N	935	CAD	0	0	\N	2014-10-10 10:00:57.332635	2014-10-10 10:00:57.332635
1129	4	1	4	301	\N	936	EUR	0	0	\N	2014-10-10 10:00:57.335813	2014-10-10 10:00:57.335813
1130	4	1	4	301	\N	937	GBP	0	0	\N	2014-10-10 10:00:57.338979	2014-10-10 10:00:57.338979
1131	4	1	4	301	\N	938	USD	0	0	\N	2014-10-10 10:00:57.525568	2014-10-10 10:00:57.525568
1132	4	1	3	301	\N	959	AUD	0	0	\N	2014-10-10 10:00:57.530257	2014-10-10 10:00:57.530257
1133	4	1	3	301	\N	960	CAD	0	0	\N	2014-10-10 10:00:57.533836	2014-10-10 10:00:57.533836
1134	4	1	3	301	\N	961	EUR	0	0	\N	2014-10-10 10:00:57.537256	2014-10-10 10:00:57.537256
1135	4	1	3	301	\N	962	GBP	0	0	\N	2014-10-10 10:00:57.540513	2014-10-10 10:00:57.540513
1136	4	1	3	301	\N	963	USD	0	0	\N	2014-10-10 10:00:57.544211	2014-10-10 10:00:57.544211
1137	4	1	7	301	\N	984	AUD	0	0	\N	2014-10-10 10:00:57.547948	2014-10-10 10:00:57.547948
1138	4	1	7	301	\N	985	CAD	0	0	\N	2014-10-10 10:00:57.551445	2014-10-10 10:00:57.551445
1139	4	1	7	301	\N	986	EUR	0	0	\N	2014-10-10 10:00:57.554804	2014-10-10 10:00:57.554804
1140	4	1	7	301	\N	987	GBP	0	0	\N	2014-10-10 10:00:57.559311	2014-10-10 10:00:57.559311
1141	4	1	7	301	\N	988	USD	0	0	\N	2014-10-10 10:00:57.563308	2014-10-10 10:00:57.563308
1142	4	1	2	301	\N	1009	AUD	0	0	\N	2014-10-10 10:00:57.567063	2014-10-10 10:00:57.567063
1143	4	1	2	301	\N	1010	CAD	0	0	\N	2014-10-10 10:00:57.572811	2014-10-10 10:00:57.572811
1144	4	1	2	301	\N	1011	EUR	0	0	\N	2014-10-10 10:00:57.57828	2014-10-10 10:00:57.57828
1145	4	1	2	301	\N	1012	GBP	0	0	\N	2014-10-10 10:00:57.583332	2014-10-10 10:00:57.583332
1146	4	1	2	301	\N	1013	USD	0	0	\N	2014-10-10 10:00:57.588363	2014-10-10 10:00:57.588363
1147	4	1	1	301	\N	1034	AUD	0	0	\N	2014-10-10 10:00:57.593547	2014-10-10 10:00:57.593547
1148	4	1	1	301	\N	1035	CAD	0	0	\N	2014-10-10 10:00:57.598786	2014-10-10 10:00:57.598786
1149	4	1	1	301	\N	1036	EUR	0	0	\N	2014-10-10 10:00:57.603804	2014-10-10 10:00:57.603804
1150	4	1	1	301	\N	1037	GBP	0	0	\N	2014-10-10 10:00:57.608959	2014-10-10 10:00:57.608959
1151	4	1	1	301	\N	1038	USD	0	0	\N	2014-10-10 10:00:57.613268	2014-10-10 10:00:57.613268
\.


--
-- Name: shipping_fixed_costs_id_seq; Type: SEQUENCE SET; Schema: blurby; Owner: -
--

SELECT pg_catalog.setval('shipping_fixed_costs_id_seq', 1151, true);


--
-- Data for Name: shipping_fixed_page_costs; Type: TABLE DATA; Schema: blurby; Owner: -
--

COPY shipping_fixed_page_costs (id, product_dimension_id, cover_type_id, paper_type_id, shipper_delivery_method_id, price, product_type, currency_id, deleted_at, created_at, updated_at) FROM stdin;
1	9	2	11	58	3	Products::SamsungBook	USD	\N	2014-02-20 11:34:24.323371	2014-02-20 11:34:24.323371
2	3	2	11	58	3	Products::SamsungBook	USD	\N	2014-02-20 11:34:24.332468	2014-02-20 11:34:24.332468
3	3	6	11	58	3	Products::SamsungBook	USD	\N	2014-02-20 11:34:24.337829	2014-02-20 11:34:24.337829
4	9	2	11	58	2	Products::SamsungBook	GBP	\N	2014-02-20 11:34:24.342969	2014-02-20 11:34:24.342969
5	3	2	11	58	2	Products::SamsungBook	GBP	\N	2014-02-20 11:34:24.347811	2014-02-20 11:34:24.347811
6	3	6	11	58	2	Products::SamsungBook	GBP	\N	2014-02-20 11:34:24.353029	2014-02-20 11:34:24.353029
7	9	2	11	58	2	Products::SamsungBook	EUR	\N	2014-02-20 11:34:24.358939	2014-02-20 11:34:24.358939
8	3	2	11	58	2	Products::SamsungBook	EUR	\N	2014-02-20 11:34:24.365131	2014-02-20 11:34:24.365131
9	3	6	11	58	2	Products::SamsungBook	EUR	\N	2014-02-20 11:34:24.53523	2014-02-20 11:34:24.53523
10	9	2	11	58	3	Products::SamsungBook	CAD	\N	2014-02-20 11:34:24.540704	2014-02-20 11:34:24.540704
11	3	2	11	58	3	Products::SamsungBook	CAD	\N	2014-02-20 11:34:24.54579	2014-02-20 11:34:24.54579
12	3	6	11	58	3	Products::SamsungBook	CAD	\N	2014-02-20 11:34:24.550857	2014-02-20 11:34:24.550857
13	9	2	11	58	3	Products::SamsungBook	AUD	\N	2014-02-20 11:34:24.556063	2014-02-20 11:34:24.556063
14	3	2	11	58	3	Products::SamsungBook	AUD	\N	2014-02-20 11:34:24.562001	2014-02-20 11:34:24.562001
15	3	6	11	58	3	Products::SamsungBook	AUD	\N	2014-02-20 11:34:24.568135	2014-02-20 11:34:24.568135
16	9	2	11	58	254	Products::SamsungBook	JPY	\N	2014-02-20 11:34:24.574058	2014-02-20 11:34:24.574058
17	3	2	11	58	254	Products::SamsungBook	JPY	\N	2014-02-20 11:34:24.579103	2014-02-20 11:34:24.579103
18	3	6	11	58	254	Products::SamsungBook	JPY	\N	2014-02-20 11:34:24.583706	2014-02-20 11:34:24.583706
19	9	2	11	26	3224	Products::SamsungBook	KRW	\N	2014-02-20 11:34:24.588446	2014-02-20 11:34:24.588446
20	3	2	11	26	3224	Products::SamsungBook	KRW	\N	2014-02-20 11:34:24.593083	2014-02-20 11:34:24.593083
21	3	6	11	26	3224	Products::SamsungBook	KRW	\N	2014-02-20 11:34:24.597812	2014-02-20 11:34:24.597812
22	8	2	46	58	4	Products::SamsungMagazine	USD	\N	2014-02-20 11:34:24.602875	2014-02-20 11:34:24.602875
23	8	2	46	58	3	Products::SamsungMagazine	GBP	\N	2014-02-20 11:34:24.609091	2014-02-20 11:34:24.609091
24	8	2	46	58	3	Products::SamsungMagazine	EUR	\N	2014-02-20 11:34:24.614169	2014-02-20 11:34:24.614169
25	8	2	46	58	4	Products::SamsungMagazine	CAD	\N	2014-02-20 11:34:24.618744	2014-02-20 11:34:24.618744
26	8	2	46	58	4	Products::SamsungMagazine	AUD	\N	2014-02-20 11:34:24.626078	2014-02-20 11:34:24.626078
27	8	2	46	58	338	Products::SamsungMagazine	JPY	\N	2014-02-20 11:34:24.631357	2014-02-20 11:34:24.631357
28	8	2	46	26	4299	Products::SamsungMagazine	KRW	\N	2014-02-20 11:34:24.636082	2014-02-20 11:34:24.636082
29	3	2	10	58	3	Products::StandardBook	USD	\N	2014-02-20 11:34:24.641472	2014-02-20 11:34:24.641472
30	3	6	10	58	3	Products::StandardBook	USD	\N	2014-02-20 11:34:24.646627	2014-02-20 11:34:24.646627
31	3	2	10	58	1	Products::StandardBook	GBP	\N	2014-02-20 11:34:24.651572	2014-02-20 11:34:24.651572
32	3	6	10	58	1	Products::StandardBook	GBP	\N	2014-02-20 11:34:24.65618	2014-02-20 11:34:24.65618
33	3	2	10	58	2	Products::StandardBook	EUR	\N	2014-02-20 11:34:24.66087	2014-02-20 11:34:24.66087
34	3	6	10	58	2	Products::StandardBook	EUR	\N	2014-02-20 11:34:24.665498	2014-02-20 11:34:24.665498
35	3	2	10	58	2	Products::StandardBook	CAD	\N	2014-02-20 11:34:24.670144	2014-02-20 11:34:24.670144
36	3	6	10	58	4	Products::StandardBook	CAD	\N	2014-02-20 11:34:24.675281	2014-02-20 11:34:24.675281
37	3	2	10	58	2	Products::StandardBook	AUD	\N	2014-02-20 11:34:24.680318	2014-02-20 11:34:24.680318
38	3	6	10	58	4	Products::StandardBook	AUD	\N	2014-02-20 11:34:24.685009	2014-02-20 11:34:24.685009
39	10	2	10	58	3	Products::StandardBook	USD	\N	2014-02-20 11:34:24.689665	2014-02-20 11:34:24.689665
40	10	6	10	58	3	Products::StandardBook	USD	\N	2014-02-20 11:34:24.69499	2014-02-20 11:34:24.69499
41	10	1	10	58	3	Products::StandardBook	USD	\N	2014-02-20 11:34:24.702288	2014-02-20 11:34:24.702288
42	10	2	10	58	1	Products::StandardBook	GBP	\N	2014-02-20 11:34:24.709373	2014-02-20 11:34:24.709373
43	10	6	10	58	1	Products::StandardBook	GBP	\N	2014-02-20 11:34:24.714568	2014-02-20 11:34:24.714568
44	10	1	10	58	1	Products::StandardBook	GBP	\N	2014-02-20 11:34:24.719183	2014-02-20 11:34:24.719183
45	10	2	10	58	2	Products::StandardBook	EUR	\N	2014-02-20 11:34:24.724358	2014-02-20 11:34:24.724358
46	10	6	10	58	2	Products::StandardBook	EUR	\N	2014-02-20 11:34:24.730042	2014-02-20 11:34:24.730042
47	10	1	10	58	2	Products::StandardBook	EUR	\N	2014-02-20 11:34:24.951434	2014-02-20 11:34:24.951434
48	10	2	10	58	2	Products::StandardBook	CAD	\N	2014-02-20 11:34:24.958265	2014-02-20 11:34:24.958265
49	10	6	10	58	4	Products::StandardBook	CAD	\N	2014-02-20 11:34:24.965739	2014-02-20 11:34:24.965739
50	10	1	10	58	4	Products::StandardBook	CAD	\N	2014-02-20 11:34:24.972195	2014-02-20 11:34:24.972195
51	10	2	10	58	2	Products::StandardBook	AUD	\N	2014-02-20 11:34:24.978151	2014-02-20 11:34:24.978151
52	10	6	10	58	4	Products::StandardBook	AUD	\N	2014-02-20 11:34:24.984705	2014-02-20 11:34:24.984705
53	10	1	10	58	4	Products::StandardBook	AUD	\N	2014-02-20 11:34:24.990465	2014-02-20 11:34:24.990465
\.


--
-- Name: shipping_fixed_page_costs_id_seq; Type: SEQUENCE SET; Schema: blurby; Owner: -
--

SELECT pg_catalog.setval('shipping_fixed_page_costs_id_seq', 53, true);


--
-- Data for Name: shipping_options; Type: TABLE DATA; Schema: blurby; Owner: -
--

COPY shipping_options (id, checkout_id, shipper_delivery_method_id, price_in_cents, currency_id, display_name, details_text, markup_cost_in_cents, markup_currency, handling_cost_in_cents, handling_currency, base_cost_in_cents, base_currency, number_of_boxes) FROM stdin;
\.


--
-- Name: shipping_options_id_seq; Type: SEQUENCE SET; Schema: blurby; Owner: -
--

SELECT pg_catalog.setval('shipping_options_id_seq', 1, false);


--
-- Data for Name: shipping_regions; Type: TABLE DATA; Schema: blurby; Owner: -
--

COPY shipping_regions (id, name, default_ship_method_no_po_box_id, sort_order, default_ship_method_po_box_id, preselected_delivery_method_id) FROM stdin;
1	US	2	0	\N	3
2	UK	3	1	\N	\N
3	Euro Top 8 w/ Revisions	3	2	\N	\N
4	Euro All Others w/ Revisions	3	3	\N	\N
5	Canada	3	4	\N	\N
6	Australia	3	5	\N	\N
7	RoW	\N	6	\N	\N
\.


--
-- Name: shipping_regions_id_seq; Type: SEQUENCE SET; Schema: blurby; Owner: -
--

SELECT pg_catalog.setval('shipping_regions_id_seq', 7, true);


--
-- Name: shipping_service_responses_id_seq; Type: SEQUENCE SET; Schema: blurby; Owner: -
--

SELECT pg_catalog.setval('shipping_service_responses_id_seq', 1, false);


--
-- Data for Name: shipping_system_tests; Type: TABLE DATA; Schema: blurby; Owner: -
--

COPY shipping_system_tests (id, order_id, ground_cost, second_day_cost, next_day_cost) FROM stdin;
\.


--
-- Name: shipping_system_tests_id_seq; Type: SEQUENCE SET; Schema: blurby; Owner: -
--

SELECT pg_catalog.setval('shipping_system_tests_id_seq', 1, false);


--
-- Data for Name: shipping_time_in_transits; Type: TABLE DATA; Schema: blurby; Owner: -
--

COPY shipping_time_in_transits (id, shipper_id, printer_id, transit_information_id) FROM stdin;
1	1	14	1
2	2	14	1
3	3	14	1
4	4	14	1
5	5	14	1
6	6	14	1
7	7	14	1
8	8	14	1
9	9	14	1
10	10	14	1
11	1	13	1
12	2	13	1
13	3	13	1
14	4	13	1
15	5	13	1
16	6	13	1
17	7	13	1
18	8	13	1
19	9	13	1
20	10	13	1
21	1	12	1
22	2	12	1
23	3	12	1
24	4	12	1
25	5	12	1
26	6	12	1
27	7	12	1
28	8	12	1
29	9	12	1
30	10	12	1
31	1	8	1
32	2	8	1
33	3	8	1
34	4	8	1
35	5	8	1
36	6	8	1
37	7	8	1
38	8	8	1
39	9	8	1
40	10	8	1
41	1	9	1
42	2	9	1
43	3	9	1
44	4	9	1
45	5	9	1
46	6	9	1
47	7	9	1
48	8	9	1
49	9	9	1
50	10	9	1
51	1	4	1
52	2	4	1
53	3	4	1
54	4	4	1
55	5	4	1
56	6	4	1
57	7	4	1
58	8	4	1
59	9	4	1
60	10	4	1
61	1	6	1
62	2	6	1
63	3	6	1
64	4	6	1
65	5	6	1
66	6	6	1
67	7	6	1
68	8	6	1
69	9	6	1
70	10	6	1
71	1	5	1
72	2	5	1
73	3	5	1
74	4	5	1
75	5	5	1
76	6	5	1
77	7	5	1
78	8	5	1
79	9	5	1
80	10	5	1
81	1	3	1
82	2	3	1
83	3	3	1
84	4	3	1
85	5	3	1
86	6	3	1
87	7	3	1
88	8	3	1
89	9	3	1
90	10	3	1
91	1	11	1
92	2	11	1
93	3	11	1
94	4	11	1
95	5	11	1
96	6	11	1
97	7	11	1
98	8	11	1
99	9	11	1
100	10	11	1
101	1	10	1
102	2	10	1
103	3	10	1
104	4	10	1
105	5	10	1
106	6	10	1
107	7	10	1
108	8	10	1
109	9	10	1
110	10	10	1
111	1	2	1
112	2	2	1
113	3	2	1
114	4	2	1
115	5	2	1
116	6	2	1
117	7	2	1
118	8	2	1
119	9	2	1
120	10	2	1
121	1	1	1
122	2	1	1
123	3	1	1
124	4	1	1
125	5	1	1
126	6	1	1
127	7	1	1
128	8	1	1
129	9	1	1
130	10	1	1
131	1	7	1
132	2	7	1
133	3	7	1
134	4	7	1
135	5	7	1
136	6	7	1
137	7	7	1
138	8	7	1
139	9	7	1
140	10	7	1
141	1	14	2
142	2	14	2
143	3	14	2
144	4	14	2
145	5	14	2
146	6	14	2
147	7	14	2
148	8	14	2
149	9	14	2
150	10	14	2
151	1	13	2
152	2	13	2
153	3	13	2
154	4	13	2
155	5	13	2
156	6	13	2
157	7	13	2
158	8	13	2
159	9	13	2
160	10	13	2
161	1	12	2
162	2	12	2
163	3	12	2
164	4	12	2
165	5	12	2
166	6	12	2
167	7	12	2
168	8	12	2
169	9	12	2
170	10	12	2
171	1	8	2
172	2	8	2
173	3	8	2
174	4	8	2
175	5	8	2
176	6	8	2
177	7	8	2
178	8	8	2
179	9	8	2
180	10	8	2
181	1	9	2
182	2	9	2
183	3	9	2
184	4	9	2
185	5	9	2
186	6	9	2
187	7	9	2
188	8	9	2
189	9	9	2
190	10	9	2
191	1	4	2
192	2	4	2
193	3	4	2
194	4	4	2
195	5	4	2
196	6	4	2
197	7	4	2
198	8	4	2
199	9	4	2
200	10	4	2
201	1	6	2
202	2	6	2
203	3	6	2
204	4	6	2
205	5	6	2
206	6	6	2
207	7	6	2
208	8	6	2
209	9	6	2
210	10	6	2
211	1	5	2
212	2	5	2
213	3	5	2
214	4	5	2
215	5	5	2
216	6	5	2
217	7	5	2
218	8	5	2
219	9	5	2
220	10	5	2
221	1	3	2
222	2	3	2
223	3	3	2
224	4	3	2
225	5	3	2
226	6	3	2
227	7	3	2
228	8	3	2
229	9	3	2
230	10	3	2
231	1	11	2
232	2	11	2
233	3	11	2
234	4	11	2
235	5	11	2
236	6	11	2
237	7	11	2
238	8	11	2
239	9	11	2
240	10	11	2
241	1	10	2
242	2	10	2
243	3	10	2
244	4	10	2
245	5	10	2
246	6	10	2
247	7	10	2
248	8	10	2
249	9	10	2
250	10	10	2
251	1	2	2
252	2	2	2
253	3	2	2
254	4	2	2
255	5	2	2
256	6	2	2
257	7	2	2
258	8	2	2
259	9	2	2
260	10	2	2
261	1	1	2
262	2	1	2
263	3	1	2
264	4	1	2
265	5	1	2
266	6	1	2
267	7	1	2
268	8	1	2
269	9	1	2
270	10	1	2
271	1	7	2
272	2	7	2
273	3	7	2
274	4	7	2
275	5	7	2
276	6	7	2
277	7	7	2
278	8	7	2
279	9	7	2
280	10	7	2
281	1	14	3
282	2	14	3
283	3	14	3
284	4	14	3
285	5	14	3
286	6	14	3
287	7	14	3
288	8	14	3
289	9	14	3
290	10	14	3
291	1	13	3
292	2	13	3
293	3	13	3
294	4	13	3
295	5	13	3
296	6	13	3
297	7	13	3
298	8	13	3
299	9	13	3
300	10	13	3
301	1	12	3
302	2	12	3
303	3	12	3
304	4	12	3
305	5	12	3
306	6	12	3
307	7	12	3
308	8	12	3
309	9	12	3
310	10	12	3
311	1	8	3
312	2	8	3
313	3	8	3
314	4	8	3
315	5	8	3
316	6	8	3
317	7	8	3
318	8	8	3
319	9	8	3
320	10	8	3
321	1	9	3
322	2	9	3
323	3	9	3
324	4	9	3
325	5	9	3
326	6	9	3
327	7	9	3
328	8	9	3
329	9	9	3
330	10	9	3
331	1	4	3
332	2	4	3
333	3	4	3
334	4	4	3
335	5	4	3
336	6	4	3
337	7	4	3
338	8	4	3
339	9	4	3
340	10	4	3
341	1	6	3
342	2	6	3
343	3	6	3
344	4	6	3
345	5	6	3
346	6	6	3
347	7	6	3
348	8	6	3
349	9	6	3
350	10	6	3
351	1	5	3
352	2	5	3
353	3	5	3
354	4	5	3
355	5	5	3
356	6	5	3
357	7	5	3
358	8	5	3
359	9	5	3
360	10	5	3
361	1	3	3
362	2	3	3
363	3	3	3
364	4	3	3
365	5	3	3
366	6	3	3
367	7	3	3
368	8	3	3
369	9	3	3
370	10	3	3
371	1	11	3
372	2	11	3
373	3	11	3
374	4	11	3
375	5	11	3
376	6	11	3
377	7	11	3
378	8	11	3
379	9	11	3
380	10	11	3
381	1	10	3
382	2	10	3
383	3	10	3
384	4	10	3
385	5	10	3
386	6	10	3
387	7	10	3
388	8	10	3
389	9	10	3
390	10	10	3
391	1	2	3
392	2	2	3
393	3	2	3
394	4	2	3
395	5	2	3
396	6	2	3
397	7	2	3
398	8	2	3
399	9	2	3
400	10	2	3
401	1	1	3
402	2	1	3
403	3	1	3
404	4	1	3
405	5	1	3
406	6	1	3
407	7	1	3
408	8	1	3
409	9	1	3
410	10	1	3
411	1	7	3
412	2	7	3
413	3	7	3
414	4	7	3
415	5	7	3
416	6	7	3
417	7	7	3
418	8	7	3
419	9	7	3
420	10	7	3
421	1	14	4
422	2	14	4
423	3	14	4
424	4	14	4
425	5	14	4
426	6	14	4
427	7	14	4
428	8	14	4
429	9	14	4
430	10	14	4
431	1	13	4
432	2	13	4
433	3	13	4
434	4	13	4
435	5	13	4
436	6	13	4
437	7	13	4
438	8	13	4
439	9	13	4
440	10	13	4
441	1	12	4
442	2	12	4
443	3	12	4
444	4	12	4
445	5	12	4
446	6	12	4
447	7	12	4
448	8	12	4
449	9	12	4
450	10	12	4
451	1	8	4
452	2	8	4
453	3	8	4
454	4	8	4
455	5	8	4
456	6	8	4
457	7	8	4
458	8	8	4
459	9	8	4
460	10	8	4
461	1	9	4
462	2	9	4
463	3	9	4
464	4	9	4
465	5	9	4
466	6	9	4
467	7	9	4
468	8	9	4
469	9	9	4
470	10	9	4
471	1	4	4
472	2	4	4
473	3	4	4
474	4	4	4
475	5	4	4
476	6	4	4
477	7	4	4
478	8	4	4
479	9	4	4
480	10	4	4
481	1	6	4
482	2	6	4
483	3	6	4
484	4	6	4
485	5	6	4
486	6	6	4
487	7	6	4
488	8	6	4
489	9	6	4
490	10	6	4
491	1	5	4
492	2	5	4
493	3	5	4
494	4	5	4
495	5	5	4
496	6	5	4
497	7	5	4
498	8	5	4
499	9	5	4
500	10	5	4
501	1	3	4
502	2	3	4
503	3	3	4
504	4	3	4
505	5	3	4
506	6	3	4
507	7	3	4
508	8	3	4
509	9	3	4
510	10	3	4
511	1	11	4
512	2	11	4
513	3	11	4
514	4	11	4
515	5	11	4
516	6	11	4
517	7	11	4
518	8	11	4
519	9	11	4
520	10	11	4
521	1	10	4
522	2	10	4
523	3	10	4
524	4	10	4
525	5	10	4
526	6	10	4
527	7	10	4
528	8	10	4
529	9	10	4
530	10	10	4
531	1	2	4
532	2	2	4
533	3	2	4
534	4	2	4
535	5	2	4
536	6	2	4
537	7	2	4
538	8	2	4
539	9	2	4
540	10	2	4
541	1	1	4
542	2	1	4
543	3	1	4
544	4	1	4
545	5	1	4
546	6	1	4
547	7	1	4
548	8	1	4
549	9	1	4
550	10	1	4
551	1	7	4
552	2	7	4
553	3	7	4
554	4	7	4
555	5	7	4
556	6	7	4
557	7	7	4
558	8	7	4
559	9	7	4
560	10	7	4
561	1	14	5
562	2	14	5
563	3	14	5
564	4	14	5
565	5	14	5
566	6	14	5
567	7	14	5
568	8	14	5
569	9	14	5
570	10	14	5
571	1	13	5
572	2	13	5
573	3	13	5
574	4	13	5
575	5	13	5
576	6	13	5
577	7	13	5
578	8	13	5
579	9	13	5
580	10	13	5
581	1	12	5
582	2	12	5
583	3	12	5
584	4	12	5
585	5	12	5
586	6	12	5
587	7	12	5
588	8	12	5
589	9	12	5
590	10	12	5
591	1	8	5
592	2	8	5
593	3	8	5
594	4	8	5
595	5	8	5
596	6	8	5
597	7	8	5
598	8	8	5
599	9	8	5
600	10	8	5
601	1	9	5
602	2	9	5
603	3	9	5
604	4	9	5
605	5	9	5
606	6	9	5
607	7	9	5
608	8	9	5
609	9	9	5
610	10	9	5
611	1	4	5
612	2	4	5
613	3	4	5
614	4	4	5
615	5	4	5
616	6	4	5
617	7	4	5
618	8	4	5
619	9	4	5
620	10	4	5
621	1	6	5
622	2	6	5
623	3	6	5
624	4	6	5
625	5	6	5
626	6	6	5
627	7	6	5
628	8	6	5
629	9	6	5
630	10	6	5
631	1	5	5
632	2	5	5
633	3	5	5
634	4	5	5
635	5	5	5
636	6	5	5
637	7	5	5
638	8	5	5
639	9	5	5
640	10	5	5
641	1	3	5
642	2	3	5
643	3	3	5
644	4	3	5
645	5	3	5
646	6	3	5
647	7	3	5
648	8	3	5
649	9	3	5
650	10	3	5
651	1	11	5
652	2	11	5
653	3	11	5
654	4	11	5
655	5	11	5
656	6	11	5
657	7	11	5
658	8	11	5
659	9	11	5
660	10	11	5
661	1	10	5
662	2	10	5
663	3	10	5
664	4	10	5
665	5	10	5
666	6	10	5
667	7	10	5
668	8	10	5
669	9	10	5
670	10	10	5
671	1	2	5
672	2	2	5
673	3	2	5
674	4	2	5
675	5	2	5
676	6	2	5
677	7	2	5
678	8	2	5
679	9	2	5
680	10	2	5
681	1	1	5
682	2	1	5
683	3	1	5
684	4	1	5
685	5	1	5
686	6	1	5
687	7	1	5
688	8	1	5
689	9	1	5
690	10	1	5
691	1	7	5
692	2	7	5
693	3	7	5
694	4	7	5
695	5	7	5
696	6	7	5
697	7	7	5
698	8	7	5
699	9	7	5
700	10	7	5
701	1	14	6
702	2	14	6
703	3	14	6
704	4	14	6
705	5	14	6
706	6	14	6
707	7	14	6
708	8	14	6
709	9	14	6
710	10	14	6
711	1	13	6
712	2	13	6
713	3	13	6
714	4	13	6
715	5	13	6
716	6	13	6
717	7	13	6
718	8	13	6
719	9	13	6
720	10	13	6
721	1	12	6
722	2	12	6
723	3	12	6
724	4	12	6
725	5	12	6
726	6	12	6
727	7	12	6
728	8	12	6
729	9	12	6
730	10	12	6
731	1	8	6
732	2	8	6
733	3	8	6
734	4	8	6
735	5	8	6
736	6	8	6
737	7	8	6
738	8	8	6
739	9	8	6
740	10	8	6
741	1	9	6
742	2	9	6
743	3	9	6
744	4	9	6
745	5	9	6
746	6	9	6
747	7	9	6
748	8	9	6
749	9	9	6
750	10	9	6
751	1	4	6
752	2	4	6
753	3	4	6
754	4	4	6
755	5	4	6
756	6	4	6
757	7	4	6
758	8	4	6
759	9	4	6
760	10	4	6
761	1	6	6
762	2	6	6
763	3	6	6
764	4	6	6
765	5	6	6
766	6	6	6
767	7	6	6
768	8	6	6
769	9	6	6
770	10	6	6
771	1	5	6
772	2	5	6
773	3	5	6
774	4	5	6
775	5	5	6
776	6	5	6
777	7	5	6
778	8	5	6
779	9	5	6
780	10	5	6
781	1	3	6
782	2	3	6
783	3	3	6
784	4	3	6
785	5	3	6
786	6	3	6
787	7	3	6
788	8	3	6
789	9	3	6
790	10	3	6
791	1	11	6
792	2	11	6
793	3	11	6
794	4	11	6
795	5	11	6
796	6	11	6
797	7	11	6
798	8	11	6
799	9	11	6
800	10	11	6
801	1	10	6
802	2	10	6
803	3	10	6
804	4	10	6
805	5	10	6
806	6	10	6
807	7	10	6
808	8	10	6
809	9	10	6
810	10	10	6
811	1	2	6
812	2	2	6
813	3	2	6
814	4	2	6
815	5	2	6
816	6	2	6
817	7	2	6
818	8	2	6
819	9	2	6
820	10	2	6
821	1	1	6
822	2	1	6
823	3	1	6
824	4	1	6
825	5	1	6
826	6	1	6
827	7	1	6
828	8	1	6
829	9	1	6
830	10	1	6
831	1	7	6
832	2	7	6
833	3	7	6
834	4	7	6
835	5	7	6
836	6	7	6
837	7	7	6
838	8	7	6
839	9	7	6
840	10	7	6
841	1	14	7
842	2	14	7
843	3	14	7
844	4	14	7
845	5	14	7
846	6	14	7
847	7	14	7
848	8	14	7
849	9	14	7
850	10	14	7
851	1	13	7
852	2	13	7
853	3	13	7
854	4	13	7
855	5	13	7
856	6	13	7
857	7	13	7
858	8	13	7
859	9	13	7
860	10	13	7
861	1	12	7
862	2	12	7
863	3	12	7
864	4	12	7
865	5	12	7
866	6	12	7
867	7	12	7
868	8	12	7
869	9	12	7
870	10	12	7
871	1	8	7
872	2	8	7
873	3	8	7
874	4	8	7
875	5	8	7
876	6	8	7
877	7	8	7
878	8	8	7
879	9	8	7
880	10	8	7
881	1	9	7
882	2	9	7
883	3	9	7
884	4	9	7
885	5	9	7
886	6	9	7
887	7	9	7
888	8	9	7
889	9	9	7
890	10	9	7
891	1	4	7
892	2	4	7
893	3	4	7
894	4	4	7
895	5	4	7
896	6	4	7
897	7	4	7
898	8	4	7
899	9	4	7
900	10	4	7
901	1	6	7
902	2	6	7
903	3	6	7
904	4	6	7
905	5	6	7
906	6	6	7
907	7	6	7
908	8	6	7
909	9	6	7
910	10	6	7
911	1	5	7
912	2	5	7
913	3	5	7
914	4	5	7
915	5	5	7
916	6	5	7
917	7	5	7
918	8	5	7
919	9	5	7
920	10	5	7
921	1	3	7
922	2	3	7
923	3	3	7
924	4	3	7
925	5	3	7
926	6	3	7
927	7	3	7
928	8	3	7
929	9	3	7
930	10	3	7
931	1	11	7
932	2	11	7
933	3	11	7
934	4	11	7
935	5	11	7
936	6	11	7
937	7	11	7
938	8	11	7
939	9	11	7
940	10	11	7
941	1	10	7
942	2	10	7
943	3	10	7
944	4	10	7
945	5	10	7
946	6	10	7
947	7	10	7
948	8	10	7
949	9	10	7
950	10	10	7
951	1	2	7
952	2	2	7
953	3	2	7
954	4	2	7
955	5	2	7
956	6	2	7
957	7	2	7
958	8	2	7
959	9	2	7
960	10	2	7
961	1	1	7
962	2	1	7
963	3	1	7
964	4	1	7
965	5	1	7
966	6	1	7
967	7	1	7
968	8	1	7
969	9	1	7
970	10	1	7
971	1	7	7
972	2	7	7
973	3	7	7
974	4	7	7
975	5	7	7
976	6	7	7
977	7	7	7
978	8	7	7
979	9	7	7
980	10	7	7
981	1	14	8
982	2	14	8
983	3	14	8
984	4	14	8
985	5	14	8
986	6	14	8
987	7	14	8
988	8	14	8
989	9	14	8
990	10	14	8
991	1	13	8
992	2	13	8
993	3	13	8
994	4	13	8
995	5	13	8
996	6	13	8
997	7	13	8
998	8	13	8
999	9	13	8
1000	10	13	8
1001	1	12	8
1002	2	12	8
1003	3	12	8
1004	4	12	8
1005	5	12	8
1006	6	12	8
1007	7	12	8
1008	8	12	8
1009	9	12	8
1010	10	12	8
1011	1	8	8
1012	2	8	8
1013	3	8	8
1014	4	8	8
1015	5	8	8
1016	6	8	8
1017	7	8	8
1018	8	8	8
1019	9	8	8
1020	10	8	8
1021	1	9	8
1022	2	9	8
1023	3	9	8
1024	4	9	8
1025	5	9	8
1026	6	9	8
1027	7	9	8
1028	8	9	8
1029	9	9	8
1030	10	9	8
1031	1	4	8
1032	2	4	8
1033	3	4	8
1034	4	4	8
1035	5	4	8
1036	6	4	8
1037	7	4	8
1038	8	4	8
1039	9	4	8
1040	10	4	8
1041	1	6	8
1042	2	6	8
1043	3	6	8
1044	4	6	8
1045	5	6	8
1046	6	6	8
1047	7	6	8
1048	8	6	8
1049	9	6	8
1050	10	6	8
1051	1	5	8
1052	2	5	8
1053	3	5	8
1054	4	5	8
1055	5	5	8
1056	6	5	8
1057	7	5	8
1058	8	5	8
1059	9	5	8
1060	10	5	8
1061	1	3	8
1062	2	3	8
1063	3	3	8
1064	4	3	8
1065	5	3	8
1066	6	3	8
1067	7	3	8
1068	8	3	8
1069	9	3	8
1070	10	3	8
1071	1	11	8
1072	2	11	8
1073	3	11	8
1074	4	11	8
1075	5	11	8
1076	6	11	8
1077	7	11	8
1078	8	11	8
1079	9	11	8
1080	10	11	8
1081	1	10	8
1082	2	10	8
1083	3	10	8
1084	4	10	8
1085	5	10	8
1086	6	10	8
1087	7	10	8
1088	8	10	8
1089	9	10	8
1090	10	10	8
1091	1	2	8
1092	2	2	8
1093	3	2	8
1094	4	2	8
1095	5	2	8
1096	6	2	8
1097	7	2	8
1098	8	2	8
1099	9	2	8
1100	10	2	8
1101	1	1	8
1102	2	1	8
1103	3	1	8
1104	4	1	8
1105	5	1	8
1106	6	1	8
1107	7	1	8
1108	8	1	8
1109	9	1	8
1110	10	1	8
1111	1	7	8
1112	2	7	8
1113	3	7	8
1114	4	7	8
1115	5	7	8
1116	6	7	8
1117	7	7	8
1118	8	7	8
1119	9	7	8
1120	10	7	8
1121	1	14	9
1122	2	14	9
1123	3	14	9
1124	4	14	9
1125	5	14	9
1126	6	14	9
1127	7	14	9
1128	8	14	9
1129	9	14	9
1130	10	14	9
1131	1	13	9
1132	2	13	9
1133	3	13	9
1134	4	13	9
1135	5	13	9
1136	6	13	9
1137	7	13	9
1138	8	13	9
1139	9	13	9
1140	10	13	9
1141	1	12	9
1142	2	12	9
1143	3	12	9
1144	4	12	9
1145	5	12	9
1146	6	12	9
1147	7	12	9
1148	8	12	9
1149	9	12	9
1150	10	12	9
1151	1	8	9
1152	2	8	9
1153	3	8	9
1154	4	8	9
1155	5	8	9
1156	6	8	9
1157	7	8	9
1158	8	8	9
1159	9	8	9
1160	10	8	9
1161	1	9	9
1162	2	9	9
1163	3	9	9
1164	4	9	9
1165	5	9	9
1166	6	9	9
1167	7	9	9
1168	8	9	9
1169	9	9	9
1170	10	9	9
1171	1	4	9
1172	2	4	9
1173	3	4	9
1174	4	4	9
1175	5	4	9
1176	6	4	9
1177	7	4	9
1178	8	4	9
1179	9	4	9
1180	10	4	9
1181	1	6	9
1182	2	6	9
1183	3	6	9
1184	4	6	9
1185	5	6	9
1186	6	6	9
1187	7	6	9
1188	8	6	9
1189	9	6	9
1190	10	6	9
1191	1	5	9
1192	2	5	9
1193	3	5	9
1194	4	5	9
1195	5	5	9
1196	6	5	9
1197	7	5	9
1198	8	5	9
1199	9	5	9
1200	10	5	9
1201	1	3	9
1202	2	3	9
1203	3	3	9
1204	4	3	9
1205	5	3	9
1206	6	3	9
1207	7	3	9
1208	8	3	9
1209	9	3	9
1210	10	3	9
1211	1	11	9
1212	2	11	9
1213	3	11	9
1214	4	11	9
1215	5	11	9
1216	6	11	9
1217	7	11	9
1218	8	11	9
1219	9	11	9
1220	10	11	9
1221	1	10	9
1222	2	10	9
1223	3	10	9
1224	4	10	9
1225	5	10	9
1226	6	10	9
1227	7	10	9
1228	8	10	9
1229	9	10	9
1230	10	10	9
1231	1	2	9
1232	2	2	9
1233	3	2	9
1234	4	2	9
1235	5	2	9
1236	6	2	9
1237	7	2	9
1238	8	2	9
1239	9	2	9
1240	10	2	9
1241	1	1	9
1242	2	1	9
1243	3	1	9
1244	4	1	9
1245	5	1	9
1246	6	1	9
1247	7	1	9
1248	8	1	9
1249	9	1	9
1250	10	1	9
1251	1	7	9
1252	2	7	9
1253	3	7	9
1254	4	7	9
1255	5	7	9
1256	6	7	9
1257	7	7	9
1258	8	7	9
1259	9	7	9
1260	10	7	9
1261	1	14	10
1262	2	14	10
1263	3	14	10
1264	4	14	10
1265	5	14	10
1266	6	14	10
1267	7	14	10
1268	8	14	10
1269	9	14	10
1270	10	14	10
1271	1	13	10
1272	2	13	10
1273	3	13	10
1274	4	13	10
1275	5	13	10
1276	6	13	10
1277	7	13	10
1278	8	13	10
1279	9	13	10
1280	10	13	10
1281	1	12	10
1282	2	12	10
1283	3	12	10
1284	4	12	10
1285	5	12	10
1286	6	12	10
1287	7	12	10
1288	8	12	10
1289	9	12	10
1290	10	12	10
1291	1	8	10
1292	2	8	10
1293	3	8	10
1294	4	8	10
1295	5	8	10
1296	6	8	10
1297	7	8	10
1298	8	8	10
1299	9	8	10
1300	10	8	10
1301	1	9	10
1302	2	9	10
1303	3	9	10
1304	4	9	10
1305	5	9	10
1306	6	9	10
1307	7	9	10
1308	8	9	10
1309	9	9	10
1310	10	9	10
1311	1	4	10
1312	2	4	10
1313	3	4	10
1314	4	4	10
1315	5	4	10
1316	6	4	10
1317	7	4	10
1318	8	4	10
1319	9	4	10
1320	10	4	10
1321	1	6	10
1322	2	6	10
1323	3	6	10
1324	4	6	10
1325	5	6	10
1326	6	6	10
1327	7	6	10
1328	8	6	10
1329	9	6	10
1330	10	6	10
1331	1	5	10
1332	2	5	10
1333	3	5	10
1334	4	5	10
1335	5	5	10
1336	6	5	10
1337	7	5	10
1338	8	5	10
1339	9	5	10
1340	10	5	10
1341	1	3	10
1342	2	3	10
1343	3	3	10
1344	4	3	10
1345	5	3	10
1346	6	3	10
1347	7	3	10
1348	8	3	10
1349	9	3	10
1350	10	3	10
1351	1	11	10
1352	2	11	10
1353	3	11	10
1354	4	11	10
1355	5	11	10
1356	6	11	10
1357	7	11	10
1358	8	11	10
1359	9	11	10
1360	10	11	10
1361	1	10	10
1362	2	10	10
1363	3	10	10
1364	4	10	10
1365	5	10	10
1366	6	10	10
1367	7	10	10
1368	8	10	10
1369	9	10	10
1370	10	10	10
1371	1	2	10
1372	2	2	10
1373	3	2	10
1374	4	2	10
1375	5	2	10
1376	6	2	10
1377	7	2	10
1378	8	2	10
1379	9	2	10
1380	10	2	10
1381	1	1	10
1382	2	1	10
1383	3	1	10
1384	4	1	10
1385	5	1	10
1386	6	1	10
1387	7	1	10
1388	8	1	10
1389	9	1	10
1390	10	1	10
1391	1	7	10
1392	2	7	10
1393	3	7	10
1394	4	7	10
1395	5	7	10
1396	6	7	10
1397	7	7	10
1398	8	7	10
1399	9	7	10
1400	10	7	10
1401	1	14	11
1402	2	14	11
1403	3	14	11
1404	4	14	11
1405	5	14	11
1406	6	14	11
1407	7	14	11
1408	8	14	11
1409	9	14	11
1410	10	14	11
1411	1	13	11
1412	2	13	11
1413	3	13	11
1414	4	13	11
1415	5	13	11
1416	6	13	11
1417	7	13	11
1418	8	13	11
1419	9	13	11
1420	10	13	11
1421	1	12	11
1422	2	12	11
1423	3	12	11
1424	4	12	11
1425	5	12	11
1426	6	12	11
1427	7	12	11
1428	8	12	11
1429	9	12	11
1430	10	12	11
1431	1	8	11
1432	2	8	11
1433	3	8	11
1434	4	8	11
1435	5	8	11
1436	6	8	11
1437	7	8	11
1438	8	8	11
1439	9	8	11
1440	10	8	11
1441	1	9	11
1442	2	9	11
1443	3	9	11
1444	4	9	11
1445	5	9	11
1446	6	9	11
1447	7	9	11
1448	8	9	11
1449	9	9	11
1450	10	9	11
1451	1	4	11
1452	2	4	11
1453	3	4	11
1454	4	4	11
1455	5	4	11
1456	6	4	11
1457	7	4	11
1458	8	4	11
1459	9	4	11
1460	10	4	11
1461	1	6	11
1462	2	6	11
1463	3	6	11
1464	4	6	11
1465	5	6	11
1466	6	6	11
1467	7	6	11
1468	8	6	11
1469	9	6	11
1470	10	6	11
1471	1	5	11
1472	2	5	11
1473	3	5	11
1474	4	5	11
1475	5	5	11
1476	6	5	11
1477	7	5	11
1478	8	5	11
1479	9	5	11
1480	10	5	11
1481	1	3	11
1482	2	3	11
1483	3	3	11
1484	4	3	11
1485	5	3	11
1486	6	3	11
1487	7	3	11
1488	8	3	11
1489	9	3	11
1490	10	3	11
1491	1	11	11
1492	2	11	11
1493	3	11	11
1494	4	11	11
1495	5	11	11
1496	6	11	11
1497	7	11	11
1498	8	11	11
1499	9	11	11
1500	10	11	11
1501	1	10	11
1502	2	10	11
1503	3	10	11
1504	4	10	11
1505	5	10	11
1506	6	10	11
1507	7	10	11
1508	8	10	11
1509	9	10	11
1510	10	10	11
1511	1	2	11
1512	2	2	11
1513	3	2	11
1514	4	2	11
1515	5	2	11
1516	6	2	11
1517	7	2	11
1518	8	2	11
1519	9	2	11
1520	10	2	11
1521	1	1	11
1522	2	1	11
1523	3	1	11
1524	4	1	11
1525	5	1	11
1526	6	1	11
1527	7	1	11
1528	8	1	11
1529	9	1	11
1530	10	1	11
1531	1	7	11
1532	2	7	11
1533	3	7	11
1534	4	7	11
1535	5	7	11
1536	6	7	11
1537	7	7	11
1538	8	7	11
1539	9	7	11
1540	10	7	11
1541	1	14	12
1542	2	14	12
1543	3	14	12
1544	4	14	12
1545	5	14	12
1546	6	14	12
1547	7	14	12
1548	8	14	12
1549	9	14	12
1550	10	14	12
1551	1	13	12
1552	2	13	12
1553	3	13	12
1554	4	13	12
1555	5	13	12
1556	6	13	12
1557	7	13	12
1558	8	13	12
1559	9	13	12
1560	10	13	12
1561	1	12	12
1562	2	12	12
1563	3	12	12
1564	4	12	12
1565	5	12	12
1566	6	12	12
1567	7	12	12
1568	8	12	12
1569	9	12	12
1570	10	12	12
1571	1	8	12
1572	2	8	12
1573	3	8	12
1574	4	8	12
1575	5	8	12
1576	6	8	12
1577	7	8	12
1578	8	8	12
1579	9	8	12
1580	10	8	12
1581	1	9	12
1582	2	9	12
1583	3	9	12
1584	4	9	12
1585	5	9	12
1586	6	9	12
1587	7	9	12
1588	8	9	12
1589	9	9	12
1590	10	9	12
1591	1	4	12
1592	2	4	12
1593	3	4	12
1594	4	4	12
1595	5	4	12
1596	6	4	12
1597	7	4	12
1598	8	4	12
1599	9	4	12
1600	10	4	12
1601	1	6	12
1602	2	6	12
1603	3	6	12
1604	4	6	12
1605	5	6	12
1606	6	6	12
1607	7	6	12
1608	8	6	12
1609	9	6	12
1610	10	6	12
1611	1	5	12
1612	2	5	12
1613	3	5	12
1614	4	5	12
1615	5	5	12
1616	6	5	12
1617	7	5	12
1618	8	5	12
1619	9	5	12
1620	10	5	12
1621	1	3	12
1622	2	3	12
1623	3	3	12
1624	4	3	12
1625	5	3	12
1626	6	3	12
1627	7	3	12
1628	8	3	12
1629	9	3	12
1630	10	3	12
1631	1	11	12
1632	2	11	12
1633	3	11	12
1634	4	11	12
1635	5	11	12
1636	6	11	12
1637	7	11	12
1638	8	11	12
1639	9	11	12
1640	10	11	12
1641	1	10	12
1642	2	10	12
1643	3	10	12
1644	4	10	12
1645	5	10	12
1646	6	10	12
1647	7	10	12
1648	8	10	12
1649	9	10	12
1650	10	10	12
1651	1	2	12
1652	2	2	12
1653	3	2	12
1654	4	2	12
1655	5	2	12
1656	6	2	12
1657	7	2	12
1658	8	2	12
1659	9	2	12
1660	10	2	12
1661	1	1	12
1662	2	1	12
1663	3	1	12
1664	4	1	12
1665	5	1	12
1666	6	1	12
1667	7	1	12
1668	8	1	12
1669	9	1	12
1670	10	1	12
1671	1	7	12
1672	2	7	12
1673	3	7	12
1674	4	7	12
1675	5	7	12
1676	6	7	12
1677	7	7	12
1678	8	7	12
1679	9	7	12
1680	10	7	12
1681	1	14	13
1682	2	14	13
1683	3	14	13
1684	4	14	13
1685	5	14	13
1686	6	14	13
1687	7	14	13
1688	8	14	13
1689	9	14	13
1690	10	14	13
1691	1	13	13
1692	2	13	13
1693	3	13	13
1694	4	13	13
1695	5	13	13
1696	6	13	13
1697	7	13	13
1698	8	13	13
1699	9	13	13
1700	10	13	13
1701	1	12	13
1702	2	12	13
1703	3	12	13
1704	4	12	13
1705	5	12	13
1706	6	12	13
1707	7	12	13
1708	8	12	13
1709	9	12	13
1710	10	12	13
1711	1	8	13
1712	2	8	13
1713	3	8	13
1714	4	8	13
1715	5	8	13
1716	6	8	13
1717	7	8	13
1718	8	8	13
1719	9	8	13
1720	10	8	13
1721	1	9	13
1722	2	9	13
1723	3	9	13
1724	4	9	13
1725	5	9	13
1726	6	9	13
1727	7	9	13
1728	8	9	13
1729	9	9	13
1730	10	9	13
1731	1	4	13
1732	2	4	13
1733	3	4	13
1734	4	4	13
1735	5	4	13
1736	6	4	13
1737	7	4	13
1738	8	4	13
1739	9	4	13
1740	10	4	13
1741	1	6	13
1742	2	6	13
1743	3	6	13
1744	4	6	13
1745	5	6	13
1746	6	6	13
1747	7	6	13
1748	8	6	13
1749	9	6	13
1750	10	6	13
1751	1	5	13
1752	2	5	13
1753	3	5	13
1754	4	5	13
1755	5	5	13
1756	6	5	13
1757	7	5	13
1758	8	5	13
1759	9	5	13
1760	10	5	13
1761	1	3	13
1762	2	3	13
1763	3	3	13
1764	4	3	13
1765	5	3	13
1766	6	3	13
1767	7	3	13
1768	8	3	13
1769	9	3	13
1770	10	3	13
1771	1	11	13
1772	2	11	13
1773	3	11	13
1774	4	11	13
1775	5	11	13
1776	6	11	13
1777	7	11	13
1778	8	11	13
1779	9	11	13
1780	10	11	13
1781	1	10	13
1782	2	10	13
1783	3	10	13
1784	4	10	13
1785	5	10	13
1786	6	10	13
1787	7	10	13
1788	8	10	13
1789	9	10	13
1790	10	10	13
1791	1	2	13
1792	2	2	13
1793	3	2	13
1794	4	2	13
1795	5	2	13
1796	6	2	13
1797	7	2	13
1798	8	2	13
1799	9	2	13
1800	10	2	13
1801	1	1	13
1802	2	1	13
1803	3	1	13
1804	4	1	13
1805	5	1	13
1806	6	1	13
1807	7	1	13
1808	8	1	13
1809	9	1	13
1810	10	1	13
1811	1	7	13
1812	2	7	13
1813	3	7	13
1814	4	7	13
1815	5	7	13
1816	6	7	13
1817	7	7	13
1818	8	7	13
1819	9	7	13
1820	10	7	13
1821	1	14	14
1822	2	14	14
1823	3	14	14
1824	4	14	14
1825	5	14	14
1826	6	14	14
1827	7	14	14
1828	8	14	14
1829	9	14	14
1830	10	14	14
1831	1	13	14
1832	2	13	14
1833	3	13	14
1834	4	13	14
1835	5	13	14
1836	6	13	14
1837	7	13	14
1838	8	13	14
1839	9	13	14
1840	10	13	14
1841	1	12	14
1842	2	12	14
1843	3	12	14
1844	4	12	14
1845	5	12	14
1846	6	12	14
1847	7	12	14
1848	8	12	14
1849	9	12	14
1850	10	12	14
1851	1	8	14
1852	2	8	14
1853	3	8	14
1854	4	8	14
1855	5	8	14
1856	6	8	14
1857	7	8	14
1858	8	8	14
1859	9	8	14
1860	10	8	14
1861	1	9	14
1862	2	9	14
1863	3	9	14
1864	4	9	14
1865	5	9	14
1866	6	9	14
1867	7	9	14
1868	8	9	14
1869	9	9	14
1870	10	9	14
1871	1	4	14
1872	2	4	14
1873	3	4	14
1874	4	4	14
1875	5	4	14
1876	6	4	14
1877	7	4	14
1878	8	4	14
1879	9	4	14
1880	10	4	14
1881	1	6	14
1882	2	6	14
1883	3	6	14
1884	4	6	14
1885	5	6	14
1886	6	6	14
1887	7	6	14
1888	8	6	14
1889	9	6	14
1890	10	6	14
1891	1	5	14
1892	2	5	14
1893	3	5	14
1894	4	5	14
1895	5	5	14
1896	6	5	14
1897	7	5	14
1898	8	5	14
1899	9	5	14
1900	10	5	14
1901	1	3	14
1902	2	3	14
1903	3	3	14
1904	4	3	14
1905	5	3	14
1906	6	3	14
1907	7	3	14
1908	8	3	14
1909	9	3	14
1910	10	3	14
1911	1	11	14
1912	2	11	14
1913	3	11	14
1914	4	11	14
1915	5	11	14
1916	6	11	14
1917	7	11	14
1918	8	11	14
1919	9	11	14
1920	10	11	14
1921	1	10	14
1922	2	10	14
1923	3	10	14
1924	4	10	14
1925	5	10	14
1926	6	10	14
1927	7	10	14
1928	8	10	14
1929	9	10	14
1930	10	10	14
1931	1	2	14
1932	2	2	14
1933	3	2	14
1934	4	2	14
1935	5	2	14
1936	6	2	14
1937	7	2	14
1938	8	2	14
1939	9	2	14
1940	10	2	14
1941	1	1	14
1942	2	1	14
1943	3	1	14
1944	4	1	14
1945	5	1	14
1946	6	1	14
1947	7	1	14
1948	8	1	14
1949	9	1	14
1950	10	1	14
1951	1	7	14
1952	2	7	14
1953	3	7	14
1954	4	7	14
1955	5	7	14
1956	6	7	14
1957	7	7	14
1958	8	7	14
1959	9	7	14
1960	10	7	14
1961	1	14	15
1962	2	14	15
1963	3	14	15
1964	4	14	15
1965	5	14	15
1966	6	14	15
1967	7	14	15
1968	8	14	15
1969	9	14	15
1970	10	14	15
1971	1	13	15
1972	2	13	15
1973	3	13	15
1974	4	13	15
1975	5	13	15
1976	6	13	15
1977	7	13	15
1978	8	13	15
1979	9	13	15
1980	10	13	15
1981	1	12	15
1982	2	12	15
1983	3	12	15
1984	4	12	15
1985	5	12	15
1986	6	12	15
1987	7	12	15
1988	8	12	15
1989	9	12	15
1990	10	12	15
1991	1	8	15
1992	2	8	15
1993	3	8	15
1994	4	8	15
1995	5	8	15
1996	6	8	15
1997	7	8	15
1998	8	8	15
1999	9	8	15
2000	10	8	15
2001	1	9	15
2002	2	9	15
2003	3	9	15
2004	4	9	15
2005	5	9	15
2006	6	9	15
2007	7	9	15
2008	8	9	15
2009	9	9	15
2010	10	9	15
2011	1	4	15
2012	2	4	15
2013	3	4	15
2014	4	4	15
2015	5	4	15
2016	6	4	15
2017	7	4	15
2018	8	4	15
2019	9	4	15
2020	10	4	15
2021	1	6	15
2022	2	6	15
2023	3	6	15
2024	4	6	15
2025	5	6	15
2026	6	6	15
2027	7	6	15
2028	8	6	15
2029	9	6	15
2030	10	6	15
2031	1	5	15
2032	2	5	15
2033	3	5	15
2034	4	5	15
2035	5	5	15
2036	6	5	15
2037	7	5	15
2038	8	5	15
2039	9	5	15
2040	10	5	15
2041	1	3	15
2042	2	3	15
2043	3	3	15
2044	4	3	15
2045	5	3	15
2046	6	3	15
2047	7	3	15
2048	8	3	15
2049	9	3	15
2050	10	3	15
2051	1	11	15
2052	2	11	15
2053	3	11	15
2054	4	11	15
2055	5	11	15
2056	6	11	15
2057	7	11	15
2058	8	11	15
2059	9	11	15
2060	10	11	15
2061	1	10	15
2062	2	10	15
2063	3	10	15
2064	4	10	15
2065	5	10	15
2066	6	10	15
2067	7	10	15
2068	8	10	15
2069	9	10	15
2070	10	10	15
2071	1	2	15
2072	2	2	15
2073	3	2	15
2074	4	2	15
2075	5	2	15
2076	6	2	15
2077	7	2	15
2078	8	2	15
2079	9	2	15
2080	10	2	15
2081	1	1	15
2082	2	1	15
2083	3	1	15
2084	4	1	15
2085	5	1	15
2086	6	1	15
2087	7	1	15
2088	8	1	15
2089	9	1	15
2090	10	1	15
2091	1	7	15
2092	2	7	15
2093	3	7	15
2094	4	7	15
2095	5	7	15
2096	6	7	15
2097	7	7	15
2098	8	7	15
2099	9	7	15
2100	10	7	15
2101	1	14	16
2102	2	14	16
2103	3	14	16
2104	4	14	16
2105	5	14	16
2106	6	14	16
2107	7	14	16
2108	8	14	16
2109	9	14	16
2110	10	14	16
2111	1	13	16
2112	2	13	16
2113	3	13	16
2114	4	13	16
2115	5	13	16
2116	6	13	16
2117	7	13	16
2118	8	13	16
2119	9	13	16
2120	10	13	16
2121	1	12	16
2122	2	12	16
2123	3	12	16
2124	4	12	16
2125	5	12	16
2126	6	12	16
2127	7	12	16
2128	8	12	16
2129	9	12	16
2130	10	12	16
2131	1	8	16
2132	2	8	16
2133	3	8	16
2134	4	8	16
2135	5	8	16
2136	6	8	16
2137	7	8	16
2138	8	8	16
2139	9	8	16
2140	10	8	16
2141	1	9	16
2142	2	9	16
2143	3	9	16
2144	4	9	16
2145	5	9	16
2146	6	9	16
2147	7	9	16
2148	8	9	16
2149	9	9	16
2150	10	9	16
2151	1	4	16
2152	2	4	16
2153	3	4	16
2154	4	4	16
2155	5	4	16
2156	6	4	16
2157	7	4	16
2158	8	4	16
2159	9	4	16
2160	10	4	16
2161	1	6	16
2162	2	6	16
2163	3	6	16
2164	4	6	16
2165	5	6	16
2166	6	6	16
2167	7	6	16
2168	8	6	16
2169	9	6	16
2170	10	6	16
2171	1	5	16
2172	2	5	16
2173	3	5	16
2174	4	5	16
2175	5	5	16
2176	6	5	16
2177	7	5	16
2178	8	5	16
2179	9	5	16
2180	10	5	16
2181	1	3	16
2182	2	3	16
2183	3	3	16
2184	4	3	16
2185	5	3	16
2186	6	3	16
2187	7	3	16
2188	8	3	16
2189	9	3	16
2190	10	3	16
2191	1	11	16
2192	2	11	16
2193	3	11	16
2194	4	11	16
2195	5	11	16
2196	6	11	16
2197	7	11	16
2198	8	11	16
2199	9	11	16
2200	10	11	16
2201	1	10	16
2202	2	10	16
2203	3	10	16
2204	4	10	16
2205	5	10	16
2206	6	10	16
2207	7	10	16
2208	8	10	16
2209	9	10	16
2210	10	10	16
2211	1	2	16
2212	2	2	16
2213	3	2	16
2214	4	2	16
2215	5	2	16
2216	6	2	16
2217	7	2	16
2218	8	2	16
2219	9	2	16
2220	10	2	16
2221	1	1	16
2222	2	1	16
2223	3	1	16
2224	4	1	16
2225	5	1	16
2226	6	1	16
2227	7	1	16
2228	8	1	16
2229	9	1	16
2230	10	1	16
2231	1	7	16
2232	2	7	16
2233	3	7	16
2234	4	7	16
2235	5	7	16
2236	6	7	16
2237	7	7	16
2238	8	7	16
2239	9	7	16
2240	10	7	16
2241	1	14	17
2242	2	14	17
2243	3	14	17
2244	4	14	17
2245	5	14	17
2246	6	14	17
2247	7	14	17
2248	8	14	17
2249	9	14	17
2250	10	14	17
2251	1	13	17
2252	2	13	17
2253	3	13	17
2254	4	13	17
2255	5	13	17
2256	6	13	17
2257	7	13	17
2258	8	13	17
2259	9	13	17
2260	10	13	17
2261	1	12	17
2262	2	12	17
2263	3	12	17
2264	4	12	17
2265	5	12	17
2266	6	12	17
2267	7	12	17
2268	8	12	17
2269	9	12	17
2270	10	12	17
2271	1	8	17
2272	2	8	17
2273	3	8	17
2274	4	8	17
2275	5	8	17
2276	6	8	17
2277	7	8	17
2278	8	8	17
2279	9	8	17
2280	10	8	17
2281	1	9	17
2282	2	9	17
2283	3	9	17
2284	4	9	17
2285	5	9	17
2286	6	9	17
2287	7	9	17
2288	8	9	17
2289	9	9	17
2290	10	9	17
2291	1	4	17
2292	2	4	17
2293	3	4	17
2294	4	4	17
2295	5	4	17
2296	6	4	17
2297	7	4	17
2298	8	4	17
2299	9	4	17
2300	10	4	17
2301	1	6	17
2302	2	6	17
2303	3	6	17
2304	4	6	17
2305	5	6	17
2306	6	6	17
2307	7	6	17
2308	8	6	17
2309	9	6	17
2310	10	6	17
2311	1	5	17
2312	2	5	17
2313	3	5	17
2314	4	5	17
2315	5	5	17
2316	6	5	17
2317	7	5	17
2318	8	5	17
2319	9	5	17
2320	10	5	17
2321	1	3	17
2322	2	3	17
2323	3	3	17
2324	4	3	17
2325	5	3	17
2326	6	3	17
2327	7	3	17
2328	8	3	17
2329	9	3	17
2330	10	3	17
2331	1	11	17
2332	2	11	17
2333	3	11	17
2334	4	11	17
2335	5	11	17
2336	6	11	17
2337	7	11	17
2338	8	11	17
2339	9	11	17
2340	10	11	17
2341	1	10	17
2342	2	10	17
2343	3	10	17
2344	4	10	17
2345	5	10	17
2346	6	10	17
2347	7	10	17
2348	8	10	17
2349	9	10	17
2350	10	10	17
2351	1	2	17
2352	2	2	17
2353	3	2	17
2354	4	2	17
2355	5	2	17
2356	6	2	17
2357	7	2	17
2358	8	2	17
2359	9	2	17
2360	10	2	17
2361	1	1	17
2362	2	1	17
2363	3	1	17
2364	4	1	17
2365	5	1	17
2366	6	1	17
2367	7	1	17
2368	8	1	17
2369	9	1	17
2370	10	1	17
2371	1	7	17
2372	2	7	17
2373	3	7	17
2374	4	7	17
2375	5	7	17
2376	6	7	17
2377	7	7	17
2378	8	7	17
2379	9	7	17
2380	10	7	17
2381	1	14	18
2382	2	14	18
2383	3	14	18
2384	4	14	18
2385	5	14	18
2386	6	14	18
2387	7	14	18
2388	8	14	18
2389	9	14	18
2390	10	14	18
2391	1	13	18
2392	2	13	18
2393	3	13	18
2394	4	13	18
2395	5	13	18
2396	6	13	18
2397	7	13	18
2398	8	13	18
2399	9	13	18
2400	10	13	18
2401	1	12	18
2402	2	12	18
2403	3	12	18
2404	4	12	18
2405	5	12	18
2406	6	12	18
2407	7	12	18
2408	8	12	18
2409	9	12	18
2410	10	12	18
2411	1	8	18
2412	2	8	18
2413	3	8	18
2414	4	8	18
2415	5	8	18
2416	6	8	18
2417	7	8	18
2418	8	8	18
2419	9	8	18
2420	10	8	18
2421	1	9	18
2422	2	9	18
2423	3	9	18
2424	4	9	18
2425	5	9	18
2426	6	9	18
2427	7	9	18
2428	8	9	18
2429	9	9	18
2430	10	9	18
2431	1	4	18
2432	2	4	18
2433	3	4	18
2434	4	4	18
2435	5	4	18
2436	6	4	18
2437	7	4	18
2438	8	4	18
2439	9	4	18
2440	10	4	18
2441	1	6	18
2442	2	6	18
2443	3	6	18
2444	4	6	18
2445	5	6	18
2446	6	6	18
2447	7	6	18
2448	8	6	18
2449	9	6	18
2450	10	6	18
2451	1	5	18
2452	2	5	18
2453	3	5	18
2454	4	5	18
2455	5	5	18
2456	6	5	18
2457	7	5	18
2458	8	5	18
2459	9	5	18
2460	10	5	18
2461	1	3	18
2462	2	3	18
2463	3	3	18
2464	4	3	18
2465	5	3	18
2466	6	3	18
2467	7	3	18
2468	8	3	18
2469	9	3	18
2470	10	3	18
2471	1	11	18
2472	2	11	18
2473	3	11	18
2474	4	11	18
2475	5	11	18
2476	6	11	18
2477	7	11	18
2478	8	11	18
2479	9	11	18
2480	10	11	18
2481	1	10	18
2482	2	10	18
2483	3	10	18
2484	4	10	18
2485	5	10	18
2486	6	10	18
2487	7	10	18
2488	8	10	18
2489	9	10	18
2490	10	10	18
2491	1	2	18
2492	2	2	18
2493	3	2	18
2494	4	2	18
2495	5	2	18
2496	6	2	18
2497	7	2	18
2498	8	2	18
2499	9	2	18
2500	10	2	18
2501	1	1	18
2502	2	1	18
2503	3	1	18
2504	4	1	18
2505	5	1	18
2506	6	1	18
2507	7	1	18
2508	8	1	18
2509	9	1	18
2510	10	1	18
2511	1	7	18
2512	2	7	18
2513	3	7	18
2514	4	7	18
2515	5	7	18
2516	6	7	18
2517	7	7	18
2518	8	7	18
2519	9	7	18
2520	10	7	18
2521	1	14	19
2522	2	14	19
2523	3	14	19
2524	4	14	19
2525	5	14	19
2526	6	14	19
2527	7	14	19
2528	8	14	19
2529	9	14	19
2530	10	14	19
2531	1	13	19
2532	2	13	19
2533	3	13	19
2534	4	13	19
2535	5	13	19
2536	6	13	19
2537	7	13	19
2538	8	13	19
2539	9	13	19
2540	10	13	19
2541	1	12	19
2542	2	12	19
2543	3	12	19
2544	4	12	19
2545	5	12	19
2546	6	12	19
2547	7	12	19
2548	8	12	19
2549	9	12	19
2550	10	12	19
2551	1	8	19
2552	2	8	19
2553	3	8	19
2554	4	8	19
2555	5	8	19
2556	6	8	19
2557	7	8	19
2558	8	8	19
2559	9	8	19
2560	10	8	19
2561	1	9	19
2562	2	9	19
2563	3	9	19
2564	4	9	19
2565	5	9	19
2566	6	9	19
2567	7	9	19
2568	8	9	19
2569	9	9	19
2570	10	9	19
2571	1	4	19
2572	2	4	19
2573	3	4	19
2574	4	4	19
2575	5	4	19
2576	6	4	19
2577	7	4	19
2578	8	4	19
2579	9	4	19
2580	10	4	19
2581	1	6	19
2582	2	6	19
2583	3	6	19
2584	4	6	19
2585	5	6	19
2586	6	6	19
2587	7	6	19
2588	8	6	19
2589	9	6	19
2590	10	6	19
2591	1	5	19
2592	2	5	19
2593	3	5	19
2594	4	5	19
2595	5	5	19
2596	6	5	19
2597	7	5	19
2598	8	5	19
2599	9	5	19
2600	10	5	19
2601	1	3	19
2602	2	3	19
2603	3	3	19
2604	4	3	19
2605	5	3	19
2606	6	3	19
2607	7	3	19
2608	8	3	19
2609	9	3	19
2610	10	3	19
2611	1	11	19
2612	2	11	19
2613	3	11	19
2614	4	11	19
2615	5	11	19
2616	6	11	19
2617	7	11	19
2618	8	11	19
2619	9	11	19
2620	10	11	19
2621	1	10	19
2622	2	10	19
2623	3	10	19
2624	4	10	19
2625	5	10	19
2626	6	10	19
2627	7	10	19
2628	8	10	19
2629	9	10	19
2630	10	10	19
2631	1	2	19
2632	2	2	19
2633	3	2	19
2634	4	2	19
2635	5	2	19
2636	6	2	19
2637	7	2	19
2638	8	2	19
2639	9	2	19
2640	10	2	19
2641	1	1	19
2642	2	1	19
2643	3	1	19
2644	4	1	19
2645	5	1	19
2646	6	1	19
2647	7	1	19
2648	8	1	19
2649	9	1	19
2650	10	1	19
2651	1	7	19
2652	2	7	19
2653	3	7	19
2654	4	7	19
2655	5	7	19
2656	6	7	19
2657	7	7	19
2658	8	7	19
2659	9	7	19
2660	10	7	19
2661	1	14	20
2662	2	14	20
2663	3	14	20
2664	4	14	20
2665	5	14	20
2666	6	14	20
2667	7	14	20
2668	8	14	20
2669	9	14	20
2670	10	14	20
2671	1	13	20
2672	2	13	20
2673	3	13	20
2674	4	13	20
2675	5	13	20
2676	6	13	20
2677	7	13	20
2678	8	13	20
2679	9	13	20
2680	10	13	20
2681	1	12	20
2682	2	12	20
2683	3	12	20
2684	4	12	20
2685	5	12	20
2686	6	12	20
2687	7	12	20
2688	8	12	20
2689	9	12	20
2690	10	12	20
2691	1	8	20
2692	2	8	20
2693	3	8	20
2694	4	8	20
2695	5	8	20
2696	6	8	20
2697	7	8	20
2698	8	8	20
2699	9	8	20
2700	10	8	20
2701	1	9	20
2702	2	9	20
2703	3	9	20
2704	4	9	20
2705	5	9	20
2706	6	9	20
2707	7	9	20
2708	8	9	20
2709	9	9	20
2710	10	9	20
2711	1	4	20
2712	2	4	20
2713	3	4	20
2714	4	4	20
2715	5	4	20
2716	6	4	20
2717	7	4	20
2718	8	4	20
2719	9	4	20
2720	10	4	20
2721	1	6	20
2722	2	6	20
2723	3	6	20
2724	4	6	20
2725	5	6	20
2726	6	6	20
2727	7	6	20
2728	8	6	20
2729	9	6	20
2730	10	6	20
2731	1	5	20
2732	2	5	20
2733	3	5	20
2734	4	5	20
2735	5	5	20
2736	6	5	20
2737	7	5	20
2738	8	5	20
2739	9	5	20
2740	10	5	20
2741	1	3	20
2742	2	3	20
2743	3	3	20
2744	4	3	20
2745	5	3	20
2746	6	3	20
2747	7	3	20
2748	8	3	20
2749	9	3	20
2750	10	3	20
2751	1	11	20
2752	2	11	20
2753	3	11	20
2754	4	11	20
2755	5	11	20
2756	6	11	20
2757	7	11	20
2758	8	11	20
2759	9	11	20
2760	10	11	20
2761	1	10	20
2762	2	10	20
2763	3	10	20
2764	4	10	20
2765	5	10	20
2766	6	10	20
2767	7	10	20
2768	8	10	20
2769	9	10	20
2770	10	10	20
2771	1	2	20
2772	2	2	20
2773	3	2	20
2774	4	2	20
2775	5	2	20
2776	6	2	20
2777	7	2	20
2778	8	2	20
2779	9	2	20
2780	10	2	20
2781	1	1	20
2782	2	1	20
2783	3	1	20
2784	4	1	20
2785	5	1	20
2786	6	1	20
2787	7	1	20
2788	8	1	20
2789	9	1	20
2790	10	1	20
2791	1	7	20
2792	2	7	20
2793	3	7	20
2794	4	7	20
2795	5	7	20
2796	6	7	20
2797	7	7	20
2798	8	7	20
2799	9	7	20
2800	10	7	20
2801	1	14	21
2802	2	14	21
2803	3	14	21
2804	4	14	21
2805	5	14	21
2806	6	14	21
2807	7	14	21
2808	8	14	21
2809	9	14	21
2810	10	14	21
2811	1	13	21
2812	2	13	21
2813	3	13	21
2814	4	13	21
2815	5	13	21
2816	6	13	21
2817	7	13	21
2818	8	13	21
2819	9	13	21
2820	10	13	21
2821	1	12	21
2822	2	12	21
2823	3	12	21
2824	4	12	21
2825	5	12	21
2826	6	12	21
2827	7	12	21
2828	8	12	21
2829	9	12	21
2830	10	12	21
2831	1	8	21
2832	2	8	21
2833	3	8	21
2834	4	8	21
2835	5	8	21
2836	6	8	21
2837	7	8	21
2838	8	8	21
2839	9	8	21
2840	10	8	21
2841	1	9	21
2842	2	9	21
2843	3	9	21
2844	4	9	21
2845	5	9	21
2846	6	9	21
2847	7	9	21
2848	8	9	21
2849	9	9	21
2850	10	9	21
2851	1	4	21
2852	2	4	21
2853	3	4	21
2854	4	4	21
2855	5	4	21
2856	6	4	21
2857	7	4	21
2858	8	4	21
2859	9	4	21
2860	10	4	21
2861	1	6	21
2862	2	6	21
2863	3	6	21
2864	4	6	21
2865	5	6	21
2866	6	6	21
2867	7	6	21
2868	8	6	21
2869	9	6	21
2870	10	6	21
2871	1	5	21
2872	2	5	21
2873	3	5	21
2874	4	5	21
2875	5	5	21
2876	6	5	21
2877	7	5	21
2878	8	5	21
2879	9	5	21
2880	10	5	21
2881	1	3	21
2882	2	3	21
2883	3	3	21
2884	4	3	21
2885	5	3	21
2886	6	3	21
2887	7	3	21
2888	8	3	21
2889	9	3	21
2890	10	3	21
2891	1	11	21
2892	2	11	21
2893	3	11	21
2894	4	11	21
2895	5	11	21
2896	6	11	21
2897	7	11	21
2898	8	11	21
2899	9	11	21
2900	10	11	21
2901	1	10	21
2902	2	10	21
2903	3	10	21
2904	4	10	21
2905	5	10	21
2906	6	10	21
2907	7	10	21
2908	8	10	21
2909	9	10	21
2910	10	10	21
2911	1	2	21
2912	2	2	21
2913	3	2	21
2914	4	2	21
2915	5	2	21
2916	6	2	21
2917	7	2	21
2918	8	2	21
2919	9	2	21
2920	10	2	21
2921	1	1	21
2922	2	1	21
2923	3	1	21
2924	4	1	21
2925	5	1	21
2926	6	1	21
2927	7	1	21
2928	8	1	21
2929	9	1	21
2930	10	1	21
2931	1	7	21
2932	2	7	21
2933	3	7	21
2934	4	7	21
2935	5	7	21
2936	6	7	21
2937	7	7	21
2938	8	7	21
2939	9	7	21
2940	10	7	21
2941	1	14	22
2942	2	14	22
2943	3	14	22
2944	4	14	22
2945	5	14	22
2946	6	14	22
2947	7	14	22
2948	8	14	22
2949	9	14	22
2950	10	14	22
2951	1	13	22
2952	2	13	22
2953	3	13	22
2954	4	13	22
2955	5	13	22
2956	6	13	22
2957	7	13	22
2958	8	13	22
2959	9	13	22
2960	10	13	22
2961	1	12	22
2962	2	12	22
2963	3	12	22
2964	4	12	22
2965	5	12	22
2966	6	12	22
2967	7	12	22
2968	8	12	22
2969	9	12	22
2970	10	12	22
2971	1	8	22
2972	2	8	22
2973	3	8	22
2974	4	8	22
2975	5	8	22
2976	6	8	22
2977	7	8	22
2978	8	8	22
2979	9	8	22
2980	10	8	22
2981	1	9	22
2982	2	9	22
2983	3	9	22
2984	4	9	22
2985	5	9	22
2986	6	9	22
2987	7	9	22
2988	8	9	22
2989	9	9	22
2990	10	9	22
2991	1	4	22
2992	2	4	22
2993	3	4	22
2994	4	4	22
2995	5	4	22
2996	6	4	22
2997	7	4	22
2998	8	4	22
2999	9	4	22
3000	10	4	22
3001	1	6	22
3002	2	6	22
3003	3	6	22
3004	4	6	22
3005	5	6	22
3006	6	6	22
3007	7	6	22
3008	8	6	22
3009	9	6	22
3010	10	6	22
3011	1	5	22
3012	2	5	22
3013	3	5	22
3014	4	5	22
3015	5	5	22
3016	6	5	22
3017	7	5	22
3018	8	5	22
3019	9	5	22
3020	10	5	22
3021	1	3	22
3022	2	3	22
3023	3	3	22
3024	4	3	22
3025	5	3	22
3026	6	3	22
3027	7	3	22
3028	8	3	22
3029	9	3	22
3030	10	3	22
3031	1	11	22
3032	2	11	22
3033	3	11	22
3034	4	11	22
3035	5	11	22
3036	6	11	22
3037	7	11	22
3038	8	11	22
3039	9	11	22
3040	10	11	22
3041	1	10	22
3042	2	10	22
3043	3	10	22
3044	4	10	22
3045	5	10	22
3046	6	10	22
3047	7	10	22
3048	8	10	22
3049	9	10	22
3050	10	10	22
3051	1	2	22
3052	2	2	22
3053	3	2	22
3054	4	2	22
3055	5	2	22
3056	6	2	22
3057	7	2	22
3058	8	2	22
3059	9	2	22
3060	10	2	22
3061	1	1	22
3062	2	1	22
3063	3	1	22
3064	4	1	22
3065	5	1	22
3066	6	1	22
3067	7	1	22
3068	8	1	22
3069	9	1	22
3070	10	1	22
3071	1	7	22
3072	2	7	22
3073	3	7	22
3074	4	7	22
3075	5	7	22
3076	6	7	22
3077	7	7	22
3078	8	7	22
3079	9	7	22
3080	10	7	22
3081	1	14	23
3082	2	14	23
3083	3	14	23
3084	4	14	23
3085	5	14	23
3086	6	14	23
3087	7	14	23
3088	8	14	23
3089	9	14	23
3090	10	14	23
3091	1	13	23
3092	2	13	23
3093	3	13	23
3094	4	13	23
3095	5	13	23
3096	6	13	23
3097	7	13	23
3098	8	13	23
3099	9	13	23
3100	10	13	23
3101	1	12	23
3102	2	12	23
3103	3	12	23
3104	4	12	23
3105	5	12	23
3106	6	12	23
3107	7	12	23
3108	8	12	23
3109	9	12	23
3110	10	12	23
3111	1	8	23
3112	2	8	23
3113	3	8	23
3114	4	8	23
3115	5	8	23
3116	6	8	23
3117	7	8	23
3118	8	8	23
3119	9	8	23
3120	10	8	23
3121	1	9	23
3122	2	9	23
3123	3	9	23
3124	4	9	23
3125	5	9	23
3126	6	9	23
3127	7	9	23
3128	8	9	23
3129	9	9	23
3130	10	9	23
3131	1	4	23
3132	2	4	23
3133	3	4	23
3134	4	4	23
3135	5	4	23
3136	6	4	23
3137	7	4	23
3138	8	4	23
3139	9	4	23
3140	10	4	23
3141	1	6	23
3142	2	6	23
3143	3	6	23
3144	4	6	23
3145	5	6	23
3146	6	6	23
3147	7	6	23
3148	8	6	23
3149	9	6	23
3150	10	6	23
3151	1	5	23
3152	2	5	23
3153	3	5	23
3154	4	5	23
3155	5	5	23
3156	6	5	23
3157	7	5	23
3158	8	5	23
3159	9	5	23
3160	10	5	23
3161	1	3	23
3162	2	3	23
3163	3	3	23
3164	4	3	23
3165	5	3	23
3166	6	3	23
3167	7	3	23
3168	8	3	23
3169	9	3	23
3170	10	3	23
3171	1	11	23
3172	2	11	23
3173	3	11	23
3174	4	11	23
3175	5	11	23
3176	6	11	23
3177	7	11	23
3178	8	11	23
3179	9	11	23
3180	10	11	23
3181	1	10	23
3182	2	10	23
3183	3	10	23
3184	4	10	23
3185	5	10	23
3186	6	10	23
3187	7	10	23
3188	8	10	23
3189	9	10	23
3190	10	10	23
3191	1	2	23
3192	2	2	23
3193	3	2	23
3194	4	2	23
3195	5	2	23
3196	6	2	23
3197	7	2	23
3198	8	2	23
3199	9	2	23
3200	10	2	23
3201	1	1	23
3202	2	1	23
3203	3	1	23
3204	4	1	23
3205	5	1	23
3206	6	1	23
3207	7	1	23
3208	8	1	23
3209	9	1	23
3210	10	1	23
3211	1	7	23
3212	2	7	23
3213	3	7	23
3214	4	7	23
3215	5	7	23
3216	6	7	23
3217	7	7	23
3218	8	7	23
3219	9	7	23
3220	10	7	23
3221	1	14	24
3222	2	14	24
3223	3	14	24
3224	4	14	24
3225	5	14	24
3226	6	14	24
3227	7	14	24
3228	8	14	24
3229	9	14	24
3230	10	14	24
3231	1	13	24
3232	2	13	24
3233	3	13	24
3234	4	13	24
3235	5	13	24
3236	6	13	24
3237	7	13	24
3238	8	13	24
3239	9	13	24
3240	10	13	24
3241	1	12	24
3242	2	12	24
3243	3	12	24
3244	4	12	24
3245	5	12	24
3246	6	12	24
3247	7	12	24
3248	8	12	24
3249	9	12	24
3250	10	12	24
3251	1	8	24
3252	2	8	24
3253	3	8	24
3254	4	8	24
3255	5	8	24
3256	6	8	24
3257	7	8	24
3258	8	8	24
3259	9	8	24
3260	10	8	24
3261	1	9	24
3262	2	9	24
3263	3	9	24
3264	4	9	24
3265	5	9	24
3266	6	9	24
3267	7	9	24
3268	8	9	24
3269	9	9	24
3270	10	9	24
3271	1	4	24
3272	2	4	24
3273	3	4	24
3274	4	4	24
3275	5	4	24
3276	6	4	24
3277	7	4	24
3278	8	4	24
3279	9	4	24
3280	10	4	24
3281	1	6	24
3282	2	6	24
3283	3	6	24
3284	4	6	24
3285	5	6	24
3286	6	6	24
3287	7	6	24
3288	8	6	24
3289	9	6	24
3290	10	6	24
3291	1	5	24
3292	2	5	24
3293	3	5	24
3294	4	5	24
3295	5	5	24
3296	6	5	24
3297	7	5	24
3298	8	5	24
3299	9	5	24
3300	10	5	24
3301	1	3	24
3302	2	3	24
3303	3	3	24
3304	4	3	24
3305	5	3	24
3306	6	3	24
3307	7	3	24
3308	8	3	24
3309	9	3	24
3310	10	3	24
3311	1	11	24
3312	2	11	24
3313	3	11	24
3314	4	11	24
3315	5	11	24
3316	6	11	24
3317	7	11	24
3318	8	11	24
3319	9	11	24
3320	10	11	24
3321	1	10	24
3322	2	10	24
3323	3	10	24
3324	4	10	24
3325	5	10	24
3326	6	10	24
3327	7	10	24
3328	8	10	24
3329	9	10	24
3330	10	10	24
3331	1	2	24
3332	2	2	24
3333	3	2	24
3334	4	2	24
3335	5	2	24
3336	6	2	24
3337	7	2	24
3338	8	2	24
3339	9	2	24
3340	10	2	24
3341	1	1	24
3342	2	1	24
3343	3	1	24
3344	4	1	24
3345	5	1	24
3346	6	1	24
3347	7	1	24
3348	8	1	24
3349	9	1	24
3350	10	1	24
3351	1	7	24
3352	2	7	24
3353	3	7	24
3354	4	7	24
3355	5	7	24
3356	6	7	24
3357	7	7	24
3358	8	7	24
3359	9	7	24
3360	10	7	24
3361	1	14	25
3362	2	14	25
3363	3	14	25
3364	4	14	25
3365	5	14	25
3366	6	14	25
3367	7	14	25
3368	8	14	25
3369	9	14	25
3370	10	14	25
3371	1	13	25
3372	2	13	25
3373	3	13	25
3374	4	13	25
3375	5	13	25
3376	6	13	25
3377	7	13	25
3378	8	13	25
3379	9	13	25
3380	10	13	25
3381	1	12	25
3382	2	12	25
3383	3	12	25
3384	4	12	25
3385	5	12	25
3386	6	12	25
3387	7	12	25
3388	8	12	25
3389	9	12	25
3390	10	12	25
3391	1	8	25
3392	2	8	25
3393	3	8	25
3394	4	8	25
3395	5	8	25
3396	6	8	25
3397	7	8	25
3398	8	8	25
3399	9	8	25
3400	10	8	25
3401	1	9	25
3402	2	9	25
3403	3	9	25
3404	4	9	25
3405	5	9	25
3406	6	9	25
3407	7	9	25
3408	8	9	25
3409	9	9	25
3410	10	9	25
3411	1	4	25
3412	2	4	25
3413	3	4	25
3414	4	4	25
3415	5	4	25
3416	6	4	25
3417	7	4	25
3418	8	4	25
3419	9	4	25
3420	10	4	25
3421	1	6	25
3422	2	6	25
3423	3	6	25
3424	4	6	25
3425	5	6	25
3426	6	6	25
3427	7	6	25
3428	8	6	25
3429	9	6	25
3430	10	6	25
3431	1	5	25
3432	2	5	25
3433	3	5	25
3434	4	5	25
3435	5	5	25
3436	6	5	25
3437	7	5	25
3438	8	5	25
3439	9	5	25
3440	10	5	25
3441	1	3	25
3442	2	3	25
3443	3	3	25
3444	4	3	25
3445	5	3	25
3446	6	3	25
3447	7	3	25
3448	8	3	25
3449	9	3	25
3450	10	3	25
3451	1	11	25
3452	2	11	25
3453	3	11	25
3454	4	11	25
3455	5	11	25
3456	6	11	25
3457	7	11	25
3458	8	11	25
3459	9	11	25
3460	10	11	25
3461	1	10	25
3462	2	10	25
3463	3	10	25
3464	4	10	25
3465	5	10	25
3466	6	10	25
3467	7	10	25
3468	8	10	25
3469	9	10	25
3470	10	10	25
3471	1	2	25
3472	2	2	25
3473	3	2	25
3474	4	2	25
3475	5	2	25
3476	6	2	25
3477	7	2	25
3478	8	2	25
3479	9	2	25
3480	10	2	25
3481	1	1	25
3482	2	1	25
3483	3	1	25
3484	4	1	25
3485	5	1	25
3486	6	1	25
3487	7	1	25
3488	8	1	25
3489	9	1	25
3490	10	1	25
3491	1	7	25
3492	2	7	25
3493	3	7	25
3494	4	7	25
3495	5	7	25
3496	6	7	25
3497	7	7	25
3498	8	7	25
3499	9	7	25
3500	10	7	25
3501	1	14	26
3502	2	14	26
3503	3	14	26
3504	4	14	26
3505	5	14	26
3506	6	14	26
3507	7	14	26
3508	8	14	26
3509	9	14	26
3510	10	14	26
3511	1	13	26
3512	2	13	26
3513	3	13	26
3514	4	13	26
3515	5	13	26
3516	6	13	26
3517	7	13	26
3518	8	13	26
3519	9	13	26
3520	10	13	26
3521	1	12	26
3522	2	12	26
3523	3	12	26
3524	4	12	26
3525	5	12	26
3526	6	12	26
3527	7	12	26
3528	8	12	26
3529	9	12	26
3530	10	12	26
3531	1	8	26
3532	2	8	26
3533	3	8	26
3534	4	8	26
3535	5	8	26
3536	6	8	26
3537	7	8	26
3538	8	8	26
3539	9	8	26
3540	10	8	26
3541	1	9	26
3542	2	9	26
3543	3	9	26
3544	4	9	26
3545	5	9	26
3546	6	9	26
3547	7	9	26
3548	8	9	26
3549	9	9	26
3550	10	9	26
3551	1	4	26
3552	2	4	26
3553	3	4	26
3554	4	4	26
3555	5	4	26
3556	6	4	26
3557	7	4	26
3558	8	4	26
3559	9	4	26
3560	10	4	26
3561	1	6	26
3562	2	6	26
3563	3	6	26
3564	4	6	26
3565	5	6	26
3566	6	6	26
3567	7	6	26
3568	8	6	26
3569	9	6	26
3570	10	6	26
3571	1	5	26
3572	2	5	26
3573	3	5	26
3574	4	5	26
3575	5	5	26
3576	6	5	26
3577	7	5	26
3578	8	5	26
3579	9	5	26
3580	10	5	26
3581	1	3	26
3582	2	3	26
3583	3	3	26
3584	4	3	26
3585	5	3	26
3586	6	3	26
3587	7	3	26
3588	8	3	26
3589	9	3	26
3590	10	3	26
3591	1	11	26
3592	2	11	26
3593	3	11	26
3594	4	11	26
3595	5	11	26
3596	6	11	26
3597	7	11	26
3598	8	11	26
3599	9	11	26
3600	10	11	26
3601	1	10	26
3602	2	10	26
3603	3	10	26
3604	4	10	26
3605	5	10	26
3606	6	10	26
3607	7	10	26
3608	8	10	26
3609	9	10	26
3610	10	10	26
3611	1	2	26
3612	2	2	26
3613	3	2	26
3614	4	2	26
3615	5	2	26
3616	6	2	26
3617	7	2	26
3618	8	2	26
3619	9	2	26
3620	10	2	26
3621	1	1	26
3622	2	1	26
3623	3	1	26
3624	4	1	26
3625	5	1	26
3626	6	1	26
3627	7	1	26
3628	8	1	26
3629	9	1	26
3630	10	1	26
3631	1	7	26
3632	2	7	26
3633	3	7	26
3634	4	7	26
3635	5	7	26
3636	6	7	26
3637	7	7	26
3638	8	7	26
3639	9	7	26
3640	10	7	26
3641	1	14	27
3642	2	14	27
3643	3	14	27
3644	4	14	27
3645	5	14	27
3646	6	14	27
3647	7	14	27
3648	8	14	27
3649	9	14	27
3650	10	14	27
3651	1	13	27
3652	2	13	27
3653	3	13	27
3654	4	13	27
3655	5	13	27
3656	6	13	27
3657	7	13	27
3658	8	13	27
3659	9	13	27
3660	10	13	27
3661	1	12	27
3662	2	12	27
3663	3	12	27
3664	4	12	27
3665	5	12	27
3666	6	12	27
3667	7	12	27
3668	8	12	27
3669	9	12	27
3670	10	12	27
3671	1	8	27
3672	2	8	27
3673	3	8	27
3674	4	8	27
3675	5	8	27
3676	6	8	27
3677	7	8	27
3678	8	8	27
3679	9	8	27
3680	10	8	27
3681	1	9	27
3682	2	9	27
3683	3	9	27
3684	4	9	27
3685	5	9	27
3686	6	9	27
3687	7	9	27
3688	8	9	27
3689	9	9	27
3690	10	9	27
3691	1	4	27
3692	2	4	27
3693	3	4	27
3694	4	4	27
3695	5	4	27
3696	6	4	27
3697	7	4	27
3698	8	4	27
3699	9	4	27
3700	10	4	27
3701	1	6	27
3702	2	6	27
3703	3	6	27
3704	4	6	27
3705	5	6	27
3706	6	6	27
3707	7	6	27
3708	8	6	27
3709	9	6	27
3710	10	6	27
3711	1	5	27
3712	2	5	27
3713	3	5	27
3714	4	5	27
3715	5	5	27
3716	6	5	27
3717	7	5	27
3718	8	5	27
3719	9	5	27
3720	10	5	27
3721	1	3	27
3722	2	3	27
3723	3	3	27
3724	4	3	27
3725	5	3	27
3726	6	3	27
3727	7	3	27
3728	8	3	27
3729	9	3	27
3730	10	3	27
3731	1	11	27
3732	2	11	27
3733	3	11	27
3734	4	11	27
3735	5	11	27
3736	6	11	27
3737	7	11	27
3738	8	11	27
3739	9	11	27
3740	10	11	27
3741	1	10	27
3742	2	10	27
3743	3	10	27
3744	4	10	27
3745	5	10	27
3746	6	10	27
3747	7	10	27
3748	8	10	27
3749	9	10	27
3750	10	10	27
3751	1	2	27
3752	2	2	27
3753	3	2	27
3754	4	2	27
3755	5	2	27
3756	6	2	27
3757	7	2	27
3758	8	2	27
3759	9	2	27
3760	10	2	27
3761	1	1	27
3762	2	1	27
3763	3	1	27
3764	4	1	27
3765	5	1	27
3766	6	1	27
3767	7	1	27
3768	8	1	27
3769	9	1	27
3770	10	1	27
3771	1	7	27
3772	2	7	27
3773	3	7	27
3774	4	7	27
3775	5	7	27
3776	6	7	27
3777	7	7	27
3778	8	7	27
3779	9	7	27
3780	10	7	27
3781	1	14	28
3782	2	14	28
3783	3	14	28
3784	4	14	28
3785	5	14	28
3786	6	14	28
3787	7	14	28
3788	8	14	28
3789	9	14	28
3790	10	14	28
3791	1	13	28
3792	2	13	28
3793	3	13	28
3794	4	13	28
3795	5	13	28
3796	6	13	28
3797	7	13	28
3798	8	13	28
3799	9	13	28
3800	10	13	28
3801	1	12	28
3802	2	12	28
3803	3	12	28
3804	4	12	28
3805	5	12	28
3806	6	12	28
3807	7	12	28
3808	8	12	28
3809	9	12	28
3810	10	12	28
3811	1	8	28
3812	2	8	28
3813	3	8	28
3814	4	8	28
3815	5	8	28
3816	6	8	28
3817	7	8	28
3818	8	8	28
3819	9	8	28
3820	10	8	28
3821	1	9	28
3822	2	9	28
3823	3	9	28
3824	4	9	28
3825	5	9	28
3826	6	9	28
3827	7	9	28
3828	8	9	28
3829	9	9	28
3830	10	9	28
3831	1	4	28
3832	2	4	28
3833	3	4	28
3834	4	4	28
3835	5	4	28
3836	6	4	28
3837	7	4	28
3838	8	4	28
3839	9	4	28
3840	10	4	28
3841	1	6	28
3842	2	6	28
3843	3	6	28
3844	4	6	28
3845	5	6	28
3846	6	6	28
3847	7	6	28
3848	8	6	28
3849	9	6	28
3850	10	6	28
3851	1	5	28
3852	2	5	28
3853	3	5	28
3854	4	5	28
3855	5	5	28
3856	6	5	28
3857	7	5	28
3858	8	5	28
3859	9	5	28
3860	10	5	28
3861	1	3	28
3862	2	3	28
3863	3	3	28
3864	4	3	28
3865	5	3	28
3866	6	3	28
3867	7	3	28
3868	8	3	28
3869	9	3	28
3870	10	3	28
3871	1	11	28
3872	2	11	28
3873	3	11	28
3874	4	11	28
3875	5	11	28
3876	6	11	28
3877	7	11	28
3878	8	11	28
3879	9	11	28
3880	10	11	28
3881	1	10	28
3882	2	10	28
3883	3	10	28
3884	4	10	28
3885	5	10	28
3886	6	10	28
3887	7	10	28
3888	8	10	28
3889	9	10	28
3890	10	10	28
3891	1	2	28
3892	2	2	28
3893	3	2	28
3894	4	2	28
3895	5	2	28
3896	6	2	28
3897	7	2	28
3898	8	2	28
3899	9	2	28
3900	10	2	28
3901	1	1	28
3902	2	1	28
3903	3	1	28
3904	4	1	28
3905	5	1	28
3906	6	1	28
3907	7	1	28
3908	8	1	28
3909	9	1	28
3910	10	1	28
3911	1	7	28
3912	2	7	28
3913	3	7	28
3914	4	7	28
3915	5	7	28
3916	6	7	28
3917	7	7	28
3918	8	7	28
3919	9	7	28
3920	10	7	28
3921	1	14	29
3922	2	14	29
3923	3	14	29
3924	4	14	29
3925	5	14	29
3926	6	14	29
3927	7	14	29
3928	8	14	29
3929	9	14	29
3930	10	14	29
3931	1	13	29
3932	2	13	29
3933	3	13	29
3934	4	13	29
3935	5	13	29
3936	6	13	29
3937	7	13	29
3938	8	13	29
3939	9	13	29
3940	10	13	29
3941	1	12	29
3942	2	12	29
3943	3	12	29
3944	4	12	29
3945	5	12	29
3946	6	12	29
3947	7	12	29
3948	8	12	29
3949	9	12	29
3950	10	12	29
3951	1	8	29
3952	2	8	29
3953	3	8	29
3954	4	8	29
3955	5	8	29
3956	6	8	29
3957	7	8	29
3958	8	8	29
3959	9	8	29
3960	10	8	29
3961	1	9	29
3962	2	9	29
3963	3	9	29
3964	4	9	29
3965	5	9	29
3966	6	9	29
3967	7	9	29
3968	8	9	29
3969	9	9	29
3970	10	9	29
3971	1	4	29
3972	2	4	29
3973	3	4	29
3974	4	4	29
3975	5	4	29
3976	6	4	29
3977	7	4	29
3978	8	4	29
3979	9	4	29
3980	10	4	29
3981	1	6	29
3982	2	6	29
3983	3	6	29
3984	4	6	29
3985	5	6	29
3986	6	6	29
3987	7	6	29
3988	8	6	29
3989	9	6	29
3990	10	6	29
3991	1	5	29
3992	2	5	29
3993	3	5	29
3994	4	5	29
3995	5	5	29
3996	6	5	29
3997	7	5	29
3998	8	5	29
3999	9	5	29
4000	10	5	29
4001	1	3	29
4002	2	3	29
4003	3	3	29
4004	4	3	29
4005	5	3	29
4006	6	3	29
4007	7	3	29
4008	8	3	29
4009	9	3	29
4010	10	3	29
4011	1	11	29
4012	2	11	29
4013	3	11	29
4014	4	11	29
4015	5	11	29
4016	6	11	29
4017	7	11	29
4018	8	11	29
4019	9	11	29
4020	10	11	29
4021	1	10	29
4022	2	10	29
4023	3	10	29
4024	4	10	29
4025	5	10	29
4026	6	10	29
4027	7	10	29
4028	8	10	29
4029	9	10	29
4030	10	10	29
4031	1	2	29
4032	2	2	29
4033	3	2	29
4034	4	2	29
4035	5	2	29
4036	6	2	29
4037	7	2	29
4038	8	2	29
4039	9	2	29
4040	10	2	29
4041	1	1	29
4042	2	1	29
4043	3	1	29
4044	4	1	29
4045	5	1	29
4046	6	1	29
4047	7	1	29
4048	8	1	29
4049	9	1	29
4050	10	1	29
4051	1	7	29
4052	2	7	29
4053	3	7	29
4054	4	7	29
4055	5	7	29
4056	6	7	29
4057	7	7	29
4058	8	7	29
4059	9	7	29
4060	10	7	29
4061	1	14	30
4062	2	14	30
4063	3	14	30
4064	4	14	30
4065	5	14	30
4066	6	14	30
4067	7	14	30
4068	8	14	30
4069	9	14	30
4070	10	14	30
4071	1	13	30
4072	2	13	30
4073	3	13	30
4074	4	13	30
4075	5	13	30
4076	6	13	30
4077	7	13	30
4078	8	13	30
4079	9	13	30
4080	10	13	30
4081	1	12	30
4082	2	12	30
4083	3	12	30
4084	4	12	30
4085	5	12	30
4086	6	12	30
4087	7	12	30
4088	8	12	30
4089	9	12	30
4090	10	12	30
4091	1	8	30
4092	2	8	30
4093	3	8	30
4094	4	8	30
4095	5	8	30
4096	6	8	30
4097	7	8	30
4098	8	8	30
4099	9	8	30
4100	10	8	30
4101	1	9	30
4102	2	9	30
4103	3	9	30
4104	4	9	30
4105	5	9	30
4106	6	9	30
4107	7	9	30
4108	8	9	30
4109	9	9	30
4110	10	9	30
4111	1	4	30
4112	2	4	30
4113	3	4	30
4114	4	4	30
4115	5	4	30
4116	6	4	30
4117	7	4	30
4118	8	4	30
4119	9	4	30
4120	10	4	30
4121	1	6	30
4122	2	6	30
4123	3	6	30
4124	4	6	30
4125	5	6	30
4126	6	6	30
4127	7	6	30
4128	8	6	30
4129	9	6	30
4130	10	6	30
4131	1	5	30
4132	2	5	30
4133	3	5	30
4134	4	5	30
4135	5	5	30
4136	6	5	30
4137	7	5	30
4138	8	5	30
4139	9	5	30
4140	10	5	30
4141	1	3	30
4142	2	3	30
4143	3	3	30
4144	4	3	30
4145	5	3	30
4146	6	3	30
4147	7	3	30
4148	8	3	30
4149	9	3	30
4150	10	3	30
4151	1	11	30
4152	2	11	30
4153	3	11	30
4154	4	11	30
4155	5	11	30
4156	6	11	30
4157	7	11	30
4158	8	11	30
4159	9	11	30
4160	10	11	30
4161	1	10	30
4162	2	10	30
4163	3	10	30
4164	4	10	30
4165	5	10	30
4166	6	10	30
4167	7	10	30
4168	8	10	30
4169	9	10	30
4170	10	10	30
4171	1	2	30
4172	2	2	30
4173	3	2	30
4174	4	2	30
4175	5	2	30
4176	6	2	30
4177	7	2	30
4178	8	2	30
4179	9	2	30
4180	10	2	30
4181	1	1	30
4182	2	1	30
4183	3	1	30
4184	4	1	30
4185	5	1	30
4186	6	1	30
4187	7	1	30
4188	8	1	30
4189	9	1	30
4190	10	1	30
4191	1	7	30
4192	2	7	30
4193	3	7	30
4194	4	7	30
4195	5	7	30
4196	6	7	30
4197	7	7	30
4198	8	7	30
4199	9	7	30
4200	10	7	30
4201	1	14	31
4202	2	14	31
4203	3	14	31
4204	4	14	31
4205	5	14	31
4206	6	14	31
4207	7	14	31
4208	8	14	31
4209	9	14	31
4210	10	14	31
4211	1	13	31
4212	2	13	31
4213	3	13	31
4214	4	13	31
4215	5	13	31
4216	6	13	31
4217	7	13	31
4218	8	13	31
4219	9	13	31
4220	10	13	31
4221	1	12	31
4222	2	12	31
4223	3	12	31
4224	4	12	31
4225	5	12	31
4226	6	12	31
4227	7	12	31
4228	8	12	31
4229	9	12	31
4230	10	12	31
4231	1	8	31
4232	2	8	31
4233	3	8	31
4234	4	8	31
4235	5	8	31
4236	6	8	31
4237	7	8	31
4238	8	8	31
4239	9	8	31
4240	10	8	31
4241	1	9	31
4242	2	9	31
4243	3	9	31
4244	4	9	31
4245	5	9	31
4246	6	9	31
4247	7	9	31
4248	8	9	31
4249	9	9	31
4250	10	9	31
4251	1	4	31
4252	2	4	31
4253	3	4	31
4254	4	4	31
4255	5	4	31
4256	6	4	31
4257	7	4	31
4258	8	4	31
4259	9	4	31
4260	10	4	31
4261	1	6	31
4262	2	6	31
4263	3	6	31
4264	4	6	31
4265	5	6	31
4266	6	6	31
4267	7	6	31
4268	8	6	31
4269	9	6	31
4270	10	6	31
4271	1	5	31
4272	2	5	31
4273	3	5	31
4274	4	5	31
4275	5	5	31
4276	6	5	31
4277	7	5	31
4278	8	5	31
4279	9	5	31
4280	10	5	31
4281	1	3	31
4282	2	3	31
4283	3	3	31
4284	4	3	31
4285	5	3	31
4286	6	3	31
4287	7	3	31
4288	8	3	31
4289	9	3	31
4290	10	3	31
4291	1	11	31
4292	2	11	31
4293	3	11	31
4294	4	11	31
4295	5	11	31
4296	6	11	31
4297	7	11	31
4298	8	11	31
4299	9	11	31
4300	10	11	31
4301	1	10	31
4302	2	10	31
4303	3	10	31
4304	4	10	31
4305	5	10	31
4306	6	10	31
4307	7	10	31
4308	8	10	31
4309	9	10	31
4310	10	10	31
4311	1	2	31
4312	2	2	31
4313	3	2	31
4314	4	2	31
4315	5	2	31
4316	6	2	31
4317	7	2	31
4318	8	2	31
4319	9	2	31
4320	10	2	31
4321	1	1	31
4322	2	1	31
4323	3	1	31
4324	4	1	31
4325	5	1	31
4326	6	1	31
4327	7	1	31
4328	8	1	31
4329	9	1	31
4330	10	1	31
4331	1	7	31
4332	2	7	31
4333	3	7	31
4334	4	7	31
4335	5	7	31
4336	6	7	31
4337	7	7	31
4338	8	7	31
4339	9	7	31
4340	10	7	31
4341	1	14	32
4342	2	14	32
4343	3	14	32
4344	4	14	32
4345	5	14	32
4346	6	14	32
4347	7	14	32
4348	8	14	32
4349	9	14	32
4350	10	14	32
4351	1	13	32
4352	2	13	32
4353	3	13	32
4354	4	13	32
4355	5	13	32
4356	6	13	32
4357	7	13	32
4358	8	13	32
4359	9	13	32
4360	10	13	32
4361	1	12	32
4362	2	12	32
4363	3	12	32
4364	4	12	32
4365	5	12	32
4366	6	12	32
4367	7	12	32
4368	8	12	32
4369	9	12	32
4370	10	12	32
4371	1	8	32
4372	2	8	32
4373	3	8	32
4374	4	8	32
4375	5	8	32
4376	6	8	32
4377	7	8	32
4378	8	8	32
4379	9	8	32
4380	10	8	32
4381	1	9	32
4382	2	9	32
4383	3	9	32
4384	4	9	32
4385	5	9	32
4386	6	9	32
4387	7	9	32
4388	8	9	32
4389	9	9	32
4390	10	9	32
4391	1	4	32
4392	2	4	32
4393	3	4	32
4394	4	4	32
4395	5	4	32
4396	6	4	32
4397	7	4	32
4398	8	4	32
4399	9	4	32
4400	10	4	32
4401	1	6	32
4402	2	6	32
4403	3	6	32
4404	4	6	32
4405	5	6	32
4406	6	6	32
4407	7	6	32
4408	8	6	32
4409	9	6	32
4410	10	6	32
4411	1	5	32
4412	2	5	32
4413	3	5	32
4414	4	5	32
4415	5	5	32
4416	6	5	32
4417	7	5	32
4418	8	5	32
4419	9	5	32
4420	10	5	32
4421	1	3	32
4422	2	3	32
4423	3	3	32
4424	4	3	32
4425	5	3	32
4426	6	3	32
4427	7	3	32
4428	8	3	32
4429	9	3	32
4430	10	3	32
4431	1	11	32
4432	2	11	32
4433	3	11	32
4434	4	11	32
4435	5	11	32
4436	6	11	32
4437	7	11	32
4438	8	11	32
4439	9	11	32
4440	10	11	32
4441	1	10	32
4442	2	10	32
4443	3	10	32
4444	4	10	32
4445	5	10	32
4446	6	10	32
4447	7	10	32
4448	8	10	32
4449	9	10	32
4450	10	10	32
4451	1	2	32
4452	2	2	32
4453	3	2	32
4454	4	2	32
4455	5	2	32
4456	6	2	32
4457	7	2	32
4458	8	2	32
4459	9	2	32
4460	10	2	32
4461	1	1	32
4462	2	1	32
4463	3	1	32
4464	4	1	32
4465	5	1	32
4466	6	1	32
4467	7	1	32
4468	8	1	32
4469	9	1	32
4470	10	1	32
4471	1	7	32
4472	2	7	32
4473	3	7	32
4474	4	7	32
4475	5	7	32
4476	6	7	32
4477	7	7	32
4478	8	7	32
4479	9	7	32
4480	10	7	32
4481	1	14	33
4482	2	14	33
4483	3	14	33
4484	4	14	33
4485	5	14	33
4486	6	14	33
4487	7	14	33
4488	8	14	33
4489	9	14	33
4490	10	14	33
4491	1	13	33
4492	2	13	33
4493	3	13	33
4494	4	13	33
4495	5	13	33
4496	6	13	33
4497	7	13	33
4498	8	13	33
4499	9	13	33
4500	10	13	33
4501	1	12	33
4502	2	12	33
4503	3	12	33
4504	4	12	33
4505	5	12	33
4506	6	12	33
4507	7	12	33
4508	8	12	33
4509	9	12	33
4510	10	12	33
4511	1	8	33
4512	2	8	33
4513	3	8	33
4514	4	8	33
4515	5	8	33
4516	6	8	33
4517	7	8	33
4518	8	8	33
4519	9	8	33
4520	10	8	33
4521	1	9	33
4522	2	9	33
4523	3	9	33
4524	4	9	33
4525	5	9	33
4526	6	9	33
4527	7	9	33
4528	8	9	33
4529	9	9	33
4530	10	9	33
4531	1	4	33
4532	2	4	33
4533	3	4	33
4534	4	4	33
4535	5	4	33
4536	6	4	33
4537	7	4	33
4538	8	4	33
4539	9	4	33
4540	10	4	33
4541	1	6	33
4542	2	6	33
4543	3	6	33
4544	4	6	33
4545	5	6	33
4546	6	6	33
4547	7	6	33
4548	8	6	33
4549	9	6	33
4550	10	6	33
4551	1	5	33
4552	2	5	33
4553	3	5	33
4554	4	5	33
4555	5	5	33
4556	6	5	33
4557	7	5	33
4558	8	5	33
4559	9	5	33
4560	10	5	33
4561	1	3	33
4562	2	3	33
4563	3	3	33
4564	4	3	33
4565	5	3	33
4566	6	3	33
4567	7	3	33
4568	8	3	33
4569	9	3	33
4570	10	3	33
4571	1	11	33
4572	2	11	33
4573	3	11	33
4574	4	11	33
4575	5	11	33
4576	6	11	33
4577	7	11	33
4578	8	11	33
4579	9	11	33
4580	10	11	33
4581	1	10	33
4582	2	10	33
4583	3	10	33
4584	4	10	33
4585	5	10	33
4586	6	10	33
4587	7	10	33
4588	8	10	33
4589	9	10	33
4590	10	10	33
4591	1	2	33
4592	2	2	33
4593	3	2	33
4594	4	2	33
4595	5	2	33
4596	6	2	33
4597	7	2	33
4598	8	2	33
4599	9	2	33
4600	10	2	33
4601	1	1	33
4602	2	1	33
4603	3	1	33
4604	4	1	33
4605	5	1	33
4606	6	1	33
4607	7	1	33
4608	8	1	33
4609	9	1	33
4610	10	1	33
4611	1	7	33
4612	2	7	33
4613	3	7	33
4614	4	7	33
4615	5	7	33
4616	6	7	33
4617	7	7	33
4618	8	7	33
4619	9	7	33
4620	10	7	33
4621	1	14	34
4622	2	14	34
4623	3	14	34
4624	4	14	34
4625	5	14	34
4626	6	14	34
4627	7	14	34
4628	8	14	34
4629	9	14	34
4630	10	14	34
4631	1	13	34
4632	2	13	34
4633	3	13	34
4634	4	13	34
4635	5	13	34
4636	6	13	34
4637	7	13	34
4638	8	13	34
4639	9	13	34
4640	10	13	34
4641	1	12	34
4642	2	12	34
4643	3	12	34
4644	4	12	34
4645	5	12	34
4646	6	12	34
4647	7	12	34
4648	8	12	34
4649	9	12	34
4650	10	12	34
4651	1	8	34
4652	2	8	34
4653	3	8	34
4654	4	8	34
4655	5	8	34
4656	6	8	34
4657	7	8	34
4658	8	8	34
4659	9	8	34
4660	10	8	34
4661	1	9	34
4662	2	9	34
4663	3	9	34
4664	4	9	34
4665	5	9	34
4666	6	9	34
4667	7	9	34
4668	8	9	34
4669	9	9	34
4670	10	9	34
4671	1	4	34
4672	2	4	34
4673	3	4	34
4674	4	4	34
4675	5	4	34
4676	6	4	34
4677	7	4	34
4678	8	4	34
4679	9	4	34
4680	10	4	34
4681	1	6	34
4682	2	6	34
4683	3	6	34
4684	4	6	34
4685	5	6	34
4686	6	6	34
4687	7	6	34
4688	8	6	34
4689	9	6	34
4690	10	6	34
4691	1	5	34
4692	2	5	34
4693	3	5	34
4694	4	5	34
4695	5	5	34
4696	6	5	34
4697	7	5	34
4698	8	5	34
4699	9	5	34
4700	10	5	34
4701	1	3	34
4702	2	3	34
4703	3	3	34
4704	4	3	34
4705	5	3	34
4706	6	3	34
4707	7	3	34
4708	8	3	34
4709	9	3	34
4710	10	3	34
4711	1	11	34
4712	2	11	34
4713	3	11	34
4714	4	11	34
4715	5	11	34
4716	6	11	34
4717	7	11	34
4718	8	11	34
4719	9	11	34
4720	10	11	34
4721	1	10	34
4722	2	10	34
4723	3	10	34
4724	4	10	34
4725	5	10	34
4726	6	10	34
4727	7	10	34
4728	8	10	34
4729	9	10	34
4730	10	10	34
4731	1	2	34
4732	2	2	34
4733	3	2	34
4734	4	2	34
4735	5	2	34
4736	6	2	34
4737	7	2	34
4738	8	2	34
4739	9	2	34
4740	10	2	34
4741	1	1	34
4742	2	1	34
4743	3	1	34
4744	4	1	34
4745	5	1	34
4746	6	1	34
4747	7	1	34
4748	8	1	34
4749	9	1	34
4750	10	1	34
4751	1	7	34
4752	2	7	34
4753	3	7	34
4754	4	7	34
4755	5	7	34
4756	6	7	34
4757	7	7	34
4758	8	7	34
4759	9	7	34
4760	10	7	34
4761	1	14	35
4762	2	14	35
4763	3	14	35
4764	4	14	35
4765	5	14	35
4766	6	14	35
4767	7	14	35
4768	8	14	35
4769	9	14	35
4770	10	14	35
4771	1	13	35
4772	2	13	35
4773	3	13	35
4774	4	13	35
4775	5	13	35
4776	6	13	35
4777	7	13	35
4778	8	13	35
4779	9	13	35
4780	10	13	35
4781	1	12	35
4782	2	12	35
4783	3	12	35
4784	4	12	35
4785	5	12	35
4786	6	12	35
4787	7	12	35
4788	8	12	35
4789	9	12	35
4790	10	12	35
4791	1	8	35
4792	2	8	35
4793	3	8	35
4794	4	8	35
4795	5	8	35
4796	6	8	35
4797	7	8	35
4798	8	8	35
4799	9	8	35
4800	10	8	35
4801	1	9	35
4802	2	9	35
4803	3	9	35
4804	4	9	35
4805	5	9	35
4806	6	9	35
4807	7	9	35
4808	8	9	35
4809	9	9	35
4810	10	9	35
4811	1	4	35
4812	2	4	35
4813	3	4	35
4814	4	4	35
4815	5	4	35
4816	6	4	35
4817	7	4	35
4818	8	4	35
4819	9	4	35
4820	10	4	35
4821	1	6	35
4822	2	6	35
4823	3	6	35
4824	4	6	35
4825	5	6	35
4826	6	6	35
4827	7	6	35
4828	8	6	35
4829	9	6	35
4830	10	6	35
4831	1	5	35
4832	2	5	35
4833	3	5	35
4834	4	5	35
4835	5	5	35
4836	6	5	35
4837	7	5	35
4838	8	5	35
4839	9	5	35
4840	10	5	35
4841	1	3	35
4842	2	3	35
4843	3	3	35
4844	4	3	35
4845	5	3	35
4846	6	3	35
4847	7	3	35
4848	8	3	35
4849	9	3	35
4850	10	3	35
4851	1	11	35
4852	2	11	35
4853	3	11	35
4854	4	11	35
4855	5	11	35
4856	6	11	35
4857	7	11	35
4858	8	11	35
4859	9	11	35
4860	10	11	35
4861	1	10	35
4862	2	10	35
4863	3	10	35
4864	4	10	35
4865	5	10	35
4866	6	10	35
4867	7	10	35
4868	8	10	35
4869	9	10	35
4870	10	10	35
4871	1	2	35
4872	2	2	35
4873	3	2	35
4874	4	2	35
4875	5	2	35
4876	6	2	35
4877	7	2	35
4878	8	2	35
4879	9	2	35
4880	10	2	35
4881	1	1	35
4882	2	1	35
4883	3	1	35
4884	4	1	35
4885	5	1	35
4886	6	1	35
4887	7	1	35
4888	8	1	35
4889	9	1	35
4890	10	1	35
4891	1	7	35
4892	2	7	35
4893	3	7	35
4894	4	7	35
4895	5	7	35
4896	6	7	35
4897	7	7	35
4898	8	7	35
4899	9	7	35
4900	10	7	35
4901	1	14	36
4902	2	14	36
4903	3	14	36
4904	4	14	36
4905	5	14	36
4906	6	14	36
4907	7	14	36
4908	8	14	36
4909	9	14	36
4910	10	14	36
4911	1	13	36
4912	2	13	36
4913	3	13	36
4914	4	13	36
4915	5	13	36
4916	6	13	36
4917	7	13	36
4918	8	13	36
4919	9	13	36
4920	10	13	36
4921	1	12	36
4922	2	12	36
4923	3	12	36
4924	4	12	36
4925	5	12	36
4926	6	12	36
4927	7	12	36
4928	8	12	36
4929	9	12	36
4930	10	12	36
4931	1	8	36
4932	2	8	36
4933	3	8	36
4934	4	8	36
4935	5	8	36
4936	6	8	36
4937	7	8	36
4938	8	8	36
4939	9	8	36
4940	10	8	36
4941	1	9	36
4942	2	9	36
4943	3	9	36
4944	4	9	36
4945	5	9	36
4946	6	9	36
4947	7	9	36
4948	8	9	36
4949	9	9	36
4950	10	9	36
4951	1	4	36
4952	2	4	36
4953	3	4	36
4954	4	4	36
4955	5	4	36
4956	6	4	36
4957	7	4	36
4958	8	4	36
4959	9	4	36
4960	10	4	36
4961	1	6	36
4962	2	6	36
4963	3	6	36
4964	4	6	36
4965	5	6	36
4966	6	6	36
4967	7	6	36
4968	8	6	36
4969	9	6	36
4970	10	6	36
4971	1	5	36
4972	2	5	36
4973	3	5	36
4974	4	5	36
4975	5	5	36
4976	6	5	36
4977	7	5	36
4978	8	5	36
4979	9	5	36
4980	10	5	36
4981	1	3	36
4982	2	3	36
4983	3	3	36
4984	4	3	36
4985	5	3	36
4986	6	3	36
4987	7	3	36
4988	8	3	36
4989	9	3	36
4990	10	3	36
4991	1	11	36
4992	2	11	36
4993	3	11	36
4994	4	11	36
4995	5	11	36
4996	6	11	36
4997	7	11	36
4998	8	11	36
4999	9	11	36
5000	10	11	36
5001	1	10	36
5002	2	10	36
5003	3	10	36
5004	4	10	36
5005	5	10	36
5006	6	10	36
5007	7	10	36
5008	8	10	36
5009	9	10	36
5010	10	10	36
5011	1	2	36
5012	2	2	36
5013	3	2	36
5014	4	2	36
5015	5	2	36
5016	6	2	36
5017	7	2	36
5018	8	2	36
5019	9	2	36
5020	10	2	36
5021	1	1	36
5022	2	1	36
5023	3	1	36
5024	4	1	36
5025	5	1	36
5026	6	1	36
5027	7	1	36
5028	8	1	36
5029	9	1	36
5030	10	1	36
5031	1	7	36
5032	2	7	36
5033	3	7	36
5034	4	7	36
5035	5	7	36
5036	6	7	36
5037	7	7	36
5038	8	7	36
5039	9	7	36
5040	10	7	36
5041	1	14	37
5042	2	14	37
5043	3	14	37
5044	4	14	37
5045	5	14	37
5046	6	14	37
5047	7	14	37
5048	8	14	37
5049	9	14	37
5050	10	14	37
5051	1	13	37
5052	2	13	37
5053	3	13	37
5054	4	13	37
5055	5	13	37
5056	6	13	37
5057	7	13	37
5058	8	13	37
5059	9	13	37
5060	10	13	37
5061	1	12	37
5062	2	12	37
5063	3	12	37
5064	4	12	37
5065	5	12	37
5066	6	12	37
5067	7	12	37
5068	8	12	37
5069	9	12	37
5070	10	12	37
5071	1	8	37
5072	2	8	37
5073	3	8	37
5074	4	8	37
5075	5	8	37
5076	6	8	37
5077	7	8	37
5078	8	8	37
5079	9	8	37
5080	10	8	37
5081	1	9	37
5082	2	9	37
5083	3	9	37
5084	4	9	37
5085	5	9	37
5086	6	9	37
5087	7	9	37
5088	8	9	37
5089	9	9	37
5090	10	9	37
5091	1	4	37
5092	2	4	37
5093	3	4	37
5094	4	4	37
5095	5	4	37
5096	6	4	37
5097	7	4	37
5098	8	4	37
5099	9	4	37
5100	10	4	37
5101	1	6	37
5102	2	6	37
5103	3	6	37
5104	4	6	37
5105	5	6	37
5106	6	6	37
5107	7	6	37
5108	8	6	37
5109	9	6	37
5110	10	6	37
5111	1	5	37
5112	2	5	37
5113	3	5	37
5114	4	5	37
5115	5	5	37
5116	6	5	37
5117	7	5	37
5118	8	5	37
5119	9	5	37
5120	10	5	37
5121	1	3	37
5122	2	3	37
5123	3	3	37
5124	4	3	37
5125	5	3	37
5126	6	3	37
5127	7	3	37
5128	8	3	37
5129	9	3	37
5130	10	3	37
5131	1	11	37
5132	2	11	37
5133	3	11	37
5134	4	11	37
5135	5	11	37
5136	6	11	37
5137	7	11	37
5138	8	11	37
5139	9	11	37
5140	10	11	37
5141	1	10	37
5142	2	10	37
5143	3	10	37
5144	4	10	37
5145	5	10	37
5146	6	10	37
5147	7	10	37
5148	8	10	37
5149	9	10	37
5150	10	10	37
5151	1	2	37
5152	2	2	37
5153	3	2	37
5154	4	2	37
5155	5	2	37
5156	6	2	37
5157	7	2	37
5158	8	2	37
5159	9	2	37
5160	10	2	37
5161	1	1	37
5162	2	1	37
5163	3	1	37
5164	4	1	37
5165	5	1	37
5166	6	1	37
5167	7	1	37
5168	8	1	37
5169	9	1	37
5170	10	1	37
5171	1	7	37
5172	2	7	37
5173	3	7	37
5174	4	7	37
5175	5	7	37
5176	6	7	37
5177	7	7	37
5178	8	7	37
5179	9	7	37
5180	10	7	37
5181	1	14	38
5182	2	14	38
5183	3	14	38
5184	4	14	38
5185	5	14	38
5186	6	14	38
5187	7	14	38
5188	8	14	38
5189	9	14	38
5190	10	14	38
5191	1	13	38
5192	2	13	38
5193	3	13	38
5194	4	13	38
5195	5	13	38
5196	6	13	38
5197	7	13	38
5198	8	13	38
5199	9	13	38
5200	10	13	38
5201	1	12	38
5202	2	12	38
5203	3	12	38
5204	4	12	38
5205	5	12	38
5206	6	12	38
5207	7	12	38
5208	8	12	38
5209	9	12	38
5210	10	12	38
5211	1	8	38
5212	2	8	38
5213	3	8	38
5214	4	8	38
5215	5	8	38
5216	6	8	38
5217	7	8	38
5218	8	8	38
5219	9	8	38
5220	10	8	38
5221	1	9	38
5222	2	9	38
5223	3	9	38
5224	4	9	38
5225	5	9	38
5226	6	9	38
5227	7	9	38
5228	8	9	38
5229	9	9	38
5230	10	9	38
5231	1	4	38
5232	2	4	38
5233	3	4	38
5234	4	4	38
5235	5	4	38
5236	6	4	38
5237	7	4	38
5238	8	4	38
5239	9	4	38
5240	10	4	38
5241	1	6	38
5242	2	6	38
5243	3	6	38
5244	4	6	38
5245	5	6	38
5246	6	6	38
5247	7	6	38
5248	8	6	38
5249	9	6	38
5250	10	6	38
5251	1	5	38
5252	2	5	38
5253	3	5	38
5254	4	5	38
5255	5	5	38
5256	6	5	38
5257	7	5	38
5258	8	5	38
5259	9	5	38
5260	10	5	38
5261	1	3	38
5262	2	3	38
5263	3	3	38
5264	4	3	38
5265	5	3	38
5266	6	3	38
5267	7	3	38
5268	8	3	38
5269	9	3	38
5270	10	3	38
5271	1	11	38
5272	2	11	38
5273	3	11	38
5274	4	11	38
5275	5	11	38
5276	6	11	38
5277	7	11	38
5278	8	11	38
5279	9	11	38
5280	10	11	38
5281	1	10	38
5282	2	10	38
5283	3	10	38
5284	4	10	38
5285	5	10	38
5286	6	10	38
5287	7	10	38
5288	8	10	38
5289	9	10	38
5290	10	10	38
5291	1	2	38
5292	2	2	38
5293	3	2	38
5294	4	2	38
5295	5	2	38
5296	6	2	38
5297	7	2	38
5298	8	2	38
5299	9	2	38
5300	10	2	38
5301	1	1	38
5302	2	1	38
5303	3	1	38
5304	4	1	38
5305	5	1	38
5306	6	1	38
5307	7	1	38
5308	8	1	38
5309	9	1	38
5310	10	1	38
5311	1	7	38
5312	2	7	38
5313	3	7	38
5314	4	7	38
5315	5	7	38
5316	6	7	38
5317	7	7	38
5318	8	7	38
5319	9	7	38
5320	10	7	38
5321	1	14	39
5322	2	14	39
5323	3	14	39
5324	4	14	39
5325	5	14	39
5326	6	14	39
5327	7	14	39
5328	8	14	39
5329	9	14	39
5330	10	14	39
5331	1	13	39
5332	2	13	39
5333	3	13	39
5334	4	13	39
5335	5	13	39
5336	6	13	39
5337	7	13	39
5338	8	13	39
5339	9	13	39
5340	10	13	39
5341	1	12	39
5342	2	12	39
5343	3	12	39
5344	4	12	39
5345	5	12	39
5346	6	12	39
5347	7	12	39
5348	8	12	39
5349	9	12	39
5350	10	12	39
5351	1	8	39
5352	2	8	39
5353	3	8	39
5354	4	8	39
5355	5	8	39
5356	6	8	39
5357	7	8	39
5358	8	8	39
5359	9	8	39
5360	10	8	39
5361	1	9	39
5362	2	9	39
5363	3	9	39
5364	4	9	39
5365	5	9	39
5366	6	9	39
5367	7	9	39
5368	8	9	39
5369	9	9	39
5370	10	9	39
5371	1	4	39
5372	2	4	39
5373	3	4	39
5374	4	4	39
5375	5	4	39
5376	6	4	39
5377	7	4	39
5378	8	4	39
5379	9	4	39
5380	10	4	39
5381	1	6	39
5382	2	6	39
5383	3	6	39
5384	4	6	39
5385	5	6	39
5386	6	6	39
5387	7	6	39
5388	8	6	39
5389	9	6	39
5390	10	6	39
5391	1	5	39
5392	2	5	39
5393	3	5	39
5394	4	5	39
5395	5	5	39
5396	6	5	39
5397	7	5	39
5398	8	5	39
5399	9	5	39
5400	10	5	39
5401	1	3	39
5402	2	3	39
5403	3	3	39
5404	4	3	39
5405	5	3	39
5406	6	3	39
5407	7	3	39
5408	8	3	39
5409	9	3	39
5410	10	3	39
5411	1	11	39
5412	2	11	39
5413	3	11	39
5414	4	11	39
5415	5	11	39
5416	6	11	39
5417	7	11	39
5418	8	11	39
5419	9	11	39
5420	10	11	39
5421	1	10	39
5422	2	10	39
5423	3	10	39
5424	4	10	39
5425	5	10	39
5426	6	10	39
5427	7	10	39
5428	8	10	39
5429	9	10	39
5430	10	10	39
5431	1	2	39
5432	2	2	39
5433	3	2	39
5434	4	2	39
5435	5	2	39
5436	6	2	39
5437	7	2	39
5438	8	2	39
5439	9	2	39
5440	10	2	39
5441	1	1	39
5442	2	1	39
5443	3	1	39
5444	4	1	39
5445	5	1	39
5446	6	1	39
5447	7	1	39
5448	8	1	39
5449	9	1	39
5450	10	1	39
5451	1	7	39
5452	2	7	39
5453	3	7	39
5454	4	7	39
5455	5	7	39
5456	6	7	39
5457	7	7	39
5458	8	7	39
5459	9	7	39
5460	10	7	39
5461	1	14	40
5462	2	14	40
5463	3	14	40
5464	4	14	40
5465	5	14	40
5466	6	14	40
5467	7	14	40
5468	8	14	40
5469	9	14	40
5470	10	14	40
5471	1	13	40
5472	2	13	40
5473	3	13	40
5474	4	13	40
5475	5	13	40
5476	6	13	40
5477	7	13	40
5478	8	13	40
5479	9	13	40
5480	10	13	40
5481	1	12	40
5482	2	12	40
5483	3	12	40
5484	4	12	40
5485	5	12	40
5486	6	12	40
5487	7	12	40
5488	8	12	40
5489	9	12	40
5490	10	12	40
5491	1	8	40
5492	2	8	40
5493	3	8	40
5494	4	8	40
5495	5	8	40
5496	6	8	40
5497	7	8	40
5498	8	8	40
5499	9	8	40
5500	10	8	40
5501	1	9	40
5502	2	9	40
5503	3	9	40
5504	4	9	40
5505	5	9	40
5506	6	9	40
5507	7	9	40
5508	8	9	40
5509	9	9	40
5510	10	9	40
5511	1	4	40
5512	2	4	40
5513	3	4	40
5514	4	4	40
5515	5	4	40
5516	6	4	40
5517	7	4	40
5518	8	4	40
5519	9	4	40
5520	10	4	40
5521	1	6	40
5522	2	6	40
5523	3	6	40
5524	4	6	40
5525	5	6	40
5526	6	6	40
5527	7	6	40
5528	8	6	40
5529	9	6	40
5530	10	6	40
5531	1	5	40
5532	2	5	40
5533	3	5	40
5534	4	5	40
5535	5	5	40
5536	6	5	40
5537	7	5	40
5538	8	5	40
5539	9	5	40
5540	10	5	40
5541	1	3	40
5542	2	3	40
5543	3	3	40
5544	4	3	40
5545	5	3	40
5546	6	3	40
5547	7	3	40
5548	8	3	40
5549	9	3	40
5550	10	3	40
5551	1	11	40
5552	2	11	40
5553	3	11	40
5554	4	11	40
5555	5	11	40
5556	6	11	40
5557	7	11	40
5558	8	11	40
5559	9	11	40
5560	10	11	40
5561	1	10	40
5562	2	10	40
5563	3	10	40
5564	4	10	40
5565	5	10	40
5566	6	10	40
5567	7	10	40
5568	8	10	40
5569	9	10	40
5570	10	10	40
5571	1	2	40
5572	2	2	40
5573	3	2	40
5574	4	2	40
5575	5	2	40
5576	6	2	40
5577	7	2	40
5578	8	2	40
5579	9	2	40
5580	10	2	40
5581	1	1	40
5582	2	1	40
5583	3	1	40
5584	4	1	40
5585	5	1	40
5586	6	1	40
5587	7	1	40
5588	8	1	40
5589	9	1	40
5590	10	1	40
5591	1	7	40
5592	2	7	40
5593	3	7	40
5594	4	7	40
5595	5	7	40
5596	6	7	40
5597	7	7	40
5598	8	7	40
5599	9	7	40
5600	10	7	40
5601	1	15	41
5602	1	15	42
5603	1	15	43
5604	1	15	44
5605	1	15	45
5606	11	16	46
5607	11	16	47
5608	11	16	48
5609	11	16	49
5610	11	16	50
5611	11	16	51
5612	11	16	52
5613	11	16	53
5614	11	16	54
5615	11	16	55
5616	11	16	56
5617	11	16	57
5618	11	16	58
5619	11	16	59
5620	11	16	60
5621	11	16	61
5622	11	16	62
5623	11	16	63
5624	11	16	64
5625	11	16	65
5626	11	16	66
5627	11	16	67
5628	11	16	68
5629	11	16	69
5630	11	16	70
5631	12	17	71
5632	12	17	72
5633	13	17	73
5634	13	17	74
5635	1	15	75
5636	1	15	76
\.


--
-- Name: shipping_time_in_transits_id_seq; Type: SEQUENCE SET; Schema: blurby; Owner: -
--

SELECT pg_catalog.setval('shipping_time_in_transits_id_seq', 5636, true);


--
-- Data for Name: shipping_upgrade_actions; Type: TABLE DATA; Schema: blurby; Owner: -
--

COPY shipping_upgrade_actions (id, order_id, action, refund_amount, created_at, updated_at, shipping_difference, shipping_difference_usd, refund_amount_usd, old_shipper_delivery_method_id, new_shipper_delivery_method_id, refund_currency_id, shipping_difference_currency_id, old_ship_method_id, new_ship_method_id) FROM stdin;
\.


--
-- Name: shipping_upgrade_actions_id_seq; Type: SEQUENCE SET; Schema: blurby; Owner: -
--

SELECT pg_catalog.setval('shipping_upgrade_actions_id_seq', 1, false);


--
-- Data for Name: site_contents; Type: TABLE DATA; Schema: blurby; Owner: -
--

COPY site_contents (id, contentable_id, contentable_type, body_source, body_html, body_processor) FROM stdin;
1	1	Partner	\N	\N	\N
2	2	Partner	\N	\N	\N
3	3	Partner	\N	\N	\N
4	4	Partner	\N	\N	\N
5	5	Partner	\N	\N	\N
6	6	Partner	\N	\N	\N
7	7	Partner	\N	\N	\N
8	8	Partner	\N	\N	\N
9	9	Partner	\N	\N	\N
10	10	Partner	\N	\N	\N
11	11	Partner	\N	\N	\N
12	12	Partner	\N	\N	\N
13	13	Partner	\N	\N	\N
14	14	Partner	\N	\N	\N
15	15	Partner	\N	\N	\N
16	16	Partner	\N	\N	\N
17	17	Partner	\N	\N	\N
18	18	Partner	\N	\N	\N
19	19	Partner	\N	\N	\N
20	20	Partner	\N	\N	\N
21	21	Partner	\N	\N	\N
22	22	Partner	\N	\N	\N
23	23	Partner	\N	\N	\N
24	24	Partner	\N	\N	\N
25	25	Partner	\N	\N	\N
26	26	Partner	\N	\N	\N
27	27	Partner	\N	\N	\N
28	28	Partner	\N	\N	\N
29	29	Partner	\N	\N	\N
30	30	Partner	\N	\N	\N
31	31	Partner	\N	\N	\N
32	32	Partner	\N	\N	\N
33	33	Partner	\N	\N	\N
34	34	Partner	\N	\N	\N
35	35	Partner	\N	\N	\N
36	36	Partner	\N	\N	\N
37	37	Partner	\N	\N	\N
38	38	Partner	\N	\N	\N
39	39	Partner	\N	\N	\N
40	40	Partner	\N	\N	\N
41	41	Partner	\N	\N	\N
42	42	Partner	\N	\N	\N
43	43	Partner	\N	\N	\N
44	44	Partner	\N	\N	\N
45	45	Partner	\N	\N	\N
46	46	Partner	\N	\N	\N
47	47	Partner	\N	\N	\N
48	48	Partner	\N	\N	\N
49	49	Partner	\N	\N	\N
50	50	Partner	\N	\N	\N
51	51	Partner	\N	\N	\N
52	52	Partner	\N	\N	\N
53	53	Partner	\N	\N	\N
54	54	Partner	\N	\N	\N
55	55	Partner	\N	\N	\N
56	56	Partner	\N	\N	\N
57	57	Partner	\N	\N	\N
58	58	Partner	\N	\N	\N
59	59	Partner	\N	\N	\N
60	60	Partner	\N	\N	\N
61	61	Partner	\N	\N	\N
62	62	Partner	\N	\N	\N
63	63	Partner	\N	\N	\N
64	64	Partner	\N	\N	\N
65	65	Partner	\N	\N	\N
66	66	Partner	\N	\N	\N
67	67	Partner	\N	\N	\N
68	68	Partner	\N	\N	\N
69	69	Partner	\N	\N	\N
70	70	Partner	\N	\N	\N
71	71	Partner	\N	\N	\N
72	72	Partner	\N	\N	\N
73	73	Partner	\N	\N	\N
74	74	Partner	\N	\N	\N
75	75	Partner	\N	\N	\N
76	76	Partner	\N	\N	\N
77	77	Partner	\N	\N	\N
78	78	Partner	\N	\N	\N
79	79	Partner	\N	\N	\N
80	80	Partner	\N	\N	\N
81	81	Partner	\N	\N	\N
82	82	Partner	\N	\N	\N
83	83	Partner	\N	\N	\N
84	84	Partner	\N	\N	\N
85	85	Partner	\N	\N	\N
86	86	Partner	\N	\N	\N
87	87	Partner	\N	\N	\N
88	88	Partner	\N	\N	\N
89	89	Partner	\N	\N	\N
90	90	Partner	\N	\N	\N
91	91	Partner	\N	\N	\N
92	92	Partner	\N	\N	\N
93	93	Partner	\N	\N	\N
94	94	Partner	\N	\N	\N
95	95	Partner	\N	\N	\N
96	96	Partner	\N	\N	\N
97	97	Partner	\N	\N	\N
98	98	Partner	\N	\N	\N
99	99	Partner	\N	\N	\N
100	100	Partner	\N	\N	\N
101	101	Partner	\N	\N	\N
102	102	Partner	\N	\N	\N
103	103	Partner	\N	\N	\N
104	104	Partner	\N	\N	\N
105	105	Partner	\N	\N	\N
106	106	Partner	\N	\N	\N
107	107	Partner	\N	\N	\N
108	108	Partner	\N	\N	\N
109	109	Partner	\N	\N	\N
110	110	Partner	\N	\N	\N
111	111	Partner	\N	\N	\N
112	112	Partner	\N	\N	\N
113	113	Partner	\N	\N	\N
114	114	Partner	\N	\N	\N
115	115	Partner	\N	\N	\N
116	116	Partner	\N	\N	\N
117	117	Partner	\N	\N	\N
118	118	Partner	\N	\N	\N
119	119	Partner	\N	\N	\N
120	120	Partner	\N	\N	\N
121	121	Partner	\N	\N	\N
122	122	Partner	\N	\N	\N
123	123	Partner	\N	\N	\N
124	124	Partner	\N	\N	\N
125	125	Partner	\N	\N	\N
126	126	Partner	\N	\N	\N
127	127	Partner	\N	\N	\N
128	128	Partner	\N	\N	\N
129	129	Partner	\N	\N	\N
130	130	Partner	\N	\N	\N
131	131	Partner	\N	\N	\N
132	132	Partner	\N	\N	\N
133	133	Partner	\N	\N	\N
134	134	Partner	\N	\N	\N
135	135	Partner	\N	\N	\N
136	136	Partner	\N	\N	\N
137	137	Partner	\N	\N	\N
138	138	Partner	\N	\N	\N
139	139	Partner	\N	\N	\N
140	140	Partner	\N	\N	\N
141	141	Partner	\N	\N	\N
142	142	Partner	\N	\N	\N
143	143	Partner	\N	\N	\N
144	144	Partner	\N	\N	\N
145	145	Partner	\N	\N	\N
146	146	Partner	\N	\N	\N
147	147	Partner	\N	\N	\N
148	148	Partner	\N	\N	\N
149	149	Partner	\N	\N	\N
150	150	Partner	\N	\N	\N
151	151	Partner	\N	\N	\N
152	152	Partner	\N	\N	\N
153	153	Partner	\N	\N	\N
154	154	Partner	\N	\N	\N
155	155	Partner	\N	\N	\N
156	156	Partner	\N	\N	\N
157	157	Partner	\N	\N	\N
158	158	Partner	\N	\N	\N
159	159	Partner	\N	\N	\N
160	160	Partner	\N	\N	\N
161	161	Partner	\N	\N	\N
162	162	Partner	\N	\N	\N
163	163	Partner	\N	\N	\N
164	164	Partner	\N	\N	\N
165	165	Partner	\N	\N	\N
166	166	Partner	\N	\N	\N
167	167	Partner	\N	\N	\N
168	168	Partner	\N	\N	\N
169	169	Partner	\N	\N	\N
170	170	Partner	\N	\N	\N
171	171	Partner	\N	\N	\N
172	172	Partner	\N	\N	\N
173	173	Partner	\N	\N	\N
174	174	Partner	\N	\N	\N
175	175	Partner	\N	\N	\N
176	176	Partner	\N	\N	\N
177	177	Partner	\N	\N	\N
178	178	Partner	\N	\N	\N
179	179	Partner	\N	\N	\N
180	180	Partner	\N	\N	\N
181	181	Partner	\N	\N	\N
182	182	Partner	\N	\N	\N
183	183	Partner	\N	\N	\N
184	184	Partner	\N	\N	\N
185	185	Partner	\N	\N	\N
186	186	Partner	\N	\N	\N
187	187	Partner	\N	\N	\N
188	188	Partner	\N	\N	\N
189	189	Partner	\N	\N	\N
190	190	Partner	\N	\N	\N
191	191	Partner	\N	\N	\N
192	192	Partner	\N	\N	\N
193	193	Partner	\N	\N	\N
194	194	Partner	\N	\N	\N
195	195	Partner	\N	\N	\N
196	196	Partner	\N	\N	\N
197	197	Partner	\N	\N	\N
198	198	Partner	\N	\N	\N
199	199	Partner	\N	\N	\N
200	200	Partner	\N	\N	\N
201	201	Partner	\N	\N	\N
202	202	Partner	\N	\N	\N
203	203	Partner	\N	\N	\N
204	204	Partner	\N	\N	\N
205	205	Partner	\N	\N	\N
206	206	Partner	\N	\N	\N
207	207	Partner	\N	\N	\N
208	208	Partner	\N	\N	\N
209	209	Partner	\N	\N	\N
210	210	Partner	\N	\N	\N
211	211	Partner	\N	\N	\N
212	212	Partner	\N	\N	\N
213	213	Partner	\N	\N	\N
214	214	Partner	\N	\N	\N
215	215	Partner	\N	\N	\N
216	216	Partner	\N	\N	\N
217	217	Partner	\N	\N	\N
218	218	Partner	\N	\N	\N
219	219	Partner	\N	\N	\N
220	220	Partner	\N	\N	\N
221	221	Partner	\N	\N	\N
222	222	Partner	\N	\N	\N
223	223	Partner	\N	\N	\N
224	224	Partner	\N	\N	\N
225	225	Partner	\N	\N	\N
226	226	Partner	\N	\N	\N
227	227	Partner	\N	\N	\N
228	228	Partner	\N	\N	\N
229	229	Partner	\N	\N	\N
230	230	Partner	\N	\N	\N
231	231	Partner	\N	\N	\N
232	232	Partner	\N	\N	\N
233	233	Partner	\N	\N	\N
234	234	Partner	\N	\N	\N
235	235	Partner	\N	\N	\N
236	236	Partner	\N	\N	\N
237	237	Partner	\N	\N	\N
238	238	Partner	\N	\N	\N
239	239	Partner	\N	\N	\N
240	240	Partner	\N	\N	\N
241	241	Partner	\N	\N	\N
242	242	Partner	\N	\N	\N
243	243	Partner	\N	\N	\N
244	244	Partner	\N	\N	\N
245	245	Partner	\N	\N	\N
246	246	Partner	\N	\N	\N
247	247	Partner	\N	\N	\N
248	248	Partner	\N	\N	\N
249	249	Partner	\N	\N	\N
250	250	Partner	\N	\N	\N
251	251	Partner	\N	\N	\N
252	252	Partner	\N	\N	\N
253	253	Partner	\N	\N	\N
254	254	Partner	\N	\N	\N
255	255	Partner	\N	\N	\N
256	256	Partner	\N	\N	\N
257	257	Partner	\N	\N	\N
258	258	Partner	\N	\N	\N
259	259	Partner	\N	\N	\N
260	260	Partner	\N	\N	\N
261	261	Partner	\N	\N	\N
262	262	Partner	\N	\N	\N
263	263	Partner	\N	\N	\N
264	264	Partner	\N	\N	\N
265	265	Partner	\N	\N	\N
266	266	Partner	\N	\N	\N
267	267	Partner	\N	\N	\N
268	268	Partner	\N	\N	\N
269	269	Partner	\N	\N	\N
270	270	Partner	\N	\N	\N
271	271	Partner	\N	\N	\N
272	272	Partner	\N	\N	\N
273	273	Partner	\N	\N	\N
274	274	Partner	\N	\N	\N
275	275	Partner	\N	\N	\N
276	276	Partner	\N	\N	\N
277	277	Partner	\N	\N	\N
278	278	Partner	\N	\N	\N
279	279	Partner	\N	\N	\N
280	280	Partner	\N	\N	\N
281	281	Partner	\N	\N	\N
282	282	Partner	\N	\N	\N
283	283	Partner	\N	\N	\N
284	284	Partner	\N	\N	\N
285	285	Partner	\N	\N	\N
286	286	Partner	\N	\N	\N
287	287	Partner	\N	\N	\N
288	288	Partner	\N	\N	\N
289	289	Partner	\N	\N	\N
290	290	Partner	\N	\N	\N
291	291	Partner	\N	\N	\N
292	292	Partner	\N	\N	\N
293	293	Partner	\N	\N	\N
294	294	Partner	\N	\N	\N
295	295	Partner	\N	\N	\N
296	296	Partner	\N	\N	\N
297	297	Partner	\N	\N	\N
298	298	Partner	\N	\N	\N
299	299	Partner	\N	\N	\N
\.


--
-- Name: site_contents_id_seq; Type: SEQUENCE SET; Schema: blurby; Owner: -
--

SELECT pg_catalog.setval('site_contents_id_seq', 299, true);


--
-- Data for Name: social_connections; Type: TABLE DATA; Schema: blurby; Owner: -
--

COPY social_connections (id, user_id, network_name, connection_id, connection_username, access_token, access_secret, created_at, updated_at, expiration) FROM stdin;
\.


--
-- Name: social_connections_id_seq; Type: SEQUENCE SET; Schema: blurby; Owner: -
--

SELECT pg_catalog.setval('social_connections_id_seq', 1, false);


--
-- Data for Name: social_details; Type: TABLE DATA; Schema: blurby; Owner: -
--

COPY social_details (id, sn_uid, auth_token, type, user_id, created_at, uninstalled_at) FROM stdin;
\.


--
-- Name: social_details_id_seq; Type: SEQUENCE SET; Schema: blurby; Owner: -
--

SELECT pg_catalog.setval('social_details_id_seq', 1, false);


--
-- Data for Name: social_posts; Type: TABLE DATA; Schema: blurby; Owner: -
--

COPY social_posts (id, postable_id, user_id, postable_type, network_name, created_at, updated_at) FROM stdin;
\.


--
-- Name: social_posts_id_seq; Type: SEQUENCE SET; Schema: blurby; Owner: -
--

SELECT pg_catalog.setval('social_posts_id_seq', 1, false);


--
-- Data for Name: social_preferences; Type: TABLE DATA; Schema: blurby; Owner: -
--

COPY social_preferences (id, user_id, network_name, enabled, created_at, updated_at) FROM stdin;
\.


--
-- Name: social_preferences_id_seq; Type: SEQUENCE SET; Schema: blurby; Owner: -
--

SELECT pg_catalog.setval('social_preferences_id_seq', 1, false);


--
-- Data for Name: spam_tin_filters; Type: TABLE DATA; Schema: blurby; Owner: -
--

COPY spam_tin_filters (id, filter_text, created_at, updated_at) FROM stdin;
\.


--
-- Name: spam_tin_filters_id_seq; Type: SEQUENCE SET; Schema: blurby; Owner: -
--

SELECT pg_catalog.setval('spam_tin_filters_id_seq', 1, false);


--
-- Data for Name: spam_tin_members; Type: TABLE DATA; Schema: blurby; Owner: -
--

COPY spam_tin_members (id, spammable_id, spammable_type, released_at, created_at, updated_at, spam_tin_filter_text) FROM stdin;
\.


--
-- Name: spam_tin_members_id_seq; Type: SEQUENCE SET; Schema: blurby; Owner: -
--

SELECT pg_catalog.setval('spam_tin_members_id_seq', 1, false);


--
-- Data for Name: sso_credential_groups; Type: TABLE DATA; Schema: blurby; Owner: -
--

COPY sso_credential_groups (id, name, created_at, updated_at) FROM stdin;
\.


--
-- Name: sso_credential_groups_id_seq; Type: SEQUENCE SET; Schema: blurby; Owner: -
--

SELECT pg_catalog.setval('sso_credential_groups_id_seq', 1, false);


--
-- Data for Name: sso_credentials; Type: TABLE DATA; Schema: blurby; Owner: -
--

COPY sso_credentials (id, api_key_id, sso_credential_group_id, key, value, created_at, updated_at) FROM stdin;
\.


--
-- Name: sso_credentials_id_seq; Type: SEQUENCE SET; Schema: blurby; Owner: -
--

SELECT pg_catalog.setval('sso_credentials_id_seq', 1, false);


--
-- Name: statements_id_seq; Type: SEQUENCE SET; Schema: blurby; Owner: -
--

SELECT pg_catalog.setval('statements_id_seq', 1, false);


--
-- Data for Name: states; Type: TABLE DATA; Schema: blurby; Owner: -
--

COPY states (id, iso_id, name, country_id, association_with_country, postal_abbrev, is_military) FROM stdin;
1	al	Alabama	us	state	al	f
2	ak	Alaska	us	state	ak	f
3	as	American Samoa	us	territory	as	f
4	az	Arizona	us	state	az	f
5	ar	Arkansas	us	state	ar	f
6	ca	California	us	state	ca	f
7	co	Colorado	us	state	co	f
8	ct	Connecticut	us	state	ct	f
9	de	Delaware	us	state	de	f
10	dc	District Of Columbia	us	state	dc	f
11	fm	Federated States Of Micronesia	us	territory	fm	f
12	fl	Florida	us	state	fl	f
13	ga	Georgia	us	state	ga	f
14	gu	Guam	us	territory	gu	f
15	hi	Hawaii	us	state	hi	f
16	id	Idaho	us	state	id	f
17	il	Illinois	us	state	il	f
18	in	Indiana	us	state	in	f
19	ia	Iowa	us	state	ia	f
20	ks	Kansas	us	state	ks	f
21	ky	Kentucky	us	state	ky	f
22	la	Louisiana	us	state	la	f
23	me	Maine	us	state	me	f
24	mh	Marshall Islands	us	territory	mh	f
25	md	Maryland	us	state	md	f
26	ma	Massachusetts	us	state	ma	f
27	mi	Michigan	us	state	mi	f
28	mn	Minnesota	us	state	mn	f
29	ms	Mississippi	us	state	ms	f
30	mo	Missouri	us	state	mo	f
31	mt	Montana	us	state	mt	f
32	ne	Nebraska	us	state	ne	f
33	nv	Nevada	us	state	nv	f
34	nh	New Hampshire	us	state	nh	f
35	nj	New Jersey	us	state	nj	f
36	nm	New Mexico	us	state	nm	f
37	ny	New York	us	state	ny	f
38	nc	North Carolina	us	state	nc	f
39	nd	North Dakota	us	state	nd	f
40	mp	Northern Mariana Islands	us	territory	mp	f
41	oh	Ohio	us	state	oh	f
42	ok	Oklahoma	us	state	ok	f
43	or	Oregon	us	state	or	f
44	pw	Palau	us	territory	pw	f
45	pa	Pennsylvania	us	state	pa	f
46	pr	Puerto Rico	us	territory	pr	f
47	ri	Rhode Island	us	state	ri	f
48	sc	South Carolina	us	state	sc	f
49	sd	South Dakota	us	state	sd	f
50	tn	Tennessee	us	state	tn	f
51	tx	Texas	us	state	tx	f
52	ut	Utah	us	state	ut	f
53	vt	Vermont	us	state	vt	f
54	vi	Virgin Islands	us	territory	vi	f
55	va	Virginia	us	state	va	f
56	wa	Washington	us	state	wa	f
57	wv	West Virginia	us	state	wv	f
58	wi	Wisconsin	us	state	wi	f
59	wy	Wyoming	us	state	wy	f
60	ae	Armed Forces	us	territory	ae	t
61	aa	Armed Forces	us	territory	aa	t
62	ap	Armed Forces	us	territory	ap	t
63	ab	Alberta	ca	state	ab	f
64	bc	British Columbia	ca	state	bc	f
65	mb	Manitoba	ca	state	mb	f
66	nb	New Brunswick	ca	state	nb	f
67	nl	Newfoundland And Labrador	ca	state	nl	f
68	nt	Northwest Territories	ca	state	nt	f
69	ns	Nova Scotia	ca	state	ns	f
70	nu	Nunavut	ca	state	nu	f
71	on	Ontario	ca	state	on	f
72	pe	Prince Edward Island	ca	state	pe	f
73	qc	Quebec	ca	state	qc	f
74	sk	Saskatchewan	ca	state	sk	f
75	yt	Yukon	ca	state	yt	f
76	au-act	Australian Capital Territory	au	territory	act	f
77	au-jbt	Jervis Bay Territory	au	territory	jbt	f
78	au-nsw	New South Wales	au	state	nsw	f
79	au-nt	Northern Territory	au	territory	nt	f
80	au-qld	Queensland	au	state	qld	f
81	au-sa	South Australia	au	state	sa	f
82	au-tas	Tasmania	au	state	tas	f
83	au-vic	Victoria	au	state	vic	f
84	au-wa	Western Australia	au	state	wa	f
\.


--
-- Name: states_id_seq; Type: SEQUENCE SET; Schema: blurby; Owner: -
--

-- SELECT pg_catalog.setval('states_id_seq', 84, true);


--
-- Data for Name: static_shipping_costs; Type: TABLE DATA; Schema: blurby; Owner: -
--

COPY static_shipping_costs (id, shipper_delivery_method_id, zone, weight, cost_in_cents, currency_id) FROM stdin;
1	32	\N	1	1097	USD
2	32	\N	2	1202	USD
3	32	\N	3	1385	USD
4	32	\N	4	1515	USD
5	32	\N	5	1620	USD
6	32	\N	6	2057	USD
7	32	\N	7	2612	USD
8	32	\N	8	3318	USD
9	32	\N	9	4214	USD
10	32	\N	10	5351	USD
11	11	1	1	238	USD
12	11	2	1	238	USD
13	11	3	1	238	USD
14	11	4	1	238	USD
15	11	5	1	238	USD
16	11	6	1	238	USD
17	11	7	1	238	USD
18	11	8	1	238	USD
19	11	1	2	277	USD
20	11	2	2	277	USD
21	11	3	2	277	USD
22	11	4	2	277	USD
23	11	5	2	277	USD
24	11	6	2	277	USD
25	11	7	2	277	USD
26	11	8	2	277	USD
27	11	1	3	316	USD
28	11	2	3	316	USD
29	11	3	3	316	USD
30	11	4	3	316	USD
31	11	5	3	316	USD
32	11	6	3	316	USD
33	11	7	3	316	USD
34	11	8	3	316	USD
35	11	1	4	355	USD
36	11	2	4	355	USD
37	11	3	4	355	USD
38	11	4	4	355	USD
39	11	5	4	355	USD
40	11	6	4	355	USD
41	11	7	4	355	USD
42	11	8	4	355	USD
43	11	1	5	394	USD
44	11	2	5	394	USD
45	11	3	5	394	USD
46	11	4	5	394	USD
47	11	5	5	394	USD
48	11	6	5	394	USD
49	11	7	5	394	USD
50	11	8	5	394	USD
51	11	1	6	433	USD
52	11	2	6	433	USD
53	11	3	6	433	USD
54	11	4	6	433	USD
55	11	5	6	433	USD
56	11	6	6	433	USD
57	11	7	6	433	USD
58	11	8	6	433	USD
59	11	1	7	472	USD
60	11	2	7	472	USD
61	11	3	7	472	USD
62	11	4	7	472	USD
63	11	5	7	472	USD
64	11	6	7	472	USD
65	11	7	7	472	USD
66	11	8	7	472	USD
67	11	1	8	511	USD
68	11	2	8	511	USD
69	11	3	8	511	USD
70	11	4	8	511	USD
71	11	5	8	511	USD
72	11	6	8	511	USD
73	11	7	8	511	USD
74	11	8	8	511	USD
75	11	1	9	550	USD
76	11	2	9	550	USD
77	11	3	9	550	USD
78	11	4	9	550	USD
79	11	5	9	550	USD
80	11	6	9	550	USD
81	11	7	9	550	USD
82	11	8	9	550	USD
83	11	1	10	589	USD
84	11	2	10	589	USD
85	11	3	10	589	USD
86	11	4	10	589	USD
87	11	5	10	589	USD
88	11	6	10	589	USD
89	11	7	10	589	USD
90	11	8	10	589	USD
91	12	1	1	495	USD
92	12	2	1	495	USD
93	12	3	1	495	USD
94	12	4	1	495	USD
95	12	5	1	495	USD
96	12	6	1	495	USD
97	12	7	1	495	USD
98	12	8	1	495	USD
99	12	1	2	495	USD
100	12	2	2	495	USD
101	12	3	2	520	USD
102	12	4	2	575	USD
103	12	5	2	710	USD
104	12	6	2	760	USD
105	12	7	2	810	USD
106	12	8	2	870	USD
107	12	1	3	550	USD
108	12	2	3	550	USD
109	12	3	3	625	USD
110	12	4	3	710	USD
111	12	5	3	905	USD
112	12	6	3	990	USD
113	12	7	3	1060	USD
114	12	8	3	1195	USD
115	12	1	4	610	USD
116	12	2	4	610	USD
117	12	3	4	710	USD
118	12	4	4	815	USD
119	12	5	4	1080	USD
120	12	6	4	1195	USD
121	12	7	4	1295	USD
122	12	8	4	1470	USD
123	12	1	5	685	USD
124	12	2	5	685	USD
125	12	3	5	815	USD
126	12	4	5	945	USD
127	12	5	5	1270	USD
128	12	6	5	1375	USD
129	12	7	5	1520	USD
130	12	8	5	1715	USD
131	12	1	6	755	USD
132	12	2	6	755	USD
133	12	3	6	925	USD
134	12	4	6	1075	USD
135	12	5	6	1465	USD
136	12	6	6	1550	USD
137	12	7	6	1750	USD
138	12	8	6	1960	USD
139	12	1	7	830	USD
140	12	2	7	830	USD
141	12	3	7	1030	USD
142	12	4	7	1205	USD
143	12	5	7	1655	USD
144	12	6	7	1730	USD
145	12	7	7	1975	USD
146	12	8	7	2205	USD
147	12	1	8	880	USD
148	12	2	8	880	USD
149	12	3	8	1070	USD
150	12	4	8	1310	USD
151	12	5	8	1795	USD
152	12	6	8	1880	USD
153	12	7	8	2170	USD
154	12	8	8	2475	USD
155	12	1	9	925	USD
156	12	2	9	925	USD
157	12	3	9	1145	USD
158	12	4	9	1395	USD
159	12	5	9	1915	USD
160	12	6	9	2030	USD
161	12	7	9	2360	USD
162	12	8	9	2755	USD
163	12	1	10	990	USD
164	12	2	10	990	USD
165	12	3	10	1235	USD
166	12	4	10	1515	USD
167	12	5	10	2075	USD
168	12	6	10	2250	USD
169	12	7	10	2590	USD
170	12	8	10	2995	USD
171	13	1	1	1500	USD
172	13	2	1	1500	USD
173	13	3	1	1980	USD
174	13	4	1	2360	USD
175	13	5	1	2420	USD
176	13	6	1	2470	USD
177	13	7	1	2505	USD
178	13	8	1	2515	USD
179	13	1	2	1630	USD
180	13	2	2	1630	USD
181	13	3	2	2090	USD
182	13	4	2	2595	USD
183	13	5	2	2655	USD
184	13	6	2	2705	USD
185	13	7	2	2725	USD
186	13	8	2	2765	USD
187	13	1	3	1730	USD
188	13	2	3	1730	USD
189	13	3	3	2220	USD
190	13	4	3	2985	USD
191	13	5	3	3055	USD
192	13	6	3	3115	USD
193	13	7	3	3135	USD
194	13	8	3	3165	USD
195	13	1	4	1860	USD
196	13	2	4	1860	USD
197	13	3	4	2360	USD
198	13	4	4	3375	USD
199	13	5	4	3500	USD
200	13	6	4	3515	USD
201	13	7	4	3530	USD
202	13	8	4	3560	USD
203	13	1	5	1930	USD
204	13	2	5	1930	USD
205	13	3	5	2525	USD
206	13	4	5	3760	USD
207	13	5	5	3900	USD
208	13	6	5	3910	USD
209	13	7	5	3930	USD
210	13	8	5	3960	USD
211	13	1	6	2260	USD
212	13	2	6	2260	USD
213	13	3	6	3035	USD
214	13	4	6	4110	USD
215	13	5	6	4290	USD
216	13	6	6	4300	USD
217	13	7	6	4320	USD
218	13	8	6	4370	USD
219	13	1	7	2595	USD
220	13	2	7	2595	USD
221	13	3	7	3540	USD
222	13	4	7	4495	USD
223	13	5	7	4625	USD
224	13	6	7	4695	USD
225	13	7	7	4725	USD
226	13	8	7	4755	USD
227	13	1	8	2725	USD
228	13	2	8	2725	USD
229	13	3	8	3650	USD
230	13	4	8	4840	USD
231	13	5	8	5025	USD
232	13	6	8	5105	USD
233	13	7	8	5125	USD
234	13	8	8	5165	USD
235	13	1	9	2875	USD
236	13	2	9	2875	USD
237	13	3	9	3800	USD
238	13	4	9	5180	USD
239	13	5	9	5425	USD
240	13	6	9	5500	USD
241	13	7	9	5520	USD
242	13	8	9	5560	USD
243	13	1	10	2965	USD
244	13	2	10	2965	USD
245	13	3	10	3960	USD
246	13	4	10	5420	USD
247	13	5	10	5690	USD
248	13	6	10	5780	USD
249	13	7	10	5800	USD
250	13	8	10	5840	USD
251	30	au	1	1097	USD
252	30	au	2	1202	USD
253	30	au	3	1385	USD
254	30	au	4	1515	USD
255	30	au	5	1620	USD
256	30	au	6	2057	USD
257	30	au	7	2612	USD
258	30	au	8	3318	USD
259	30	au	9	4214	USD
260	30	au	10	5351	USD
261	30	au	11	5633	USD
262	30	au	12	6145	USD
263	30	au	13	6657	USD
264	30	au	14	7169	USD
265	30	au	15	7681	USD
266	30	au	16	8193	USD
267	30	au	17	8705	USD
268	30	au	18	9217	USD
269	30	au	19	9729	USD
270	30	au	20	10241	USD
271	30	au	21	10753	USD
272	30	au	22	11265	USD
273	30	au	23	11777	USD
274	30	au	24	12289	USD
275	30	au	25	12801	USD
276	30	au	26	13313	USD
277	30	au	27	13825	USD
278	30	au	28	14337	USD
279	30	au	29	14849	USD
280	30	au	30	15362	USD
281	30	au	31	15874	USD
282	30	au	32	16386	USD
283	30	au	33	16898	USD
284	30	au	34	17410	USD
285	30	au	35	17922	USD
286	30	au	36	18434	USD
287	30	au	37	18946	USD
288	30	au	38	19458	USD
289	30	au	39	19970	USD
290	30	au	40	20482	USD
291	30	au	41	20994	USD
292	30	au	42	21506	USD
293	30	au	43	22018	USD
294	30	au	44	22530	USD
295	30	au	45	23042	USD
296	30	au	46	23554	USD
297	30	au	47	24066	USD
298	30	au	48	24578	USD
299	30	au	49	25090	USD
300	30	au	50	25603	USD
301	31	au	1	1646	USD
302	31	au	2	1803	USD
303	31	au	3	2077	USD
304	31	au	4	2508	USD
305	31	au	5	2735	USD
306	31	au	6	2962	USD
307	31	au	7	4389	USD
308	31	au	8	5016	USD
309	31	au	9	5643	USD
310	31	au	10	6270	USD
311	31	au	11	6897	USD
312	31	au	12	7524	USD
313	31	au	13	8151	USD
314	31	au	14	8778	USD
315	31	au	15	9405	USD
316	31	au	16	10032	USD
317	31	au	17	10659	USD
318	31	au	18	11286	USD
319	31	au	19	11913	USD
320	31	au	20	12540	USD
321	31	au	21	13167	USD
322	31	au	22	13794	USD
323	31	au	23	14421	USD
324	31	au	24	15048	USD
325	31	au	25	15675	USD
326	31	au	26	16302	USD
327	31	au	27	16929	USD
328	31	au	28	17556	USD
329	31	au	29	18183	USD
330	31	au	30	18810	USD
331	31	au	31	19437	USD
332	31	au	32	20064	USD
333	31	au	33	20691	USD
334	31	au	34	21318	USD
335	31	au	35	21945	USD
336	31	au	36	22572	USD
337	31	au	37	23199	USD
338	31	au	38	23826	USD
339	31	au	39	24453	USD
340	31	au	40	25080	USD
341	31	au	41	25707	USD
342	31	au	42	26334	USD
343	31	au	43	26961	USD
344	31	au	44	27588	USD
345	31	au	45	28215	USD
346	31	au	46	28842	USD
347	31	au	47	29469	USD
348	31	au	48	30096	USD
349	31	au	49	30723	USD
350	31	au	50	31350	USD
351	30	nz	1	850	USD
352	30	nz	2	850	USD
353	30	nz	3	900	USD
354	30	nz	4	950	USD
355	30	nz	5	1000	USD
356	30	nz	6	1000	USD
357	30	nz	7	1100	USD
358	30	nz	8	1100	USD
359	30	nz	9	1250	USD
360	30	nz	10	1250	USD
361	30	nz	11	1250	USD
362	30	nz	12	1300	USD
363	30	nz	13	1300	USD
364	30	nz	14	1300	USD
365	30	nz	15	1400	USD
366	30	nz	16	1400	USD
367	30	nz	17	1400	USD
368	30	nz	18	1600	USD
369	30	nz	19	1600	USD
370	30	nz	20	1800	USD
371	30	nz	21	1800	USD
372	30	nz	22	2025	USD
373	30	nz	23	2279	USD
374	30	nz	24	2563	USD
375	30	nz	25	2884	USD
376	30	nz	26	3244	USD
377	30	nz	27	3650	USD
378	30	nz	28	4106	USD
379	30	nz	29	4619	USD
380	30	nz	30	5196	USD
381	30	nz	31	5846	USD
382	30	nz	32	6576	USD
383	30	nz	33	7398	USD
384	30	nz	34	8323	USD
385	30	nz	35	9363	USD
386	30	nz	36	10534	USD
387	30	nz	37	11850	USD
388	30	nz	38	13332	USD
389	30	nz	39	14998	USD
390	30	nz	40	16873	USD
391	30	nz	41	18982	USD
392	30	nz	42	21354	USD
393	30	nz	43	24024	USD
394	30	nz	44	27026	USD
395	30	nz	45	30405	USD
396	30	nz	46	34205	USD
397	30	nz	47	38481	USD
398	30	nz	48	43291	USD
399	30	nz	49	48702	USD
400	30	nz	50	54790	USD
401	31	nz	1	1000	USD
402	31	nz	2	1000	USD
403	31	nz	3	1200	USD
404	31	nz	4	1200	USD
405	31	nz	5	1500	USD
406	31	nz	6	1500	USD
407	31	nz	7	1700	USD
408	31	nz	8	1700	USD
409	31	nz	9	2000	USD
410	31	nz	10	2000	USD
411	31	nz	11	2000	USD
412	31	nz	12	2300	USD
413	31	nz	13	2300	USD
414	31	nz	14	2500	USD
415	31	nz	15	2500	USD
416	31	nz	16	2700	USD
417	31	nz	17	2700	USD
418	31	nz	18	2900	USD
419	31	nz	19	2900	USD
420	31	nz	20	3200	USD
421	31	nz	21	3200	USD
422	31	nz	22	3600	USD
423	31	nz	23	4050	USD
424	31	nz	24	4557	USD
425	31	nz	25	5126	USD
426	31	nz	26	5767	USD
427	31	nz	27	6488	USD
428	31	nz	28	7299	USD
429	31	nz	29	8211	USD
430	31	nz	30	9237	USD
431	31	nz	31	10392	USD
432	31	nz	32	11691	USD
433	31	nz	33	13152	USD
434	31	nz	34	14796	USD
435	31	nz	35	16646	USD
436	31	nz	36	18726	USD
437	31	nz	37	21067	USD
438	31	nz	38	23700	USD
439	31	nz	39	26663	USD
440	31	nz	40	29995	USD
441	31	nz	41	33745	USD
442	31	nz	42	37963	USD
443	31	nz	43	42708	USD
444	31	nz	44	48047	USD
445	31	nz	45	54052	USD
446	31	nz	46	60809	USD
447	31	nz	47	68410	USD
448	31	nz	48	76961	USD
449	31	nz	49	86581	USD
450	31	nz	50	97404	USD
\.


--
-- Name: static_shipping_costs_id_seq; Type: SEQUENCE SET; Schema: blurby; Owner: -
--

SELECT pg_catalog.setval('static_shipping_costs_id_seq', 450, true);


--
-- Data for Name: static_shipping_rates; Type: TABLE DATA; Schema: blurby; Owner: -
--

COPY static_shipping_rates (id, shipper_id, shipper_delivery_method_id, country_id, base_rate, per_pound_rate, currency_id) FROM stdin;
1	4	27	11	0	453	EUR
2	4	27	14	26	242	EUR
3	4	27	15	87	114	EUR
4	4	27	22	132	115	EUR
5	4	27	32	0	453	EUR
6	4	27	35	23	223	EUR
7	4	27	40	30	234	EUR
8	4	27	59	0	355	EUR
9	4	27	60	23	129	EUR
10	4	27	61	190	214	EUR
11	4	27	70	35	198	EUR
12	4	27	75	99	417	EUR
13	4	27	76	139	162	EUR
14	4	27	83	181	67	EUR
15	4	27	86	132	132	EUR
16	4	27	100	0	342	EUR
17	4	27	101	62	115	EUR
18	4	27	102	131	264	EUR
19	4	27	103	0	453	EUR
20	4	27	107	205	274	EUR
21	4	27	109	36	201	EUR
22	4	27	110	240	298	EUR
23	4	27	123	81	163	EUR
24	4	27	129	34	194	EUR
25	4	27	135	0	453	EUR
26	4	27	138	0	436	EUR
27	4	27	144	0	453	EUR
28	4	27	157	459	0	EUR
29	4	27	159	36	272	EUR
30	4	27	166	155	421	EUR
31	4	27	177	23	134	EUR
32	4	27	178	36	172	EUR
33	4	27	182	34	181	EUR
34	4	27	200	0	293	EUR
35	4	27	202	22	129	EUR
36	4	27	203	51	132	EUR
37	4	27	206	0	453	EUR
38	4	27	209	25	148	EUR
39	4	27	215	132	235	EUR
40	4	27	216	266	58	EUR
41	4	27	233	0	365	EUR
42	4	27	235	35	172	EUR
43	4	27	236	26	199	EUR
\.


--
-- Name: static_shipping_rates_id_seq; Type: SEQUENCE SET; Schema: blurby; Owner: -
--

SELECT pg_catalog.setval('static_shipping_rates_id_seq', 1, false);


--
-- Data for Name: storage_token_maps; Type: TABLE DATA; Schema: blurby; Owner: -
--

COPY storage_token_maps (id, primary_token, linked_token) FROM stdin;
\.


--
-- Name: storage_token_maps_id_seq; Type: SEQUENCE SET; Schema: blurby; Owner: -
--

SELECT pg_catalog.setval('storage_token_maps_id_seq', 1, false);


--
-- Data for Name: stores; Type: TABLE DATA; Schema: blurby; Owner: -
--

COPY stores (id, i18n_key, default_currency_id) FROM stdin;
\.


--
-- Name: stores_id_seq; Type: SEQUENCE SET; Schema: blurby; Owner: -
--

SELECT pg_catalog.setval('stores_id_seq', 1, false);


--
-- Data for Name: stories; Type: TABLE DATA; Schema: blurby; Owner: -
--

COPY stories (id, user_id, title, storage_id, description, deleted_at, cover_file_name, cover_content_type, cover_file_size, cover_updated_at, created_at, updated_at, featured, featured_at, private, comments_count) FROM stdin;
\.


--
-- Name: stories_id_seq; Type: SEQUENCE SET; Schema: blurby; Owner: -
--

SELECT pg_catalog.setval('stories_id_seq', 1, false);


--
-- Data for Name: story_streams; Type: TABLE DATA; Schema: blurby; Owner: -
--

COPY story_streams (id, user_id, story_id, last_update, created_at, updated_at) FROM stdin;
\.


--
-- Name: story_streams_id_seq; Type: SEQUENCE SET; Schema: blurby; Owner: -
--

SELECT pg_catalog.setval('story_streams_id_seq', 1, false);


--
-- Data for Name: sub_order_services; Type: TABLE DATA; Schema: blurby; Owner: -
--

COPY sub_order_services (id, name) FROM stdin;
1	rush
2	amazon
\.


--
-- Data for Name: sub_orders; Type: TABLE DATA; Schema: blurby; Owner: -
--

COPY sub_orders (id, order_id, state, product_total, percent_tax, global_order_id, print_vendor, ship_id, ship_vendor, ship_description, ship_cost, ship_internal_cost, estimated_ship_date, product_total_usd, ship_cost_usd, ship_internal_cost_usd, transferred_to_printer_at, return_label_tracking_number, delivery_date, customer_delivery_date, customer_selected_method_id, printer_ship_date, contractual_printer_ship_date, created_at, updated_at, ship_method_id) FROM stdin;
\.


--
-- Data for Name: sub_order_service_entries; Type: TABLE DATA; Schema: blurby; Owner: -
--

COPY sub_order_service_entries (id, sub_order_id, sub_order_service_id, created_by_user_id, created_at, updated_at) FROM stdin;
\.


--
-- Name: sub_order_service_entries_id_seq; Type: SEQUENCE SET; Schema: blurby; Owner: -
--

SELECT pg_catalog.setval('sub_order_service_entries_id_seq', 1, false);


--
-- Name: sub_order_services_id_seq; Type: SEQUENCE SET; Schema: blurby; Owner: -
--

SELECT pg_catalog.setval('sub_order_services_id_seq', 2, true);


--
-- Data for Name: sub_order_sims; Type: TABLE DATA; Schema: blurby; Owner: -
--

-- COPY sub_order_sims (id, sub_order_id, print_vendor, line_item_quantity, transferred_to_printer_at) FROM stdin;
-- \.


--
-- Name: sub_order_sims_id_seq; Type: SEQUENCE SET; Schema: blurby; Owner: -
--

-- SELECT pg_catalog.setval('sub_order_sims_id_seq', 1, false);


--
-- Name: sub_orders_id_seq; Type: SEQUENCE SET; Schema: blurby; Owner: -
--

SELECT pg_catalog.setval('sub_orders_id_seq', 1, false);


--
-- Data for Name: synchronized_workers; Type: TABLE DATA; Schema: blurby; Owner: -
--

COPY synchronized_workers (id, group_key, data, result, result_order, created_at, updated_at, progress, task_count, completed_count, job_id, job_type) FROM stdin;
\.


--
-- Name: synchronized_workers_id_seq; Type: SEQUENCE SET; Schema: blurby; Owner: -
--

SELECT pg_catalog.setval('synchronized_workers_id_seq', 1, false);


--
-- Data for Name: syp_percentage_histories; Type: TABLE DATA; Schema: blurby; Owner: -
--

COPY syp_percentage_histories (id, syp_percentage_id, percent_before, percent_after, currency_id, line_item_type, created_at, updated_at) FROM stdin;
\.


--
-- Name: syp_percentage_histories_id_seq; Type: SEQUENCE SET; Schema: blurby; Owner: -
--

SELECT pg_catalog.setval('syp_percentage_histories_id_seq', 1, false);


--
-- Data for Name: syp_percentages; Type: TABLE DATA; Schema: blurby; Owner: -
--

COPY syp_percentages (id, percent, currency_id, line_item_type, created_at, updated_at) FROM stdin;
\.


--
-- Name: syp_percentages_id_seq; Type: SEQUENCE SET; Schema: blurby; Owner: -
--

SELECT pg_catalog.setval('syp_percentages_id_seq', 1, false);


--
-- Data for Name: taggings; Type: TABLE DATA; Schema: blurby; Owner: -
--

COPY taggings (id, taggable_id, tag_id, taggable_type, updated_at) FROM stdin;
\.


--
-- Name: taggings_id_seq; Type: SEQUENCE SET; Schema: blurby; Owner: -
--

SELECT pg_catalog.setval('taggings_id_seq', 1, false);


--
-- Data for Name: tags; Type: TABLE DATA; Schema: blurby; Owner: -
--

COPY tags (id, name) FROM stdin;
\.


--
-- Name: tags_id_seq; Type: SEQUENCE SET; Schema: blurby; Owner: -
--

SELECT pg_catalog.setval('tags_id_seq', 1, false);


--
-- Data for Name: tax_exemptions; Type: TABLE DATA; Schema: blurby; Owner: -
--

COPY tax_exemptions (id, user_id, expires_at, approved_by_user_id, created_at, updated_at) FROM stdin;
\.


--
-- Name: tax_exemptions_id_seq; Type: SEQUENCE SET; Schema: blurby; Owner: -
--

SELECT pg_catalog.setval('tax_exemptions_id_seq', 1, false);


--
-- Data for Name: tax_identifiers; Type: TABLE DATA; Schema: blurby; Owner: -
--

COPY tax_identifiers (id, tax_identifier_type, tax_identifier, user_id) FROM stdin;
\.


--
-- Name: tax_identifiers_id_seq; Type: SEQUENCE SET; Schema: blurby; Owner: -
--

SELECT pg_catalog.setval('tax_identifiers_id_seq', 1, false);


--
-- Name: tax_rates_id_seq; Type: SEQUENCE SET; Schema: blurby; Owner: -
--

SELECT pg_catalog.setval('tax_rates_id_seq', 1, true);


--
-- Data for Name: tokens; Type: TABLE DATA; Schema: blurby; Owner: -
--

COPY tokens (id, token, expires_at, num_used, tokenable_id, tokenable_type, created_on, deleted_at) FROM stdin;
\.


--
-- Name: tokens_id_seq; Type: SEQUENCE SET; Schema: blurby; Owner: -
--

SELECT pg_catalog.setval('tokens_id_seq', 1, false);


--
-- Data for Name: transaction_entries; Type: TABLE DATA; Schema: blurby; Owner: -
--

COPY transaction_entries (id, transactionable_id, created_at, source, description, source_ip_address, transaction_type, transaction_id, status, amount, settled_at, payment_type, payment_cc_first_name, payment_cc_last_name, payment_cc_last4digits, payment_cc_expiry, response_code, response_subcode, response_text, response_auth_code, response_avs_code, response_ccv_code, adjustment_type, transaction_token, gateway_adapter, reconciliation_id, currency_id, exchange_rate_id, amount_usd, transactionable_type, used_test_server, payment_bank_code, payment_country_code, payment_account_holder) FROM stdin;
\.


--
-- Name: transaction_entries_id_seq; Type: SEQUENCE SET; Schema: blurby; Owner: -
--

SELECT pg_catalog.setval('transaction_entries_id_seq', 1, false);


--
-- Data for Name: transit_informations; Type: TABLE DATA; Schema: blurby; Owner: -
--

COPY transit_informations (id, delivery_method_id, shipping_region_id, country_id, state_id, zip, po_box_or_apo, days_in_transit) FROM stdin;
1	2	1	\N	\N	\N	f	5
2	3	1	\N	\N	\N	f	2
3	4	1	\N	\N	\N	f	1
4	2	1	\N	\N	\N	t	7
5	3	1	\N	\N	\N	t	5
6	4	1	\N	\N	\N	t	3
7	2	1	\N	hi	\N	f	15
8	2	1	\N	ak	\N	f	15
9	3	1	\N	hi	\N	f	5
10	3	1	\N	ak	\N	f	5
11	4	1	\N	hi	\N	f	3
12	4	1	\N	ak	\N	f	3
13	2	1	\N	aa	\N	f	30
14	2	1	\N	ap	\N	f	30
15	2	1	\N	ae	\N	f	30
16	3	1	\N	aa	\N	f	15
17	3	1	\N	ap	\N	f	15
18	3	1	\N	ae	\N	f	15
19	4	1	\N	aa	\N	f	10
20	4	1	\N	ap	\N	f	10
21	4	1	\N	ae	\N	f	10
22	3	2	\N	\N	\N	f	5
23	4	2	\N	\N	\N	f	3
24	3	2	\N	\N	\N	t	15
25	3	3	\N	\N	\N	f	5
26	4	3	\N	\N	\N	f	3
27	3	3	\N	\N	\N	t	15
28	3	4	\N	\N	\N	f	5
29	4	4	\N	\N	\N	f	3
30	3	4	\N	\N	\N	t	15
31	3	6	\N	\N	\N	f	5
32	4	6	\N	\N	\N	f	3
33	3	6	\N	\N	\N	t	15
34	3	5	\N	\N	\N	f	5
35	4	5	\N	\N	\N	f	3
36	3	5	\N	\N	\N	t	15
37	2	7	\N	\N	\N	f	15
38	3	7	\N	\N	\N	f	5
39	4	7	\N	\N	\N	f	3
40	2	7	\N	\N	\N	t	15
41	2	1	us	\N	\N	t	5
42	3	1	us	\N	\N	t	2
43	4	1	us	\N	\N	t	1
46	3	2	gb	\N	\N	t	2
47	4	2	gb	\N	\N	t	1
48	3	4	\N	\N	\N	t	4
49	3	3	\N	\N	\N	t	2
50	4	4	\N	\N	\N	t	1
51	4	3	\N	\N	\N	t	1
52	3	3	at	\N	\N	t	3
53	3	3	it	\N	\N	t	3
54	3	3	pt	\N	\N	t	3
55	3	3	es	\N	\N	t	3
56	3	3	se	\N	\N	t	3
57	3	3	gr	\N	\N	t	6
58	3	4	cz	\N	\N	t	3
59	3	4	hu	\N	\N	t	3
60	3	4	pl	\N	\N	t	3
61	3	4	si	\N	\N	t	3
62	3	4	ch	\N	\N	t	3
63	3	4	bg	\N	\N	t	5
64	3	4	ee	\N	\N	t	5
65	3	4	lv	\N	\N	t	5
66	4	3	at	\N	\N	t	2
67	4	4	cy	\N	\N	t	2
68	4	3	nl	\N	\N	t	2
69	4	7	vg	\N	\N	t	2
70	4	4	ro	\N	\N	t	2
71	2	6	au	\N	\N	t	5
72	2	6	nz	\N	\N	t	7
73	3	6	au	\N	\N	t	2
74	3	6	nz	\N	\N	t	4
44	4	5	ca	\N	\N	t	3
75	3	5	ca	\N	\N	t	5
45	4	7	\N	\N	\N	t	3
76	3	7	\N	\N	\N	t	5
\.


--
-- Name: transit_informations_id_seq; Type: SEQUENCE SET; Schema: blurby; Owner: -
--

SELECT pg_catalog.setval('transit_informations_id_seq', 76, true);


--
-- Data for Name: trashbins; Type: TABLE DATA; Schema: blurby; Owner: -
--

COPY trashbins (id, trashed_at, trash_item_id, trash_item_type) FROM stdin;
\.


--
-- Name: trashbins_id_seq; Type: SEQUENCE SET; Schema: blurby; Owner: -
--

SELECT pg_catalog.setval('trashbins_id_seq', 1, false);


--
-- Data for Name: user_conversion_events; Type: TABLE DATA; Schema: blurby; Owner: -
--

COPY user_conversion_events (id, user_id, conversion_event_id, conversion_event_reference_id, regional_site_id, created_at, updated_at, ua_hash) FROM stdin;
\.


--
-- Name: user_conversion_events_id_seq; Type: SEQUENCE SET; Schema: blurby; Owner: -
--

SELECT pg_catalog.setval('user_conversion_events_id_seq', 1, false);


--
-- Data for Name: user_fb_statuses; Type: TABLE DATA; Schema: blurby; Owner: -
--

COPY user_fb_statuses (id, user_id, has_fb, created_at, updated_at) FROM stdin;
\.


--
-- Name: user_fb_statuses_id_seq; Type: SEQUENCE SET; Schema: blurby; Owner: -
--

SELECT pg_catalog.setval('user_fb_statuses_id_seq', 1, false);


--
-- Data for Name: user_notice_locations; Type: TABLE DATA; Schema: blurby; Owner: -
--

COPY user_notice_locations (id, name) FROM stdin;
1	content_area
2	page_top
\.


--
-- Name: user_notice_locations_id_seq; Type: SEQUENCE SET; Schema: blurby; Owner: -
--

SELECT pg_catalog.setval('user_notice_locations_id_seq', 2, true);


--
-- Data for Name: user_notices; Type: TABLE DATA; Schema: blurby; Owner: -
--

COPY user_notices (id, content, partial, action, controller, "position", user_notice_location_id, start_date, end_date) FROM stdin;
1	\N	shared/notices/holiday_promo	index	my/dashboard	1	1	2010-10-23 00:00:00	2010-12-31 00:00:00
\.


--
-- Name: user_notices_id_seq; Type: SEQUENCE SET; Schema: blurby; Owner: -
--

SELECT pg_catalog.setval('user_notices_id_seq', 1, true);


--
-- Data for Name: user_notices_users; Type: TABLE DATA; Schema: blurby; Owner: -
--

COPY user_notices_users (user_id, user_notice_id) FROM stdin;
\.


--
-- Data for Name: user_printer_overrides; Type: TABLE DATA; Schema: blurby; Owner: -
--

COPY user_printer_overrides (id, user_id, printer_id, created_at, deleted_at) FROM stdin;
\.


--
-- Name: user_printer_overrides_id_seq; Type: SEQUENCE SET; Schema: blurby; Owner: -
--

SELECT pg_catalog.setval('user_printer_overrides_id_seq', 1, false);


--
-- Data for Name: user_regional_audit; Type: TABLE DATA; Schema: blurby; Owner: -
--

COPY user_regional_audit (id, language_id, preferred_currency_id, regional_site_id, created_at, user_id) FROM stdin;
\.


--
-- Name: user_regional_audit_id_seq; Type: SEQUENCE SET; Schema: blurby; Owner: -
--

SELECT pg_catalog.setval('user_regional_audit_id_seq', 1, false);


--
-- Data for Name: users_followings; Type: TABLE DATA; Schema: blurby; Owner: -
--

COPY users_followings (id, user_id, following_id, created_at, updated_at, blacklisted) FROM stdin;
\.


--
-- Name: users_followings_id_seq; Type: SEQUENCE SET; Schema: blurby; Owner: -
--

SELECT pg_catalog.setval('users_followings_id_seq', 1, false);


--
-- Name: users_id_seq; Type: SEQUENCE SET; Schema: blurby; Owner: -
--

SELECT pg_catalog.setval('users_id_seq', 12, true);


--
-- Data for Name: usps_zone_mappings; Type: TABLE DATA; Schema: blurby; Owner: -
--

COPY usps_zone_mappings (id, origin_zip, destination_zip_start, destination_zip_end, zone) FROM stdin;
1	10	5	5	2
2	10	216	219	3
3	10	493	499	5
4	10	710	714	6
5	10	6	9	7
6	10	220	241	4
7	10	500	503	6
8	10	716	729	6
9	10	10	17	1
10	10	242	242	5
11	10	504	504	5
12	10	730	731	7
13	10	18	43	2
14	10	243	268	4
15	10	505	505	6
16	10	733	736	7
17	10	44	44	3
18	10	270	279	4
19	10	506	507	5
20	10	737	737	6
21	10	45	45	2
22	10	280	282	5
23	10	508	516	6
24	10	738	739	7
25	10	46	47	3
26	10	283	285	4
27	10	520	524	5
28	10	740	741	6
29	10	48	48	2
30	10	286	322	5
31	10	525	525	6
32	10	743	749	6
33	10	49	49	3
34	10	323	325	6
35	10	526	528	5
36	10	750	754	7
37	10	50	59	2
38	10	326	326	5
39	10	530	532	5
40	10	755	757	6
41	10	60	62	1
42	10	327	342	6
43	10	534	535	5
44	10	758	797	7
45	10	63	66	2
46	10	344	344	5
47	10	537	539	5
48	10	798	799	8
49	10	67	67	1
50	10	346	347	6
51	10	540	540	6
52	10	800	812	7
53	10	68	79	2
54	10	349	349	6
55	10	541	549	5
56	10	813	815	8
57	10	80	87	3
58	10	350	352	5
59	10	550	551	6
60	10	816	816	7
61	10	88	119	2
62	10	354	354	6
63	10	553	555	6
64	10	820	828	7
65	10	120	123	1
66	10	355	362	5
67	10	556	559	5
68	10	829	838	8
69	10	124	127	1
70	10	363	366	6
71	10	560	567	6
72	10	840	847	8
73	10	128	128	2
74	10	367	368	5
75	10	570	576	6
76	10	850	853	8
77	10	129	129	3
78	10	369	369	6
79	10	577	577	7
80	10	855	857	8
81	10	130	132	3
82	10	370	374	5
83	10	580	586	6
84	10	859	860	8
85	10	133	135	2
86	10	375	375	6
87	10	587	588	7
88	10	863	865	8
89	10	136	136	3
90	10	376	379	5
91	10	590	593	7
92	10	870	875	8
93	10	137	139	2
94	10	380	381	6
95	10	594	599	8
96	10	877	877	7
97	10	140	146	3
98	10	382	385	5
99	10	600	620	5
100	10	878	880	8
101	10	147	147	4
102	10	386	397	6
103	10	622	631	5
104	10	881	881	7
105	10	148	149	3
106	10	398	410	5
107	10	633	639	5
108	10	882	883	8
109	10	150	165	4
110	10	411	412	4
111	10	640	641	6
112	10	884	884	7
113	10	166	179	3
114	10	413	418	5
115	10	644	658	6
116	10	885	885	8
117	10	180	181	2
118	10	420	427	5
119	10	660	662	6
120	10	889	891	8
121	10	182	182	3
122	10	430	449	4
123	10	664	676	6
124	10	893	895	8
125	10	183	183	2
126	10	450	455	5
127	10	677	679	7
128	10	897	898	8
129	10	184	199	3
130	10	456	458	4
131	10	680	681	6
132	10	900	908	8
133	10	200	205	4
134	10	459	479	5
135	10	683	689	6
136	10	910	928	8
137	10	206	212	3
138	10	480	489	4
139	10	690	693	7
140	10	930	986	8
141	10	214	214	3
142	10	490	491	5
143	10	700	701	6
144	10	988	999	8
145	10	215	215	4
146	10	492	492	4
147	10	703	708	6
148	146	5	5	3
149	146	266	266	4
150	146	541	545	4
151	146	770	778	6
152	146	6	9	8
153	146	267	268	3
154	146	546	548	5
155	146	779	785	7
156	146	10	17	3
157	146	270	289	4
158	146	549	549	4
159	146	786	787	6
160	146	18	34	4
161	146	290	296	5
162	146	550	551	5
163	146	788	788	7
164	146	35	37	3
165	146	297	297	4
166	146	553	567	5
167	146	789	792	6
168	146	38	49	4
169	146	298	324	5
170	146	570	573	5
171	146	793	794	7
172	146	50	54	3
173	146	325	325	6
174	146	574	577	6
175	146	795	796	6
176	146	55	55	4
177	146	326	329	5
178	146	580	582	5
179	146	797	799	7
180	146	56	129	3
181	146	330	342	6
182	146	583	588	6
183	146	800	804	6
184	146	130	136	2
185	146	344	344	5
186	146	590	591	7
187	146	805	805	7
188	146	137	139	2
189	146	346	346	6
190	146	592	593	6
191	146	806	807	6
192	146	140	146	1
193	146	347	347	5
194	146	594	599	7
195	146	808	816	7
196	146	147	149	2
197	146	349	349	6
198	146	600	611	4
199	146	820	820	6
200	146	150	157	3
201	146	350	352	5
202	146	612	612	5
203	146	821	821	7
204	146	158	158	2
205	146	354	364	5
206	146	613	613	4
207	146	822	822	6
208	146	159	162	3
209	146	365	366	6
210	146	614	616	5
211	146	823	826	7
212	146	163	165	2
213	146	367	375	5
214	146	617	619	4
215	146	827	827	6
216	146	166	166	3
217	146	376	379	4
218	146	620	620	5
219	146	828	832	7
220	146	167	167	2
221	146	380	393	5
222	146	622	631	5
223	146	833	833	8
224	146	168	168	3
225	146	394	396	6
226	146	633	641	5
227	146	834	834	7
228	146	169	169	2
229	146	397	399	5
230	146	644	658	5
231	146	835	838	8
232	146	170	176	3
233	146	400	418	4
234	146	660	662	5
235	146	840	847	7
236	146	177	177	2
237	146	420	424	5
238	146	664	668	5
239	146	850	853	8
240	146	178	181	3
241	146	425	427	4
242	146	669	679	6
243	146	855	857	8
244	146	182	182	2
245	146	430	438	4
246	146	680	681	5
247	146	859	860	8
248	146	183	183	3
249	146	439	449	3
250	146	683	687	5
251	146	863	864	8
252	146	184	188	2
253	146	450	475	4
254	146	688	693	6
255	146	865	865	7
256	146	189	212	3
257	146	476	477	5
258	146	700	701	6
259	146	870	875	7
260	146	214	223	3
261	146	478	479	4
262	146	703	708	6
263	146	877	885	7
264	146	224	225	4
265	146	480	487	3
266	146	710	714	6
267	146	889	891	8
268	146	226	226	3
269	146	488	499	4
270	146	716	716	5
271	146	893	895	8
272	146	227	253	4
273	146	500	516	5
274	146	717	718	6
275	146	897	898	8
276	146	254	254	3
277	146	520	528	5
278	146	719	728	5
279	146	900	908	8
280	146	255	259	4
281	146	530	532	4
282	146	729	731	6
283	146	910	928	8
284	146	260	260	3
285	146	534	535	4
286	146	733	741	6
287	146	930	986	8
288	146	261	261	4
289	146	537	539	4
290	146	743	768	6
291	146	988	999	8
292	146	262	265	3
293	146	540	540	5
294	146	769	769	7
295	630	5	5	5
296	630	6	9	8
297	630	10	17	5
298	630	18	34	6
299	630	35	37	5
300	630	38	49	6
301	630	50	54	5
302	630	55	55	6
303	630	56	149	5
304	630	150	154	4
305	630	155	155	5
306	630	156	156	4
307	630	157	159	5
308	630	160	165	4
309	630	166	212	5
310	630	214	239	5
311	630	240	243	4
312	630	244	244	5
313	630	245	253	4
314	630	254	254	5
315	630	255	266	4
316	630	267	267	5
317	630	268	268	4
318	630	270	274	4
319	630	275	279	5
320	630	280	282	4
321	630	283	285	5
322	630	286	293	4
323	630	294	295	5
324	630	296	298	4
325	630	299	299	5
326	630	300	312	4
327	630	313	316	5
328	630	317	319	4
329	630	320	324	5
330	630	325	325	4
331	630	326	329	5
332	630	330	333	6
333	630	334	339	5
334	630	340	340	6
335	630	341	342	5
336	630	344	344	5
337	630	346	347	5
338	630	349	349	5
339	630	350	352	4
340	630	354	369	4
341	630	370	372	3
342	630	373	374	4
343	630	375	375	3
344	630	376	379	4
345	630	380	386	3
346	630	387	399	4
347	630	400	402	3
348	630	403	409	4
349	630	410	410	3
350	630	411	418	4
351	630	420	420	2
352	630	421	422	3
353	630	423	423	3
354	630	424	424	2
355	630	425	427	3
356	630	430	449	4
357	630	450	452	3
358	630	453	458	4
359	630	459	474	3
360	630	475	478	2
361	630	479	479	3
362	630	480	499	4
363	630	500	504	3
364	630	505	505	4
365	630	506	509	3
366	630	510	516	4
367	630	520	525	3
368	630	526	526	2
369	630	527	528	3
370	630	530	532	4
371	630	534	534	4
372	630	535	535	3
373	630	537	538	3
374	630	539	551	4
375	630	553	565	4
376	630	566	567	5
377	630	570	574	4
378	630	575	577	5
379	630	580	588	5
380	630	590	591	6
381	630	592	593	5
382	630	594	599	6
383	630	600	613	3
384	630	614	619	2
385	630	620	620	1
386	630	622	622	1
387	630	623	627	2
388	630	628	628	1
389	630	629	629	2
390	630	630	631	1
391	630	633	633	1
392	630	634	639	2
393	630	640	641	3
394	630	644	649	3
395	630	650	653	2
396	630	654	658	3
397	630	660	662	3
398	630	664	668	3
399	630	669	672	4
400	630	673	673	3
401	630	674	681	4
402	630	683	692	4
403	630	693	693	5
404	630	700	701	5
405	630	703	703	5
406	630	704	708	4
407	630	710	714	4
408	630	716	718	4
409	630	719	728	3
410	630	729	731	4
411	630	733	733	5
412	630	734	741	4
413	630	743	764	4
414	630	765	797	5
415	630	798	799	6
416	630	800	816	5
417	630	820	820	5
418	630	821	821	6
419	630	822	828	5
420	630	829	834	6
421	630	835	835	7
422	630	836	837	6
423	630	838	838	7
424	630	840	847	6
425	630	850	853	6
426	630	855	857	6
427	630	859	860	6
428	630	863	865	6
429	630	870	872	5
430	630	873	873	6
431	630	874	875	5
432	630	877	878	5
433	630	879	880	6
434	630	881	884	5
435	630	885	885	6
436	630	889	891	6
437	630	893	893	6
438	630	894	895	7
439	630	897	897	7
440	630	898	898	6
441	630	900	908	7
442	630	910	928	7
443	630	930	966	7
444	630	967	969	8
445	630	970	978	7
446	630	979	979	6
447	630	980	986	7
448	630	988	994	7
449	630	995	999	8
450	981	5	212	8
451	981	577	577	5
452	981	770	777	8
453	981	877	885	6
454	981	214	268	8
455	981	580	584	6
456	981	778	778	7
457	981	889	891	5
458	981	270	342	8
459	981	585	588	5
460	981	779	779	8
461	981	893	893	5
462	981	344	344	8
463	981	590	593	5
464	981	780	782	7
465	981	894	895	4
466	981	346	347	8
467	981	594	599	4
468	981	783	785	8
469	981	897	898	4
470	981	349	352	8
471	981	600	620	7
472	981	786	789	7
473	981	900	908	5
474	981	354	418	8
475	981	622	631	7
476	981	790	791	6
477	981	910	918	5
478	981	420	427	8
479	981	633	641	7
480	981	792	797	7
481	981	919	921	6
482	981	430	462	8
483	981	644	658	7
484	981	798	804	6
485	981	922	928	5
486	981	463	466	7
487	981	660	662	7
488	981	805	805	5
489	981	930	954	5
490	981	467	489	8
491	981	664	668	7
492	981	806	811	6
493	981	955	955	4
494	981	490	491	7
495	981	669	669	6
496	981	812	812	5
497	981	956	958	5
498	981	492	492	8
499	981	670	673	7
500	981	813	813	6
501	981	959	961	4
502	981	493	504	7
503	981	674	681	6
504	981	814	816	5
505	981	962	966	5
506	981	505	505	6
507	981	683	693	6
508	981	820	831	5
509	981	967	969	8
510	981	506	509	7
511	981	700	701	8
512	981	832	834	4
513	981	970	972	2
514	981	510	516	6
515	981	703	708	8
516	981	835	835	3
517	981	973	974	3
518	981	520	528	7
519	981	710	711	7
520	981	836	837	4
521	981	975	976	4
522	981	530	532	7
523	981	712	714	8
524	981	838	838	3
525	981	977	978	3
526	981	534	535	7
527	981	716	722	7
528	981	840	847	5
529	981	979	979	4
530	981	537	539	7
531	981	723	723	8
532	981	850	853	6
533	981	980	985	1
534	981	540	540	6
535	981	724	731	7
536	981	855	857	6
537	981	986	986	2
538	981	541	549	7
539	981	733	737	7
540	981	859	859	6
541	981	988	989	2
542	981	550	551	6
543	981	738	739	6
544	981	860	860	5
545	981	990	994	3
546	981	553	558	6
547	981	740	741	7
548	981	863	863	6
549	981	995	997	7
550	981	559	559	7
551	981	743	758	7
552	981	864	864	5
553	981	998	999	5
554	981	560	567	6
555	981	759	759	8
556	981	865	865	6
557	981	570	576	6
558	981	760	769	7
559	981	870	875	6
560	381	5	5	5
561	381	384	385	3
562	381	640	641	4
563	381	780	785	5
564	381	6	9	8
565	381	386	386	1
566	381	644	647	4
567	381	786	787	4
568	381	10	67	6
569	381	387	389	2
570	381	648	648	3
571	381	788	788	5
572	381	68	119	5
573	381	390	394	3
574	381	649	649	4
575	381	789	789	4
576	381	120	123	6
577	381	395	395	4
578	381	650	658	3
579	381	790	791	5
580	381	124	127	5
581	381	396	397	3
582	381	660	662	4
583	381	792	792	4
584	381	128	129	6
585	381	398	418	4
586	381	664	666	4
587	381	793	794	5
588	381	130	212	5
589	381	420	420	2
590	381	667	667	3
591	381	795	796	4
592	381	214	239	5
593	381	421	424	3
594	381	668	676	4
595	381	797	816	5
596	381	240	243	4
597	381	425	426	4
598	381	677	677	5
599	381	820	820	5
600	381	244	245	5
601	381	427	427	3
602	381	678	681	4
603	381	821	821	6
604	381	246	253	4
605	381	430	438	4
606	381	683	689	4
607	381	822	822	5
608	381	254	254	5
609	381	439	439	5
610	381	690	693	5
611	381	823	825	6
612	381	255	259	4
613	381	440	443	4
614	381	700	701	4
615	381	826	826	5
616	381	260	260	5
617	381	444	445	5
618	381	703	703	4
619	381	827	834	6
620	381	261	266	4
621	381	446	474	4
622	381	704	704	3
623	381	835	838	7
624	381	267	268	5
625	381	475	478	3
626	381	705	705	4
627	381	840	847	6
628	381	270	274	4
629	381	479	483	4
630	381	706	706	4
631	381	850	853	6
632	381	275	279	5
633	381	484	487	5
634	381	707	708	4
635	381	855	857	6
636	381	280	282	4
637	381	488	495	4
638	381	710	712	3
639	381	859	860	6
640	381	283	285	5
641	381	496	499	5
642	381	713	714	3
643	381	863	865	6
644	381	286	293	4
645	381	500	516	4
646	381	716	716	2
647	381	870	872	5
648	381	294	294	5
649	381	520	528	4
650	381	717	717	3
651	381	873	873	6
652	381	295	306	4
653	381	530	532	4
654	381	718	718	3
655	381	874	875	5
656	381	307	307	3
657	381	534	535	4
658	381	719	719	3
659	381	877	885	5
660	381	308	326	4
661	381	537	539	4
662	381	720	722	2
663	381	889	891	6
664	381	327	342	5
665	381	540	545	5
666	381	723	724	1
667	381	893	893	6
668	381	344	344	4
669	381	546	546	4
670	381	725	725	2
671	381	894	895	7
672	381	346	347	5
673	381	547	551	5
674	381	726	729	3
675	381	897	898	7
676	381	349	349	5
677	381	553	567	5
678	381	730	731	4
679	381	900	908	7
680	381	350	352	3
681	381	570	577	5
682	381	733	739	4
683	381	910	928	7
684	381	354	362	3
685	381	580	586	5
686	381	740	741	3
687	381	930	954	7
688	381	363	366	4
689	381	587	588	6
690	381	743	745	3
691	381	955	955	8
692	381	367	368	3
693	381	590	597	6
694	381	746	748	4
695	381	956	966	7
696	381	369	372	3
697	381	598	599	7
698	381	749	749	3
699	381	967	974	8
700	381	373	374	3
701	381	600	619	4
702	381	750	754	4
703	381	975	979	7
704	381	375	375	1
705	381	620	620	3
706	381	755	755	3
707	381	980	986	8
708	381	376	379	4
709	381	622	631	3
710	381	756	768	4
711	381	988	994	7
712	381	380	381	1
713	381	633	635	3
714	381	769	769	5
715	381	995	999	8
716	381	382	383	2
717	381	636	639	2
718	381	770	779	4
\.


--
-- Name: usps_zone_mappings_id_seq; Type: SEQUENCE SET; Schema: blurby; Owner: -
--

SELECT pg_catalog.setval('usps_zone_mappings_id_seq', 718, true);


--
-- PostgreSQL database dump complete
--

SET session_replication_role = 'origin';